university_name,university_domain,program_name,course_id,course_name,description,credits,level,verified_url,skills
MIT,mit.edu,Computer Science,6.1,Introduction to Programming and Computer Science (New),"Develops foundational skills in programming and in computational modeling. Covers widely used programming concepts in Python, including mutability, function objects, and object-oriented programming. Introduces algorithmic complexity and some common libraries. Throughout, demonstrates using computation to help understand real-world phenomena; topics include optimization problems, building simulations, and statistical modeling. Intended for students with at least some prior exposure to programming. Students with no programming experience are encouraged to take 6.100A and 6.100B (or 16.C20[J] ) over two terms.",3-0-9,undergraduate,https://catalog.mit.edu/subjects/6/,"Python, Computational Modeling, Mutability, Function Objects, Object-Oriented Programming, Algorithmic Complexity, Optimization, Simulation, Statistical Modeling"
MIT,mit.edu,Computer Science,6.100A,Introduction to Computer Science Programming in Python,"Introduction to computer science and programming. Students develop skills to program and use computational techniques to solve problems. Topics include: the notion of computation, Python, simple algorithms and data structures, object-oriented programming, testing and debugging, and algorithmic complexity. Lectures are viewed outside of class; in-class time is dedicated to problem-solving and discussion. Combination of 6.100A and 6.100B (or 16.C20[J] ) counts as REST subject.",2-0-4,undergraduate,https://catalog.mit.edu/subjects/6/,"Python, Computational Thinking, Algorithms, Data Structures, Object-Oriented Programming, Software Testing, Debugging, Algorithmic Complexity"
MIT,mit.edu,Computer Science,6.100B,Introduction to Computational Thinking and Data Science,"Provides an introduction to using computation to build models that can be used to help understand real-world phenomena. Topics include optimization problems, simulation models, and statistical models. Requires experience programming in Python as a prerequisite. Combination of 6.100A and 6.100B counts as REST subject.",2-0-4,undergraduate,https://catalog.mit.edu/subjects/6/,"Python, Optimization, Simulation, Statistical Modeling"
MIT,mit.edu,Computer Science,6.100L,Introduction to Computer Science and Programming,"Introduction to computer science and programming for students with no programming experience. Presents content taught in 6.100A over an entire semester. Students develop skills to program and use computational techniques to solve problems. Topics include the notion of computation, Python, simple algorithms and data structures, testing and debugging, and algorithmic complexity. Lectures are viewed outside of class; in-class time is dedicated to problem-solving and discussion. Combination of 6.100L and 6.100B or 16.C20[J] counts as REST subject.",2-0-4,undergraduate,https://catalog.mit.edu/subjects/6/,"Python, Algorithms, Data Structures, Testing, Debugging, Algorithmic Complexity, Computational Techniques, Problem Solving, Computer Science"
MIT,mit.edu,Computer Science,6.101,Fundamentals of Programming,"Introduces fundamental concepts of programming. Designed to develop skills in applying basic methods from programming languages to abstract problems. Topics include programming and Python basics, computational concepts, software engineering, algorithmic techniques, data types, and recursion. Lab component consists of software design, construction, and implementation of design. Enrollment may be limited.",2/4/2006,undergraduate,https://catalog.mit.edu/subjects/6/,"Python, Software Engineering, Algorithmic Techniques, Data Types, Recursion, Software Design, Software Construction, Software Implementation"
MIT,mit.edu,Computer Science,6.102,Software Construction,"Introduces fundamental principles and techniques of software development: how to write software that is safe from bugs, easy to understand, and ready for change. Topics include specifications and invariants; testing, test-case generation, and coverage; abstract data types and representation independence; design patterns for object-oriented programming; concurrent programming, including message passing and shared memory concurrency, and defending against races and deadlock; and functional programming with immutable data and higher-order functions. Includes weekly programming exercises and larger group programming projects.",3-0-12,undergraduate,https://catalog.mit.edu/subjects/6/,"Software Design Principles, Formal Specifications, Invariants, Software Testing, Test-Case Generation, Code Coverage, Abstract Data Types, Representation Independence, Design Patterns, Object-Oriented Programming, Concurrent Programming, Message Passing, Shared Memory Concurrency, Race Condition Defense, Deadlock Prevention, Functional Programming, Immutable Data, Higher-Order Functions"
MIT,mit.edu,Computer Science,6.104,Software Design,"Provides design-focused instruction on how to build complex software applications. Design topics include classic human-computer interaction (HCI) design tactics (need finding, heuristic evaluation, prototyping, user testing), conceptual design (inventing, modeling and evaluating constituent concepts), social and ethical implications, abstract data modeling, and visual design. Implementation topics include reactive front-ends, web services, and databases. Students work both on individual projects and a larger team project in which they design and build full-stack web applications.",4-0-11,undergraduate,https://catalog.mit.edu/subjects/6/,"Human-Computer Interaction (HCI), Need Finding, Heuristic Evaluation, Prototyping, User Testing, Conceptual Design, Inventing, Modeling, Evaluating Concepts, Social and Ethical Implications, Abstract Data Modeling, Visual Design, Reactive Front-Ends, Web Services, Databases, Full-Stack Web Application Development"
MIT,mit.edu,Computer Science,6.106,Software Performance Engineering,"Project-based introduction to building efficient, high-performance and scalable software systems. Topics include performance analysis, algorithmic techniques for high performance, instruction-level optimizations, vectorization, cache and memory hierarchy optimization, and parallel programming.",3/12/2003,undergraduate,https://catalog.mit.edu/subjects/6/,"Performance Analysis, Algorithmic Techniques for High Performance, Instruction-Level Optimization, Vectorization, Cache Optimization, Memory Hierarchy Optimization, Parallel Programming"
MIT,mit.edu,Computer Science,6.5081,Multicore Programming,"Introduces principles and core techniques for programming multicore machines. Topics include locking, scalability, concurrent data structures, multiprocessor scheduling, load balancing, and state-of-the-art synchronization techniques, such as transactional memory. Includes sequence of programming assignments on a large multicore machine, culminating with the design of a highly concurrent application. Students taking graduate version complete additional assignments.",4-0-8,undergraduate,https://catalog.mit.edu/subjects/6/,"Multicore Programming, Concurrent Programming, Locking, Scalability, Concurrent Data Structures, Multiprocessor Scheduling, Load Balancing, Synchronization Techniques, Transactional Memory, Application Design"
MIT,mit.edu,Computer Science,6.112,Dynamic Computer Language Engineering,"Studies the design and implementation of modern, dynamic programming languages. Topics include fundamental approaches for parsing, semantics and interpretation, virtual machines, garbage collection, just-in-time machine code generation, and optimization. Includes a semester-long, group project that delivers a virtual machine that spans all of these topics.",4/4/2004,undergraduate,https://catalog.mit.edu/subjects/6/,"Programming Language Design, Parsing, Semantics, Interpretation, Virtual Machines, Garbage Collection, Just-in-Time (JIT) Compilation, Machine Code Generation, Optimization, Software Engineering, Group Project Management"
MIT,mit.edu,Computer Science,6.1200[J],Mathematics for Computer Science,"Elementary discrete mathematics for science and engineering, with a focus on mathematical tools and proof techniques useful in computer science. Topics include logical notation, sets, relations, elementary graph theory, state machines and invariants, induction and proofs by contradiction, recurrences, asymptotic notation, elementary analysis of algorithms, elementary number theory and cryptography, permutations and combinations, counting tools, and discrete probability.",5-0-7,undergraduate,https://catalog.mit.edu/subjects/6/,"Logical notation, Set theory, Relations, Graph theory, State machines, Invariants, Mathematical induction, Proof by contradiction, Recurrence relations, Asymptotic notation, Algorithm analysis, Number theory, Cryptography, Permutations, Combinations, Counting principles, Discrete probability"
MIT,mit.edu,Computer Science,6.120A,Discrete Mathematics and Proof for Computer Science,"Subset of elementary discrete mathematics for science and engineering useful in computer science. Topics may include logical notation, sets, done relations, elementary graph theory, state machines and invariants, induction and proofs by contradiction, recurrences, asymptotic notation, elementary analysis of algorithms, elementary number theory and cryptography, permutations and combinations, counting tools.",3-0-3,undergraduate,https://catalog.mit.edu/subjects/6/,"logical notation, sets, relations, graph theory, state machines, invariants, induction, proofs by contradiction, recurrences, asymptotic notation, analysis of algorithms, number theory, cryptography, permutations, combinations, counting tools"
MIT,mit.edu,Computer Science,6.121,Introduction to Algorithms,"Introduction to mathematical modeling of computational problems, as well as common algorithms, algorithmic paradigms, and data structures used to solve these problems. Emphasizes the relationship between algorithms and programming, and introduces basic performance measures and analysis techniques for these problems. Enrollment may be limited.",5-0-7,undergraduate,https://catalog.mit.edu/subjects/6/,"Mathematical Modeling, Algorithms, Algorithmic Paradigms, Data Structures, Performance Analysis, Computational Complexity, Algorithm Analysis"
MIT,mit.edu,Computer Science,6.1220[J],Design and Analysis of Algorithms,"Techniques for the design and analysis of efficient algorithms, emphasizing methods useful in practice. Topics include sorting; search trees, heaps, and hashing; divide-and-conquer; dynamic programming; greedy algorithms; amortized analysis; graph algorithms; and shortest paths. Advanced topics may include network flow; computational geometry; number-theoretic algorithms; polynomial and matrix calculations; caching; and parallel computing.",4-0-8,undergraduate,https://catalog.mit.edu/subjects/6/,"Algorithm Design, Algorithm Analysis, Sorting Algorithms, Search Trees, Heaps, Hashing, Divide-and-Conquer, Dynamic Programming, Greedy Algorithms, Amortized Analysis, Graph Algorithms, Shortest Path Algorithms, Network Flow, Computational Geometry, Number-Theoretic Algorithms, Polynomial Calculations, Matrix Calculations, Caching, Parallel Computing"
MIT,mit.edu,Computer Science,6.1400[J],Computability and Complexity Theory,"Mathematical introduction to the theory of computing. Rigorously explores what kinds of tasks can be efficiently solved with computers by way of finite automata, circuits, Turing machines, and communication complexity, introducing students to some major open problems in mathematics. Builds skills in classifying computational tasks in terms of their difficulty. Discusses other fundamental issues in computing, including the Halting Problem, the Church-Turing Thesis, the P versus NP problem, and the power of randomness.",4-0-8,undergraduate,https://catalog.mit.edu/subjects/6/,"Theory of Computation, Finite Automata, Turing Machines, Communication Complexity, Computational Complexity, Algorithm Analysis, Halting Problem, Church-Turing Thesis, P versus NP, Randomized Algorithms"
MIT,mit.edu,Computer Science,6.18,Computer Systems Engineering,"Topics on the engineering of computer software and hardware systems: techniques for controlling complexity; strong modularity using client-server design, operating systems; performance, networks; naming; security and privacy; fault-tolerant systems, atomicity and coordination of concurrent activities, and recovery; impact of computer systems on society. Case studies of working systems and readings from the current literature provide comparisons and contrasts. Includes a single, semester-long design project. Students engage in extensive written communication exercises. Enrollment may be limited.",5/1/2006,undergraduate,https://catalog.mit.edu/subjects/6/,"Software Engineering, Hardware Engineering, System Design, Client-Server Architecture, Operating Systems, Performance Optimization, Computer Networking, Naming Systems, Computer Security, Data Privacy, Fault Tolerance, Concurrency, Atomicity, Distributed Coordination, System Recovery, Tech Ethics, Case Study Analysis, Technical Writing"
MIT,mit.edu,Computer Science,6.181,Operating System Engineering,"Design and implementation of operating systems, and their use as a foundation for systems programming. Topics include virtual memory, file systems, threads, context switches, kernels, interrupts, system calls, interprocess communication, coordination, and interaction between software and hardware. A multi-processor operating system for RISC-V, xv6, is used to illustrate these topics. Individual laboratory assignments involve extending the xv6 operating system, for example to support sophisticated virtual memory features and networking.",3-0-9,undergraduate,https://catalog.mit.edu/subjects/6/,"Operating Systems Design, Virtual Memory Management, File Systems Implementation, Thread Management, Context Switching, Kernel Development, Interrupt Handling, System Calls, Interprocess Communication, Synchronization Primitives, Hardware-Software Interaction, RISC-V Architecture, xv6 Operating System, Multi-processor Systems, Networking Implementation, Systems Programming, C Programming"
MIT,mit.edu,Computer Science,6.1820[J],Mobile and Sensor Computing,"Focuses on ""Internet of Things"" (IoT) systems and technologies, sensing, computing, and communication. Explores fundamental design and implementation issues in the engineering of mobile and sensor computing systems. Topics include battery-free sensors, seeing through wall, robotic sensors, vital sign sensors (breathing, heartbeats, emotions), sensing in cars and autonomous vehicles, subsea IoT, sensor security, positioning technologies (including GPS and indoor WiFi), inertial sensing (accelerometers, gyroscopes, inertial measurement units, dead-reckoning), embedded and distributed system architectures, sensing with radio signals, sensing with microphones and cameras, wireless sensor networks, embedded and distributed system architectures, mobile libraries and APIs to sensors, and application case studies. Includes readings from research literature, as well as laboratory assignments and a significant term project.",3-0-9,undergraduate,https://catalog.mit.edu/subjects/6/,"Internet of Things (IoT), Sensing Technologies, Mobile Computing, Sensor Computing, Systems Engineering, System Design, Robotic Sensors, Vital Sign Sensors, Autonomous Vehicle Sensing, Subsea IoT, Sensor Security, Positioning Technologies, GPS, Indoor WiFi Positioning, Inertial Sensing, Accelerometers, Gyroscopes, Inertial Measurement Units (IMUs), Dead-reckoning, Embedded Systems, Distributed System Architectures, Radio Signal Sensing, Wireless Sensor Networks (WSN), Mobile APIs, Sensor APIs, Research Literature Analysis"
MIT,mit.edu,Computer Science,6.183,Software Systems for Data Science (New),"Explores techniques and systems for ingesting, efficiently processing, analyzing, and visualizing large data sets. Examines topics such as data cleaning, data integration, scalable systems (relational databases, NoSQL, Spark, etc.), analytics (data cubes, scalable statistics and machine learning), fundamental statistics and machine learning, and scalable visualization of large data sets. Extended programming assignments provide working experience with state-of-the-art data processing tools. Students complete a term project and paper.",3-0-9,undergraduate,https://catalog.mit.edu/subjects/6/,"Data Cleaning, Data Integration, Relational Databases, NoSQL, Apache Spark, Data Analytics, Data Cubes, Scalable Statistics, Machine Learning, Data Visualization, Technical Writing, Research Methods"
MIT,mit.edu,Computer Science,6.185,Computer Systems and Society,"Explores the impact of computer systems on individual humans, society, and the environment. Examines large- and small-scale power structures that stem from low-level technical design decisions, the consequences of those structures on society, and how they can limit or provide access to certain technologies. Students assess design decisions within an ethical framework and consider the impact of their decisions on non-users. Case studies of working systems and readings from the current literature provide comparisons and contrasts. Possible topics include the implications of hierarchical designs (e.g., DNS) for scale; how layered models influence what parts of a network have the power to take certain actions; and the environmental impact of proof-of-work-based systems such as Bitcoin. Students taking graduate version complete additional assignments. Enrollment may be limited.",3-0-9,undergraduate,https://catalog.mit.edu/subjects/6/,"Tech Ethics, System Design, DNS, Scalability, Network Architecture, Layered Models, Proof-of-Work, Bitcoin, Blockchain, Environmental Impact of Technology, Human-Computer Interaction (HCI), Research Methods, Ethical Frameworks, Technical Design, System Architecture"
MIT,mit.edu,Computer Science,6.5831,Database Systems,"Topics related to the engineering and design of database systems, including data models; database and schema design; schema normalization and integrity constraints; query processing; query optimization and cost estimation; transactions; recovery; concurrency control; isolation and consistency; distributed, parallel and heterogeneous databases; adaptive databases; trigger systems; pub-sub systems; semi structured data and XML querying. Lecture and readings from original research papers. Semester-long project and paper. Students taking graduate version complete different assignments. Enrollment may be limited.",3-0-9,undergraduate,https://catalog.mit.edu/subjects/6/,"Database Engineering, Database Design, Data Modeling, Schema Design, Database Normalization, Query Processing, Query Optimization, Database Transactions, Database Recovery, Concurrency Control, Distributed Databases, Parallel Databases, Database Triggers, Publish-Subscribe Systems, Semi-Structured Data, XML, XML Querying, Technical Writing, Research Methods"
MIT,mit.edu,Computer Science,6.1903,Introduction to Low-level Programming in C and Assembly,"Introduction to C and assembly language for students coming from a Python background ( 6.100A ). Studies the C language, focusing on memory and associated topics including pointers, how different data structures are stored in memory, the stack, and the heap in order to build a strong understanding of the constraints involved in manipulating complex data structures in modern computational systems. Studies assembly language to facilitate a firm understanding of how high-level languages are translated to machine-level instructions.",2/2/2002,undergraduate,https://catalog.mit.edu/subjects/6/,"C, Assembly language, Pointers, Data structures, Stack, Heap, Memory management, Machine-level instructions, High-level language translation"
MIT,mit.edu,Computer Science,6.1904,Introduction to Low-level Programming in C and Assembly,"Introduction to C and assembly language for students coming from a Python background ( 6.100A ). Studies the C language, focusing on memory and associated topics including pointers, how different data structures are stored in memory, the stack, and the heap in order to build a strong understanding of the constraints involved in manipulating complex data structures in modern computational systems. Studies assembly language to facilitate a firm understanding of how high-level languages are translated to machine-level instructions.",2/2/2002,undergraduate,https://catalog.mit.edu/subjects/6/,"C, Assembly language, Pointers, Stack, Heap, Data structures, Memory management, High-level language translation, Machine-level instructions"
MIT,mit.edu,Computer Science,6.191,Computation Structures,"Provides an introduction to the design of digital systems and computer architecture. Emphasizes expressing all hardware designs in a high-level hardware description language and synthesizing the designs. Topics include combinational and sequential circuits, instruction set abstraction for programmable hardware, single-cycle and pipelined processor implementations, multi-level memory hierarchies, virtual memory, exceptions and I/O, and parallel systems.",4-0-8,undergraduate,https://catalog.mit.edu/subjects/6/,"Digital Systems Design, Computer Architecture, Hardware Description Language (HDL), Verilog, VHDL, SystemVerilog, RTL Design, Combinational Logic Design, Sequential Logic Design, Instruction Set Architecture (ISA), Single-Cycle Processor Design, Pipelined Processor Design, Memory Hierarchy Design, Virtual Memory, Exception Handling, Input/Output (I/O) Design, Parallel Systems, Hardware Synthesis, FPGA Design, ASIC Design, Digital Logic Design"
MIT,mit.edu,Computer Science,6.5931,Hardware Architecture for Deep Learning,"Introduction to the design and implementation of hardware architectures for efficient processing of deep learning algorithms and tensor algebra in AI systems. Topics include basics of deep learning, optimization principles for programmable platforms, design principles of accelerator architectures, co-optimization of algorithms and hardware (including sparsity) and use of advanced technologies (including memristors and optical computing). Includes labs involving modeling and analysis of hardware architectures, architecting deep learning inference systems, and an open-ended design project. Students taking graduate version complete additional assignments.",3/3/2006,undergraduate,https://catalog.mit.edu/subjects/6/,"Hardware Architecture, Deep Learning, Tensor Algebra, AI Systems, Optimization, Accelerator Architecture Design, Algorithm-Hardware Co-optimization, Sparsity, Memristors, Optical Computing, Hardware Modeling, Hardware Analysis, Deep Learning Inference Systems, Systems Architecture"
MIT,mit.edu,Computer Science,6.5951,Secure Hardware Design,"Introduction to basic concepts, principles, and implementation issues in the designing of secure hardware systems. Through a mixture of lectures and paper discussions, covers state-of-the-art security attacks and defenses targeting the computer architecture, digital circuits, and physics layers of computer systems. Emphasizes both the conceptual and the practical aspects of security issues in modern hardware systems. Topics include microarchitectural timing side channels, speculative execution attacks, RowHammer, Trusted Execution Environment, physical attacks, hardware support for software security, and verification of digital systems. Students taking graduate version complete additional assignments.",3-0-9,undergraduate,https://catalog.mit.edu/subjects/6/,"Secure Hardware Design, Computer Architecture, Digital Circuits, Hardware Security, Microarchitectural Timing Side Channels, Speculative Execution Attacks, RowHammer, Trusted Execution Environment, Physical Attacks, Software Security, Verification of Digital Systems"
MIT,mit.edu,Computer Science,6.2,Electrical Circuits: Modeling and Design of Physical Systems,"Fundamentals of linear systems, and abstraction modeling of multi-physics lumped and distributed systems using lumped electrical circuits. Linear networks involving independent and dependent sources, resistors, capacitors, and inductors. Extensions to include operational amplifiers and transducers. Dynamics of first- and second-order networks; analysis and design in the time and frequency domains; signal and energy processing applications. Design exercises. Weekly laboratory with microcontroller and transducers.",3/2/2007,undergraduate,https://catalog.mit.edu/subjects/6/,"Linear Systems, Multi-physics Modeling, Circuit Design, Circuit Analysis, Linear Networks, Operational Amplifiers, Transducers, Time Domain Analysis, Frequency Domain Analysis, Signal Processing, Microcontrollers"
MIT,mit.edu,Computer Science,6.2020[J],Electronics Project Laboratory,"Intuition-based introduction to electronics, electronic components, and test equipment such as oscilloscopes, multimeters, and signal generators. Key components studied and used are op-amps, comparators, bi-polar transistors, and diodes (including LEDs). Students design, build, and debug small electronics projects (often featuring sound and light) to put their new knowledge into practice. Upon completing the class, students can take home a kit of components. Intended for students with little or no previous background in electronics. Enrollment may be limited.",1/2/2003,undergraduate,https://catalog.mit.edu/subjects/6/,"Oscilloscope operation, Multimeter usage, Signal generator operation, Op-amp circuit design, Comparator circuit design, Bipolar transistor biasing, Diode applications, LED driving, Circuit prototyping, Electronic troubleshooting, Debugging electronics projects, Analog circuit design, Electrical engineering fundamentals"
MIT,mit.edu,Computer Science,6.203,Electronics First Laboratory,"Practical introduction to the design and construction of electronic circuits for information processing and control. Laboratory exercises include activities such as the construction of oscillators for a simple musical instrument, a laser audio communicator, a countdown timer, an audio amplifier, and a feedback-controlled solid-state lighting system for daylight energy conservation. Introduces basic electrical components including resistors, capacitors, and inductors; basic assembly techniques for electronics include breadboarding and soldering; and programmable system-on-chip electronics and C programming language. Enrollment limited.",4/4/2004,undergraduate,https://catalog.mit.edu/subjects/6/,"Circuit Design, Electrical Engineering, Embedded Systems, C Programming, Breadboarding, Soldering, Signal Processing, Feedback Control Systems, Oscillator Design, Audio Amplifier Design, Laser Communication, Countdown Timer Design, Solid-State Lighting System Design, Resistors, Capacitors, Inductors"
MIT,mit.edu,Computer Science,6.204,Analog Electronics Laboratory,"Experimental laboratory explores the design, construction, and debugging of analog electronic circuits. Lectures and laboratory projects in the first half of the course investigate the performance characteristics of semiconductor devices (diodes, BJTs, and MOSFETs) and functional analog building blocks, including single-stage amplifiers, op amps, small audio amplifier, filters, converters, sensor circuits, and medical electronics (ECG, pulse-oximetry). Projects involve design, implementation, and presentation in an environment similar to that of industry engineering design teams. Instruction and practice in written and oral communication provided. Opportunity to simulate real-world problems and solutions that involve tradeoffs and the use of engineering judgment.",2/9/2001,undergraduate,https://catalog.mit.edu/subjects/6/,"Analog circuit design, Circuit construction, Circuit debugging, Semiconductor device characterization, Diode analysis, BJT analysis, MOSFET analysis, Single-stage amplifier design, Op-amp design, Audio amplifier design, Filter design, Converter design, Sensor circuit design, Medical electronics design, Technical presentation, Written communication, Oral communication, Engineering tradeoff analysis, Engineering judgment, Problem solving, Lab experimentation, Prototype testing"
MIT,mit.edu,Computer Science,6.205,Digital Systems Laboratory,"Lab-intensive subject that investigates digital systems with a focus on FPGAs. Lectures and labs cover logic, flip flops, counters, timing, synchronization, finite-state machines, digital signal processing, communication protocols, and modern sensors. Prepares students for the design and implementation of a large-scale final project of their choice: games, music, digital filters, wireless communications, video, or graphics. Extensive use of System/Verilog for describing and implementing and verifying digital logic designs.",3/7/2002,undergraduate,https://catalog.mit.edu/subjects/6/,"FPGAs, Digital Logic Design, Flip Flops, Counters, Timing Analysis, Synchronization, Finite-State Machines, Digital Signal Processing, Communication Protocols, Sensors, SystemVerilog, Verilog, Hardware Description Languages, Digital Filters, Wireless Communications, Graphics Programming"
MIT,mit.edu,Computer Science,6.206,Microcomputer Project Laboratory,"Introduces analysis and design of embedded systems. Emphasizes construction of complete systems, including a five-axis robot arm, a fluorescent lamp ballast, a tomographic imaging station (e.g., a CAT scan), and a simple calculator. Presents a wide range of basic tools, including software and development tools, programmable system on chip, peripheral components such as A/D converters, communication schemes, signal processing techniques, closed-loop digital feedback control, interface and power electronics, and modeling of electromechanical systems. Includes a sequence of assigned projects, followed by a final project of the student's choice, emphasizing creativity and uniqueness. Provides instruction in written and oral communication. To satisfy the independent inquiry component of this subject, students expand the scope of their laboratory project. Enrollment limited.",3/6/2003,undergraduate,https://catalog.mit.edu/subjects/6/,"Embedded Systems, Embedded Systems Design, Robotics, Tomographic Imaging, Programmable System on Chip (PSoC), Analog-to-Digital Converters (ADC), Communication Protocols, Signal Processing, Digital Feedback Control, Closed-loop Control Systems, Power Electronics, Interface Electronics, Electromechanical System Modeling, Technical Writing, Oral Presentations, Research Methods"
MIT,mit.edu,Computer Science,6.2061,Microcomputer Project Laboratory - Independent Inquiry,"Introduces analysis and design of embedded systems. Emphasizes construction of complete systems, including a five-axis robot arm, a fluorescent lamp ballast, a tomographic imaging station (e.g., a CAT scan), and a simple calculator. Presents a wide range of basic tools, including software and development tools, programmable system on chip, peripheral components such as A/D converters, communication schemes, signal processing techniques, closed-loop digital feedback control, interface and power electronics, and modeling of electromechanical systems. Includes a sequence of assigned projects, followed by a final project of the student's choice, emphasizing creativity and uniqueness. Provides instruction in written and oral communication. Students taking independent inquiry version 6.2061 expand the scope of their laboratory project. Enrollment limited.",3/9/2003,undergraduate,https://catalog.mit.edu/subjects/6/,"Embedded Systems, Programmable System on Chip (PSoC), Analog-to-Digital (A/D) Converters, Communication Protocols, Signal Processing, Closed-Loop Digital Feedback Control, Power Electronics, Interface Electronics, Electromechanical Systems Modeling, Robotics, Technical Writing, Oral Presentations"
MIT,mit.edu,Computer Science,6.208,Semiconductor Electronic Circuits,"Provides an introduction to basic circuit design, starting from basic semiconductor devices such as diodes and transistors, large and small signal models and analysis, to circuits such as basic amplifier and opamp circuits. Labs give students access to CAD/EDA tools to design, analyze, and layout analog circuits. At the end of the term, students have their chip design fabricated using a 22nm FinFET CMOS process.",3/2/2007,undergraduate,https://catalog.mit.edu/subjects/6/,"Circuit Design, Semiconductor Devices, Diodes, Transistors, Large Signal Modeling, Small Signal Modeling, Amplifier Design, Op-Amp Circuits, CAD Tools, EDA Tools, Analog Circuit Design, Analog Circuit Layout, Chip Fabrication, 22nm FinFET CMOS Process"
MIT,mit.edu,Computer Science,6.209,Solid-State Circuits,"Fosters deep understanding and intuition that is crucial in innovating analog circuits and optimizing the whole system in bipolar junction transistor (BJT) and metal oxide semiconductor (MOS) technologies. Covers both theory and real-world applications of basic amplifier structures, operational amplifiers, temperature sensors, bandgap references. Covers topics such as noise, linearity and stability. Homework and labs give students access to CAD/EDA tools to design and analyze analog circuits. Provides practical experience through lab exercises, including a broadband amplifier design and characterization. Students taking graduate version complete additional assignments.",3/2/2007,undergraduate,https://catalog.mit.edu/subjects/6/,"Analog Circuit Design, BJT Design, MOS Design, Amplifier Design, Operational Amplifier Design, Temperature Sensor Design, Bandgap Reference Design, Noise Analysis, Linearity Analysis, Stability Analysis, CAD/EDA Tools Usage, Broadband Amplifier Design, Circuit Characterization, Lab Exercise Execution"
MIT,mit.edu,Computer Science,6.22,Electric Energy Systems,"Analysis and design of modern energy conversion and delivery systems. Develops a solid foundation in electromagnetic phenomena with a focus on electrical energy distribution, electro-mechanical energy conversion (motors and generators), and electrical-to-electrical energy conversion (DC-DC, DC-AC power conversion). Students apply the material covered to consider critical challenges associated with global energy systems, with particular examples related to the electrification of transport and decarbonization of the grid.",4-0-8,undergraduate,https://catalog.mit.edu/subjects/6/,"Electromagnetic phenomena analysis, Electrical energy distribution design, Electro-mechanical energy conversion, Motor design, Generator design, DC-DC power conversion, DC-AC power conversion, Power electronics, Energy system analysis, Transport electrification, Grid decarbonization"
MIT,mit.edu,Computer Science,6.221,"Electromagnetic Fields, Forces and Motion","Study of electromagnetics and electromagnetic energy conversion leading to an understanding of devices, including electromagnetic sensors, actuators, motors and generators. Quasistatic Maxwell's equations and the Lorentz force law. Studies of the quasistatic fields and their sources through solutions of Poisson's and Laplace's equations. Boundary conditions and multi-region boundary-value problems. Steady-state conduction, polarization, and magnetization. Charge conservation and relaxation, and magnetic induction and diffusion. Extension to moving materials. Electric and magnetic forces and force densities derived from energy, and stress tensors. Extensive use of engineering examples. Students taking graduate version complete additional assignments.",4-0-8,undergraduate,https://catalog.mit.edu/subjects/6/,"Electromagnetics, Electromagnetic Energy Conversion, Electromagnetic Sensors, Actuators, Motors, Generators, Quasistatic Maxwell's Equations, Lorentz Force Law, Poisson's Equations, Laplace's Equations, Boundary-Value Problems, Steady-State Conduction, Polarization, Magnetization, Charge Conservation, Magnetic Induction, Magnetic Diffusion, Stress Tensors, Electrical Engineering"
MIT,mit.edu,Computer Science,6.222,Power Electronics Laboratory,"Introduces the design and construction of power electronic circuits and motor drives. Laboratory exercises include the construction of drive circuitry for an electric go-cart, flash strobes, computer power supplies, three-phase inverters for AC motors, and resonant drives for lamp ballasts and induction heating. Basic electric machines introduced include DC, induction, and permanent magnet motors, with drive considerations. Provides instruction in written and oral communication. Students taking independent inquiry version 6.2221 expand the scope of their laboratory project. Enrollment limited.",3/6/2003,undergraduate,https://catalog.mit.edu/subjects/6/,"Power Electronic Circuits, Motor Drives, Circuit Design, Drive Circuitry, Power Supplies, Three-Phase Inverters, Resonant Drives, Induction Heating, DC Motors, Induction Motors, Permanent Magnet Motors, Electric Machines, Technical Writing, Oral Presentations, Research Methods"
MIT,mit.edu,Computer Science,6.2221,Power Electronics Laboratory - Independent Inquiry,"Introduces the design and construction of power electronic circuits and motor drives. Laboratory exercises include the construction of drive circuitry for an electric go-cart, flash strobes, computer power supplies, three-phase inverters for AC motors, and resonant drives for lamp ballasts and induction heating. Basic electric machines introduced include DC, induction, and permanent magnet motors, with drive considerations. Provides instruction in written and oral communication. To satisfy the independent inquiry component of this subject, students expand the scope of their laboratory project. Enrollment limited.",3/9/2003,undergraduate,https://catalog.mit.edu/subjects/6/,"Power Electronics, Circuit Design, Motor Drives, Drive Circuitry, Power Supplies, Three-Phase Inverters, AC Motors, Resonant Drives, Induction Heating, Electric Machines, DC Motors, Induction Motors, Permanent Magnet Motors, Technical Writing, Oral Presentations, Independent Research"
MIT,mit.edu,Computer Science,6.23,Electromagnetics Waves and Applications,"Analysis and design of modern applications that employ electromagnetic phenomena for signals and power transmission in RF, microwaves, optical and wireless communication systems. Fundamentals include dynamic solutions for Maxwell's equations; electromagnetic power and energy, waves in media, metallic and dielectric waveguides, radiation, and diffraction; resonance; filters; and acoustic analogs. Lab activities range from building to testing of devices and systems (e.g., antenna arrays, radars, dielectric waveguides). Students work in teams on self-proposed maker-style design projects with a focus on fostering creativity, teamwork, and debugging skills. 6.2000 and 6.3000 are recommended but not required.",3/5/2004,undergraduate,https://catalog.mit.edu/subjects/6/,"Maxwell's equations analysis, Electromagnetic wave propagation, RF engineering, Microwave engineering, Optical communication systems, Wireless communication systems, Antenna array design, Radar system design, Dielectric waveguide design, Filter design, Resonance analysis, Diffraction analysis, Acoustic analog modeling, Electromagnetic power and energy calculation, Metallic waveguide design, Device building and testing, Team collaboration, Debugging, Creative problem solving"
MIT,mit.edu,Computer Science,6.237,Modern Optics Project Laboratory,"Lectures, laboratory exercises and projects on optical signal generation, transmission, detection, storage, processing and display. Topics include polarization properties of light; reflection and refraction; coherence and interference; Fraunhofer and Fresnel diffraction; holography; Fourier optics; coherent and incoherent imaging and signal processing systems; optical properties of materials; lasers and LEDs; electro-optic and acousto-optic light modulators; photorefractive and liquid-crystal light modulation; display technologies; optical waveguides and fiber-optic communication systems; photodetectors. Students may use this subject to find an advanced undergraduate project. Students engage in extensive oral and written communication exercises. Recommended prerequisite: 8.03 .",3/5/2004,undergraduate,https://catalog.mit.edu/subjects/6/,"Optical Signal Processing, Signal Transmission, Signal Detection, Signal Storage, Polarization, Reflection, Refraction, Coherence, Interference, Fraunhofer Diffraction, Fresnel Diffraction, Holography, Fourier Optics, Coherent Imaging, Incoherent Imaging, Optical Properties of Materials, Lasers, LEDs, Electro-optic Light Modulators, Acousto-optic Light Modulators, Photorefractive Light Modulation, Liquid-crystal Light Modulation, Display Technologies, Optical Waveguides, Fiber-optic Communication Systems, Photodetectors, Sensors, Signal Processing, Oral Presentations, Technical Writing"
MIT,mit.edu,Computer Science,6.24,Introduction to Quantum Systems Engineering,"Introduction to the quantum mechanics needed to engineer quantum systems for computation, communication, and sensing. Topics include: motivation for quantum engineering, qubits and quantum gates, rules of quantum mechanics, mathematical background, quantum electrical circuits and other physical quantum systems, harmonic and anharmonic oscillators, measurement, the Schrödinger equation, noise, entanglement, benchmarking, quantum communication, and quantum algorithms. No prior experience with quantum mechanics is assumed.",4/2/2006,undergraduate,https://catalog.mit.edu/subjects/6/,"Quantum Circuit Design, Qubit Engineering, Quantum Gate Design, Schrödinger Equation Solving, Quantum Noise Analysis, Quantum Entanglement Manipulation, Quantum Algorithm Development, Quantum Communication Protocols, Quantum Benchmarking, Harmonic Oscillator Modeling, Anharmonic Oscillator Modeling, Quantum Electrical Circuit Design, Quantum Measurement Techniques, Quantum Simulation, Quantum Cryptography Basics"
MIT,mit.edu,Computer Science,6.241,Quantum Engineering Platforms,"Provides practical knowledge and quantum engineering experience with several physical platforms for quantum computation, communication, and sensing, including photonics, superconducting qubits, and trapped ions. Labs include both a hardware component -- to gain experience with challenges, design, and non-idealities -- and a cloud component to run algorithms on state of the art commercial systems. Use entangled photons to communicate securely (quantum key distribution). Run quantum algorithms on trapped ion and superconducting quantum computers.",1/5/2006,undergraduate,https://catalog.mit.edu/subjects/6/,"Quantum Engineering, Photonics, Superconducting Qubits, Trapped Ions, Quantum Computation, Quantum Communication, Quantum Sensing, Hardware Design, Quantum Algorithms, Cloud Computing, Quantum Key Distribution, Cryptography"
MIT,mit.edu,Computer Science,6.2500[J],Nanoelectronics and Computing Systems,"Studies interaction between materials, semiconductor physics, electronic devices, and computing systems. Develops intuition of how transistors operate. Topics range from introductory semiconductor physics to modern state-of-the-art nano-scale devices. Considers how innovations in devices have driven historical progress in computing, and explores ideas for further improvements in devices and computing. Students apply material to understand how building improved computing systems requires knowledge of devices, and how making the correct device requires knowledge of computing systems. Includes a design project for practical application of concepts, and labs for experience building silicon transistors and devices.",4-0-8,undergraduate,https://catalog.mit.edu/subjects/6/,"Semiconductor Physics, Electronic Devices, Computing Systems, Transistors, Nano-scale Devices, Silicon Fabrication, Transistor Fabrication, Circuit Design, Electrical Engineering"
MIT,mit.edu,Computer Science,6.253,Introduction to Nanoelectronics,"Transistors at the nanoscale. Quantization, wavefunctions, and Schrodinger's equation. Introduction to electronic properties of molecules, carbon nanotubes, and crystals. Energy band formation and the origin of metals, insulators and semiconductors. Ballistic transport, Ohm's law, ballistic versus traditional MOSFETs, fundamental limits to computation.",4-0-8,undergraduate,https://catalog.mit.edu/subjects/6/,"Nanotechnology, Transistors, Quantum Mechanics, Carbon Nanotubes, Solid-State Physics, Semiconductor Physics, Energy Band Theory, MOSFETs, Ballistic Transport, Electrical Engineering"
MIT,mit.edu,Computer Science,6.254,Nanotechnology: From Atoms to Systems,"Introduces the fundamentals of applied quantum mechanics, materials science, and fabrication skills needed to design, engineer, and build emerging nanodevices with diverse applications in energy, memory, display, communications, and sensing. Focuses on the application and outlines the full progression from the fundamentals to the implemented device and functional technology. Closely integrates lectures with design-oriented laboratory modules.",2/3/2007,undergraduate,https://catalog.mit.edu/subjects/6/,"Quantum Mechanics, Materials Science, Nanofabrication, Device Design, Nanodevice Engineering, Energy Applications, Memory Technologies, Display Technologies, Communication Systems, Sensing Technologies"
MIT,mit.edu,Computer Science,6.2600[J],Micro/Nano Processing Technology,"Introduction to micro/nano fabrication technologies: wet and dry etching, chemical and physical deposition, lithography, thermal processes, and device and materials characterization. Includes laboratory sessions in the clean rooms of MIT.nano where students fabricate solar cells, and a choice of thin-film transistors, MEMS cantilevers, or microfluidic mixers. Emphasis on interrelations among material properties, processing techniques, device design, and electrical, mechanical, optical, or chemical behavior of devices. In a final project, students formulate their own device idea based on one of the four standard processes, then design, fabricate and test their devices. Homework designed to reinforce key concepts and pace students towards final project. Students engage in extensive written and oral communication exercises. Course provides background for further research work related to micro/nano fabrication. Enrollment limited.",3/4/2005,undergraduate,https://catalog.mit.edu/subjects/6/,"Wet Etching, Dry Etching, Chemical Deposition, Physical Deposition, Lithography, Thermal Processes, Device Characterization, Materials Characterization, Cleanroom Fabrication, Solar Cell Fabrication, Thin-Film Transistor Fabrication, MEMS Cantilever Fabrication, Microfluidic Mixer Fabrication, Device Design, Electrical Testing, Mechanical Testing, Optical Testing, Chemical Testing, Written Communication, Oral Communication, Research Methods, Technical Writing, Presentation Skills"
MIT,mit.edu,Computer Science,6.3,Signal Processing,"Fundamentals of signal processing, focusing on the use of Fourier methods to analyze and process signals such as sounds and images. Topics include Fourier series, Fourier transforms, the Discrete Fourier Transform, sampling, convolution, deconvolution, filtering, noise reduction, and compression. Applications draw broadly from areas of contemporary interest with emphasis on both analysis and design.",4-0-8,undergraduate,https://catalog.mit.edu/subjects/6/,"Signal processing, Fourier series, Fourier transforms, Discrete Fourier Transform, Sampling, Convolution, Deconvolution, Filtering, Noise reduction, Compression"
MIT,mit.edu,Computer Science,6.301,"Signals, Systems and Inference","Covers signals, systems and inference in communication, control and signal processing. Topics include input-output and state-space models of linear systems driven by deterministic and random signals; time- and transform-domain representations in discrete and continuous time; and group delay. State feedback and observers. Probabilistic models; stochastic processes, correlation functions, power spectra, spectral factorization. Least-mean square error estimation; Wiener filtering. Hypothesis testing; detection; matched filters.",4-0-8,undergraduate,https://catalog.mit.edu/subjects/6/,"Signal Processing, Control Systems, Linear Systems, State-Space Models, Deterministic Signals, Stochastic Processes, Discrete-Time Systems, Continuous-Time Systems, Transform-Domain Representation, Group Delay, State Feedback, Observers, Probabilistic Modeling, Correlation Functions, Power Spectra, Spectral Factorization, Least-Mean Square Error Estimation, Wiener Filtering, Hypothesis Testing, Detection Theory, Matched Filters"
MIT,mit.edu,Computer Science,6.3020[J],Fundamentals of Music Processing,See description under subject 21M.387[J] .,3-0-9,undergraduate,https://catalog.mit.edu/subjects/6/,
MIT,mit.edu,Computer Science,6.31,Dynamical System Modeling and Control Design,"A learn-by-design introduction to modeling and control of discrete- and continuous-time systems, from intuition-building analytical techniques to more computational and data-centric strategies. Topics include: linear difference/differential equations (natural frequencies, transfer functions); controller metrics (stability, tracking, disturbance rejection); analytical techniques (PID, root-loci, lead-lag, phase margin); computational strategies (state-space, eigen-placement, LQR); and data-centric approaches (state estimation, regression, and identification). Concepts are introduced with lectures and online problems, and then mastered during weekly labs. In lab, students model, design, test, and explain systems and controllers involving sensors, actuators, and a microcontroller (e.g., optimizing thrust-driven positioners or stabilizing magnetic levitators). Students taking graduate version complete additional problems and labs.",4/4/2004,undergraduate,https://catalog.mit.edu/subjects/6/,"Systems Modeling, Control Systems, Discrete-Time Systems, Continuous-Time Systems, Linear Difference Equations, Differential Equations, Transfer Functions, System Stability, Disturbance Rejection, PID Control, Root-Locus Analysis, Lead-Lag Compensation, Phase Margin, State-Space Modeling, Eigen-placement, Linear Quadratic Regulator (LQR), State Estimation, Regression Analysis, System Identification, System Design, System Testing, Sensors, Actuators, Microcontrollers, Optimization"
MIT,mit.edu,Computer Science,6.712,"Principles of Modeling, Computing and Control for Decarbonized Electric Energy Systems","Introduces fundamentals of electric energy systems as complex dynamical network systems. Topics include coordinated and distributed modeling and control methods for efficient and reliable power generation, delivery, and consumption; data-enabled algorithms for integrating clean intermittent resources, storage, and flexible demand, including electric vehicles; examples of network congestion management, frequency, and voltage control in electrical grids at various scales; and design and operation of supporting markets. Students taking graduate version complete additional assignments.",4-0-8,undergraduate,https://catalog.mit.edu/subjects/6/,"Power system modeling, Distributed modeling, Coordinated control, Power generation analysis, Power delivery analysis, Power consumption analysis, Data-enabled algorithms, Renewable energy integration, Energy storage systems, Demand response, Electric vehicle integration, Network congestion management, Frequency control, Voltage control, Electrical grid analysis, Market design, Market operation, Dynamical systems analysis, Optimization techniques, Simulation methods"
MIT,mit.edu,Computer Science,6.3260[J],Networks,See description under subject 14.15[J] .,4-0-8,undergraduate,https://catalog.mit.edu/subjects/6/,
MIT,mit.edu,Computer Science,6.34,Introduction to EECS via Communication Networks,"Studies key concepts, systems, and algorithms to reliably communicate data in settings ranging from the cellular phone network and the Internet to deep space. Weekly laboratory experiments explore these areas in depth. Topics presented in three modules - bits, signals, and packets - spanning the multiple layers of a communication system. Bits module includes information, entropy, data compression algorithms, and error correction with block and convolutional codes. Signals module includes modeling physical channels and noise, signal design, filtering and detection, modulation, and frequency-division multiplexing. Packets module includes switching and queuing principles, media access control, routing protocols, and data transport protocols.",4/4/2004,undergraduate,https://catalog.mit.edu/subjects/6/,"Information Theory, Entropy, Data Compression Algorithms, Error Correction Coding, Block Codes, Convolutional Codes, Channel Modeling, Noise Modeling, Signal Design, Filtering, Detection, Modulation, Frequency-Division Multiplexing, Switching, Queuing Theory, Media Access Control, Routing Protocols, Data Transport Protocols"
MIT,mit.edu,Computer Science,6.37,Introduction to Probability,"An introduction to probability theory, the modeling and analysis of probabilistic systems, and elements of statistical inference. Probabilistic models, conditional probability. Discrete and continuous random variables. Expectation and conditional expectation, and further topics about random variables. Limit Theorems. Bayesian estimation and hypothesis testing. Elements of classical statistical inference. Bernoulli and Poisson processes. Markov chains. Students taking graduate version complete additional assignments.",4-0-8,undergraduate,https://catalog.mit.edu/subjects/6/,"Probability Theory, Probabilistic Modeling, Statistical Inference, Conditional Probability, Discrete Random Variables, Continuous Random Variables, Expectation, Conditional Expectation, Limit Theorems, Bayesian Estimation, Hypothesis Testing, Bernoulli Processes, Poisson Processes, Markov Chains"
MIT,mit.edu,Computer Science,6.372,Introduction to Statistical Data Analysis,"Introduction to the central concepts and methods of data science with an emphasis on statistical grounding and modern computational capabilities. Covers principles involved in extracting information from data for the purpose of making predictions or decisions, including data exploration, feature selection, model fitting, and performance assessment. Topics include learning of distributions, hypothesis testing (including multiple comparison procedures), linear and nonlinear regression and prediction, classification, time series, uncertainty quantification, model validation, causal inference, optimization, and decisions. Computational case studies and projects drawn from applications in finance, sports, engineering, and machine learning life sciences. Students taking graduate version complete additional assignments. Recommended prerequisite: 18.06 .",4-0-8,undergraduate,https://catalog.mit.edu/subjects/6/,"Data Science, Statistics, Data Exploration, Feature Selection, Model Fitting, Performance Assessment, Predictive Modeling, Probability Distributions, Hypothesis Testing, Multiple Comparison Procedures, Linear Regression, Nonlinear Regression, Classification, Time Series Analysis, Uncertainty Quantification, Model Validation, Causal Inference, Optimization, Machine Learning"
MIT,mit.edu,Computer Science,6.3730[J],"Statistics, Computation and Applications","See description under subject IDS.012[J] . Enrollment limited; priority to Statistics and Data Science minors, and to juniors and seniors.",3/1/2008,undergraduate,https://catalog.mit.edu/subjects/6/,
MIT,mit.edu,Computer Science,6.38,Introduction to Inference,"Introduces probabilistic modeling for problems of inference and machine learning from data, emphasizing analytical and computational aspects. Distributions, marginalization, conditioning, and structure, including graphical and neural network representations. Belief propagation, decision-making, classification, estimation, and prediction. Sampling methods and analysis. Introduces asymptotic analysis and information measures. Computational laboratory component explores the concepts introduced in class in the context of contemporary applications. Students design inference algorithms, investigate their behavior on real data, and discuss experimental results.",4/4/2004,undergraduate,https://catalog.mit.edu/subjects/6/,"Probabilistic Modeling, Machine Learning, Graphical Models, Neural Networks, Belief Propagation, Classification, Estimation, Prediction, Sampling Methods, Asymptotic Analysis, Information Theory, Algorithm Design, Data Analysis, Experimental Design, Marginalization, Conditioning, Decision Theory"
MIT,mit.edu,Computer Science,6.39,Introduction to Machine Learning,"Introduction to the principles and algorithms of machine learning from an optimization perspective. Topics include linear and non-linear models for supervised, unsupervised, and reinforcement learning, with a focus on gradient-based methods and neural-network architectures. Previous experience with algorithms may be helpful.",4-0-8,undergraduate,https://catalog.mit.edu/subjects/6/,"Machine Learning, Optimization, Linear Models, Non-linear Models, Supervised Learning, Unsupervised Learning, Reinforcement Learning, Gradient-based Methods, Neural-network Architectures, Algorithms"
MIT,mit.edu,Computer Science,6.395,"AI, Decision Making, and Society","Introduction to fundamentals of modern data-driven decision-making frameworks, such as causal inference and hypothesis testing in statistics as well as supervised and reinforcement learning in machine learning. Explores how these frameworks are being applied in various societal contexts, including criminal justice, healthcare, finance, and social media. Emphasis on pinpointing the non-obvious interactions, undesirable feedback loops, and unintended consequences that arise in such settings. Enables students to develop their own principled perspective on the interface of data-driven decision making and society. Students taking graduate version complete additional assignments.",4-0-8,undergraduate,https://catalog.mit.edu/subjects/6/,"Causal Inference, Hypothesis Testing, Statistical Modeling, Supervised Learning, Reinforcement Learning, Machine Learning, Tech Ethics"
MIT,mit.edu,Computer Science,6.41,Artificial Intelligence,"Introduces representations, methods, and architectures used to build applications and to account for human intelligence from a computational point of view. Covers applications of rule chaining, constraint propagation, constrained search, inheritance, statistical inference, and other problem-solving paradigms. Also addresses applications of identification trees, neural nets, genetic algorithms, support-vector machines, boosting, and other learning paradigms. Considers what separates human intelligence from that of other animals.",4/3/2005,undergraduate,https://catalog.mit.edu/subjects/6/,"Artificial Intelligence, Rule Chaining, Constraint Propagation, Constrained Search, Statistical Inference, Identification Trees, Neural Networks, Genetic Algorithms, Support-Vector Machines, Boosting, Machine Learning"
MIT,mit.edu,Computer Science,6.411,"Representation, Inference, and Reasoning in AI","An introduction to representations and algorithms for artificial intelligence. Topics covered include: constraint satisfaction in discrete and continuous problems, logical representation and inference, Monte Carlo tree search, probabilistic graphical models and inference, planning in discrete and continuous deterministic and probabilistic models including Markov decision processes (MDPs) and partially observed Markov decision processes (POMDPs).",3-0-9,undergraduate,https://catalog.mit.edu/subjects/6/,"Constraint Satisfaction, Logical Representation, Inference, Monte Carlo Tree Search, Probabilistic Graphical Models, Planning, Markov Decision Processes (MDPs), Partially Observed Markov Decision Processes (POMDPs)"
MIT,mit.edu,Computer Science,6.4120[J],Computational Cognitive Science,See description under subject 9.66[J] .,3-0-9,undergraduate,https://catalog.mit.edu/subjects/6/,
MIT,mit.edu,Computer Science,6.4130[J],Principles of Autonomy and Decision Making,See description under subject 16.410[J] .,4-0-8,undergraduate,https://catalog.mit.edu/subjects/6/,
MIT,mit.edu,Computer Science,6.4200[J],Robotics: Science and Systems,"Presents concepts, principles, and algorithmic foundations for robots and autonomous vehicles operating in the physical world. Topics include sensing, kinematics and dynamics, state estimation, computer vision, perception, learning, control, motion planning, and embedded system development. Students design and implement advanced algorithms on complex robotic platforms capable of agile autonomous navigation and real-time interaction with the physical word. Students engage in extensive written and oral communication exercises. Enrollment limited.",2/6/2004,undergraduate,https://catalog.mit.edu/subjects/6/,"Robotics, Autonomous Vehicles, Kinematics, Dynamics, State Estimation, Computer Vision, Perception, Machine Learning, Control Theory, Motion Planning, Embedded System Development, Algorithmic Foundations, Technical Writing, Oral Presentations"
MIT,mit.edu,Computer Science,6.421,Robotic Manipulation,"Introduces the fundamental algorithmic approaches for creating robot systems that can autonomously manipulate physical objects in unstructured environments such as homes and restaurants. Topics include perception (including approaches based on deep learning and approaches based on 3D geometry), planning (robot kinematics and trajectory generation, collision-free motion planning, task-and-motion planning, and planning under uncertainty), as well as dynamics and control (both model-based and learning-based). Students taking graduate version complete additional assignments. Students engage in extensive written and oral communication exercises.",4/2/2009,undergraduate,https://catalog.mit.edu/subjects/6/,"Autonomous Manipulation, Deep Learning, 3D Geometry, Robot Kinematics, Trajectory Generation, Collision-Free Motion Planning, Task-and-Motion Planning, Planning Under Uncertainty, Dynamics, Control Theory, Model-Based Control, Learning-Based Control, Technical Writing, Oral Presentations"
MIT,mit.edu,Computer Science,6.44,Computer Graphics,"Introduction to computer graphics algorithms, software and hardware. Topics include ray tracing, the graphics pipeline, transformations, texture mapping, shadows, sampling, global illumination, splines, animation and color.",3-0-9,undergraduate,https://catalog.mit.edu/subjects/6/,"Computer Graphics, Algorithms, Ray Tracing, Graphics Pipeline, Geometric Transformations, Texture Mapping, Sampling, Global Illumination, Splines, Computer Animation, Color Theory"
MIT,mit.edu,Computer Science,6.45,Design for the Web: Languages and User Interfaces,"Instruction in the principles and technologies for designing usable user interfaces for Web applications. Focuses on the key principles and methods of user interface design, including learnability, efficiency, safety, prototyping, and user testing. Provides instruction in the core web languages of HTML, CSS, and Javascript, their different roles, and the rationales for the widely varying designs. These languages are used to create usable web interfaces and applications. Covers fundamentals of graphic design theory, as design and usability go hand in hand.",2/2/2008,undergraduate,https://catalog.mit.edu/subjects/6/,"UI/UX Design, Human-Computer Interaction (HCI), Prototyping, User Testing, Learnability, Efficiency, Safety, HTML, CSS, JavaScript, Graphic Design Theory"
MIT,mit.edu,Computer Science,6.451,Engineering Interactive Technologies,"Provides instruction in building cutting-edge interactive technologies, explains the underlying engineering concepts, and shows how those technologies evolved over time. Students use a studio format (i.e., extended periods of time) for constructing software and hardware prototypes. Topics include interactive technologies, such as multi-touch, augmented reality, haptics, wearables, and shape-changing interfaces. In a group project, students build their own interactive hardware/software prototypes and present them in a live demo at the end of term. Enrollment may be limited.",1/5/2006,undergraduate,https://catalog.mit.edu/subjects/6/,"Multi-touch, Augmented Reality, Haptics, Wearables, Shape-changing Interfaces, UI/UX Design, Human-Computer Interaction, Embedded Systems, Electrical Engineering, Circuit Design, Sensors, Signal Processing, Product Management, Oral Presentations"
MIT,mit.edu,Computer Science,6.4530[J],Principles and Practice of Assistive Technology,"Students work closely with people with disabilities to develop assistive and adaptive technologies that help them live more independently. Covers design methods and problem-solving strategies; human factors; human-machine interfaces; community perspectives; social and ethical aspects; and assistive technology for motor, cognitive, perceptual, and age-related impairments. Prior knowledge of one or more of the following areas useful: software; electronics; human-computer interaction; cognitive science; mechanical engineering; control; or MIT hobby shop, MIT PSC, or other relevant independent project experience. Enrollment may be limited.",2/4/2006,undergraduate,https://catalog.mit.edu/subjects/6/,"Design Methods, Problem-Solving Strategies, Human Factors, Human-Machine Interfaces, Community Perspectives, Tech Ethics, Assistive Technology Design, Electronics, Human-Computer Interaction, Cognitive Science, Mechanical Engineering, Control Systems"
MIT,mit.edu,Computer Science,6.4550[J],Interactive Music Systems,See description under subject 21M.385[J] . Limited to 36.,3-0-9,undergraduate,https://catalog.mit.edu/subjects/6/,
MIT,mit.edu,Computer Science,6.4570[J],Creating Video Games,See description under subject CMS.611[J] . Limited to 36.,3/3/2006,undergraduate,https://catalog.mit.edu/subjects/6/,
MIT,mit.edu,Computer Science,6.4710[J],"Evolutionary Biology: Concepts, Models and Computation",See description under subject 7.33[J] .,3-0-9,undergraduate,https://catalog.mit.edu/subjects/6/,
MIT,mit.edu,Computer Science,6.8701[J],"Computational Biology: Genomes, Networks, Evolution","Covers the algorithmic and machine learning foundations of computational biology, combining theory with practice. Principles of algorithm design, influential problems and techniques, and analysis of large-scale biological datasets. Topics include (a) genomes: sequence analysis, gene finding, RNA folding, genome alignment and assembly, database search; (b) networks: gene expression analysis, regulatory motifs, biological network analysis; (c) evolution: comparative genomics, phylogenetics, genome duplication, genome rearrangements, evolutionary theory. These are coupled with fundamental algorithmic techniques including: dynamic programming, hashing, Gibbs sampling, expectation maximization, hidden Markov models, stochastic context-free grammars, graph clustering, dimensionality reduction, Bayesian networks.",3-0-9,undergraduate,https://catalog.mit.edu/subjects/6/,"Algorithm design, Machine learning, Sequence analysis, Gene finding, RNA folding, Genome alignment, Genome assembly, Database search, Gene expression analysis, Regulatory motifs, Biological network analysis, Comparative genomics, Phylogenetics, Genome duplication, Genome rearrangements, Evolutionary theory, Dynamic programming, Hashing, Gibbs sampling, Expectation maximization, Hidden Markov models, Stochastic context-free grammars, Graph clustering, Dimensionality reduction, Bayesian networks"
MIT,mit.edu,Computer Science,6.8711[J],Computational Systems Biology: Deep Learning in the Life Sciences,"Presents innovative approaches to computational problems in the life sciences, focusing on deep learning-based approaches with comparisons to conventional methods. Topics include protein-DNA interaction, chromatin accessibility, regulatory variant interpretation, medical image understanding, medical record understanding, therapeutic design, and experiment design (the choice and interpretation of interventions). Focuses on machine learning model selection, robustness, and interpretation. Teams complete a multidisciplinary final research project using TensorFlow or other framework. Provides a comprehensive introduction to each life sciences problem, but relies upon students understanding probabilistic problem formulations. Students taking graduate version complete additional assignments.",3-0-9,undergraduate,https://catalog.mit.edu/subjects/6/,"Deep Learning, Machine Learning, Model Selection, Robustness Analysis, Interpretability, TensorFlow, Probabilistic Modeling, Protein-DNA Interaction Analysis, Chromatin Accessibility Analysis, Regulatory Variant Interpretation, Medical Image Understanding, Medical Record Understanding, Therapeutic Design, Experiment Design, Interdisciplinary Research, Bioinformatics, Genomics, Data Science, Statistical Modeling"
MIT,mit.edu,Computer Science,6.8721[J],Principles of Synthetic Biology,See description under subject 20.305[J] .,3-0-9,undergraduate,https://catalog.mit.edu/subjects/6/,
MIT,mit.edu,Computer Science,6.4800[J],Biomedical Imaging with MRI: From Technology to Computation Applications,"Presents medical imaging with MRI, motivated by examples of problems in human health that engage students in imaging hardware design, data acquisition and image reconstruction, and signal analysis and inference. Data from scientific and clinical applications in neuro- and cardiac MRI as applied in current practice are sourced for computational labs. Labs include kits for interactive and portable low-cost devices that can be assembled by the students to demonstrate fundamental building blocks of an MRI system. Students program lab MRI systems on their laptops for data collection and image reconstruction. Students apply concepts from lectures in labs for data collection for image reconstruction, image analysis, and inference by their own design, drawing on concepts in signal processing and machine learning.",2/3/2007,undergraduate,https://catalog.mit.edu/subjects/6/,"Medical Imaging, MRI, Hardware Design, Data Acquisition, Image Reconstruction, Signal Analysis, Statistical Inference, Neuro-MRI, Cardiac MRI, Computational Modeling, Embedded Systems, Signal Processing, Machine Learning, Image Analysis"
MIT,mit.edu,Computer Science,6.4810[J],Cellular Neurophysiology and Computing,"Integrated overview of the biophysics of cells from prokaryotes to neurons, with a focus on mass transport and electrical signal generation across cell membrane. First third of course focuses on mass transport through membranes: diffusion, osmosis, chemically mediated, and active transport. Second third focuses on electrical properties of cells: ion transport to action potential generation and propagation in electrically excitable cells. Synaptic transmission. Electrical properties interpreted via kinetic and molecular properties of single voltage-gated ion channels. Final third focuses on biophysics of synaptic transmission and introduction to neural computing. Laboratory and computer exercises illustrate the concepts. Students taking graduate version complete different assignments. Preference to juniors and seniors.",5/2/2005,undergraduate,https://catalog.mit.edu/subjects/6/,"Biophysics, Mass Transport, Diffusion, Osmosis, Active Transport, Ion Transport, Action Potential Generation, Action Potential Propagation, Synaptic Transmission, Kinetic Modeling, Molecular Modeling, Neural Computing, Computer Simulation, Signal Processing, Laboratory Techniques"
MIT,mit.edu,Computer Science,6.4820[J],Quantitative and Clinical Physiology,"Application of the principles of energy and mass flow to major human organ systems. Anatomical, physiological and clinical features of the cardiovascular, respiratory and renal systems. Mechanisms of regulation and homeostasis. Systems, features and devices that are most illuminated by the methods of physical sciences and engineering models. Required laboratory work includes animal studies. Students taking graduate version complete additional assignments.",4/2/2006,undergraduate,https://catalog.mit.edu/subjects/6/,"Engineering Modeling, Research Methods, Laboratory Techniques"
MIT,mit.edu,Computer Science,6.4830[J],"Fields, Forces and Flows in Biological Systems",See description under subject 20.330[J] .,4-0-8,undergraduate,https://catalog.mit.edu/subjects/6/,
MIT,mit.edu,Computer Science,6.4850[J],Multiphysics Systems Modeling (New),"Practices the use of modern numerical analysis tools (e.g., COMSOL) for biological and other systems with multi-physics behavior. Covers modeling diffusion, reaction, convection, and other transport mechanisms. Analysis of microfluidic devices provided as examples. Discusses practical issues and challenges in numerical modeling. Includes weekly modeling homework and major modeling projects. No prior knowledge of modeling software is required. Lectures are viewed outside of class; in-class time is dedicated to problem-solving and discussion. Students taking graduate version complete additional assignments.",3-0-9,undergraduate,https://catalog.mit.edu/subjects/6/,"COMSOL, numerical analysis, diffusion modeling, reaction modeling, convection modeling, transport mechanisms modeling, microfluidic device analysis, numerical modeling, problem solving, multi-physics modeling"
MIT,mit.edu,Computer Science,6.4860[J],Medical Device Design,See description under subject 2.750[J] . Enrollment limited.,3/3/2006,undergraduate,https://catalog.mit.edu/subjects/6/,
MIT,mit.edu,Computer Science,6.4880[J],Biological Circuit Engineering Laboratory,See description under subject 20.129[J] . Enrollment limited.,2/8/2002,undergraduate,https://catalog.mit.edu/subjects/6/,
MIT,mit.edu,Computer Science,6.49,Introduction to EECS via Medical Technology,"Explores biomedical signals generated from electrocardiograms, glucose detectors or ultrasound images, and magnetic resonance images. Topics include physical characterization and modeling of systems in the time and frequency domains; analog and digital signals and noise; basic machine learning including decision trees, clustering, and classification; and introductory machine vision. Labs designed to strengthen background in signal processing and machine learning. Students design and run structured experiments, and develop and test procedures through further experimentation.",4/4/2004,undergraduate,https://catalog.mit.edu/subjects/6/,"Biomedical Signal Processing, System Modeling, Time Domain Analysis, Frequency Domain Analysis, Analog Signals, Digital Signals, Machine Learning, Decision Trees, Clustering, Classification, Machine Vision, Signal Processing, Experimental Design"
MIT,mit.edu,Computer Science,6.S058,Special Subject in Electrical Engineering and Computer Science,Covers subject matter not offered in the regular curriculum. Consult department to learn of offerings for a particular term.,,undergraduate,https://catalog.mit.edu/subjects/6/,
MIT,mit.edu,Computer Science,6.8301,Advances in Computer Vision,"Advanced topics in computer vision with a focus on the use of machine learning techniques and applications in graphics and human-computer interface. Covers image representations, texture models, structure-from-motion algorithms, Bayesian techniques, object and scene recognition, tracking, shape modeling, and image databases. Applications may include face recognition, multimodal interaction, interactive systems, cinematic special effects, and photorealistic rendering. Includes instruction and practice in written and oral communication.",4-0-11,undergraduate,https://catalog.mit.edu/subjects/6/,"Computer Vision, Machine Learning, Image Representations, Texture Models, Structure-from-Motion Algorithms, Bayesian Techniques, Object Recognition, Scene Recognition, Tracking, Shape Modeling, Image Databases, Face Recognition, Multimodal Interaction, Interactive Systems, Cinematic Special Effects, Photorealistic Rendering, Written Communication, Oral Communication, Graphics, Human-Computer Interface, Human-Computer Interaction (HCI)"
MIT,mit.edu,Computer Science,6.8371,Digital and Computational Photography,"Presents fundamentals and applications of hardware and software techniques used in digital and computational photography, with an emphasis on software methods. Provides sufficient background to implement solutions to photographic challenges and opportunities. Topics include cameras and image formation, image processing and image representations, high-dynamic-range imaging, human visual perception and color, single view 3-D model reconstruction, morphing, data-rich photography, super-resolution, and image-based rendering. Students taking graduate version complete additional assignments.",3-0-9,undergraduate,https://catalog.mit.edu/subjects/6/,"Image processing, Image representation, High-dynamic-range imaging, Human visual perception, Color science, Single-view 3D model reconstruction, Morphing, Data-rich photography, Super-resolution, Image-based rendering, Camera modeling, Computational photography"
MIT,mit.edu,Computer Science,6.461,Natural Language Processing (New),"Introduces the study of computational models of human language, covering classical statistical methods, representation learning, and modern deep network models through the lens of language modeling. Students complete a substantial final project, applying or extending these methods. Instruction and practice in oral and written communication provided.",4-0-11,undergraduate,https://catalog.mit.edu/subjects/6/,"Natural Language Processing, Computational Linguistics, Statistical Methods, Representation Learning, Deep Learning, Neural Networks, Language Modeling, Technical Writing, Oral Presentations"
MIT,mit.edu,Computer Science,6.8611,Quantitative Methods for Natural Language Processing,"Introduces the study of human language from a computational perspective, including syntactic, semantic and discourse processing models. Emphasizes machine learning methods and algorithms. Uses these methods and models in applications such as syntactic parsing, information extraction, statistical machine translation, dialogue systems. Instruction and practice in oral and written communication provided.",4-0-11,undergraduate,https://catalog.mit.edu/subjects/6/,"Computational Linguistics, Syntactic Processing, Semantic Processing, Discourse Processing, Machine Learning, Algorithms, Syntactic Parsing, Information Extraction, Statistical Machine Translation, Dialogue Systems, Oral Presentations, Technical Writing"
MIT,mit.edu,Computer Science,6.9,Engineering for Impact,"Students work in teams to engineer hardware/software systems that solve important, challenging real-world problems. In pursuit of these projects, students engage at every step of the full-stack development process, from printed circuit board design to firmware to server to industrial design. Teams design and build functional prototypes of complete hardware/software systems. Grading is based on individual- and team-based elements. Satisfies 10 units of Institute Laboratory credit. Enrollment may be limited due to staffing and space requirements.",2/3/2007,undergraduate,https://catalog.mit.edu/subjects/6/,"Printed Circuit Board Design, Firmware Development, Server Development, Industrial Design, Full-Stack Development"
MIT,mit.edu,Computer Science,6.901,Introduction to EECS via Interconnected Embedded Systems,"Introduction to embedded systems in the context of connected devices, wearables, and the ""Internet of Things"" (IoT). Topics include microcontrollers, energy utilization, algorithmic efficiency, interfacing with sensors, networking, cryptography, and local versus distributed computation. Students design, make, and program an Internet-connected wearable or handheld device. In the final project, student teams design and demo their own server-connected IoT system. Enrollment limited; preference to first- and second-year students.",1/5/2006,undergraduate,https://catalog.mit.edu/subjects/6/,"Embedded Systems, Microcontrollers, Power Management, Algorithm Optimization, Sensor Interfacing, Networking, Cryptography, Distributed Systems, Firmware Development, Hardware Prototyping, Circuit Design, IoT Architecture, Cloud Integration"
MIT,mit.edu,Computer Science,6.903,Strobe Project Laboratory,"Application of electronic flash sources to measurement and photography. First half covers fundamentals of photography and electronic flashes, including experiments on application of electronic flash to photography, stroboscopy, motion analysis, and high-speed videography. Students write four extensive lab reports. In the second half, students work in small groups to select, design, and execute independent projects in measurement or photography that apply learned techniques. Project planning and execution skills are discussed and developed over the term. Students engage in extensive written and oral communication exercises. Enrollment limited.",2/8/2002,undergraduate,https://catalog.mit.edu/subjects/6/,"Electronic Flash, Stroboscopy, Motion Analysis, High-speed Videography, Technical Writing, Project Planning, Project Execution, Written Communication, Oral Communication, Group Collaboration, Independent Project Design, Measurement Techniques"
MIT,mit.edu,Computer Science,6.908,Introduction to EECS via Robotics,"An integrated introduction to electrical engineering and computer science, taught using substantial laboratory experiments with mobile robots. Key issues in the design of engineered artifacts operating in the natural world: measuring and modeling system behaviors; assessing errors in sensors and effectors; specifying tasks; designing solutions based on analytical and computational models; planning, executing, and evaluating experimental tests of performance; refining models and designs. Issues addressed in the context of computer programs, control systems, probabilistic inference problems, circuits and transducers, which all play important roles in achieving robust operation of a large variety of engineered systems.",2/4/2006,undergraduate,https://catalog.mit.edu/subjects/6/,"Electrical Engineering, Computer Science, Robotics, System Modeling, Sensor Calibration, Actuator Control, Analytical Modeling, Computational Modeling, Experimental Design, Performance Evaluation, Control Systems, Probabilistic Inference, Circuit Design, Transducers, Signal Processing"
MIT,mit.edu,Computer Science,6.UAR[J],Seminar in Undergraduate Advanced Research,"Instruction in effective undergraduate research, including choosing and developing a research topic, surveying previous work and publications, research topics in EECS and the School of Engineering, industry best practices, design for robustness, technical presentation, authorship and collaboration, and ethics. Students engage in extensive written and oral communication exercises, in the context of an approved advanced research project. A total of 12 units of credit is awarded for completion of the fall and subsequent spring term offerings. Application required; consult EECS SuperUROP website for more information.",2-0-4,undergraduate,https://catalog.mit.edu/subjects/6/,"Research Methods, Literature Review, Technical Writing, Oral Presentations, Tech Ethics, Robust Design, Industry Best Practices, Academic Writing, Collaboration"
MIT,mit.edu,Computer Science,6.UAT,Oral Communication,"Provides instruction in aspects of effective technical oral presentations and exposure to communication skills useful in a workplace setting. Students create, give and revise a number of presentations of varying length targeting a range of different audiences. Enrollment may be limited.",3-0-6,undergraduate,https://catalog.mit.edu/subjects/6/,"Technical Oral Presentations, Professional Communication, Audience Analysis"
MIT,mit.edu,Computer Science,6.9101[J],Introduction to Design Thinking and Innovation in Engineering,"Introduces students to concepts of design thinking and innovation that can be applied to any engineering discipline. Focuses on introducing an iterative design process, a systems-thinking approach for stakeholder analysis, methods for articulating design concepts, methods for concept selection, and techniques for testing with users. Provides an opportunity for first-year students to explore product or system design and development, and to build their understanding of what it means to lead and coordinate projects in engineering design. Subject can count toward the 6-unit discovery-focused credit limit for first-year students. Enrollment limited to 25; priority to first-year students.",2-0-1,undergraduate,https://catalog.mit.edu/subjects/6/,"Design Thinking, Innovation, Iterative Design Process, Systems Thinking, Stakeholder Analysis, Design Concept Articulation, Concept Selection, User Testing Techniques, Product Design, System Design, Project Leadership, Project Coordination, Engineering Design"
MIT,mit.edu,Computer Science,6.910A,Design Thinking and Innovation Leadership for Engineers,"Introductory subject in design thinking and innovation. Develops students' ability to conceive, implement, and evaluate successful projects in any engineering discipline. Lessons focus on an iterative design process, a systems-thinking approach for stakeholder analysis, methods for articulating design concepts, methods for concept selection, and techniques for testing with users.",2-0-1,undergraduate,https://catalog.mit.edu/subjects/6/,"Design Thinking, Innovation, Iterative Design Process, Systems Thinking, Stakeholder Analysis, Design Concept Articulation, Concept Selection, User Testing, Project Conception, Project Implementation, Project Evaluation"
MIT,mit.edu,Computer Science,6.910B,Design Thinking and Innovation Project,"Project-based subject. Students employ design-thinking techniques learned in 6.902A to develop a robust speech-recognition application using a web-based platform. Students practice in leadership and teamwork skills as they collaboratively conceive, implement, and iteratively refine their designs based on user feedback. Topics covered include techniques for leading the creative process in teams, the ethics of engineering systems, methods for articulating designs with group collaboration, identifying and reconciling paradoxes of engineering designs, and communicating solution concepts with impact. Students present oral presentations and receive feedback to sharpen their communication skills.",2-0-1,undergraduate,https://catalog.mit.edu/subjects/6/,"Design Thinking, Speech Recognition, Web-Based Platform Development, Leadership, Teamwork, Creative Process Leadership, Engineering Ethics, Design Articulation, Paradox Identification and Resolution, Solution Communication, Oral Presentation, Communication Skills, User Feedback Integration, Iterative Design"
MIT,mit.edu,Computer Science,6.911,Engineering Leadership Lab,See description under subject 6.9130 . Preference to students enrolled in the Bernard M. Gordon-MIT Engineering Leadership Program.,0-2-1,undergraduate,https://catalog.mit.edu/subjects/6/,
MIT,mit.edu,Computer Science,6.912,Engineering Leadership,"Exposes students to the models and methods of engineering leadership within the contexts of conceiving, designing, implementing and operating products, processes and systems. Introduces the Capabilities of Effective Engineering Leaders, and models and theories related to the capabilities. Discusses the appropriate times and reasons to use particular models to deliver engineering success. Includes occasional guest speakers or panel discussions. May be repeated for credit once with permission of instructor. Preference to first-year students in the Gordon Engineering Leadership Program.",1-0-2,undergraduate,https://catalog.mit.edu/subjects/6/,"Engineering Leadership, Product Design, Systems Engineering, Process Engineering, Engineering Management"
MIT,mit.edu,Computer Science,6.913,Engineering Leadership Lab,"Advances students' leadership, teamwork, and communication skills through further exposure to leadership frameworks, models, and cases within an engineering context in an interactive, practice-based environment. Students coach others, assess performance, and lead guided reflections on individual and team successes, while discovering opportunities for improvement. Students assist with programmatic planning and implementation of role-play simulations, small group discussions, and performance and peer assessments by and of other students and by instructors. Includes frequent engineering industry-guest participation and involvement. Content is frequently student-led. Second year Gordon Engineering Leadership Program (GEL) Program students register for 6.9130 . Preference to students enrolled in the second year of the Gordon-MIT Engineering Leadership Program.",0-2-4,undergraduate,https://catalog.mit.edu/subjects/6/,"Leadership, Teamwork, Communication, Coaching, Performance Assessment, Peer Assessment, Programmatic Planning"
MIT,mit.edu,Computer Science,6.914,Fundamentals of Engineering Project Management,"Introduces principles, methods, and tools for project management and teamwork in engineering. Lessons cover historic approaches and contemporary skills for establishing, planning and managing complex projects. Topics include target setting and charters, stakeholders, project architecture, scope estimation, resource allocation, schedule forecasts, and risk mitigation. Project concepts covered include flow-based, waterfall, set-based, spiral, and agile approaches. Lessons include exercises to apply methods learned. Student teams select and design a project approach to apply in areas such as aircraft modification, factory automation, flood prevention engineering, solar farm engineering, enterprise software deployment, and disaster response. IAP version: 4-day off-campus format with preference given to students in the Gordon-MIT Engineering Leadership Program. H3 version: on-campus. Preference given to students in the Bernard M. Gordon-MIT Engineering Leadership Program for IAP session.",1-0-5,undergraduate,https://catalog.mit.edu/subjects/6/,"Project Management, Teamwork, Stakeholder Management, Scope Estimation, Resource Allocation, Schedule Forecasting, Risk Mitigation, Agile Methodology, Waterfall Methodology, Spiral Methodology, Set-based Design, Flow-based Approach, Target Setting, Project Charter Development, Project Architecture, Engineering Leadership"
MIT,mit.edu,Computer Science,6.9160[J],Engineering Innovation: Global Security Systems,See description under subject 15.3621J.,3/3/2006,undergraduate,https://catalog.mit.edu/subjects/6/,
MIT,mit.edu,Computer Science,6.EPE,UPOP Engineering Practice Experience,See description under subject 2.EPE . Application required; consult UPOP website for more information.,0-0-1,undergraduate,https://catalog.mit.edu/subjects/6/,
MIT,mit.edu,Computer Science,6.EPW,UPOP Engineering Practice Workshop,See description under subject 2.EPW . Enrollment limited to those in the UPOP program.,1-0-0,undergraduate,https://catalog.mit.edu/subjects/6/,
MIT,mit.edu,Computer Science,6.931,"Patents, Copyrights, and the Law of Intellectual Property","Intensive introduction to the law, focusing on intellectual property, patents, copyrights, trademarks, and trade secrets. Covers the process of drafting and filing patent applications, enforcement of patents in the courts, the differences between US and international IP laws and enforcement mechanisms, and the inventor's ability to monetize and protect his/her innovations. Highlights current legal issues and trends relating to the technology, and life sciences industries. Readings include judicial opinions and statutory material. Class projects include patent drafting, patent searching, and patentability opinions, and courtroom presentation.",2-0-4,undergraduate,https://catalog.mit.edu/subjects/6/,"Intellectual Property (IP), Patent Law, Copyright Law, Trademark Law, Trade Secrets, Patent Drafting, Patent Filing, Patent Enforcement, International Intellectual Property Law, IP Monetization, Technology Law, Legal Research, Statutory Analysis, Patent Searching, Patentability Analysis, Oral Presentations, Courtroom Presentation"
MIT,mit.edu,Computer Science,6.932,Ethics for Engineers,See description under subject 10.01 .,2-0-4,undergraduate,https://catalog.mit.edu/subjects/6/,
MIT,mit.edu,Computer Science,6.9321,Ethics for Engineers - Independent Inquiry,"Explores the ethical principles by which an engineer ought to be guided. Integrates foundational texts in ethics with case studies illustrating ethical problems arising in the practice of engineering. Readings from classic sources including Aristotle, Kant, Machiavelli, Hobbes, Locke, Rousseau, Franklin, Tocqueville, Arendt, and King. Case studies include articles and films that address engineering disasters, safety, biotechnology, the internet and AI, and the ultimate scope and aims of engineering. Different sections may focus on themes, such as AI or biotechnology. To satisfy the independent inquiry component of this subject, students expand the scope of their term project. Students taking 20.005 focus their term project on a problem in biological engineering in which there are intertwined ethical and technical issues.",2-0-10,undergraduate,https://catalog.mit.edu/subjects/6/,"Ethical Analysis, Research Methods, Technical Writing, Thesis/Academic Writing, Oral Presentations, Tech Ethics"
MIT,mit.edu,Computer Science,6.936,Management in Engineering,See description under subject 2.96 . Restricted to juniors and seniors.,3/1/2008,undergraduate,https://catalog.mit.edu/subjects/6/,
MIT,mit.edu,Computer Science,6.95,Introduction to MATLAB,"Accelerated introduction to MATLAB and its popular toolboxes. Lectures are interactive, with students conducting sample MATLAB problems in real time. Includes problem-based MATLAB assignments. Students must provide their own laptop and software. Enrollment limited.",1-0-2,undergraduate,https://catalog.mit.edu/subjects/6/,"MATLAB, MATLAB Toolboxes"
MIT,mit.edu,Computer Science,6.951,"Introduction to Signals and Systems, and Feedback Control","Introduces fundamental concepts for 6.003, including Fourier and Laplace transforms, convolution, sampling, filters, feedback control, stability, and Bode plots. Students engage in problem solving, using Mathematica and MATLAB software extensively to help visualize processing in the time frequency domains.",2/2/2002,undergraduate,https://catalog.mit.edu/subjects/6/,"Fourier Transforms, Laplace Transforms, Convolution, Sampling, Filters, Feedback Control, Stability Analysis, Bode Plots, Mathematica, MATLAB, Signal Processing, Time-Frequency Analysis"
MIT,mit.edu,Computer Science,6.952,Introduction to Electrical Engineering Lab Skills,"Introduces basic electrical engineering concepts, components, and laboratory techniques. Covers analog integrated circuits, power supplies, and digital circuits. Lab exercises provide practical experience in constructing projects using multi-meters, oscilloscopes, logic analyzers, and other tools. Includes a project in which students build a circuit to display their own EKG. Enrollment limited.",1/3/2002,undergraduate,https://catalog.mit.edu/subjects/6/,"Electrical Engineering, Analog Integrated Circuits, Power Supplies, Digital Circuits, Multi-meters, Oscilloscopes, Logic Analyzers, Circuit Design, EKG Circuitry, Signal Processing"
MIT,mit.edu,Computer Science,6.955,Structure and Interpretation of Computer Programs,Studies the structure and interpretation of computer programs which transcend specific programming languages. Demonstrates thought patterns for computer science using Scheme. Includes weekly programming projects. Enrollment may be limited.,1-0-5,undergraduate,https://catalog.mit.edu/subjects/6/,"Scheme, Computer Science, Program Structure, Program Interpretation"
MIT,mit.edu,Computer Science,6.956,Introduction to Software Engineering in Java,"Covers the fundamentals of Java, helping students develop intuition about object-oriented programming. Focuses on developing working software that solves real problems. Designed for students with little or no programming experience. Concepts covered useful to 6.3100 . Enrollment limited.",1/1/2004,undergraduate,https://catalog.mit.edu/subjects/6/,"Java, Object-Oriented Programming"
MIT,mit.edu,Computer Science,6.957,Introduction to C and C++,"Fast-paced introduction to the C and C++ programming languages. Intended for those with experience in other languages who have never used C or C++. Students complete daily assignments, a small-scale individual project, and a mandatory online diagnostic test. Enrollment limited.",3/3/2000,undergraduate,https://catalog.mit.edu/subjects/6/,"C, C++"
MIT,mit.edu,Computer Science,6.96,Mobile Autonomous Systems Laboratory: MASLAB,"Autonomous robotics contest emphasizing technical AI, vision, mapping and navigation from a robot-mounted camera. Few restrictions are placed on materials, sensors, and/or actuators enabling teams to build robots very creatively. Teams should have members with varying engineering, programming and mechanical backgrounds. Culminates with a robot competition at the end of IAP. Enrollment limited.",2/2/2002,undergraduate,https://catalog.mit.edu/subjects/6/,"Artificial Intelligence, Computer Vision, SLAM, Path Planning, Camera Integration, Sensor Integration, Actuator Control, Materials Selection, Mechanical Design, Programming, Robotics, Systems Engineering"
MIT,mit.edu,Computer Science,6.961,The Battlecode Programming Competition,"Artificial Intelligence programming contest in Java. Student teams program virtual robots to play Battlecode, a real-time strategy game. Competition culminates in a live BattleCode tournament. Assumes basic knowledge of programming.",2-0-4,undergraduate,https://catalog.mit.edu/subjects/6/,"Java, Artificial Intelligence, Real-time Strategy Game Development, Robotics Simulation, Algorithm Design, Game Theory, Software Engineering, Team Collaboration"
MIT,mit.edu,Computer Science,6.962,Web Lab: A Web Programming Class and Competition,"Student teams learn to build a functional and user-friendly website. Topics include version control, HTML, CSS, JavaScript, ReactJS, and nodejs. All teams are eligible to enter a competition where sites are judged by industry experts. Beginners and experienced web programmers welcome, but some previous programming experience is recommended. Registration on subject website required.",1-0-5,undergraduate,https://catalog.mit.edu/subjects/6/,"Version Control, HTML, CSS, JavaScript, ReactJS, Node.js, Web Development"
MIT,mit.edu,Computer Science,6.963,Pokerbots Competition,"Build autonomous poker players and aquire the knowledge of the game of poker. Showcase decision making skills, apply concepts in mathematics, computer science and economics. Provides instruction in programming, game theory, probability and statistics and machine learning. Concludes with a final competition and prizes. Enrollment limited.",1-0-5,undergraduate,https://catalog.mit.edu/subjects/6/,"Game theory, Probability, Statistics, Machine learning, Reinforcement learning, Autonomous agents, Decision analysis"
MIT,mit.edu,Computer Science,6.98,Independent Study in Electrical Engineering and Computer Science,Opportunity for independent study at the undergraduate level under regular supervision by a faculty member. Study plans require prior approval.,,undergraduate,https://catalog.mit.edu/subjects/6/,
MIT,mit.edu,Computer Science,6.982,Practical Internship Experience,"For Course 6 students participating in curriculum-related off-campus internship experiences in electrical engineering or computer science. Before enrolling, students must have an employment offer from a company or organization and must find an EECS advisor. Upon completion of the internship the student must submit a letter from the employer evaluating the work accomplished, a substantive final report from the student, approved by the MIT advisor. Subject to departmental approval. Consult Department Undergraduate Office for details on procedures and restrictions.",0-1-0,undergraduate,https://catalog.mit.edu/subjects/6/,"Electrical Engineering, Computer Science, Technical Writing, Report Writing, Professional Communication"
MIT,mit.edu,Computer Science,6.985,6-A Internship,Provides academic credit for the first assignment of 6-A undergraduate students at companies affiliated with the department's 6-A internship program. Limited to students participating in the 6-A internship program.,0-12-0,undergraduate,https://catalog.mit.edu/subjects/6/,
MIT,mit.edu,Computer Science,6.986,Advanced 6-A Internship,Provides academic credit for the second assignment of 6-A undergraduate students at companies affiliated with the department's 6-A internship program. Limited to students participating in the 6-A internship program.,0-12-0,undergraduate,https://catalog.mit.edu/subjects/6/,
MIT,mit.edu,Computer Science,6.UR,Undergraduate Research in Electrical Engineering and Computer Science,Individual research project arranged with appropriate faculty member or approved advisor. Forms and instructions for the final report are available in the EECS Undergraduate Office.,,undergraduate,https://catalog.mit.edu/subjects/6/,"Research Methods, Technical Writing"
MIT,mit.edu,Computer Science,6.S040,Special Subject in Electrical Engineering and Computer Science,Covers subject matter not offered in the regular curriculum. Consult department to learn of offerings for a particular term.,3-0-9,undergraduate,https://catalog.mit.edu/subjects/6/,
MIT,mit.edu,Computer Science,6.S041,Special Subject in Electrical Engineering and Computer Science,Covers subject matter not offered in the regular curriculum. Consult department to learn of offerings for a particular term.,3-0-9,undergraduate,https://catalog.mit.edu/subjects/6/,
MIT,mit.edu,Computer Science,6.S042,Special Subject in Electrical Engineering and Computer Science,Covers subject matter not offered in the regular curriculum. Consult department to learn of offerings for a particular term.,3-0-9,undergraduate,https://catalog.mit.edu/subjects/6/,
MIT,mit.edu,Computer Science,6.S043,Special Subject in Electrical Engineering and Computer Science,Covers subject matter not offered in the regular curriculum. Consult department to learn of offerings for a particular term.,3-0-9,undergraduate,https://catalog.mit.edu/subjects/6/,
MIT,mit.edu,Computer Science,6.S044,Special Subject in Electrical Engineering and Computer Science,Covers subject matter not offered in the regular curriculum. Consult department to learn of offerings for a particular term.,3-0-9,undergraduate,https://catalog.mit.edu/subjects/6/,
MIT,mit.edu,Computer Science,6.S045,Special Subject in Electrical Engineering and Computer Science,Covers subject matter not offered in the regular curriculum. Consult department to learn of offerings for a particular term.,3-0-9,undergraduate,https://catalog.mit.edu/subjects/6/,
MIT,mit.edu,Computer Science,6.S046,Special Subject in Electrical Engineering and Computer Science,Covers subject matter not offered in the regular curriculum. Consult department to learn of offerings for a particular term.,3-0-9,undergraduate,https://catalog.mit.edu/subjects/6/,
MIT,mit.edu,Computer Science,6.S047,Special Subject in Electrical Engineering and Computer Science,Covers subject matter not offered in the regular curriculum. Consult department to learn of offerings for a particular term.,3-0-9,undergraduate,https://catalog.mit.edu/subjects/6/,
MIT,mit.edu,Computer Science,6.S050,Special Subject in Electrical Engineering and Computer Science,Covers subject matter not offered in the regular curriculum. Consult department to learn of offerings for a particular term.,3-0-9,undergraduate,https://catalog.mit.edu/subjects/6/,
MIT,mit.edu,Computer Science,6.S051,Special Subject in Electrical Engineering and Computer Science,Covers subject matter not offered in the regular curriculum. Consult department to learn of offerings for a particular term.,3-0-9,undergraduate,https://catalog.mit.edu/subjects/6/,
MIT,mit.edu,Computer Science,6.S052,Special Subject in Electrical Engineering and Computer Science,Covers subject matter not offered in the regular curriculum. Consult department to learn of offerings for a particular term.,3-0-3,undergraduate,https://catalog.mit.edu/subjects/6/,
MIT,mit.edu,Computer Science,6.S053,Special Subject in Electrical Engineering and Computer Science,Covers subject matter not offered in the regular curriculum. Consult department to learn of offerings for a particular term.,3-0-9,undergraduate,https://catalog.mit.edu/subjects/6/,
MIT,mit.edu,Computer Science,6.S054,Special Subject in Electrical Engineering and Computer Science,Covers subject matter not offered in the regular curriculum. Consult department to learn of offerings for a particular term.,3-0-9,undergraduate,https://catalog.mit.edu/subjects/6/,
MIT,mit.edu,Computer Science,6.S055,Special Subject in Electrical Engineering and Computer Science,Covers subject matter not offered in the regular curriculum. Consult department to learn of offerings for a particular term.,3-0-9,undergraduate,https://catalog.mit.edu/subjects/6/,
MIT,mit.edu,Computer Science,6.S056,Special Subject in Electrical Engineering and Computer Science,Covers subject matter not offered in the regular curriculum. Consult department to learn of offerings for a particular term.,3-0-9,undergraduate,https://catalog.mit.edu/subjects/6/,
MIT,mit.edu,Computer Science,6.S057,Special Subject in Electrical Engineering and Computer Science,Covers subject matter not offered in the regular curriculum. Consult department to learn of offerings for a particular term.,,undergraduate,https://catalog.mit.edu/subjects/6/,
MIT,mit.edu,Computer Science,6.S059,Special Subject in Electrical Engineering and Computer Science,Covers subject matter not offered in the regular curriculum. Consult department to learn of offerings for a particular term.,,undergraduate,https://catalog.mit.edu/subjects/6/,
MIT,mit.edu,Computer Science,6.S060,Special Subject in Electrical Engineering and Computer Science,Basic undergraduate subjects not offered in the regular curriculum.,,undergraduate,https://catalog.mit.edu/subjects/6/,
MIT,mit.edu,Computer Science,6.S061,Special Subject in Electrical Engineering and Computer Science,Basic undergraduate subjects not offered in the regular curriculum.,,undergraduate,https://catalog.mit.edu/subjects/6/,
MIT,mit.edu,Computer Science,6.S062,Special Subject in Electrical Engineering and Computer Science,Covers subject matter not offered in the regular curriculum. Consult department to learn of offerings for a particular term.,,undergraduate,https://catalog.mit.edu/subjects/6/,
MIT,mit.edu,Computer Science,6.S063,Special Subject in Electrical Engineering and Computer Science,Covers subject matter not offered in the regular curriculum. Consult department to learn of offerings for a particular term.,,undergraduate,https://catalog.mit.edu/subjects/6/,
MIT,mit.edu,Computer Science,6.S076,Special Subject in Electrical Engineering and Computer Science,Covers subject matter not offered in the regular curriculum. Consult department to learn of offerings for a particular term.,,undergraduate,https://catalog.mit.edu/subjects/6/,
MIT,mit.edu,Computer Science,6.S077,Special Subject in Electrical Engineering and Computer Science,Covers subject matter not offered in the regular curriculum. Consult department to learn of offerings for a particular term.,,undergraduate,https://catalog.mit.edu/subjects/6/,
MIT,mit.edu,Computer Science,6.S078,Special Subject in Electrical Engineering and Computer Science,Covers subject matter not offered in the regular curriculum. Consult department to learn of offerings for a particular term.,,undergraduate,https://catalog.mit.edu/subjects/6/,
MIT,mit.edu,Computer Science,6.S079,Special Subject in Electrical Engineering and Computer Science,Covers subject matter not offered in the regular curriculum. Consult department to learn of offerings for a particular term.,,undergraduate,https://catalog.mit.edu/subjects/6/,
MIT,mit.edu,Computer Science,6.S080,Special Subject in Electrical Engineering and Computer Science,Covers subject matter not offered in the regular curriculum. Consult department to learn of offerings for a particular term.,,undergraduate,https://catalog.mit.edu/subjects/6/,
MIT,mit.edu,Computer Science,6.S081,Special Subject in Electrical Engineering and Computer Science,Covers subject matter not offered in the regular curriculum. Consult department to learn of offerings for a particular term.,,undergraduate,https://catalog.mit.edu/subjects/6/,
MIT,mit.edu,Computer Science,6.S082,Special Subject in Electrical Engineering and Computer Science,Covers subject matter not offered in the regular curriculum. Consult department to learn of offerings for a particular term.,,undergraduate,https://catalog.mit.edu/subjects/6/,
MIT,mit.edu,Computer Science,6.S083,Special Subject in Electrical Engineering and Computer Science,Covers subject matter not offered in the regular curriculum. Consult department to learn of offerings for a particular term.,,undergraduate,https://catalog.mit.edu/subjects/6/,
MIT,mit.edu,Computer Science,6.S084,Special Subject in Electrical Engineering and Computer Science,Covers subject matter not offered in the regular curriculum. Consult department to learn of offerings for a particular term.,,undergraduate,https://catalog.mit.edu/subjects/6/,
MIT,mit.edu,Computer Science,6.S085,Special Subject in Electrical Engineering and Computer Science,Covers subject matter not offered in the regular curriculum. Consult department to learn of offerings for a particular term.,,undergraduate,https://catalog.mit.edu/subjects/6/,
MIT,mit.edu,Computer Science,6.S086,Special Subject in Electrical Engineering and Computer Science,Covers subject matter not offered in the regular curriculum. Consult department to learn of offerings for a particular term.,,undergraduate,https://catalog.mit.edu/subjects/6/,
MIT,mit.edu,Computer Science,6.S087,Special Subject in Electrical Engineering and Computer Science,Covers subject matter not offered in the regular curriculum. Consult department to learn of offerings for a particular term.,,undergraduate,https://catalog.mit.edu/subjects/6/,
MIT,mit.edu,Computer Science,6.S088,Special Subject in Electrical Engineering and Computer Science,Covers subject matter not offered in the regular curriculum. Consult department to learn of offerings for a particular term.,,undergraduate,https://catalog.mit.edu/subjects/6/,
MIT,mit.edu,Computer Science,6.S089,Special Subject in Electrical Engineering and Computer Science,Covers subject matter not offered in the regular curriculum. Consult department to learn of offerings for a particular term.,,undergraduate,https://catalog.mit.edu/subjects/6/,
MIT,mit.edu,Computer Science,6.S090,Special Subject in Electrical Engineering and Computer Science,Covers subject matter not offered in the regular curriculum. Consult department to learn of offerings for a particular term.,,undergraduate,https://catalog.mit.edu/subjects/6/,
MIT,mit.edu,Computer Science,6.S091,Special Subject in Electrical Engineering and Computer Science,Covers subject matter not offered in the regular curriculum. Consult department to learn of offerings for a particular term.,,undergraduate,https://catalog.mit.edu/subjects/6/,
MIT,mit.edu,Computer Science,6.S092,Special Subject in Electrical Engineering and Computer Science,Covers subject matter not offered in the regular curriculum. Consult department to learn of offerings for a particular term.,,undergraduate,https://catalog.mit.edu/subjects/6/,
MIT,mit.edu,Computer Science,6.S093,Special Subject in Electrical Engineering and Computer Science,Covers subject matter not offered in the regular curriculum. Consult department to learn of offerings for a particular term.,,undergraduate,https://catalog.mit.edu/subjects/6/,
MIT,mit.edu,Computer Science,6.S094,Special Subject in Electrical Engineering and Computer Science,Covers subject matter not offered in the regular curriculum. Consult department to learn of offerings for a particular term.,,undergraduate,https://catalog.mit.edu/subjects/6/,
MIT,mit.edu,Computer Science,6.S095,Special Subject in Electrical Engineering and Computer Science,Covers subject matter not offered in the regular curriculum. Consult department to learn of offerings for a particular term.,,undergraduate,https://catalog.mit.edu/subjects/6/,
MIT,mit.edu,Computer Science,6.S096,Special Subject in Electrical Engineering and Computer Science,Covers subject matter not offered in the regular curriculum. Consult department to learn of offerings for a particular term.,,undergraduate,https://catalog.mit.edu/subjects/6/,
MIT,mit.edu,Computer Science,6.S097,Special Subject in Electrical Engineering and Computer Science,Covers subject matter not offered in the regular curriculum. Consult department to learn of offerings for a particular term.,,undergraduate,https://catalog.mit.edu/subjects/6/,
MIT,mit.edu,Computer Science,6.S098,Special Subject in Electrical Engineering and Computer Science,Covers subject matter not offered in the regular curriculum. Consult department to learn of offerings for a particular term.,,undergraduate,https://catalog.mit.edu/subjects/6/,
MIT,mit.edu,Computer Science,6.S099,Special Subject in Electrical Engineering and Computer Science,Covers subject matter not offered in the regular curriculum. Consult department to learn of offerings for a particular term.,,undergraduate,https://catalog.mit.edu/subjects/6/,
MIT,mit.edu,Computer Science,6.S183,Special Laboratory Subject in Electrical Engineering and Computer Science,Laboratory subject that covers content not offered in the regular curriculum. Consult department to learn of offerings for a particular term.,,undergraduate,https://catalog.mit.edu/subjects/6/,
MIT,mit.edu,Computer Science,6.S184,Special Laboratory Subject in Electrical Engineering and Computer Science,Laboratory subject that covers content not offered in the regular curriculum. Consult department to learn of offerings for a particular term.,,undergraduate,https://catalog.mit.edu/subjects/6/,
MIT,mit.edu,Computer Science,6.S185,Special Laboratory Subject in Electrical Engineering and Computer Science,Laboratory subject that covers content not offered in the regular curriculum. Consult department to learn of offerings for a particular term.,,undergraduate,https://catalog.mit.edu/subjects/6/,
MIT,mit.edu,Computer Science,6.S186,Special Laboratory Subject in Electrical Engineering and Computer Science,Laboratory subject that covers content not offered in the regular curriculum. Consult department to learn of offerings for a particular term.,,undergraduate,https://catalog.mit.edu/subjects/6/,
MIT,mit.edu,Computer Science,6.S187,Special Laboratory Subject in Electrical Engineering and Computer Science,Laboratory subject that covers content not offered in the regular curriculum. Consult department to learn of offerings for a particular term.,,undergraduate,https://catalog.mit.edu/subjects/6/,
MIT,mit.edu,Computer Science,6.S188,Special Laboratory Subject in Electrical Engineering and Computer Science,Laboratory subject that covers content not offered in the regular curriculum. Consult department to learn of offerings for a particular term.,,undergraduate,https://catalog.mit.edu/subjects/6/,
MIT,mit.edu,Computer Science,6.S189,Special Laboratory Subject in Electrical Engineering and Computer Science,Laboratory subject that covers content not offered in the regular curriculum. Consult department to learn of offerings for a particular term.,,undergraduate,https://catalog.mit.edu/subjects/6/,
MIT,mit.edu,Computer Science,6.S190,Special Laboratory Subject in Electrical Engineering and Computer Science,Laboratory subject that covers content not offered in the regular curriculum. Consult department to learn of offerings for a particular term.,,undergraduate,https://catalog.mit.edu/subjects/6/,
MIT,mit.edu,Computer Science,6.S191,Special Laboratory Subject in Electrical Engineering and Computer Science,Laboratory subject that covers content not offered in the regular curriculum. Consult department to learn of offerings for a particular term.,,undergraduate,https://catalog.mit.edu/subjects/6/,
MIT,mit.edu,Computer Science,6.S192,Special Laboratory Subject in Electrical Engineering and Computer Science,Laboratory subject that covers content not offered in the regular curriculum. Consult department to learn of offerings for a particular term.,,undergraduate,https://catalog.mit.edu/subjects/6/,
MIT,mit.edu,Computer Science,6.S193,Special Laboratory Subject in Electrical Engineering and Computer Science,Laboratory subject that covers content not offered in the regular curriculum. Consult department to learn of offerings for a particular term.,,undergraduate,https://catalog.mit.edu/subjects/6/,
MIT,mit.edu,Computer Science,6.S197,Special Laboratory Subject in Electrical Engineering and Computer Science,Laboratory subject that covers content not offered in the regular curriculum. Consult department to learn of offerings for a particular term.,,undergraduate,https://catalog.mit.edu/subjects/6/,
MIT,mit.edu,Computer Science,6.S193-6.S198 Special Laboratory Subject in Electrical Engineering and Computer Science,,Laboratory subject that covers content not offered in the regular curriculum. Consult department to learn of offerings for a particular term.,,undergraduate,https://catalog.mit.edu/subjects/6/,
MIT,mit.edu,Computer Science,6.S911,Special Subject in Electrical Engineering and Computer Science,Covers subject matter not offered in the regular curriculum.,,undergraduate,https://catalog.mit.edu/subjects/6/,
MIT,mit.edu,Computer Science,6.S912,Special Subject in Electrical Engineering and Computer Science,Covers subject matter not offered in the regular curriculum.,,undergraduate,https://catalog.mit.edu/subjects/6/,
MIT,mit.edu,Computer Science,6.S913,Special Subject in Electrical Engineering and Computer Science,Covers subject matter not offered in the regular curriculum.,,undergraduate,https://catalog.mit.edu/subjects/6/,
MIT,mit.edu,Computer Science,6.S914,Special Subject in Electrical Engineering and Computer Science,Covers subject matter not offered in the regular curriculum.,,undergraduate,https://catalog.mit.edu/subjects/6/,
MIT,mit.edu,Computer Science,6.S915,Special Subject in Electrical Engineering and Computer Science,Covers subject matter not offered in the regular curriculum.,,undergraduate,https://catalog.mit.edu/subjects/6/,
MIT,mit.edu,Computer Science,6.S916,Special Subject in Electrical Engineering and Computer Science,Covers subject matter not offered in the regular curriculum.,,undergraduate,https://catalog.mit.edu/subjects/6/,
MIT,mit.edu,Computer Science,6.S917,Special Subject in Electrical Engineering and Computer Science,Covers subject matter not offered in the regular curriculum.,,undergraduate,https://catalog.mit.edu/subjects/6/,
MIT,mit.edu,Computer Science,6.S918,Special Subject in Electrical Engineering and Computer Science,Covers subject matter not offered in the regular curriculum.,,undergraduate,https://catalog.mit.edu/subjects/6/,
MIT,mit.edu,Computer Science,6.S919,Special Subject in Electrical Engineering and Computer Science,Covers subject matter not offered in the regular curriculum.,,undergraduate,https://catalog.mit.edu/subjects/6/,
MIT,mit.edu,Computer Science,6.C01,Modeling with Machine Learning: from Algorithms to Applications,"Focuses on modeling with machine learning methods with an eye towards applications in engineering and sciences. Introduction to modern machine learning methods, from supervised to unsupervised models, with an emphasis on newer neural approaches. Emphasis on the understanding of how and why the methods work from the point of view of modeling, and when they are applicable. Using concrete examples, covers formulation of machine learning tasks, adapting and extending methods to given problems, and how the methods can and should be evaluated. Students taking graduate version complete additional assignments. Students cannot receive credit without completion of a 6-unit disciplinary module in the same semester.",2-0-4,undergraduate,https://catalog.mit.edu/subjects/6/,"Supervised Learning, Unsupervised Learning, Deep Learning, Neural Networks, Model Formulation, Model Adaptation, Model Evaluation, Machine Learning Modeling, Engineering Applications, Scientific Applications"
MIT,mit.edu,Computer Science,6.C011,Modeling with Machine Learning for Computer Science,"Focuses on in-depth modeling of engineering tasks as machine learning problems. Emphasizes framing, method design, and interpretation of results. In comparison to broader prerequisite 6.C01 , this project-oriented subject consists of deep dives into select technical areas or engineering tasks involving both supervised and exploratory uses of machine learning. Explores technical areas such robustness, interpretability, fairness and engineering tasks such as recommender systems, performance optimization, and automated design. Students taking graduate version complete additional assignments. Students cannot receive credit without completion of the core subject 6.C01 . Enrollment may be limited.",3-0-3,undergraduate,https://catalog.mit.edu/subjects/6/,"Machine Learning, Supervised Learning, Unsupervised Learning, Exploratory Data Analysis, Model Robustness, Model Interpretability, Algorithmic Fairness, Recommender Systems, Performance Optimization, Automated Design, Engineering Task Modeling, Method Design, Result Interpretation, Problem Framing"
MIT,mit.edu,Computer Science,6.C06[J],Linear Algebra and Optimization,See description under subject 18.C06[J] .,5-0-7,undergraduate,https://catalog.mit.edu/subjects/6/,"Please provide the text of the description for subject 18.C06[J]. Once provided, I will extract the skills according to your requirements."
MIT,mit.edu,Computer Science,6.C27[J],Computational Imaging: Physics and Algorithms,See description under subject 2.C27[J] .,3-0-9,undergraduate,https://catalog.mit.edu/subjects/6/,
MIT,mit.edu,Computer Science,6.C35[J],Interactive Data Visualization and Society,"Covers the design, ethical, and technical skills for creating effective visualizations. Short assignments build familiarity with the data analysis and visualization design process. Weekly lab sessions present coding and technical skills. A final project provides experience working with real-world big data, provided by external partners, in order to expose and communicate insights about societal issues. Students taking graduate version complete additional assignments. Enrollment limited. Enrollment limited.",3/4/2008,undergraduate,https://catalog.mit.edu/subjects/6/,"Data Visualization, Visualization Design, Tech Ethics, Data Analysis, Big Data, Data Communication"
MIT,mit.edu,Computer Science,6.C395[J],Algorithmic and Human Decision-Making (New),See description under subject 14.C395J.,4-0-8,undergraduate,https://catalog.mit.edu/subjects/6/,
MIT,mit.edu,Computer Science,6.C40[J],Ethics of Computing,See description under subject 24.C40[J] .,3-0-9,undergraduate,https://catalog.mit.edu/subjects/6/,
MIT,mit.edu,Computer Science,6.C571[J],Optimization Methods,See description under subject 15.C571J. One section primarily reserved for Sloan students; check syllabus for details.,4-0-8,undergraduate,https://catalog.mit.edu/subjects/6/,
Stanford University,stanford.edu,Computer Science,CS 1U,Practical Unix,"A practical introduction to using the Unix operating system with a focus on Linux command line skills. Class will consist of video tutorials and weekly hands-on lab sections. Topics include: grep and regular expressions, ZSH, Vim and Emacs, basic and advanced GDB features, permissions, working with the file system, revision control, Unix utilities, environment customization, and using Python for shell scripts. Topics may be added, given sufficient interest. Course website: http://cs1u.stanford.edu",1,undergraduate,https://explorecourses.stanford.edu/search?q=CS&filter-departmentcode-CS=on&filter-coursestatus-Active=on,"Unix, Linux, Command Line Interface, grep, Regular Expressions, ZSH, Vim, Emacs, GDB, File System Management, Revision Control, Unix Utilities, Environment Customization, Python, Shell Scripting"
Stanford University,stanford.edu,Computer Science,CS 7,Personal Finance for Engineers,"Introduction to the fundamentals and analysis specifically needed by engineers to make informed and intelligent financial decisions. Course will focus on actual industry-based financial information from technology companies and realistic financial issues. Topics include: behavioral finance, budgeting, debt, compensation, stock options, investing and real estate. No prior finance or economics experience required.",1,undergraduate,https://explorecourses.stanford.edu/search?q=CS&filter-departmentcode-CS=on&filter-coursestatus-Active=on,
Stanford University,stanford.edu,Computer Science,CS 9,Problem-Solving for the CS Technical Interview,"This course will prepare students to apply and interview for internships and full-time positions in the software engineering industry. Each week, we will have one meeting focused on advice (e.g. resume prep, behavioral interviews, salary negotiation, panel discussions with representatives from startups and big tech), and one meeting focused on working through and discussing one or more coding problems.",1,undergraduate,https://explorecourses.stanford.edu/search?q=CS&filter-departmentcode-CS=on&filter-coursestatus-Active=on,"Software Engineering, Resume Preparation, Behavioral Interviewing, Salary Negotiation, Algorithms, Problem Solving"
Stanford University,stanford.edu,Computer Science,CS 10N,Computer Play: An Unconventional Introduction to CS and EE,"Experimental introduction to computer science and electrical engineering. Students will learn to create interactive programs that understand sounds made by real-world musical instruments and the big ideas behind some of the core discoveries, surprises, and impossibilities at the core of CS and EE.",4,undergraduate,https://explorecourses.stanford.edu/search?q=CS&filter-departmentcode-CS=on&filter-coursestatus-Active=on,"interactive programming, audio signal processing, musical instrument sound recognition, digital signal processing, real-time audio analysis, human-computer interaction"
Stanford University,stanford.edu,Computer Science,CS 11SI,How to Make VR: Introduction to Virtual Reality Design and Development,"In this hands-on, experiential course, students will design and develop virtual reality applications. You'll learn how to use the Unity game engine, the most popular platform for creating immersive applications. The class will teach the design best practices and the creation pipeline for VR applications. Students will work in groups to present a final project in building an application for the Oculus Quest 2 headset. Enrollment is limited and by application only. See https://cs11si.stanford.edu for more information and the link to the application. Prerequisite: CS 106A or equivalent",2,undergraduate,https://explorecourses.stanford.edu/search?q=CS&filter-departmentcode-CS=on&filter-coursestatus-Active=on,"Unity, Virtual Reality application development, Oculus Quest 2 development, VR design best practices, VR creation pipeline, Experiential learning, Group collaboration, Project presentation"
Stanford University,stanford.edu,Computer Science,CS 12SI,Spatial Computing Workshop,"This one-unit workshop introduces UX design fundamentals for XR (Extended Reality) applications through a combination of hands-on work sessions and guest lectures from industry and academic experts, focusing on spatial prototyping and introducing Xcode for implementing applications on the Apple Vision Pro. Prerequisite: CS 106A or equivalent basic coding experience. Please go to cs12si.stanford.edu for an application link.",1,undergraduate,https://explorecourses.stanford.edu/search?q=CS&filter-departmentcode-CS=on&filter-coursestatus-Active=on,"UX design, XR design, spatial prototyping, Xcode, Apple Vision Pro development"
Stanford University,stanford.edu,Computer Science,CS 13SI,Introduction to Version Control with Git,"Introduction to version control systems and how they can be used to explore the history of changes in a software project, encourage best practices in the software development process, and aid in collaboration within software engineering teams. Students will learn how to use git to make modular changes in a software repository, explore parallel ideas with branches, merge changes from multiple collaborators, and more. Basic programming at the level of CS 106A is recommended.",1,undergraduate,https://explorecourses.stanford.edu/search?q=CS&filter-departmentcode-CS=on&filter-coursestatus-Active=on,"Git, Version Control Systems, Software Engineering, Software Development Lifecycle, Branching, Merging, Repository Management, Collaborative Development, Modular Programming"
Stanford University,stanford.edu,Computer Science,CS 21SI,AI for Social Good,"Students will explore challenging social issues, and learn about the opportunities and limitations for AI to empower human solutions! You'll learn about applying AI to real-world social good spaces (such as climate, education, and housing) and learn what this looks like in practice. The class provides a high-level overview of the machine learning and deep learning techniques that have already proven effective in tackling social problems. Overall, we aim to center the &quot;social good&quot; component of AI for Social Good and cover material you would not otherwise see in the AI curriculum at Stanford. The course structure alternates between instructional lectures and bi-weekly guest speakers at the forefront of technology for social good. Students will be given the chance to engage in a flexible combination of AI model building, discussion, and individual exploration. Special topics may include: tech ethics, human-centered AI, AI safety, education technology, mental health applications, AI in policy, assistive robotics. Prerequisites: programming experience at the level of CS106A and an interest in social impact! Application required for enrollment: http://tinyurl.com/cs21si2425. We encourage students from all disciplines and backgrounds to apply!",2,undergraduate,https://explorecourses.stanford.edu/search?q=CS&filter-departmentcode-CS=on&filter-coursestatus-Active=on,"Machine Learning, Deep Learning, AI Model Building, Tech Ethics, Human-Centered AI, AI Safety, Education Technology, AI Policy, Assistive Robotics, Robotics"
Stanford University,stanford.edu,Computer Science,CS 22A,"The Social & Economic Impact of Artificial Intelligence (INTLPOL 200, SYMSYS 122)","Recent advances in Generative AI are rapidly transforming how we live and work. This lecture course offers a non-technical exploration of its foundational principles, inherent strengths and limitations, and a comprehensive overview of its profound impact on our society and economy. We will delve into critical questions: How will AI reshape labor markets and jobs? What roles will it play in medical research, healthcare, education, entertainment, engineering, transportation, and the legal system? How will it be used - or misused - in democratic societies and autocratic regimes? Will it alter the geopolitical balance of power and the nature of warfare? How can we align these powerful systems with human values? Can machines genuinely create, or possess consciousness? Does the prospect of superintelligence mean the human race is doomed? Will the benefits of this technological revolution be broadly distributed, or accrue to a lucky few? Are we currently experiencing an 'AI bubble'? This course also demystifies essential jargon, such as 'transformers', 'prompt engineering', 'chain of thought', 'hallucination', 'jailbreaking', 'context rot', 'deepfakes', 'stochastic parrots', and 'algorithmic bias'. By equipping students with historical grounding, intellectual tools, ethical frameworks, and psychological perspectives, this course prepares them to thoughtfully navigate the complexities of the AI revolution. (Note: This course is pre-approved for credit at Stanford Law School (SLS) and the Graduate School of Business (GSB). GSB students must enroll in either SYMSYS 122 or INTLPOL 200 for GSB credit. No programming or prior technical knowledge is required.)",1,undergraduate,https://explorecourses.stanford.edu/search?q=CS&filter-departmentcode-CS=on&filter-coursestatus-Active=on,"Generative AI, Tech Ethics, AI Alignment, Transformers, Prompt Engineering, Chain of Thought, AI Hallucination, AI Jailbreaking, Deepfakes, Algorithmic Bias, Ethical Frameworks"
Stanford University,stanford.edu,Computer Science,CS 24,"Minds and Machines (LINGUIST 35, PHIL 99, PSYCH 35, SYMSYS 1, SYMSYS 200)","(Formerly SYMSYS 100). An overview of the interdisciplinary study of cognition, information, communication, and language, with an emphasis on foundational issues: What are minds? What is computation? What are rationality and intelligence? Can we predict human behavior? Can computers be truly intelligent? How do people and technology interact, and how might they do so in the future? Lectures focus on how the methods of philosophy, mathematics, empirical research, and computational modeling are used to study minds and machines. Students must take this course before being approved to declare Symbolic Systems as a major. All students interested in studying Symbolic Systems are urged to take this course early in their student careers. The course material and presentation will be at an introductory level, without prerequisites.",4,undergraduate,https://explorecourses.stanford.edu/search?q=CS&filter-departmentcode-CS=on&filter-coursestatus-Active=on,"Philosophy, Mathematics, Empirical research, Computational modeling"
Stanford University,stanford.edu,Computer Science,CS 25,Transformers United V6 (SYMSYS 25),"Since their introduction in 2017, Transformers have revolutionized Deep Learning, powering large language models (LLM) like ChatGPT and DeepSeek, image and video generation (e.g. Dall-E and Sora), and much more. In CS25, one of Stanford's hottest seminar courses, we delve into Transformer architectures and their diverse applications through classroom discussions and instructor and guest lectures. Topics include LLM, creative uses in art and music, healthcare, neuroscience, robotics, and so forth. We host leading researchers, with past speakers like Andrej Karpathy, Geoffrey Hinton, Jim Fan, Ashish Vaswani, and folks from OpenAI, Anthropic, Google DeepMind, NVIDIA, etc. Lectures are livestreamed and recorded, attracting a global audience with over a million total YouTube views. This is a 1-unit S/NC course, where attendance is the only homework! Enroll via Axess or audit through livestreams or in-person, space permitting. Prerequisites: basic Deep Learning and Transformers knowledge (understanding of attention) or completion of CS224N, CS231N, or CS230. Course website: https://web.stanford.edu/class/cs25/",1,undergraduate,https://explorecourses.stanford.edu/search?q=CS&filter-departmentcode-CS=on&filter-coursestatus-Active=on,"Transformer architecture, Deep Learning, Large Language Models (LLM), Attention mechanism, Image generation, Video generation, Generative AI, Machine Learning, Natural Language Processing, Computer Vision, Robotics, Healthcare AI, Neuroscience applications, Creative AI"
Stanford University,stanford.edu,Computer Science,CS 25N,Big Ideas in Cryptography,"Cryptography - securing data in the presence of an adversary - has been practiced for thousands of years. Today, cryptography is more ubiquitous than ever, as it is the foundation underlying our secure digital world. Modern cryptography is also characterized by surprising solutions to seemingly impossible tasks. In this seminar, we will survey some of the big ideas in cryptography, including cryptanalysis (including breaking the Enigma during WWII), methodologies behind the design of secure ciphers, public key cryptography (securely exchanging messages without ever having met in person to share a secret key), zero knowledge proofs (proving statements without revealing the proof), homomorphic encryption (performing computations on encrypted data), cryptocurrencies, and more. Prerequisites: Basic programming knowledge and mathematical maturity suggested.",3,undergraduate,https://explorecourses.stanford.edu/search?q=CS&filter-departmentcode-CS=on&filter-coursestatus-Active=on,"Cryptography, Cryptanalysis, Enigma cryptanalysis, Secure cipher design, Public-key cryptography, Zero-knowledge proofs, Homomorphic encryption, Cryptocurrencies"
Stanford University,stanford.edu,Computer Science,CS 26SI,Beyond NLP: CS & Language through Text Input & Design,"Where do Computer Science and Language intersect beyond NLP? In this class, we explore their overlaps through text entry and design. On the text-entry side, we will learn about the writing systems of the world and their encodings (there is so much more beyond the Latin alphabet!), how keyboards work and why they are designed this way, how autocorrect / predictive typing and voice / handwriting text input function, and accessibility of text input. On the design side, we will learn about typography &amp; typeface design, and l10n / i18n. This class will feature many case studies and a few guest speakers!",1,undergraduate,https://explorecourses.stanford.edu/search?q=CS&filter-departmentcode-CS=on&filter-coursestatus-Active=on,"Natural Language Processing, Text Entry Systems, Character Encoding, Unicode, Keyboard Design, Predictive Typing, Autocorrect, Voice Recognition, Handwriting Recognition, Accessibility, Typography, Typeface Design, Localization (l10n), Internationalization (i18n), Human-Computer Interaction (HCI)"
Stanford University,stanford.edu,Computer Science,CS 29N,Computational Decision Making,"Although we make decisions every day, many people base their decisions on initial reactions or &quot;&quot;gut&quot;&quot; feelings. There are, however, powerful frameworks for making decisions more effectively based on computationally analyzing the choices available and their possible outcomes. In this course we give an introduction to some of these frameworks, including utility theory, decision analysis, and game theory. We also discuss why people sometimes make seemingly reasonable, yet irrational, decisions. We begin the class by presenting some of the basics of probability theory, which serves as the main mathematical foundation for the decision making frameworks we will subsequently present. Although we provide a mathematical/computational basis for the decision making frameworks we examine, we also seek to give intuitive (and sometimes counterintuitive) explanations for actual decision making behavior through in-class demonstrations. No prior experience with probability theory is needed (we'll cover what you need to know in class), but students should be comfortable with mathematical manipulation at the level of Math 20 or Math 41.",3,undergraduate,https://explorecourses.stanford.edu/search?q=CS&filter-departmentcode-CS=on&filter-coursestatus-Active=on,"Utility Theory, Decision Analysis, Game Theory, Probability Theory, Computational Analysis"
Stanford University,stanford.edu,Computer Science,CS 31N,Counterfactuals: The Science of What Ifs?,"How might the past have changed if different decisions were made? This question has captured the fascination of people for hundreds of years. By precisely asking, and answering such questions of counterfactual inference, we have the opportunity to both understand the impact of past decisions (has climate change worsened economic inequality?) and inform future choices (can we use historical electronic medical records data about decision made and outcomes, to create better protocols to enhance patient health?). In this course I will introduce some of the most common quantitative approaches to counterfactual reasoning, as well as give a wide sampling of some of the many important problems and questions that can be addressed through the lens of counterfactual reasoning, including in climate change, healthcare and economics. No prior experience with counterfactual or &quot;what if&quot; reasoning, nor probability, is required.",3,undergraduate,https://explorecourses.stanford.edu/search?q=CS&filter-departmentcode-CS=on&filter-coursestatus-Active=on,"Counterfactual Inference, Counterfactual Reasoning, Quantitative Analysis, Statistical Modeling"
Stanford University,stanford.edu,Computer Science,CS 40,Cloud Infrastructure and Scalable Application Deployment,"Trying to launch your next viral programming project and anticipating substantial user growth? This course will help you learn to implement your ideas in the cloud in a scalable, cost-effective manner. Topics will include cloud AI/ML pipelines, virtual machines, containers, basic networking, expressing infrastructure as code (IaC), data management, security and observability, and continuous integration and deployment (CI/CD). Through hands-on learning and practical examples, you'll learn to effectively deploy and manage cloud infrastructure. There is no out-of-pocket cost associated with this class and cloud credits will be provided for all students. Prerequisites: Programming maturity up to CS 107. Familiarity with the command line, version control, and basic development tools to the level of CS 45/CS 104, in particular: Basic Unix command line utilities and administration; Editing code with a TUI editor such as vim, emacs, or nano; Using Git and GitHub for collaborative projects (i.e. branching and pull requests); Basic familiarity with package managers for languages and operating systems (e.g., pip, apt, homebrew); Prior web development or networking experience helpful but not required.",3,undergraduate,https://explorecourses.stanford.edu/search?q=CS&filter-departmentcode-CS=on&filter-coursestatus-Active=on,"Cloud AI/ML pipelines, Virtual Machines, Containers, Basic Networking, Infrastructure as Code, Data Management, Security, Observability, CI/CD, Unix Command Line, Version Control, Git, GitHub, Branching, Pull Requests, vim, emacs, nano, pip, apt, homebrew"
Stanford University,stanford.edu,Computer Science,CS 41,Hap.py Code: The Python Programming Language,"This course is about the fundamentals and contemporary usage of the Python programming language. The primary focus is on developing best practices in writing Python and exploring the extensible and unique parts of the Python language. Topics include: Pythonic conventions, data structures such as list comprehensions, anonymous functions, iterables, powerful built-ins (e.g. map, filter, zip), and Python libraries. For the last few weeks, students will work with course staff to develop their own significant Python project. Prerequisite: CS106B, CS106X, or equivalent.",2,undergraduate,https://explorecourses.stanford.edu/search?q=CS&filter-departmentcode-CS=on&filter-coursestatus-Active=on,"Python, Pythonic conventions, list comprehensions, anonymous functions, iterables, map, filter, zip, Python libraries"
Stanford University,stanford.edu,Computer Science,CS 42SI,From Player to Maker:  2D Engine-Based Game Development,"This course aims to get students experienced with the game development lifecycle, developing multiple game projects from start to finish. Students will utilize various ideation tools for brainstorming (borrowed from the Design program), use the Unity Engine to develop 2D games in individual and collaborative settings, and publish their work on live websites by entering into friendly competitions known as &quot;game jams&quot;. By the end of the quarter, students will have created three rapid-prototype games and gained the proper skills to make games on their own. Prerequisites: This course uses the Unity Engine, which uses the C# programming language. Because of this, you should be familiar with programming at the level of CS106A or the AP Computer Science exam.",2,undergraduate,https://explorecourses.stanford.edu/search?q=CS&filter-departmentcode-CS=on&filter-coursestatus-Active=on,"Unity Engine, C#, 2D game development, game development lifecycle, ideation tools, collaborative game development, website publishing, game jams, rapid prototyping"
Stanford University,stanford.edu,Computer Science,CS 44N,Great Ideas in Graphics,"A hands-on interactive and fun exploration of great ideas from computer graphics. Motivated by graphics concepts, mathematical foundations and computer algorithms, students will explore an eccentric selection of &quot;great ideas&quot; through short weekly programming projects. Project topics will be selected from a diverse array of computer graphics concepts and historical elements.",3,undergraduate,https://explorecourses.stanford.edu/search?q=CS&filter-departmentcode-CS=on&filter-coursestatus-Active=on,"Computer Graphics, Mathematical Foundations, Computer Algorithms, Programming"
Stanford University,stanford.edu,Computer Science,CS 45,Software Tools Every Programmer Should Know,"Classes teach you all about advanced topics within CS, from operating systems to machine learning, but there's one critical subject that's rarely covered, and is instead left to students to figure out on their own: proficiency with their tools. This course will teach you how to master the key tools necessary for being a successful computer scientist, such as the command line, version control systems, debuggers and linters, and many more. In addition, we will cover other key topics that are left out of standard CS classes, but that are essential to being a proficient computer scientist, including: security and cryptography, containers and virtual machines, and cloud computing.",2,undergraduate,https://explorecourses.stanford.edu/search?q=CS&filter-departmentcode-CS=on&filter-coursestatus-Active=on,"Operating Systems, Machine Learning, Command Line, Version Control Systems, Debuggers, Linters, Security, Cryptography, Containers, Virtual Machines, Cloud Computing"
Stanford University,stanford.edu,Computer Science,CS 46,Working with Data: Delights and Doubts,"The use of data to drive decisions and discoveries has increased dramatically over the past two decades, thanks to prevalent data collection, cheaper storage, faster computers, and sophisticated algorithms. This introductory seminar has three components: (1) Hands-on instruction in tools and techniques for working with data, from spreadsheets to data visualization systems to machine learning packages. This material is designed for students with little or no computer programming or data science experience. (2) A quarter-long &quot;quantified self&quot; project where students identify a set of questions about themselves or their surroundings, collect data to answer the questions, and analyze and visualize the collected data. (3) A set of guest speakers, including some who focus on the &quot;doubts&quot; of collecting and exploiting data, such as questions of ethics, bias, and privacy. In addition to the course project, students will complete short assignments to practice the learned tools and techniques, and will be expected to do some readings in advance of each guest speaker and engage in thoughtful discussion.",3,undergraduate,https://explorecourses.stanford.edu/search?q=CS&filter-departmentcode-CS=on&filter-coursestatus-Active=on,"Data Collection, Algorithms, Spreadsheets, Data Visualization, Machine Learning, Data Science, Data Analysis, Tech Ethics, Data Privacy, Bias Analysis"
Stanford University,stanford.edu,Computer Science,CS 47,Cross-Platform Mobile Development,"The fundamentals of cross-platform mobile application development using the React Native framework (RN). The Primary focus is on enabling students to build apps for both iOS and Android using RN. Students will explore the unique aspects that made RN a primary tool for mobile development within Facebook, Instagram, Walmart, Tesla, and UberEats, SpaceX, Coinbase and many more. Prerequisites: no formal pre-reqs but CS142/CS193x and/or prior programming experience helps. Website: web.stanford.edu/class/cs47/. To enroll in the class, please fill the following application: https://forms.gle/rhcGyigx1hWCrfA48. The application deadline is at the end of week 1.",2,undergraduate,https://explorecourses.stanford.edu/search?q=CS&filter-departmentcode-CS=on&filter-coursestatus-Active=on,"React Native, cross-platform mobile development, iOS development, Android development, JavaScript"
Stanford University,stanford.edu,Computer Science,CS 47N,Datathletics: Diving into Data Analytics and Stanford Sports,"Sophisticated data collection and analysis are now key to program success across many sports: Nearly all professional and national-level teams employ data scientists, and &quot;datathletics&quot; is becoming prevalent in college sports as well. This immersive seminar combines extensive hands-on data analytics with a first-hand peek into Stanford athletics. Class meetings roughly alternate between: (1) instruction in a variety of tools and techniques for analyzing and visualizing data; and (2) guest lectures by Stanford athletics coaches explaining how data is or could be used in their sport. Through regular problem sets, students bring each week's tools to bear on data related to the week's sport. One goal of the class is empowering students to perform compelling data analytics by mastering tools across a wide spectrum, including spreadsheets, the Tableau system for data preparation and visualization, Jupyter notebooks, relational databases and SQL, Python and many of its data-specific packages including Pandas, and machine learning. On the sports side, while the Stanford coaches may touch on many aspects of data collection and analysis, the main focus of this course is on using data for strategic decision-making rather than optimizing individual human performance. Prerequisites: No background in statistics or data analysis is needed, but basic programming and computing skills at the level of high school computer science or CS106A is expected. On the flip side, students with extensive experience in coding or data science may not be challenged by the technical aspects of the course.",3,undergraduate,https://explorecourses.stanford.edu/search?q=CS&filter-departmentcode-CS=on&filter-coursestatus-Active=on,"Spreadsheets, Tableau, Jupyter notebooks, Relational databases, SQL, Python, Pandas, Machine learning, Data collection, Data analysis, Data visualization, Strategic decision-making"
Stanford University,stanford.edu,Computer Science,CS 49N,Using Bits to Control Atoms,"This is a crash course in how to use a stripped-down computer system about the size of a credit card (the rasberry pi computer) to control as many different sensors as we can implement in ten weeks, including LEDs, motion sensors, light controllers, and accelerometers. The ability to fearlessly grab a set of hardware devices, examine the data sheet to see how to use it, and stitch them  together using simple code is a secret weapon that software-only people lack, and allows you to build many interesting gadgets. We will start with a &quot;bare metal'' system --- no operating system, no support --- and teach you how to read device data sheets describing sensors and write the minimal code needed to control them (including how to debug when things go wrong, as they always do). This course differs from most in that it is deliberately mostly about what and why rather than how --- our hope is that the things you are able at the end will inspire you to follow the rest of the CS curriculum to understand better how things you've used work. Prerequisites: knowledge of the C programming language.  A Linux or Mac laptop that you are comfortable coding on.",3,undergraduate,https://explorecourses.stanford.edu/search?q=CS&filter-departmentcode-CS=on&filter-coursestatus-Active=on,"Raspberry Pi, Embedded Systems, Bare-metal programming, LED control, Motion sensor interfacing, Light controller interfacing, Accelerometer interfacing, C programming, Hardware debugging, Datasheet reading, Linux usage, MacOS usage"
Stanford University,stanford.edu,Computer Science,CS 51,CS + Social Good Studio: Designing Social Impact Projects,"Get real-world experience researching and developing your own social impact project! Students in CS51 work in small teams to develop high-impact projects around problem domains provided by partner organizations, under the guidance and support of design/technical coaches from industry and non-profit domain experts. Main class components are workshops, team collaboration, guest speakers and mentorship. Studio provides an outlet for students to create social change through CS while engaging in the full product development cycle on real-world projects. The class culminates in a showcase where students share their project ideas and Minimum Viable Product (MVP) prototypes with stakeholders and the public. Application required; please see cs51.stanford.edu for more information. Designated a Cardinal Course by the Haas Center for Public Service.",2,undergraduate,https://explorecourses.stanford.edu/search?q=CS&filter-departmentcode-CS=on&filter-coursestatus-Active=on,"Product Development, Software Engineering, Project Management, Team Collaboration, Prototyping, Minimum Viable Product (MVP), Technical Communication, Stakeholder Management"
Stanford University,stanford.edu,Computer Science,CS 52,CS + Social Good Studio: Implementing Social Good Projects,"CS52 is a required continuation of CS51 (CS + Social Good Studio). Teams enter the quarter having completed and tested a MVP with a well-defined target user, and a community partner. Students will learn to apply scalable technical frameworks, tools for deployment, and user testing techniques. The purpose of the class is to facilitate students to build a sustainable infrastructure around their product idea. Main class components are workshops, team collaboration, and software development. The class culminates in a showcase where students share their projects with stakeholders and the public.",2,undergraduate,https://explorecourses.stanford.edu/search?q=CS&filter-departmentcode-CS=on&filter-coursestatus-Active=on,"Software Development, Scalable Technical Frameworks, Deployment Tools, User Testing, Infrastructure Design, Minimum Viable Product (MVP), Team Collaboration, Oral Presentations, Stakeholder Management"
Stanford University,stanford.edu,Computer Science,CS 53N,How Can Generative AI Help Us Learn? (DESIGN 183N),"This seminar course will explore the science behind generative AI, the likely future of tools such as DALL-E, ChatGPT, GPT-4, and Bard, and the implications for education, both in and outside of structured school environments. Students in the course will work in teams to each become experts in some aspect of AI and in some way that generative AI could create a new future for education. The background for this course is the public release of ChatGPT, which created new awareness of the potential power of AI to dramatically change our lives. In considering the possible implications for education, ChatGPT has sparked dreams of automated personal tutors, customizable teaching assistance, AI-led collaborative learning, and revolutions in assessment. In addition to optimistic projections, there are clear and significant risks. For example, will AI-assisted learning be culturally appropriate and equally available to all? Can it increase opportunity for underprivileged learners worldwide, or will it accentuate privilege and privileged views?  Will it help us learn faster, or distract us from thinking deeply about difficult problems ourselves? As experienced student learners, members of the class will be able to draw on their own educational history and design learning approaches that could change the future of their education and others in college or at other stages of their lives.",3,undergraduate,https://explorecourses.stanford.edu/search?q=CS&filter-departmentcode-CS=on&filter-coursestatus-Active=on,"Generative AI, Artificial Intelligence, DALL-E, ChatGPT, GPT-4, Bard, AI Ethics, Teamwork"
Stanford University,stanford.edu,Computer Science,CS 56N,Great Discoveries and Inventions in Computing,"This seminar will explore some of both the great discoveries that underlie computer science and the inventions that have produced the remarkable advances in computing technology. Key questions we will explore include: What is computable? How can information be securely communicated? How do computers fundamentally work? What makes computers fast? Our exploration will look both at the principles behind the discoveries and inventions, as well as the history and the people involved in those events. Some exposure to programming is required.",3,undergraduate,https://explorecourses.stanford.edu/search?q=CS&filter-departmentcode-CS=on&filter-coursestatus-Active=on,"Theory of Computation, Cryptography, Computer Architecture, Digital Logic, Algorithms, Parallel Computing, Algorithm Optimization"
Stanford University,stanford.edu,Computer Science,CS 57N,Randomness: Computational and Philosophical Approaches (PHIL 3N),"Is it ever reasonable to make a decision randomly? For example, would you ever let an important choice depend on the flip of a coin? Can randomness help us answer difficult questions more accurately or more efficiently? What is randomness anyway? Can an object be random? Are there genuinely random processes in the world, and if so, how can we tell?  In this seminar, we will explore these questions through the lenses of philosophy and computation. By the end of the quarter students should have an appreciation of the many roles that randomness plays in both humanities and sciences, as well as a grasp of some of the key analytical tools used to study the concept.  The course will be self-contained, and no prior experience with randomness/probability is necessary.",3,undergraduate,https://explorecourses.stanford.edu/search?q=CS&filter-departmentcode-CS=on&filter-coursestatus-Active=on,"Philosophical Analysis, Computational Modeling, Probability Theory, Statistical Modeling, Random Process Analysis, Critical Thinking, Research Methods, Technical Writing, Oral Presentation"
Stanford University,stanford.edu,Computer Science,CS 59SI,Quantum Computing: Open-Source Project Experience,"This course focuses on giving quantum software engineering industry experience with open-source projects proposed by frontier quantum computing and quantum device corporate partners. Quantum computing and quantum information industry sponsors submit open-source projects for students or teams of students to build and create solutions throughout the quarter with mentorship from the company. Gain experience with quantum mechanics, quantum computing, and real-world software development. Prerequisites: Computer science basics (106A, 106B), some undergraduate physics and basic understanding of quantum computing (no formal coursework in quantum computing required)",2,undergraduate,https://explorecourses.stanford.edu/search?q=CS&filter-departmentcode-CS=on&filter-coursestatus-Active=on,"Quantum Software Engineering, Quantum Mechanics, Quantum Computing, Real-World Software Development, Open-Source Project Development, Team Collaboration, Industry Mentorship, Algorithms, Data Structures, Quantum Information"
Stanford University,stanford.edu,Computer Science,CS 64,Computation for Puzzles and Games,"How can we apply computer science to better understand (and have even more fun with) games and puzzles? What can we do when a game is too complex to analyze exhaustively, or when no efficient algorithms exist to solve a logic puzzle? This sampler course will whet your appetite for CS theory and AI as we apply those lenses to both classics (e.g., chess, Scrabble, the Rubik's cube, the Lights Out puzzle) and modern favorites (e.g., Sudoku, Kakuro, Esports, and tool-assisted speedruns). Each week, we will have one lecture and one optional hands-on puzzle/problem solving session, culminating in an (optional) on-foot puzzle hunt around campus. Material of varying technical complexity will be presented, and although some experience with programming and CS theory will be helpful, the course is open to all.",1,undergraduate,https://explorecourses.stanford.edu/search?q=CS&filter-departmentcode-CS=on&filter-coursestatus-Active=on,"Computer Science Theory, Artificial Intelligence, Algorithms, Game Theory, Logic Puzzles, Computational Complexity, Optimization, Problem Solving"
Stanford University,stanford.edu,Computer Science,CS 80E,Dissecting The Modern Computer,"In this course, students will be given a high-level, accessible introduction to computer architecture through the use of the RISC-V ISA. Through a series of interactive units, students will learn about the inner-workings of computers, from the execution of our programs all the way down to the hardware that runs them. Topics include simple digital circuits, assembly, simple processors, memory systems (Cache, DRAM, Disk), and bonus topics like GPU's. After completing this class, students should have a newfound appreciation for how incredible computational technology is, as well as direction to fantastic classes that delve into some of these topics in more detail, like CS149, EE108, and EE180. Prerequisite: CS106B.",2,undergraduate,https://explorecourses.stanford.edu/search?q=CS&filter-departmentcode-CS=on&filter-coursestatus-Active=on,"Computer Architecture, RISC-V, Instruction Set Architecture (ISA), Digital Circuits, Assembly Language, Processor Design, Memory Systems, Cache, DRAM, Storage Systems, GPU Architecture"
Stanford University,stanford.edu,Computer Science,CS 80Q,Race and Gender in Silicon Valley (AFRICAAM 80Q),"Join us as we go behind the scenes of some of the big headlines about trouble in Silicon Valley. We'll start with the basic questions like who decides who gets to see themselves as &quot;a computer person,&quot; and how do early childhood and educational experiences shape our perceptions of our relationship to technology? Then we'll see how those questions are fundamental to a wide variety of recent events from #metoo in tech companies, to the ways the under-representation of women and people of color in tech companies impacts the kinds of products that Silicon Valley brings to market. We'll see how data and the coming age of AI raise the stakes on these questions of identity and technology. How can we ensure that AI technology will help reduce bias in human decision-making in areas from marketing to criminal justice, rather than amplify it?",3,undergraduate,https://explorecourses.stanford.edu/search?q=CS&filter-departmentcode-CS=on&filter-coursestatus-Active=on,"Artificial Intelligence, Tech Ethics, AI Ethics, Bias Mitigation"
Stanford University,stanford.edu,Computer Science,CS 83N,Playback Theater,"Playback combines elements of theater, community work and storytelling. In a playback show, a group of actors and musicians create an improvised performance based on the audience's personal stories. A playback show brings about a powerful listening and sharing experience. During the course, we will tell, listen, play together, and train in playback techniques. We will write diaries to process our experience in the context of education and research.  The course is aimed to strengthen listening abilities, creativity and the collaborative spirit, all integral parts of doing great science. In playback, as in research, we are always moving together, from the known, to the unknown, and back. There is limited enrollment for this class. Application is required.",3,undergraduate,https://explorecourses.stanford.edu/search?q=CS&filter-departmentcode-CS=on&filter-coursestatus-Active=on,"Technical Writing, Academic Writing, Oral Presentations, Research Methods"
Stanford University,stanford.edu,Computer Science,CS 91,Digital Canvas: An Introduction to UI/UX Design,"This course is focused on the application of UX/UI design concepts to actual user interfaces: the creation of wireframes, high-fidelity mockups, and clickable prototypes. We will be focusing on what makes a good or bad user interface, effective design techniques, and how to employ these techniques using Figma and Marvel to make realistic prototypes. This course is ideal for anyone with little to no visual design experience who would like to build their skill set in UI/UX for app or web design. It would also be ideal for anyone with experience in front or back-end web development or human-computer interaction that would want to sharpen their visual design and analysis skills for UI/UX.",2,undergraduate,https://explorecourses.stanford.edu/search?q=CS&filter-departmentcode-CS=on&filter-coursestatus-Active=on,"UI/UX Design, Wireframing, High-fidelity Mockup Creation, Clickable Prototyping, Figma, Marvel, Visual Design, Design Analysis, Human-Computer Interaction (HCI), Front-end Development, Back-end Development, Design Techniques"
Stanford University,stanford.edu,Computer Science,CS 91SI,Digital Canvas: An Introduction to UI/UX Design,"In this course, students learn digital design in a low-stress environment. We will teach the essential concepts of UI/UX design and create actual user interfaces in a project-based format. By the end of the class, students will have experience in creating handoff-ready interactive high-fidelity mockups for a realistic product feature. This course covers what makes a good or bad interface, effective design techniques from the ground up, and how to execute on design principles using the tool Figma. Limited enrollment - admission determined by short application due 11:59 PM on Jan 6: https://forms.gle/LAb2Rx3VJh3BR9is8. No required prerequisites. Recommended: some prior experience in product design, human-computer interaction, or front-end engineering",2,undergraduate,https://explorecourses.stanford.edu/search?q=CS&filter-departmentcode-CS=on&filter-coursestatus-Active=on,"UI/UX Design, User Interface Design, Interaction Design, Interactive Prototyping, High-fidelity Mockup Creation, Design Handoff, Figma, Design Principles, Interface Evaluation, Product Design, Human-Computer Interaction, Front-end Engineering"
Stanford University,stanford.edu,Computer Science,CS 99,Functional Programming and Theorem Proving in Lean 4,"Objectives: Historically, mathematics and reasoning has almost always been done in prose: natural language text describing the relevant steps and logic involved. With the help of Proof Assistants, computers can automatically check mathematical proofs and reasoning. In this course we will give an introduction to Lean 4, a proof assistant and purely functional programming language. We introduce Lean first as a programming language for the first half of the course. In the latter half of the course, we explain its proof assistant features. Topics: Abstract data types, monads, error handling, type instances, type theory, specifically the calculus of inductive constructions (CIC), expression- and tactic-based theorem proving, and various libraries in Mathlib4. Target Audience: Students who want to learn about formalizing mathematics are the primary audience. The goal of the course is not to learn advanced mathematical concepts since the mathematical part stops at differential calculus. Students only need a reasonable aptitude in mathematics as a prerequisite. The secondary audience are researchers",1,undergraduate,https://explorecourses.stanford.edu/search?q=CS&filter-departmentcode-CS=on&filter-coursestatus-Active=on,"Lean 4, Purely Functional Programming, Abstract Data Types, Monads, Error Handling, Type Instances, Type Theory, Calculus of Inductive Constructions (CIC), Theorem Proving, Mathlib4, Formal Verification, Differential Calculus"
Stanford University,stanford.edu,Computer Science,CS 100ACE,Problem-solving Lab for CS106A,"Additional problem solving practice for the introductory CS course CS 106A. Sections are designed to allow students to acquire a deeper understanding of CS and its applications, work collaboratively, and develop a mastery of the material. Limited enrollment, permission of instructor required. Concurrent enrollment in CS 106A required.",1,undergraduate,https://explorecourses.stanford.edu/search?q=CS&filter-departmentcode-CS=on&filter-coursestatus-Active=on,
Stanford University,stanford.edu,Computer Science,CS 100BACE,Problem-solving Lab for CS106B,"Additional problem solving practice for the introductory CS course CS106B. Sections are designed to allow students to acquire a deeper understanding of CS and its applications, work collaboratively, and develop a mastery of the material. Limited enrollment, permission of instructor required. Concurrent enrollment in CS 106B required.",1,undergraduate,https://explorecourses.stanford.edu/search?q=CS&filter-departmentcode-CS=on&filter-coursestatus-Active=on,"Problem Solving, Collaborative Work"
Stanford University,stanford.edu,Computer Science,CS 103,Mathematical Foundations of Computing,"What are the theoretical limits of computing power? What problems can be solved with computers? Which ones cannot? And how can we reason about the answers to these questions with mathematical certainty? This course explores the answers to these questions and serves as an introduction to discrete mathematics, computability theory, and complexity theory. At the completion of the course, students will feel comfortable writing mathematical proofs, reasoning about discrete structures, reading and writing statements in first-order logic, and working with mathematical models of computing devices. Throughout the course, students will gain exposure to some of the most exciting mathematical and philosophical ideas of the late nineteenth and twentieth centuries. Specific topics covered include formal mathematical proofwriting, propositional and first-order logic, set theory, binary relations, functions (injections, surjections, and bijections), cardinality, basic graph theory, the pigeonhole principle, mathematical induction, finite automata, regular expressions, the Myhill-Nerode theorem, context-free grammars, Turing machines, decidable and recognizable languages, self-reference and undecidability, verifiers, and the P versus NP question. Students with significant proofwriting experience are encouraged to instead take CS154. Students interested in extra practice and support with the course are encouraged to concurrently enroll in CS103A. Prerequisite: CS106B or equivalent. CS106B may be taken concurrently with CS103.",5-Mar,undergraduate,https://explorecourses.stanford.edu/search?q=CS&filter-departmentcode-CS=on&filter-coursestatus-Active=on,"discrete mathematics, computability theory, complexity theory, mathematical proofwriting, reasoning about discrete structures, first-order logic, set theory, binary relations, functions (injections, surjections, bijections), cardinality, graph theory, pigeonhole principle, mathematical induction, finite automata, regular expressions, Myhill-Nerode theorem, context-free grammars, Turing machines, decidable languages, recognizable languages, self-reference, undecidability, verifiers, P versus NP analysis"
Stanford University,stanford.edu,Computer Science,CS 103ACE,Mathematical Problem-solving Strategies,Problem solving strategies and techniques in discrete mathematics and computer science. Additional problem solving practice for CS103. In-class participation required. Prerequisite: consent of instructor. Co-requisite: CS103.,1,undergraduate,https://explorecourses.stanford.edu/search?q=CS&filter-departmentcode-CS=on&filter-coursestatus-Active=on,"Discrete Mathematics, Problem Solving Strategies, Algorithmic Thinking, Proof Techniques, Combinatorics, Graph Theory, Boolean Logic"
Stanford University,stanford.edu,Computer Science,CS 104,Introduction to Essential Software Systems and Tools,"Concepts that are prerequisites to many different CS classes, such as version control, debugging, and basic cryptography and networking, are either left for students to figure out on their own or are taught in &quot;crash course&quot; form on-the-fly during other, unrelated classes. We propose to develop a course that will teach students the skills necessary to be successful computer scientists, such as the command line, source code management and debugging, security and cryptography, containers and virtual machines, and cloud computing. In this course, students will both become proficient with practical tools and develop a deeper, intuitive understanding of the involved software systems and computer science concepts. With this deeper understanding, students can leverage critical thinking skills to intelligently and efficiently configure and troubleshoot software systems, assess the security and efficiency of particular tool usages, and synthesize new automation pipelines that integrate multiple tools. To summarize, instead of having just a cursory understanding of how to use these tools, students will learn how to most effectively use these tools to become proficient programmers and computer scientists. In addition, this course can provide a gentle introduction to potentially challenging computer science concepts (e.g., networking) that become a focus in subsequent courses and also help motivate some of the tool usages they will see later in the degree program.",3,undergraduate,https://explorecourses.stanford.edu/search?q=CS&filter-departmentcode-CS=on&filter-coursestatus-Active=on,"version control, debugging, command line, source code management, cryptography, networking, containers, virtual machines, cloud computing, security, automation pipelines, critical thinking"
Stanford University,stanford.edu,Computer Science,CS 105,Introduction to Computers,For non-technical majors. What computers are and how they work. Practical experience in development of websites and an introduction to programming.  A survey of Internet technology and the basics of computer hardware. Students in technical fields and students looking to acquire programming skills should take 106A or 106X. Students with prior computer science experience at the level of 106 or above require consent of instructor. Prerequisite: minimal math skills.,5-Mar,undergraduate,https://explorecourses.stanford.edu/search?q=CS&filter-departmentcode-CS=on&filter-coursestatus-Active=on,"Web Development, Programming, Internet Technology, Computer Hardware"
Stanford University,stanford.edu,Computer Science,CS 106A,Programming Methodology,"Introduction to the engineering of computer applications emphasizing modern software engineering principles: program design, decomposition, encapsulation, abstraction, and testing. Emphasis is on good programming style and the built-in facilities of respective languages. Uses the Python programming language.  No prior programming experience required.",5-Mar,undergraduate,https://explorecourses.stanford.edu/search?q=CS&filter-departmentcode-CS=on&filter-coursestatus-Active=on,"Python, Software Engineering, Program Design, Decomposition, Encapsulation, Abstraction, Software Testing, Programming Style"
Stanford University,stanford.edu,Computer Science,CS 106AX,Programming Methodologies in JavaScript and Python (Accelerated),"Introduction to the engineering of computer applications emphasizing modern software engineering principles: object-oriented design, decomposition, encapsulation, abstraction, and testing. This course targets an audience with prior programming experience, and that prior experience is leveraged so material can be covered in greater depth.",5-Mar,undergraduate,https://explorecourses.stanford.edu/search?q=CS&filter-departmentcode-CS=on&filter-coursestatus-Active=on,"Software Engineering, Application Development, Object-Oriented Design, Decomposition, Encapsulation, Abstraction, Software Testing"
Stanford University,stanford.edu,Computer Science,CS 106B,Programming Abstractions,"Abstraction and its relation to programming. Software engineering principles of data abstraction and modularity. Object-oriented programming, fundamental data structures (such as stacks, queues, sets) and data-directed design. Recursion and recursive data structures (linked lists, trees, graphs). Introduction to time and space complexity analysis. Uses the programming language C++ covering its basic facilities. Prerequisite: 106A or equivalent.",5-Mar,undergraduate,https://explorecourses.stanford.edu/search?q=CS&filter-departmentcode-CS=on&filter-coursestatus-Active=on,"Abstraction, Data abstraction, Modularity, Object-oriented programming, Stacks, Queues, Sets, Data-directed design, Recursion, Linked lists, Trees, Graphs, Time complexity analysis, Space complexity analysis, C++ programming, Software engineering principles"
Stanford University,stanford.edu,Computer Science,CS 106E,Exploring Computing,"This course, designed for the non-computer scientist, will provide students with a solid foundation in the concepts and terminology behind computers, the Internet, and software development. It will give you better understanding and insight when working with technology.  It will be particularly useful to future managers and PMs who will work with or who will lead programmers and other tech workers.  But it will be useful to anyone who wants a better understanding of tech concepts and terms.  We'll start by covering the foundations of Computer Hardware, the CPU, Operating Systems, Computer Networks, and the Web. We will then use our foundation to explore a variety of tech-related topics including Computer Security (how computers are attacked and defensive measures that can be taken); Cloud Computing, Artificial Intelligence, Software Development, Human-Computer Interaction, and Computer Theory.Prerequisites: Some programming experience at the High School level of above will help students get the most out of the class, but the course can be successfully completed with no prerequisites.",3,undergraduate,https://explorecourses.stanford.edu/search?q=CS&filter-departmentcode-CS=on&filter-coursestatus-Active=on,"Computer Hardware, CPU, Operating Systems, Computer Networks, Web Technologies, Computer Security, Cloud Computing, Artificial Intelligence, Software Development, Human-Computer Interaction, Computer Theory"
Stanford University,stanford.edu,Computer Science,CS 106EA,Exploring Artificial Intelligence,"CS106EA will provide students with an overview of Artificial Intelligence and understanding of key AI concepts.  We will examine a typical Machine Learning pipeline.  We'll study different problems that ML is used to solve and common issues that arise (such as overfitting, drift, and bias).  Students will learn how neural networks work and then examine specialized versions of neural networks for processing images, sequence data, and text.  We'll explore generative AI systems for text and images.  We'll also study societal issues related to Artificial Intelligence including ethical considerations and the implications of automation. This course will focus on providing a conceptual understanding of AI.  While students will get some hands-on time working with and modifying actual artificial intelligence systems, it is not a programming class.  However, students should have CS106A or comparable experience as we'll be assuming some basic understanding of programming.",3,undergraduate,https://explorecourses.stanford.edu/search?q=CS&filter-departmentcode-CS=on&filter-coursestatus-Active=on,"Artificial Intelligence, Machine Learning, Neural Networks, Generative AI, Overfitting, Drift, Bias, Ethical considerations, Automation, Image processing, Sequence data processing, Text processing"
Stanford University,stanford.edu,Computer Science,CS 106L,Standard C++ Programming Laboratory,"This class explores features of the C++ programming language beyond what's covered in CS106B. Topics include core C++ language features (e.g. const-correctness, operator overloading, templates, move semantics, and lambda expressions) and standard libraries (e.g. containers, algorithms, and smart pointers). Pre- or corequisite: CS106B or equivalent. Prerequisite: CS106B or equivalent. CS106L may be taken concurrently with CS106B.",1,undergraduate,https://explorecourses.stanford.edu/search?q=CS&filter-departmentcode-CS=on&filter-coursestatus-Active=on,"C++, const-correctness, operator overloading, templates, move semantics, lambda expressions, containers, algorithms, smart pointers"
Stanford University,stanford.edu,Computer Science,CS 106M,Enrichment Adventures in Programming Abstractions,"This enrichment add-on is a companion course to CS106B to explore additional topics and go into further depth. Specific topics to be announced per-quarter; past topics have included search engines, pattern recognition, data compression/encryption, error correction, digital signatures, and numerical recipes.  Students must be co-enrolled in CS106B.  Refer to cs106m.stanford.edu for more information.",1,undergraduate,https://explorecourses.stanford.edu/search?q=CS&filter-departmentcode-CS=on&filter-coursestatus-Active=on,"Search Engines, Pattern Recognition, Data Compression, Data Encryption, Error Correction, Digital Signatures, Numerical Methods, Cryptography"
Stanford University,stanford.edu,Computer Science,CS 106S,Coding for Social Good,"Survey course on applications of fundamental computer science concepts from CS 106B to problems in the social good space (such as health, trust &amp; safety, government, security, education, and environment). Each week consists of in-class activities designed and delivered by student instructors. Introduces students to JavaScript and the basics of web development. Some of the topics we will cover include mental health chatbots, tumor classification with basic machine learning, sentiment analysis of tweets on refugees, the basics of open source software, and principles of cybersecurity. For more information, visit cs106s.stanford.edu. Pre/Corequisite: CS106B. Cardinal Course certified by the Haas Center for Public Service",1,undergraduate,https://explorecourses.stanford.edu/search?q=CS&filter-departmentcode-CS=on&filter-coursestatus-Active=on,"JavaScript, Web Development, Machine Learning, Sentiment Analysis, Open Source Software, Cybersecurity, Computer Science"
Stanford University,stanford.edu,Computer Science,CS 107,Computer Organization and Systems,"Introduction to the fundamental concepts of computer systems. Explores how computer systems execute programs and manipulate data, working from the C programming language down to the microprocessor. Topics covered include: the C programming language, data representation, machine-level code, computer arithmetic, elements of code compilation, memory organization and management, and performance evaluation and optimization. Students may not earn credit for both CS 107 and CS 107E.",5-Mar,undergraduate,https://explorecourses.stanford.edu/search?q=CS&filter-departmentcode-CS=on&filter-coursestatus-Active=on,"C programming, Data representation, Machine-level code, Computer arithmetic, Code compilation, Memory organization, Memory management, Performance evaluation, Performance optimization, Microprocessor architecture"
Stanford University,stanford.edu,Computer Science,CS 107ACE,Problem-solving Lab for CS107,"Additional problem solving practice for the introductory CS course CS107. Sections are designed to allow students to acquire a deeper understanding of CS and its applications, work collaboratively, and develop a mastery of the material. Limited enrollment, permission of instructor required. Concurrent enrollment in CS 107 required.",1,undergraduate,https://explorecourses.stanford.edu/search?q=CS&filter-departmentcode-CS=on&filter-coursestatus-Active=on,"Problem Solving, Collaboration"
Stanford University,stanford.edu,Computer Science,CS 107E,Computer Systems from the Ground Up,"Introduction to the fundamental concepts of computer systems through bare metal programming on the Raspberry Pi. Explores how five concepts come together in computer systems: hardware, architecture, assembly code, the C language, and software development tools. Students do all programming with a Raspberry Pi kit and several add-ons (LEDs, buttons). Topics covered include: the C programming language, data representation, machine-level code, computer arithmetic, compilation, memory organization and management, debugging, hardware, and I/O. Enrollment limited to 40. Check website for details: http://cs107e.stanford.edu on student selection process. Prerequisite: CS106B or CS106X, and consent of instructor. There is a $75 course lab fee. Students may not earn credit for both CS 107 and CS 107E.",5-Mar,undergraduate,https://explorecourses.stanford.edu/search?q=CS&filter-departmentcode-CS=on&filter-coursestatus-Active=on,"C programming, bare-metal programming, Raspberry Pi development, assembly language, computer architecture, data representation, machine-level code, computer arithmetic, compilation, memory organization, memory management, debugging, hardware interfacing, I/O programming, LED control, button input, embedded systems, software development tools"
Stanford University,stanford.edu,Computer Science,CS 108,Object-Oriented Systems Design,"Software design and construction in the context of large OOP libraries. Taught in Java. Topics: OOP design, design patterns, testing, graphical user interface (GUI) OOP libraries, software engineering strategies, approaches to programming in teams. Prerequisite: 107.",4-Mar,undergraduate,https://explorecourses.stanford.edu/search?q=CS&filter-departmentcode-CS=on&filter-coursestatus-Active=on,"Java, Object-Oriented Programming, Design Patterns, Software Testing, Graphical User Interface (GUI) Design, Software Engineering, Agile Team Collaboration"
Stanford University,stanford.edu,Computer Science,CS 109,Introduction to Probability for Computer Scientists,"Topics include: counting and combinatorics, random variables, conditional probability, independence, distributions, expectation, point estimation, and limit theorems. Applications of probability in computer science including machine learning and the use of probability in the analysis of algorithms.",5-Mar,undergraduate,https://explorecourses.stanford.edu/search?q=CS&filter-departmentcode-CS=on&filter-coursestatus-Active=on,"Combinatorics, Random Variables, Conditional Probability, Probability Distributions, Mathematical Expectation, Point Estimation, Limit Theorems, Machine Learning, Analysis of Algorithms, Statistical Modeling"
Stanford University,stanford.edu,Computer Science,CS 109ACE,Problem-solving Lab for CS109,"Additional problem solving practice for the introductory CS course CS109. Sections are designed to allow students to acquire a deeper understanding of CS and its applications, work collaboratively, and develop a mastery of the material. Enrollment limited to 30 students, permission of instructor required. Concurrent enrollment in CS 109 required.",1,undergraduate,https://explorecourses.stanford.edu/search?q=CS&filter-departmentcode-CS=on&filter-coursestatus-Active=on,"Problem Solving, Collaboration"
Stanford University,stanford.edu,Computer Science,CS 110,Principles of Computer Systems,"Principles and practice of engineering of computer software and hardware systems. Topics include: techniques for controlling complexity; strong modularity using client-server design, virtual memory, and threads; networks; atomicity and coordination of parallel activities. Prerequisite: 107.",5-Mar,undergraduate,https://explorecourses.stanford.edu/search?q=CS&filter-departmentcode-CS=on&filter-coursestatus-Active=on,"client-server design, virtual memory, threading, network programming, atomicity, parallel programming, coordination of parallel activities"
Stanford University,stanford.edu,Computer Science,CS 110A,Problem Solving Lab for CS110,Additional design and implementation problems to complement the material taught in CS110.  In-class participation is required. Prerequisite: consent of instructor. Corequisite: CS110.,1,undergraduate,https://explorecourses.stanford.edu/search?q=CS&filter-departmentcode-CS=on&filter-coursestatus-Active=on,
Stanford University,stanford.edu,Computer Science,CS 110L,Safety in Systems Programming,Supplemental lab to CS 110. Explores how program analysis tools can find common bugs in programs and demonstrates how we can use the Rust programming language to build robust systems software. Course is project-based and will examine additional topics in concurrency and networking through the lens of Rust. Corequisite: CS 110,2,undergraduate,https://explorecourses.stanford.edu/search?q=CS&filter-departmentcode-CS=on&filter-coursestatus-Active=on,"Program analysis tools, Rust, Systems programming, Concurrency, Networking, Debugging"
Stanford University,stanford.edu,Computer Science,CS 111,Operating Systems Principles,"Explores operating system concepts including concurrency, synchronization, scheduling, processes, virtual memory, I/O, file systems, and protection. Available as a substitute for CS110 that fulfills any requirement satisfied by CS110. Prerequisite: CS107.",5-Mar,undergraduate,https://explorecourses.stanford.edu/search?q=CS&filter-departmentcode-CS=on&filter-coursestatus-Active=on,"Operating Systems, Concurrency, Synchronization, Scheduling, Process Management, Virtual Memory, I/O Systems, File Systems, System Protection"
Stanford University,stanford.edu,Computer Science,CS 111ACE,Problem Solving Lab for CS111,Additional design and implementation problems to complement the material taught in CS111. In-class participation is required. Prerequisite: consent of instructor. Corequisite: CS111,1,undergraduate,https://explorecourses.stanford.edu/search?q=CS&filter-departmentcode-CS=on&filter-coursestatus-Active=on,
Stanford University,stanford.edu,Computer Science,CS 112,Operating systems kernel implementation project,"Students will learn the details of how operating systems work throughfour implementation projects in the Pintos operating system.  Theprojects center around threads, processes, virtual memory, and filesystems.  This class should not be taken by students who have taken orplan to take CS212 or CS140.  Prerequisite: CS111 or permission of theinstructor.",3,undergraduate,https://explorecourses.stanford.edu/search?q=CS&filter-departmentcode-CS=on&filter-coursestatus-Active=on,"Operating Systems, Pintos, Threads, Process Management, Virtual Memory, File Systems"
Stanford University,stanford.edu,Computer Science,CS 114,Selected Reading of Computer Science Research,"Detailed reading of 5-10 research publications in computer science. For undergraduates, the course is an introduction to advanced foundational concepts within a field as well as an in-depth look at detailed research. For graduate students, the course focuses on historical reading as well as an opportunity to discuss the strengths and weaknesses of the work. Both groups of students discuss historical context, how ideas succeeded or did not and why, and how they manifest in modern technology. The discussion of each piece of work includes a guest lecture by one of its authors.",3,undergraduate,https://explorecourses.stanford.edu/search?q=CS&filter-departmentcode-CS=on&filter-coursestatus-Active=on,"Research Paper Reading, Literature Review, Critical Analysis, Strengths and Weaknesses Evaluation, Historical Analysis, Impact Assessment, Technology Trend Analysis, Oral Presentation, Discussion Skills, Research Methods"
Stanford University,stanford.edu,Computer Science,CS 120,Introduction to AI Safety,"What is safe AI, and how do we make it? CS120 explores this question, focusing on the technical challenges of creating reliable, ethical, and aligned AI systems. We distinguish between model-specific and systemic safety issues, from examining fairness and data limitations to adversarial vulnerabilities and embedding desired behavior in AI. While primarily focusing on current solutions and their limitations through CS publications, we will also discuss socio-technical concerns of modern AI deployment, how oversight of intelligence could look like, and what future risks we might face. Topics will span reinforcement learning, computer vision, and natural language processing, focusing on interpretability, robustness, and evaluations. You will gain insights into the complexities and problems of why ensuring AI safety and reliability is challenging through lectures, readings, quizzes, and a final project. This course aims to prepare you to critically assess and contribute to safe AI development, equipping them with knowledge of cutting-edge research and ongoing debates in the field. This course has no official requirements, although we recommend some knowledge about machine learning and statistics. For more details, see also the course website: https://web.stanford.edu/class/cs120/",3,undergraduate,https://explorecourses.stanford.edu/search?q=CS&filter-departmentcode-CS=on&filter-coursestatus-Active=on,"Machine Learning, Statistics, Reinforcement Learning, Computer Vision, Natural Language Processing, Interpretability, Robustness, Evaluations, Fairness, Data Analysis, Adversarial Machine Learning, Reward Modeling, Model Safety, System Safety, AI Governance, Tech Ethics, Research Methods, Technical Writing, Oral Presentations, Risk Assessment"
Stanford University,stanford.edu,Computer Science,CS 121,Equity and Governance for Artificial Intelligence,"This course invites students to argue about the consensus-building processes that shape the development and governance of AI systems. This course requires writing op-eds, policy memos, and research papers, in which students will critically engage AI policy documents while debating norms of fairness, accountability, and transparency. Students will also get hands-on practice evaluating generative AI models with interactive red-teaming and automated test suites (requires a small amount of coding in a group project). Students will engage real-world legislative proposals and case studies topics including human rights, artwork, the environment, and geopolitics. This course fulfills both the ethics and Writing in the Major WiM requirements, and is designed to prepare Stanford juniors, seniors, and graduate students to participate in AI public policy design at the national and global levels. Prerequisites: PWR1, PWR2, CS106A and CS106B. While this course requires no other prerequisites, it is designed for students who are comfortable engaging in an active learning environment that will include interactive workshops, student debates, and collaborative group projects. Students will be expected to speak frequently in sections and navigate the social dynamics of multi-stakeholder negotiations. Comfort with writing short python programs and working on a Unix/Linux command-line interface will be helpful for the AI model evaluation group project.",4,undergraduate,https://explorecourses.stanford.edu/search?q=CS&filter-departmentcode-CS=on&filter-coursestatus-Active=on,"Python, Unix/Linux command-line interface, Red-teaming, Automated test suites, Generative AI model evaluation, Technical writing, Policy writing, Research methods, Academic writing, Oral presentation, Tech ethics, Fairness, Accountability, Transparency, AI policy, Policy analysis"
Stanford University,stanford.edu,Computer Science,CS 123,A Hands-On Introduction to Building AI-Enabled Robots,"This course offers a hands-on introduction to AI-powered robotics. Unlike most introductory robotics courses, students will learn essential robotics concepts by constructing a quadruped robot from scratch and training it to perform real-world tasks. The course covers a broad range of topics critical to robot learning, including motor control, forward and inverse kinematics, system identification, simulation, and reinforcement learning. Through weekly labs, students will construct a pair of tele-operated robot arms with haptic feedback, program a robot arm to learn self-movement, and ultimately create and program an agile robot quadruped named Pupper. In the final four weeks, students will undertake an open-ended project using Pupper as a platform, such as instructing it to walk using reinforcement learning, developing a vision system to allow Pupper to play fetch, or redesigning the hardware to enhance the robot's agility. Note: CS123 strives to achieve a balanced distribution of seniority across the undergrad student body. Within the first 100 registrations, enrollment of students will follow a lottery that balances such distribution amongst undergraduates. Please use the form below to enroll in the class. The form will be open on 9/8/2025 9:00AM Pacific Time. Please use this form to apply: https://tinyurl.com/cs123-2025fall and check out our website for more information: https://cs123-stanford.readthedocs.io/",3,undergraduate,https://explorecourses.stanford.edu/search?q=CS&filter-departmentcode-CS=on&filter-coursestatus-Active=on,"Robotics, Motor Control, Forward Kinematics, Inverse Kinematics, System Identification, Simulation, Reinforcement Learning, Haptic Feedback, Computer Vision, Hardware Design, Embedded Systems"
Stanford University,stanford.edu,Computer Science,CS 124,"From Languages to Information (LINGUIST 180, LINGUIST 280)","NLP for extracting meaning from text and social networks on the web, and interacting with people via language.  Introducing methods (from regex to large language models, via logistic regression, gradient descent, transformers and other neural networks, social networks, collaborative filtering), applications (chatbots, information retrieval, social computing, recommender systems), and ethical and social issues.  Prerequisites: CS106B, Python (at the level of CS106A), CS109 (or equivalent background in probability), and programming maturity and knowledge of UNIX equivalent to CS107 (or taking CS107 or CS1U concurrently).",4-Mar,undergraduate,https://explorecourses.stanford.edu/search?q=CS&filter-departmentcode-CS=on&filter-coursestatus-Active=on,"Natural Language Processing, Social Network Analysis, Regular Expressions, Large Language Models, Logistic Regression, Gradient Descent, Transformers, Neural Networks, Collaborative Filtering, Chatbots, Information Retrieval, Social Computing, Recommender Systems, Tech Ethics, Python, Probability, UNIX"
Stanford University,stanford.edu,Computer Science,CS 125,"Data: Algorithms, Tools, Policy, and Society (POLISCI 156)","A broad multidisciplinary examination of the use and impacts of data,  including fundamental principles and algorithms, tools for data analysis, visualization,  and machine learning, policy issues, and societal considerations. Specific topics  include: data provenance (where data comes from and how it's processed), the role and  value of data in analytics and decision-making, data and algorithmic fairness, data  privacy, the concentration of data as power, and issues of data governance and  regulation, including transparency and due process. In addition to case studies,  conceptual frameworks, theoretical underpinnings, and algorithms, the course provides  practical experience through hands-on work where students use tools to explore issues  from class on real data.",3,undergraduate,https://explorecourses.stanford.edu/search?q=CS&filter-departmentcode-CS=on&filter-coursestatus-Active=on,"Algorithms, Data Analysis, Data Visualization, Machine Learning, Data Provenance, Analytics, Algorithmic Fairness, Data Privacy, Data Governance, Tech Ethics, Data Regulation"
Stanford University,stanford.edu,Computer Science,CS 129,Applied Machine Learning,"(Previously numbered CS 229A.) You will learn to implement and apply machine learning algorithms. This course emphasizes practical skills, and focuses on giving you skills to make these algorithms work. You will learn about commonly used learning techniques including supervised learning algorithms (logistic regression, linear regression, SVM, neural networks/deep learning), unsupervised learning algorithms (k-means), as well as learn about specific applications such as anomaly detection and building recommender systems. This class is taught in the flipped-classroom format. You will watch videos and complete in-depth programming assignments and online quizzes at home, then come to class for discussion sections. This class will culminate in an open-ended final project, which the teaching team will help you on. Prerequisites: Programming at the level of CS106B or 106X, and basic linear algebra such as Math 51.",4-Mar,undergraduate,https://explorecourses.stanford.edu/search?q=CS&filter-departmentcode-CS=on&filter-coursestatus-Active=on,"logistic regression, linear regression, support vector machine, neural networks, deep learning, k-means clustering, anomaly detection, recommender systems"
Stanford University,stanford.edu,Computer Science,CS 129X,Human Centered NLP (CS 329X),"Recent advances in natural language processing (NLP), especially around large pretrained models, have enabled extensive successful applications. However, there are growing concerns about the negative aspects of NLP systems, such as biases and a lack of input from users. This course gives an overview of human-centered techniques and applications for NLP, ranging from human-centered design thinking to human-in-the-loop algorithms, fairness, and accessibility. Along the way, we will cover machine-learning techniques which are especially relevant to NLP and to human experiences. Prerequisite: CS224N or CS224U, or equivalent background in natural language processing. Prerequisite: CS224N or CS224U, or equivalent background in natural language processing.",4-Mar,undergraduate,https://explorecourses.stanford.edu/search?q=CS&filter-departmentcode-CS=on&filter-coursestatus-Active=on,"Natural Language Processing, Pretrained Language Models, Transformer Models, Human-Centered Design Thinking, Human-in-the-Loop Algorithms, Fairness, Accessibility, Bias Mitigation, Machine Learning, User-Centered Design, Ethics, NLP Applications, Large Language Models"
Stanford University,stanford.edu,Computer Science,CS 131,Computer Vision: Foundations and Applications,"Computer Vision technologies are transforming automotive, healthcare, manufacturing, agriculture and many other sections. Today, household robots can navigate spaces and perform duties, search engines can index billions of images and videos, algorithms can diagnose medical images for diseases, and smart cars can see and drive safely. Lying in the heart of these modern AI applications are computer vision technologies that can perceive, understand, and reconstruct the complex visual world. This course is designed for students who are interested in learning about the fundamental principles and important applications of Computer Vision. This course will introduce a number of fundamental concepts in image processing and expose students to a number of real-world applications. It will guide students through a series of projects to implement cutting-edge algorithms. There will be optional discussion sections on Fridays. Prerequisites: Students should be familiar with Python, Calculus &amp; Linear Algebra.",4-Mar,undergraduate,https://explorecourses.stanford.edu/search?q=CS&filter-departmentcode-CS=on&filter-coursestatus-Active=on,"Computer Vision, Image Processing, Algorithms, Python, Calculus, Linear Algebra"
Stanford University,stanford.edu,Computer Science,CS 132,"AI as Technology Accelerator (INTLPOL 332, POLISCI 55)","How is AI accelerating breakthroughs in fields like biotechnology, neuroscience, and cybersecurity? How are other fields (semiconductors, material sciences advances) influencing the development of AI? What opportunities and challenges arise as these domains converge? These are some of the key questions this course addresses. This course brings the Stanford Emerging Technology Review, a pioneering partnership between the School of Engineering, Institute for Human-Centered AI, and the Hoover Institution, into the classroom - offering a technically grounded, human-centered and interdisciplinary examination of key emerging technology areas like cybersecurity, biotechnology, neuroscience, space technologies, and material sciences, and their intersection with AI advancements that shape the future of science, engineering, and society. Each week, a leading Stanford faculty or fellow will present a seminar on one or multiple domains, emphasizing foundational concepts and computational challenges, current technical advances with AI, and over-the-horizon implications for individual users, communities, and broader society. The course is structured to balance technical breadth and depth, offering students an integrated view of technical innovation and its real-world consequences. Emphasis is placed on understanding both the mechanics of each technology and the broader factors that influence its development and adoption, such as economic incentives, security risks, and ethical considerations. This course is ideal for upper-level undergraduate and graduate students who want to engage with cutting-edge research, think critically about the future of technology and their research, and interact directly with experts at the intersection of science, society, and policy.",2,undergraduate,https://explorecourses.stanford.edu/search?q=CS&filter-departmentcode-CS=on&filter-coursestatus-Active=on,"Artificial Intelligence, Machine Learning, Cybersecurity, Biotechnology, Neuroscience, Semiconductor Engineering, Material Sciences, Space Technologies, Computational Modeling, Tech Ethics, Research Methods, Technical Writing, Policy Analysis"
Stanford University,stanford.edu,Computer Science,CS 137A,"Principles of Robot Autonomy I (AA 174A, EE 160A)","Basic principles for endowing mobile autonomous robots with perception, planning, and decision-making capabilities. Algorithmic approaches for robot perception, localization, and simultaneous localization and mapping; control of non-linear systems, learning-based control, and robot motion planning; introduction to methodologies for reasoning under uncertainty, e.g., (partially observable) Markov decision processes. Extensive use of the Robot Operating System (ROS) for demonstrations and hands-on activities. Prerequisites: CS 106A or equivalent, CME 100 or equivalent (for linear algebra), and CME 106 or equivalent (for probability theory).",4-Mar,undergraduate,https://explorecourses.stanford.edu/search?q=CS&filter-departmentcode-CS=on&filter-coursestatus-Active=on,"Autonomous Robots, Robot Perception, Localization, Simultaneous Localization and Mapping (SLAM), Non-linear Control, Learning-based Control, Robot Motion Planning, Reasoning under Uncertainty, Markov Decision Processes (MDP), Partially Observable Markov Decision Processes (POMDP), Robot Operating System (ROS), Linear Algebra, Probability Theory"
Stanford University,stanford.edu,Computer Science,CS 139,Human-Centered AI,"Artificial Intelligence technology can and must be guided by human concerns. The course examines how mental models and user models of AI systems are formed, and how that leads to user expectations. This informs a set of design guidelines for building AI systems that are trustworthy, understandable, fair, and beneficial. The course covers the impact of AI systems on the economy and everyday life, and ethical issues of collecting data and running systems, including respect for persons, beneficence, fairness and justice.",3,undergraduate,https://explorecourses.stanford.edu/search?q=CS&filter-departmentcode-CS=on&filter-coursestatus-Active=on,"Artificial Intelligence, User Modeling, Mental Models, Human-Computer Interaction (HCI), AI System Design, Trustworthy AI, AI Fairness, AI Ethics, Data Ethics"
Stanford University,stanford.edu,Computer Science,CS 140,Operating Systems and Systems Programming,"Covers key concepts in computer systems through the lens of operatingnsystem design and implementation.  Topics include threads, scheduling,nprocesses, virtual memory, synchronization, multi-core architectures,nmemory consistency, hardware atomics, memory allocators, linking, I/O,nfile systems, and virtual machines.  Concepts are reinforced with fournkernel programming projects in the Pintos operating system.  This classnmay be taken as an accelerated single-class alternative to the CS111,nCS112 sequence; conversely, the class should not be taken by studentsnwho have already taken CS111 or CS112",5-Mar,undergraduate,https://explorecourses.stanford.edu/search?q=CS&filter-departmentcode-CS=on&filter-coursestatus-Active=on,"Threads, Scheduling, Processes, Virtual Memory, Synchronization, Multi-core Architectures, Memory Consistency, Hardware Atomics, Memory Allocators, Linking, I/O, File Systems, Virtual Machines, Kernel Programming, Pintos Operating System"
Stanford University,stanford.edu,Computer Science,CS 140E,Operating systems design and implementation,"Students will implement a simple, clean operating system (virtual  memory, processes, file system) in the  C programming language, on a rasberry pi computer and use the result to run a variety of devices and implement a final project.  All hardware is supplied by the instructor, and no previous experience with operating systems, raspberry pi, or embedded programming is required.Enrollment is by application: https://forms.gle/1UuHUJsWSRGLSH8BA",4-Mar,undergraduate,https://explorecourses.stanford.edu/search?q=CS&filter-departmentcode-CS=on&filter-coursestatus-Active=on,"C programming, Virtual Memory, Process Management, File Systems, Embedded Systems, Raspberry Pi"
Stanford University,stanford.edu,Computer Science,CS 141,Sports and Data,"This course introduces undergraduates to data analytics and AI, using sports as the motivating application. Through real-world examples from professional sports, students will explore concepts such as exploratory data analysis, regression, classification, clustering, dimensionality reduction, and neural networks. Weekly assignments and a final team project will develop students' skills in using Python-based tools for sports analytics. A light final exam tests key conceptual understanding. Prerequisite: CS106A (or equivalent Python background) and CS109 (or equivalent probability background). TA sessions will cover use of pandas and other libraries students will use for projects, as well as freely available sports datasets that could be used.",3,undergraduate,https://explorecourses.stanford.edu/search?q=CS&filter-departmentcode-CS=on&filter-coursestatus-Active=on,"Exploratory Data Analysis, Regression, Classification, Clustering, Dimensionality Reduction, Neural Networks, Python, pandas, Sports Data Analysis, Statistical Modeling"
Stanford University,stanford.edu,Computer Science,CS 142,Web Applications,"Concepts and techniques used in constructing interactive web applications. Browser-side web facilities such as HTML, cascading stylesheets, the document object model, and JavaScript frameworks and Server-side technologies such as server-side JavaScript, sessions, and object-oriented databases. Issues in web security and application scalability. New models of web application deployment. Prerequisite: CS 107.",3,undergraduate,https://explorecourses.stanford.edu/search?q=CS&filter-departmentcode-CS=on&filter-coursestatus-Active=on,"HTML, Cascading Style Sheets, Document Object Model, JavaScript, JavaScript Frameworks, Server-side JavaScript, Session Management, Object-Oriented Databases, Web Security, Application Scalability, Web Application Deployment"
Stanford University,stanford.edu,Computer Science,CS 143,Compilers,"Principles and practices for design and implementation of compilers and interpreters. Topics: lexical analysis; parsing theory; symbol tables; type systems; scope; semantic analysis; intermediate representations; runtime environments; code generation; and basic program analysis and optimization. Students construct a compiler for a simple object-oriented language during course programming projects. Prerequisites: 103 or 103B, 107 equivalent, or consent from instructor.",4-Mar,undergraduate,https://explorecourses.stanford.edu/search?q=CS&filter-departmentcode-CS=on&filter-coursestatus-Active=on,"Compiler Design, Interpreter Design, Lexical Analysis, Parsing Theory, Symbol Tables, Type Systems, Scope, Semantic Analysis, Intermediate Representations, Runtime Environments, Code Generation, Program Analysis, Program Optimization, Object-Oriented Programming, Compiler Construction"
Stanford University,stanford.edu,Computer Science,CS 144,Introduction to Computer Networking,"Principles and practice. Structure and components of computer networks, with focus on the Internet. Packet switching, layering, and routing. Transport and TCP: reliable delivery over an unreliable network, flow control, congestion control. Network names, addresses and ethernet switching.  Includes significant programming component in C/C++; students build portions of the internet TCP/IP software.  Prerequisite: CS110.",4-Mar,undergraduate,https://explorecourses.stanford.edu/search?q=CS&filter-departmentcode-CS=on&filter-coursestatus-Active=on,"Computer Networks, Packet Switching, Network Routing, TCP/IP, Flow Control, Congestion Control, Network Addressing, Ethernet Switching, C, C++"
Stanford University,stanford.edu,Computer Science,CS 145,Introduction to Big Data Systems,"Introduction to the use, design, and implementation of database and data-intensive systems, including data models; schema design; data storage; query processing, query optimization, and cost estimation; concurrency control, transactions, and failure recovery; distributed and parallel execution; semi-structured databases; and data system support for advanced analytics and machine learning. Prereqs: CS106B or CS106X; CS103. Need to have a basic understanding of RAM, disks, sorting/hashing algorithms. Soft prereqs: One of CS161 or CS111.",4-Mar,undergraduate,https://explorecourses.stanford.edu/search?q=CS&filter-departmentcode-CS=on&filter-coursestatus-Active=on,"Data Modeling, Schema Design, Data Storage, Query Processing, Query Optimization, Cost Estimation, Concurrency Control, Transaction Management, Failure Recovery, Distributed Execution, Parallel Execution, Semi-structured Databases, Advanced Analytics, Machine Learning, RAM Understanding, Disk Understanding, Sorting Algorithms, Hashing Algorithms"
Stanford University,stanford.edu,Computer Science,CS 146,Game Development,"Game Programming teaches students the programming principles and workflows used in modern game development. Through hands-on projects in industry-standard game engines (Unity or Unreal), students implement core game mechanics, integrate AI techniques like NPC behavior and procedural content generation, and prototype interactive experiences. The course complements CS247G: Design for Play by focusing on technical implementation. Students complete a team-based final game project and learn from guest speakers from the game industry.",2,undergraduate,https://explorecourses.stanford.edu/search?q=CS&filter-departmentcode-CS=on&filter-coursestatus-Active=on,"Unity, Unreal, NPC behavior, procedural content generation, game mechanics, prototyping, team collaboration, project management, AI techniques"
Stanford University,stanford.edu,Computer Science,CS 146J,Full-Stack Web Programming,"Have you ever wanted to build your own website and truly customize every part of it - not just use a website builder? Do you have a big idea for an app that you want to build for the web? This is the class for you! In this course, we'll cover the fundamentals of full-stack web development, from how to create a stunning frontend (the website your users see and interact with) and a robust backend (the server that forms the backbone of your website), with a focus on modern technologies that are widely used across the industry, from startups to large tech companies. While this course focuses primarily on the practice of programming web applications, we will also cover the conceptual aspects of how web technologies work. At the end, you'll work in a team to build a large web app of your own design from scratch! Prerequisites: CS 106B or equivalent programming experience. We expect that you will be comfortable picking up a new programming language quickly.",3,undergraduate,https://explorecourses.stanford.edu/search?q=CS&filter-departmentcode-CS=on&filter-coursestatus-Active=on,
Stanford University,stanford.edu,Computer Science,CS 146S,The Modern Software Developer,"AI is rapidly transforming how we build, debug, and maintain software. From new-age IDEs and terminals like Cursor and Warp to code review and testing platforms like Coderabbit and Qodo, every phase of the software development life cycle is getting revamped. In this course, you'll explore how these tools are reshaping the craft of software engineering, making it more collaborative and iterative, enabling tremendous developer productivity. We'll connect the core principles of building complex systems with hands-on experience using state-of-the-art AI tools, guided by industry pioneers leading this revolution. Through real-world engineering tasks and a team-based project, you'll learn not just how to use the latest AI-powered workflows, but also when and why to trust them. Whether you're aiming to accelerate your productivity or rethink what it means to be a software engineer, this course will equip you with the skills and perspective to thrive in the era of AI-driven development.",3,undergraduate,https://explorecourses.stanford.edu/search?q=CS&filter-departmentcode-CS=on&filter-coursestatus-Active=on,"Software Engineering, AI-Driven Development, Software Development Life Cycle (SDLC), Cursor, Warp, Coderabbit, Qodo, AI-Powered Workflows, Debugging, Software Testing, Code Review, System Architecture, Collaborative Development"
Stanford University,stanford.edu,Computer Science,CS 147,Introduction to Human-Computer Interaction Design,"Introduces fundamental methods and principles for designing, implementing, and evaluating user interfaces. Topics: user-centered design, rapid prototyping, experimentation, direct manipulation, cognitive principles, visual design, social software, software tools. Learn by doing: work with a team on a quarter-long design project, supported by lectures, readings, and studios. Prerequisite: 106B or X or equivalent programming experience. Recommended that CS Majors have also taken one of 142, 193P, or 193A.Please note: Less than 5 is only allowed for graduate students.",5-Mar,undergraduate,https://explorecourses.stanford.edu/search?q=CS&filter-departmentcode-CS=on&filter-coursestatus-Active=on,"User Interface Design, UI/UX Design, User-Centered Design, Rapid Prototyping, Experimentation, Direct Manipulation, Cognitive Principles, Visual Design, Social Software, Human-Computer Interaction (HCI)"
Stanford University,stanford.edu,Computer Science,CS 147L,Cross-platform Mobile App Development,"The fundamentals of cross-platform mobile application development with a focus on the React Native framework (RN). Primary focus on developing best practices in creating apps for both iOS and Android by using Javascript and existing web + mobile development paradigms. Students will explore the unique aspects that made RN a primary tool for mobile development within Facebook, Instagram, Airbnb, Walmart, Tesla, and UberEats. Skills developed over the course will be consolidated by the completion of a final project. Required Prerequisites: CS106B.",3,undergraduate,https://explorecourses.stanford.edu/search?q=CS&filter-departmentcode-CS=on&filter-coursestatus-Active=on,"Cross-Platform Mobile Development, React Native, iOS Development, Android Development, JavaScript, Web Development, Mobile Development"
Stanford University,stanford.edu,Computer Science,CS 148,Introduction to Computer Graphics and Imaging,"This is the introductory prerequisite course in the computer graphics sequence which introduces students to the technical concepts behind creating synthetic computer generated images. The beginning of the course focuses on using Blender to create visual imagery, as well as an understanding of the underlying mathematical concepts including triangles, normals, interpolation, texture mapping, bump mapping, etc. Then we move on to a more fundamental understanding of light and color, as well as how it impacts computer displays and printers. From this we discuss more thoroughly how light interacts with the environment, and we construct engineering models such as the BRDF and discuss various simplifications into more basic lighting and shading models. Finally, we discuss ray tracing technology for creating virtual images, while drawing parallels between ray tracers and real world cameras in order to illustrate various concepts. Anti-aliasing and acceleration structures are also discussed. The final class project consists of building out a ray tracer to create a visually compelling image. Starter codes and code bits will be provided here and there to aid in development, but this class focuses on what you can do with the code as opposed to what the code itself looks like. Therefore grading is weighted towards in person &quot;demos&quot; of the code in action - creativity and the production of impressive visual imagery are highly encouraged.This is the first course in the computer graphics sequence at Stanford. Topics include: Scanline Rendering; Triangles; Rasterization; Transformations; Shading; Triangle Meshes; Subdivision; Marching Cubes; Textures; Light; Color; Cameras; Displays; Tone Mapping; BRDF; Lighting Equation; Global Illumination; Radiosity; Ray Tracing; Acceleration Structures; Sampling; Antialiasing; Reflection; Transmission; Depth of Field; Motion Blur; Monte Carlo; Bidirectional Ray Tracing; Light Maps.",4-Mar,undergraduate,https://explorecourses.stanford.edu/search?q=CS&filter-departmentcode-CS=on&filter-coursestatus-Active=on,"Blender, Triangles, Normals, Interpolation, Texture Mapping, Bump Mapping, Light, Color, Displays, Printers, BRDF, Lighting Equation, Shading, Ray Tracing, Anti-aliasing, Acceleration Structures, Scanline Rendering, Rasterization, Transformations, Triangle Meshes, Subdivision, Marching Cubes, Cameras, Tone Mapping, Global Illumination, Radiosity, Sampling, Reflection, Transmission, Depth of Field, Motion Blur, Monte Carlo, Bidirectional Ray Tracing, Light Maps"
Stanford University,stanford.edu,Computer Science,CS 149,Parallel Computing,"This course is an introduction to parallelism and parallel programming. Most new computer architectures are parallel; programming these machines requires knowledge of the basic issues of and techniques for writing parallel software. Topics: varieties of parallelism in current hardware (e.g., fast networks, multicore, accelerators such as GPUs, vector instruction sets), importance of locality, implicit vs. explicit parallelism, shared vs. non-shared memory, synchronization mechanisms (locking, atomicity, transactions, barriers), and parallel programming models (threads, data parallel/streaming, MapReduce, Apache Spark, SPMD, message passing, SIMT, transactions, and nested parallelism). Significant parallel programming assignments will be given as homework. The course is open to students who have completed the introductory CS course sequence through 111.",4-Mar,undergraduate,https://explorecourses.stanford.edu/search?q=CS&filter-departmentcode-CS=on&filter-coursestatus-Active=on,"Parallel Programming, Multicore Architecture, GPU Programming, Vector Instruction Sets, Locality Optimization, Shared Memory, Non-shared Memory, Synchronization, Locking, Atomicity, Transactions, Barriers, Threading, Data Parallelism, Streaming, MapReduce, Apache Spark, SPMD, Message Passing, SIMT, Nested Parallelism"
Stanford University,stanford.edu,Computer Science,CS 151,Logic Programming,"Logic Programming is a style of programming based on symbolic logic. In writing a logic program, the programmer describes the application area of the program (as a set of logical sentences) without reference to the internal data structures or operations of the system executing the program. In this regard, a logic program is more of a specification than an implementation; and logic programs are often called runnable specifications. This course introduces basic logic programming theory, current technology, and examples of common applications, notably deductive databases, logical spreadsheets, enterprise management, computational law, and game playing. Work in the course takes the form of readings and exercises, weekly programming assignments, and a term-long project. Prerequisite: CS 106B or equivalent.",3,undergraduate,https://explorecourses.stanford.edu/search?q=CS&filter-departmentcode-CS=on&filter-coursestatus-Active=on,"Logic Programming, Symbolic Logic, Deductive Databases, Logical Spreadsheets, Computational Law, Game Playing"
Stanford University,stanford.edu,Computer Science,CS 152,"Trust and Safety (COMM 122, INTLPOL 267)","Trust and Safety is the field of professional and academic effort to allow people to positively use technology while being safe from harm. This course explores how online services and AI systems are abused to cause real human harm and the potential social, operational, product, legal and engineering responses. Students will learn about the use of social media by terrorists, online fraud, pig-butchering, misinformation, child exploitation, harassment, self-harm and AI psychosis. This will include studying both the technical and sociological roots of these harms and the ways various companies have responded. The class is taught by a practitioner with a CS background and a professor of communication with a psychology background and supplemented by guest lecturers from tech companies. Students will spend the quarter working in teams to build solutions to real trust and safety challenges, which will include the application of AI technologies to detecting and stopping abuse. For those taking this course for CS credit, the prerequisite is CS106B or equivalent and this course fulfills the Technology in Society requirement. Content note: This class will cover real-world harmful behavior and expose students to potentially upsetting material. Course website: https://cs152.stanford.edu/",3,undergraduate,https://explorecourses.stanford.edu/search?q=CS&filter-departmentcode-CS=on&filter-coursestatus-Active=on,"Trust and Safety, Artificial Intelligence, Machine Learning, Abuse Detection, Content Moderation, Cybersecurity, Product Management, Technical Writing, Tech Ethics, Social Media Analysis, Data Analysis, Software Engineering, Human-Computer Interaction"
Stanford University,stanford.edu,Computer Science,CS 153,Frontier Systems,"The AI stack is being rebuilt from the ground up, from land and power to chips, cloud, models, and applications. This course walks you through every layer with the leaders building each one. Past speakers include Jensen Huang (NVIDIA), Greg Brockman (OpenAI), Ben Mann (Anthropic), Guillaume Lample (Mistral/Llama), Robin Rombach (Stable Diffusion/BFL), Matthew Prince (Cloudflare), Sualeh Asif (Cursor), Shyam Sankar (Palantir), HE Abdullah Al Swaha (KSA) among others",3,undergraduate,https://explorecourses.stanford.edu/search?q=CS&filter-departmentcode-CS=on&filter-coursestatus-Active=on,"Artificial Intelligence, Machine Learning, Large Language Models, Generative AI, Cloud Computing, Cloud Infrastructure, Hardware Architecture, Semiconductor Technology, Data Center Infrastructure, Llama, Stable Diffusion, AI Application Development, Data Analytics"
Stanford University,stanford.edu,Computer Science,CS 154,Introduction to the Theory of Computation,"This course provides a mathematical introduction to the following questions: What is computation? Given a computational model, what problems can we hope to solve in principle with this model? Besides those solvable in principle, what problems can we hope to efficiently solve? In many cases we can give completely rigorous answers; in other cases, these questions have become major open problems in computer science and mathematics. By the end of this course, students will be able to classify computational problems in terms of their computational complexity (Is the problem regular? Not regular? Decidable? Recognizable? Neither? Solvable in P? NP-complete? PSPACE-complete?, etc.). Students will gain a deeper appreciation for some of the fundamental issues in computing that are independent of trends of technology, such as the Church-Turing Thesis and the P versus NP problem. Prerequisites: CS 103 or 103B.",4-Mar,undergraduate,https://explorecourses.stanford.edu/search?q=CS&filter-departmentcode-CS=on&filter-coursestatus-Active=on,"Theory of Computation, Computational Models, Computational Complexity, Regular Languages, Decidability, NP-completeness, PSPACE-completeness, Church-Turing Thesis"
Stanford University,stanford.edu,Computer Science,CS 155,Computer and Network Security,"For juniors, seniors, and first-year graduate students. Principles of computer systems security. Attack techniques and how to defend against them. Topics include: network attacks and defenses, operating system security, application security (web, apps, databases), malware, privacy, and security for mobile devices. Course projects focus on building reliable software. Prerequisite: 110. Recommended: basic Unix.",3,undergraduate,https://explorecourses.stanford.edu/search?q=CS&filter-departmentcode-CS=on&filter-coursestatus-Active=on,"Network Security, Operating System Security, Web Application Security, Database Security, Malware Analysis, Privacy Engineering, Mobile Device Security, Secure Software Development, Unix/Linux Basics, Threat Modeling, Vulnerability Assessment, Penetration Testing, Cryptography, Access Control, Authentication, Authorization, Intrusion Detection Systems, Firewall Management, Reliable Software Engineering"
Stanford University,stanford.edu,Computer Science,CS 157,Computational Logic,"Rigorous introduction to Symbolic Logic from a computational perspective. Encoding information in the form of logical sentences.  Reasoning with information in this form.  Overview of logic technology and its applications - in mathematics, science, engineering, business, law, and so forth. Topics include the syntax and semantics of Propositional Logic, Relational Logic, and Herbrand Logic, validity, contingency, unsatisfiability, logical equivalence, entailment, consistency, natural deduction (Fitch), mathematical induction, resolution, compactness, soundness, completeness.",3,undergraduate,https://explorecourses.stanford.edu/search?q=CS&filter-departmentcode-CS=on&filter-coursestatus-Active=on,"Propositional Logic, Relational Logic, Herbrand Logic, Natural Deduction (Fitch), Mathematical Induction, Resolution, Compactness, Soundness, Completeness, Logical Equivalence, Entailment, Consistency, Validity, Contingency, Unsatisfiability, Formal Reasoning, Logical Encoding"
Stanford University,stanford.edu,Computer Science,CS 161,Design and Analysis of Algorithms,"Worst and average case analysis. Recurrences and asymptotics. Efficient algorithms for sorting, searching, and selection. Data structures: binary search trees, heaps, hash tables. Algorithm design techniques: divide-and-conquer, dynamic programming, greedy algorithms, amortized analysis, randomization. Algorithms for fundamental graph problems: minimum-cost spanning tree, connected components, topological sort, and shortest paths. Possible additional topics: network flow, string searching. Prerequisite: 106B or 106X; 103 or 103B; 109 or STATS 116.",5-Mar,undergraduate,https://explorecourses.stanford.edu/search?q=CS&filter-departmentcode-CS=on&filter-coursestatus-Active=on,"Worst-case analysis, Average-case analysis, Recurrence relations, Asymptotic analysis, Sorting algorithms, Searching algorithms, Selection algorithms, Binary search trees, Heaps, Hash tables, Divide-and-conquer, Dynamic programming, Greedy algorithms, Amortized analysis, Randomization, Minimum-cost spanning tree, Connected components, Topological sort, Shortest paths, Network flow, String searching"
Stanford University,stanford.edu,Computer Science,CS 161ACE,Problem-Solving Lab for CS161,"Additional problem solving practice for CS161. Sections are designed to allow students to acquire a deeper understanding of CS and its applications, work collaboratively, and develop a mastery of the material. Concurrent enrollment in CS 161 required. Limited enrollment, permission of instructor, and application required.",1,undergraduate,https://explorecourses.stanford.edu/search?q=CS&filter-departmentcode-CS=on&filter-coursestatus-Active=on,
Stanford University,stanford.edu,Computer Science,CS 163,The Practice of Theory Research,"(Previously numbered CS 353). Introduction to research in the Theory of Computing, with an emphasis on research methods (the practice of research), rather than on any particular body of knowledge. The students will participate in a highly structured research project: starting from reading research papers from a critical point of view and conducting bibliography searches, through suggesting new research directions, identifying relevant technical areas, and finally producing and communicating new insights. The course will accompany the projects with basic insights on the main ingredients of research. Research experience is not required, but basic theory knowledge and mathematical maturity are expected. The target participants are advanced undergrads as well as MS students with interest in CS theory. Prerequisites: CS161 and CS154. Limited class size.",3,undergraduate,https://explorecourses.stanford.edu/search?q=CS&filter-departmentcode-CS=on&filter-coursestatus-Active=on,"Theory of Computing, Research Methods, Bibliography Search, Technical Communication, Algorithms, Theory of Computation, Mathematical Reasoning, Critical Analysis of Research Papers"
Stanford University,stanford.edu,Computer Science,CS 166,Advanced Data Structures,"This course is a deep dive into the design, analysis, implementation, and theory of data structures. Over the course of the quarter, we'll explore fundamental techniques in data structure design (isometries, amortization, randomization, etc.), as well as perspectives and intuitions useful for developing new data structures. By the time we've finished, we'll have seen some truly beautiful strategies for solving problems efficiently. Possible topics include Fibonacci heaps, fusion trees, succinct rank and select, B-trees, range minimum queries, suffix trees, dynamic connectivity, cuckoo hashing, and planar point location. Prerequisites: CS107 and CS161.",4-Mar,undergraduate,https://explorecourses.stanford.edu/search?q=CS&filter-departmentcode-CS=on&filter-coursestatus-Active=on,"Data Structures, Data Structure Design, Algorithm Analysis, Amortized Analysis, Randomized Algorithms, Fibonacci Heaps, Fusion Trees, Succinct Data Structures, B-trees, Range Minimum Queries, Suffix Trees, Dynamic Connectivity, Cuckoo Hashing, Planar Point Location"
Stanford University,stanford.edu,Computer Science,CS 168,The Modern Algorithmic Toolbox,"This course will provide a rigorous and hands-on introduction to the central ideas and algorithms that constitute the core of the modern algorithms toolkit. Emphasis will be on understanding the high-level theoretical intuitions and principles underlying the algorithms we discuss, as well as developing a concrete understanding of when and how to implement and apply the algorithms. The course will be structured as a sequence of one-week investigations; each week will introduce one algorithmic idea, and discuss the motivation, theoretical underpinning, and practical applications of that algorithmic idea. Each topic will be accompanied by a mini-project in which students will be guided through a practical application of the ideas of the week. Topics include hashing, dimension reduction and LSH, boosting, linear programming, gradient descent,  sampling and estimation, and an introduction to spectral techniques. Prerequisites: CS107 and CS161, or permission from the instructor.",4-Mar,undergraduate,https://explorecourses.stanford.edu/search?q=CS&filter-departmentcode-CS=on&filter-coursestatus-Active=on,"Hashing, Dimension Reduction, Locality-Sensitive Hashing, Boosting, Linear Programming, Gradient Descent, Sampling, Estimation, Spectral Techniques"
Stanford University,stanford.edu,Computer Science,CS 170,"Stanford Laptop Orchestra: Composition, Coding, and Performance (MUSIC 128)","Classroom instantiation of the Stanford Laptop Orchestra (SLOrk) which includes public performances. An ensemble of more than 20 humans, laptops, controllers, and special speaker arrays designed to provide each computer-mediated instrument with its sonic identity and presence. Topics and activities include issues of composing for laptop orchestras, instrument design, sound synthesis, programming, and live performance. May be repeated four times for credit. Space is limited; see https://ccrma.stanford.edu/courses/128 for information about the application and enrollment process. May be repeat for credit",5-Jan,undergraduate,https://explorecourses.stanford.edu/search?q=CS&filter-departmentcode-CS=on&filter-coursestatus-Active=on,"Sound Synthesis, Instrument Design"
Stanford University,stanford.edu,Computer Science,CS 171,"Causality, Decision Making and Data Science (DATASCI 161, ECON 115)","Policymakers often need to make decisions when the implications of those decisions are not known with certainty. In many cases they rely in part on statistical evidence to guide these decisions. This requires statistical methods for estimating causal effects, that is the impact of these interventions. In this course we study how to analyze causal questions using statistical methods. We look at several causal questions in detail. For each case, we study various statistical and econometric methods that may shed light on these questions. We discuss what the critical assumptions are that underly these methods and how to assess whether the methods are appropriate for the settings at hand. We then analyze data sets, partly in class, and partly in assignments, to see how much we learn in practice. Pre-requisites: One quarter course in statistics, at the level of STATS 116 or STATS 117. Programming experience with Python will be helpful but is not required.",3,undergraduate,https://explorecourses.stanford.edu/search?q=CS&filter-departmentcode-CS=on&filter-coursestatus-Active=on,"Python, Causal inference, Econometric methods, Data analysis, Assumption assessment"
Stanford University,stanford.edu,Computer Science,CS 173A,"Foundations of Computational Human Genomics (BMDS 173A, DBIO 173A)","(Only one of 173A or 273A counts toward any CS degree program.) A coder's primer to Computational Biology through the most amazing &quot;source code&quot; known: your genome. Examine the major forces of genome &quot;code development&quot; - positive, negative and neutral selection. Learn about genome sequencing (discovering your source code from fragments); genome content: variables (genes), control-flow (gene regulation), run-time stacks (epigenomics) and memory leaks (repeats); personalized genomics and genetic disease (code bugs);  genome editing (code injection); ultra conservation (unsolved mysteries) and code modifications behind amazing animal adaptations. Course includes primers on molecular biology and text processing. Prerequisites: comfortable coding in Python from the command line.",4-Mar,undergraduate,https://explorecourses.stanford.edu/search?q=CS&filter-departmentcode-CS=on&filter-coursestatus-Active=on,"Computational Biology, Genomics, Genome Sequencing, Epigenomics, Molecular Biology, Text Processing, Python, Algorithms, Genetic Disease Analysis, Genome Editing"
Stanford University,stanford.edu,Computer Science,CS 177,Human Centered Product Management,"Ask any product person what the most important skills are for PMs and they'll say interpersonal dynamics - negotiation, communication, conflict resolution, research and more. This class will look at the role of product management in tech through a human-centered lens, including customers and coworkers. As well, students will experience the Agile-Lean development process and will be creating and testing prototypes. There is one major project: creating a new feature for a fictional business. This class could be taken before or after 147. There will be an additional required Studio/Lab scheduled when class begins.",5-Mar,undergraduate,https://explorecourses.stanford.edu/search?q=CS&filter-departmentcode-CS=on&filter-coursestatus-Active=on,"Product Management, Negotiation, Communication, Conflict Resolution, Research Methods, Human-Centered Design, Agile Development, Lean Development, Prototyping"
Stanford University,stanford.edu,Computer Science,CS 180,Digital Systems Architecture (EE 180),"The design of processor-based digital systems. Instruction sets, addressing modes, data types. Assembly language programming, low-level data structures, introduction to operating systems and compilers. Processor microarchitecture, microprogramming, pipelining. Memory systems and caches. Input/output, interrupts, buses and DMA. System design implementation alternatives, software/hardware tradeoffs. Labs involve the design of processor subsystems and processor-based embedded systems. Formerly EE 108B.",4,undergraduate,https://explorecourses.stanford.edu/search?q=CS&filter-departmentcode-CS=on&filter-coursestatus-Active=on,"Digital System Design, Processor Design, Instruction Set Architecture (ISA), Assembly Language, Low-Level Data Structures, Operating Systems, Compilers, Microarchitecture, Microprogramming, Pipelining, Memory Systems, Cache Memory, I/O Systems, Interrupts, System Buses, Direct Memory Access (DMA), Hardware/Software Co-design, Embedded Systems"
Stanford University,stanford.edu,Computer Science,CS 181,"Computers, Ethics, and Public Policy","Ethical and social issues related to the development and use of computer technology. Ethical theory, and social, political, and legal considerations. Scenarios in problem areas: privacy, reliability and risks of complex systems, and responsibility of professionals for applications and consequences of their work. Prerequisite: CS106A. To take this course, students need permission of instructor and may need to complete an assignment due at the first day of class. Please see https://cs181.stanford.edu for more information.",4,undergraduate,https://explorecourses.stanford.edu/search?q=CS&filter-departmentcode-CS=on&filter-coursestatus-Active=on,
Stanford University,stanford.edu,Computer Science,CS 181W,"Computers, Ethics, and Public Policy (WIM)","Writing-intensive version of CS181. Satisfies the WIM requirement for Computer Science, Engineering Physics, STS, and Math/Comp Sci undergraduates. To take this course, students need permission of instructor and may need to complete an assignment due at the first day of class. Please see https://cs181.stanford.edu for more information.",4,undergraduate,https://explorecourses.stanford.edu/search?q=CS&filter-departmentcode-CS=on&filter-coursestatus-Active=on,
Stanford University,stanford.edu,Computer Science,CS 182,"Ethics, Public Policy, and Technological Change (COMM 180, ETHICSOC 182, PHIL 82, POLISCI 182, PUBLPOL 182)","Examination of recent developments in computing technology and platforms through the lenses of philosophy, public policy, social science, and engineering.  Course is organized around four main units: algorithmic decision-making and bias; data privacy and civil liberties; the power of private computing platforms; and the impact of generative AI.  Each unit considers the promise, perils, rights, and responsibilities at play in technological developments. Prerequisite: CS106A.",5,undergraduate,https://explorecourses.stanford.edu/search?q=CS&filter-departmentcode-CS=on&filter-coursestatus-Active=on,"Algorithmic Decision-Making, Bias Detection, Data Privacy, Privacy Engineering, Civil Liberties Analysis, Platform Governance, Antitrust Analysis, Platform Economics, Generative AI, Prompt Engineering, AI Ethics, Tech Ethics, Public Policy Analysis, Social Science Research Methods, Philosophical Analysis"
Stanford University,stanford.edu,Computer Science,CS 182W,"Ethics, Public Policy, and Technological Change (WIM)","Writing-intensive version of CS182. Satisfies the WIM requirement for Computer Science, Engineering Physics, STS, Math/Comp Sci, and Data Science undergraduates (and is only open to those majors). Prerequisite: CS106A. See CS182 for lecture day/time information for location/time of class. Enroll in either CS 182 or CS 182W, not both. Enrollment in WIM version of the course is limited to 100 students. Enrollment is restricted to seniors and coterminal students until January 6, 2025. Starting January 6, 2025, enrollment will open to all students if additional spaces remain available in the class.",5,undergraduate,https://explorecourses.stanford.edu/search?q=CS&filter-departmentcode-CS=on&filter-coursestatus-Active=on,
Stanford University,stanford.edu,Computer Science,CS 183E,Effective Leadership in High-Tech,"You will undoubtedly leave Stanford with the technical skills to excel in your first few jobs. But non-technical skills are just as critical to making a difference. This seminar is taught by two industry veterans in engineering leadership and product management. In a small group setting, we will explore how you can be a great individual contributor (communicating with clarity, getting traction for your ideas, resolving conflict, and delivering your best work) and how you can transition into leadership roles (finding leadership opportunities, creating a great team culture, hiring and onboarding new team members). We will end by turning back to your career (picking your first job and negotiating your offer, managing your career changes, building a great network, and succeeding with mentors). Prerequisites: Preference given to seniors and co-terms in Computer Science and related majors. Enrollment limited and application required for admittance. Application (https://forms.gle/PaBcMmjratNGGtEi8) due 9/13/25.",1,undergraduate,https://explorecourses.stanford.edu/search?q=CS&filter-departmentcode-CS=on&filter-coursestatus-Active=on,"Engineering Leadership, Product Management, Oral Presentations, Conflict Resolution, Hiring, Onboarding, Negotiation, Career Management, Networking, Mentorship"
Stanford University,stanford.edu,Computer Science,CS 184,Bridging Policy and Tech Through Design (PUBLPOL 170),"This project-based course aims to bring together students from computer science and the social sciences to work with external partner organizations at the nexus of digital technology and public policy. Students will collaborate in interdisciplinary teams on a problem with a partner organization. Along with the guidance of faculty mentors and the teaching staff, students will engage in a project with outcomes ranging from policy memos and white papers to data visualizations and software. Possible projects suggested by partner organizations will be presented at an information session in early March.  Following the infosession, a course application will open for teams to be selected before the start of Spring Quarter. Students may apply to a project with a partner organization or with a preformed team and their own idea to be reviewed for approval by the course staff.  There will be one meeting per week for the full class and at least one weekly meeting with the project-based team mentors.  Prerequisites: Appropriate preparation depends on the nature of the project proposed, and will be verified by the teaching staff based on your application.",4-Mar,undergraduate,https://explorecourses.stanford.edu/search?q=CS&filter-departmentcode-CS=on&filter-coursestatus-Active=on,"Data Visualization, Software Development, Technical Writing, Policy Memos, White Papers, Interdisciplinary Collaboration, Tech Policy"
Stanford University,stanford.edu,Computer Science,CS 185,Coding with LLM Assistants,"In under a year, LLM assistants have become a tool that many professional software engineers can't  imagine living without. In this course, we will explore that phenomenon and design curriculum and  pedagogical adaptations to it. In this class, we will: Conduct a survey-based ethnography of how professional software engineers are using LLMs  (e.g., do they find it more useful for architectural planning vs code creation vs code explanation  vs identifying bugs; what percentage of the day are they using it; how comfortable do they feel  using it to work in frameworks or languages they are themselves unfamiliar with, etc); Engage in structured exploration using different LLM coding assistant tools for actual Stanford  assignments (in classes they've already completed) and to perform new tasks in unfamiliar  languages, and reflect on those experiences; Read what others are saying about the process of coding with LLMs through review of popular  sources (e.g., podcasts, blog posts); Learn an overview of the science of teaching and learning, and what is needed for an effective  education in software engineering; Design new curricular materials that address the new needs and practices of professional  software engineers, using principles of good pedagogical design.",2,undergraduate,https://explorecourses.stanford.edu/search?q=CS&filter-departmentcode-CS=on&filter-coursestatus-Active=on,"Survey-based ethnography, LLM coding assistant tools usage, Prompt engineering, Literature review, Educational science, Curriculum design, Instructional design, Pedagogical design, Research methods"
Stanford University,stanford.edu,Computer Science,CS 186,How to Make a Moral Agent (PHIL 86),"Is it bad if you lie to ChatGPT? Who is to blame if ChatGPT lies? Should we let superhuman AI make life and death decisions? These questions ask whether advanced AI systems (today, often large language models - LLMs) can be moral agents - whether they are the kind of thing that can know how to make (ethically) correct decisions, and be held responsible for the rights or wrongs they do. Asking these questions leads us to questions about ourselves: What about us makes us moral agents? Is it our reason? Or is it essential that we emotionally feel each others' pain? Is selfishness irrational, or just unpleasant? Understanding ourselves can help us think about what kinds of artificial minds we would like to make, and, if we can, how. In this class, we provide the philosophical rigor and technical background necessary to robustly interrogate these and related questions. Readings will be drawn from philosophy, deep learning, and the cognitive sciences. The major assessment in this class will be a term project. There will be reading assignments for every class, and a mix of lectures, discussions, and participatory in-class activities. Recommended prerequisites: PHIL 80 or multiple philosophy courses; CS 183.",3,undergraduate,https://explorecourses.stanford.edu/search?q=CS&filter-departmentcode-CS=on&filter-coursestatus-Active=on,"Deep learning, Large language models (LLMs), Ethical reasoning, Philosophical analysis, Cognitive science research, Research methods, Technical writing, Oral presentations"
Stanford University,stanford.edu,Computer Science,CS 187,Design for Advocacy,"The COVID pandemic has both revealed many of our underlying civilization problems and unleashed a desire for radical change. Effective responses will require people who know how to collaborate creatively and confidently, and act in systems with self-awareness. In this project based course, we will embrace complexity without being paralyzed by it. Working on a real-world challenge related to social health and civic fabric (e.g. political polarization, loneliness and social isolation) you will practice identifying high-leverage entry points for change, rigorously framing problems, and making process and product development decisions by evaluating impact. The course draws from HCD, systems thinking, strategic foresight, emotional intelligence, and agile team operations to prepare you to be even more successful as a designer, researcher, product manager, entrepreneur, or activist. If you tend to be more theory oriented, this course will get you into action. If you're quick to action, this course will give you a wider foundation for making a positive impact. Prerequisite: Strongly recommend CS147, ME216A or a d.school class on needfinding.",4-Mar,undergraduate,https://explorecourses.stanford.edu/search?q=CS&filter-departmentcode-CS=on&filter-coursestatus-Active=on,"Human-Centered Design, Systems Thinking, Strategic Foresight, Emotional Intelligence, Agile Team Operations, Needfinding, Problem Framing, Impact Evaluation, Process Development, Product Development, Collaboration, Creative Confidence, Research Methods, Technical Writing, Oral Presentation, Product Management"
Stanford University,stanford.edu,Computer Science,CS 190,Software Design Studio,"This course teaches the art of software design: how to decompose large complex systems into classes that can be implemented and maintained easily. Topics include the causes of complexity, modular design, techniques for creating deep classes, minimizing the complexity associated with exceptions, in-code documentation, and name selection. The class involves significant system software implementation and uses an iterative approach consisting of implementation, review, and revision. The course is taught in a studio format with in-class discussions and code reviews in addition to lectures. Prerequisite: CS 140 or equivalent. Apply at: https://web.stanford.edu/class/cs190",4-Mar,undergraduate,https://explorecourses.stanford.edu/search?q=CS&filter-departmentcode-CS=on&filter-coursestatus-Active=on,"Software Design, Object-Oriented Programming, Modular Design, System Software Implementation, Code Review, Technical Documentation, Software Architecture, Complexity Analysis, Exception Handling"
Stanford University,stanford.edu,Computer Science,CS 191,Senior Project,Restricted to Computer Science students. Individual research projects under faculty direction. Enroll in the section that is led by your research instructor. The project must consist of publishable research. The research project may result in a paper publishable to an academic journal or presentable at a conference. A public presentation of research results is required. Prerequisite: Completion of at least 135 units and consent of instructor. Project proposal form is required before the beginning of the quarter of enrollment: https://www.cs.stanford.edu/bs-requirements-senior-project,6-Jan,undergraduate,https://explorecourses.stanford.edu/search?q=CS&filter-departmentcode-CS=on&filter-coursestatus-Active=on,"Research Methods, Academic Writing, Technical Writing, Oral Presentations"
Stanford University,stanford.edu,Computer Science,CS 191W,Writing Intensive Senior Research Project,Restricted to Computer Science students. Writing-intensive version of CS191. Enroll in the section that is led by your research instructor. Prerequisite: Completion of at least 135 units and consent of instructor. Project proposal form is required before the beginning of the quarter of enrollment: https://www.cs.stanford.edu/bs-requirements-senior-project,6-Mar,undergraduate,https://explorecourses.stanford.edu/search?q=CS&filter-departmentcode-CS=on&filter-coursestatus-Active=on,"Technical Writing, Academic Writing, Research Methods, Project Planning"
Stanford University,stanford.edu,Computer Science,CS 192,Programming Service Project,Restricted to Computer Science students. Appropriate academic credit (without financial support) is given for volunteer computer programming work of public benefit and educational value. Enroll in the section that is led by your research instructor. Prerequisite: consent of instructor.,4-Jan,undergraduate,https://explorecourses.stanford.edu/search?q=CS&filter-departmentcode-CS=on&filter-coursestatus-Active=on,
Stanford University,stanford.edu,Computer Science,CS 193C,Client-Side Internet Technologies,"Client-side technologies used to create web sites such as Google maps or Gmail. Includes HTML5, CSS, JavaScript, the Document Object Model (DOM), and Ajax. Prerequisite: programming experience at the level of CS106A.",3,undergraduate,https://explorecourses.stanford.edu/search?q=CS&filter-departmentcode-CS=on&filter-coursestatus-Active=on,"HTML5, CSS, JavaScript, Document Object Model (DOM), Ajax"
Stanford University,stanford.edu,Computer Science,CS 193P,iOS Application Development,"Build mobile applications using tools and APIs in iOS. Developing applications for the iPhone and iPad requires integration of numerous concepts including functional programming, object-oriented programming, computer-human interfaces, graphics, animation, reactive interfaces, Model-View-Intent (MVI) and Model-View-View-Model (MVVM) design paradigms, object-oriented databases, networking, and interactive performance considerations including multi-threading. This course will require you to learn a new programming language (Swift) as well as the iOS development environment, SwiftUI. Prerequisites: All coursework (homework and final project) involves writing code, so writing a lot of code should not be new to you (coding experience in almost any language is valuable, but object-oriented (e.g. CS108) and/or functional programming languages (e.g. CS43) are most highly recommended).&nbsp;&nbsp;CS106A and B (or X) and CS107 (or equivalent) are hard prerequisites. Any other courses that help to develop your maturity as a programmer are also recommended.",3,undergraduate,https://explorecourses.stanford.edu/search?q=CS&filter-departmentcode-CS=on&filter-coursestatus-Active=on,"iOS, Swift, SwiftUI, functional programming, object-oriented programming, computer-human interfaces, graphics, animation, reactive interfaces, Model-View-Intent (MVI), Model-View-View-Model (MVVM), object-oriented databases, networking, multi-threading, iOS APIs"
Stanford University,stanford.edu,Computer Science,CS 193Q,Introduction to Python Programming,"CS193Q teaches basic Python programming with a similar end-condition to CS106AP: strings, lists, numbers, dicts, loops, logic, functions, testings, decomposition and style, and modules. CS193Q assumes knowledge of some programming language, and proceeds by showing how each common programming idea is expressed in Python. CS193Q moves very quickly, meeting 3 times for 4 hours for a total of 12 hours which is a mixture of lecture and lab time.",1,undergraduate,https://explorecourses.stanford.edu/search?q=CS&filter-departmentcode-CS=on&filter-coursestatus-Active=on,"Python, Strings, Lists, Dictionaries, Loops, Logic, Functions, Software Testing, Functional Decomposition, Code Style, Modules"
Stanford University,stanford.edu,Computer Science,CS 193U,Video Game Development in C++ and Unreal Engine,"Hands-on game development in C++ using Unreal Engine 4, the game engine that triple-A games like Fortnite, PUBG, and Gears of War are all built on. Students will be introduced to the Unreal editor, game frameworks, physics, AI, multiplayer and networking, UI, and profiling and optimization. Project-based course where you build your own games and gain a solid foundation in Unreal's architecture that will apply to any future game projects. Pre-requisites: CS106B or CS106X required. CS107 and CS110 recommended.",3,undergraduate,https://explorecourses.stanford.edu/search?q=CS&filter-departmentcode-CS=on&filter-coursestatus-Active=on,"C++, Unreal Engine 4, Game Development, Unreal Editor, Game Frameworks, Game Physics, Artificial Intelligence, Multiplayer Networking, UI Design, Profiling, Optimization, Software Architecture"
Stanford University,stanford.edu,Computer Science,CS 193X,Web Programming Fundamentals,"Introduction to full-stack web development with an emphasis on fundamentals. Client-side topics include layout and rendering through HTML and CSS, event-driven programming through JavaScript, and single-threaded asynchronous programming techniques including Promises. Focus on modern standardized APIs and best practices. Server-side topics include the development of RESTful APIs, JSON services, and basic server-side storage techniques. Covers desktop and mobile web development. Prerequisite: 106B or equivalent.",3,undergraduate,https://explorecourses.stanford.edu/search?q=CS&filter-departmentcode-CS=on&filter-coursestatus-Active=on,"Full-Stack Web Development, Client-Side Development, HTML, CSS, Event-Driven Programming, JavaScript, Asynchronous Programming, Promises, APIs, Server-Side Development, RESTful APIs, JSON, Server-Side Storage, Mobile Web Development, Desktop Web Development"
Stanford University,stanford.edu,Computer Science,CS 194,Software Project,"Design, specification, coding, and testing of a significant team programming project under faculty supervision. Documentation includes capture of project rationale, design and discussion of key performance indicators, a weekly progress log and a software architecture diagram. Public demonstration of the project at the end of the quarter. Preference given to seniors. May be repeated for credit. Prerequisites: CS109 and CS161.",3,undergraduate,https://explorecourses.stanford.edu/search?q=CS&filter-departmentcode-CS=on&filter-coursestatus-Active=on,"Software Design, Requirements Specification, Coding, Software Testing, Technical Documentation, Project Rationale Analysis, Key Performance Indicator Analysis, Progress Tracking, Software Architecture Diagramming, Public Presentation, Team Collaboration"
Stanford University,stanford.edu,Computer Science,CS 194A,Android Programming Workshop,"Learn basic, foundational techniques for developing Android mobile applications and apply those toward building a  single or multi page, networked Android application.",1,undergraduate,https://explorecourses.stanford.edu/search?q=CS&filter-departmentcode-CS=on&filter-coursestatus-Active=on,"Android development, Mobile app development, Android SDK, UI design, Network programming, REST API, Multi-screen navigation, XML layout, Activity lifecycle, Fragment management"
Stanford University,stanford.edu,Computer Science,CS 194H,User Interface Design Project,"Advanced methods for designing, prototyping, and evaluating user interfaces to computing applications. Novel interface technology, advanced interface design methods, and prototyping tools. Substantial, quarter-long course project that will be presented in a public presentation. Prerequisites: CS 147, or permission of instructor.",4-Mar,undergraduate,https://explorecourses.stanford.edu/search?q=CS&filter-departmentcode-CS=on&filter-coursestatus-Active=on,"User Interface Design, Prototyping, Usability Evaluation, Interface Technology, Interface Design Methods, Prototyping Tools, Public Presentation, Presentation Skills, Human-Computer Interaction (HCI)"
Stanford University,stanford.edu,Computer Science,CS 194W,Software Project (WIM),Restricted to Computer Science and Electrical Engineering undergraduates.  Writing-intensive version of CS194. Preference given to seniors. Prerequisites: CS109 and CS161.,3,undergraduate,https://explorecourses.stanford.edu/search?q=CS&filter-departmentcode-CS=on&filter-coursestatus-Active=on,"Technical Writing, Academic Writing"
Stanford University,stanford.edu,Computer Science,CS 195,Supervised Undergraduate Research,Directed research under faculty supervision. Register using instructor's section number. Students are required to submit a written report and give a public presentation on their work. Prerequisite: consent of instructor.,4-Mar,undergraduate,https://explorecourses.stanford.edu/search?q=CS&filter-departmentcode-CS=on&filter-coursestatus-Active=on,"Research Methods, Technical Writing, Academic Writing, Oral Presentations, Public Speaking"
Stanford University,stanford.edu,Computer Science,CS 197,Computer Science Research,"An onramp for students interested in breaking new ground in the frontiers of computer science. Course format features faculty lectures introducing the fundamentals of computer science research, alongside special interest group meetings that provide mentorship and feedback on a real research project. Lecture topics include reading technical papers, practicing oral communication and technical writing skills, and independently formulating research questions. Any student may enroll for 4 units and select a research area (AI, HCI, Systems, etc.) for a quarter-long team programming project with a Ph.D. student mentor. Space may be limited. Prerequisite: CS106B.",4-Mar,undergraduate,https://explorecourses.stanford.edu/search?q=CS&filter-departmentcode-CS=on&filter-coursestatus-Active=on,"reading technical papers, oral communication, technical writing, formulating research questions, research methods, AI, HCI, Systems"
Stanford University,stanford.edu,Computer Science,CS 197C,Computer Science Research: CURIS Internship Onramp,"A version of CS 197 designed specifically for students who will be participating in spring/summer CURIS internships  OR have an ongoing research project with a (Ph.D. student or professor) mentor in the Stanford Computer Science department. An onramp for students interested in breaking new ground in the frontiers of computer science. Course format features faculty lectures introducing the fundamentals of computer science research, alongside mentorship and feedback from the CURIS or research mentor on a real research project. Students will attend the same lectures as CS197 and may enroll for 3 units. Lecture topics include reading technical papers, practicing oral communication and technical writing skills, and independently formulating research questions. Students must have commitment from their CURIS or research mentor for weekly check-in meetings. Prerequisite: CS106B.",3,undergraduate,https://explorecourses.stanford.edu/search?q=CS&filter-departmentcode-CS=on&filter-coursestatus-Active=on,"technical writing, oral communication, research methods, reading technical papers, formulating research questions"
Stanford University,stanford.edu,Computer Science,CS 198,Teaching Computer Science,"Students lead a discussion section of 106A while learning how to teach a programming language at the introductory level. Focus is on teaching skills, techniques, and course specifics. Application and interview required; see http://cs198.stanford.edu.",4-Mar,undergraduate,https://explorecourses.stanford.edu/search?q=CS&filter-departmentcode-CS=on&filter-coursestatus-Active=on,"Java, Teaching, Instructional Techniques, Discussion Leadership"
Stanford University,stanford.edu,Computer Science,CS 198B,Additional Topics in Teaching Computer Science,Students build on the teaching skills developed in CS198. Focus is on techniques used to teach topics covered in CS106B. Prerequisite: successful completion of CS198.,1,undergraduate,https://explorecourses.stanford.edu/search?q=CS&filter-departmentcode-CS=on&filter-coursestatus-Active=on,"Technical Writing, Oral Presentations, Pedagogy, Computer Science Education"
Stanford University,stanford.edu,Computer Science,CS 199,Independent Work,"Special study under faculty direction, usually leading to a written report. Enroll in the section that is led by your research instructor. Letter grade; if not appropriate, enroll in CS199P. Prerequisite: consent of instructor.",6-Jan,undergraduate,https://explorecourses.stanford.edu/search?q=CS&filter-departmentcode-CS=on&filter-coursestatus-Active=on,"Research Methods, Technical Writing, Academic Writing, Research Report Writing"
Stanford University,stanford.edu,Computer Science,CS 199P,Independent Work,"Special study under faculty direction, usually leading to a written report. Enroll in the section that is led by your research instructor. CR/NC only, if not appropriate, enroll in CS199. Prerequisite: consent of instructor.",6-Jan,undergraduate,https://explorecourses.stanford.edu/search?q=CS&filter-departmentcode-CS=on&filter-coursestatus-Active=on,"Research, Technical Writing, Academic Writing"
University of Illinois Urbana-Champaign,illinois.edu,Computer Science,CS 100,Computer Science Orientation,Introduction to Computer Science as a field and career for incoming first year and external transfer students in the computer science majors. Overview of the field and specific examples of problem areas and methods of solution.,1,undergraduate,https://catalog.illinois.edu/courses-of-instruction/cs/,
University of Illinois Urbana-Champaign,illinois.edu,Computer Science,CS 101,Intro Computing: Engrg & Sci,"Fundamental principles, concepts, and methods of computing, with emphasis on applications in the physical sciences and engineering. Basic problem solving and programming techniques; fundamental algorithms and data structures; use of computers in solving engineering and scientific problems. Intended for engineering and science majors. Prerequisite: One of MATH 220 or MATH 221 or MATH 231 or MATH 241 . This course satisfies the General Education Criteria for: Quantitative Reasoning II",3,undergraduate,https://catalog.illinois.edu/courses-of-instruction/cs/,"Algorithms, Data Structures"
University of Illinois Urbana-Champaign,illinois.edu,Computer Science,CS 102,Little Bits to Big Ideas,Same as INFO 102 . See INFO 102 .,4,undergraduate,https://catalog.illinois.edu/courses-of-instruction/cs/,
University of Illinois Urbana-Champaign,illinois.edu,Computer Science,CS 105,Intro Computing: Non-Tech,"Computing as an essential tool of academic and professional activities. Functions and interrelationships of computer system components: hardware, systems and applications software, and networks. Widely used application packages such as spreadsheets and databases. Concepts and practice of programming for the solution of simple problems in different application areas. Intended for non-science and non-engineering majors. Prerequisite: MATH 112 . This course satisfies the General Education Criteria for: Quantitative Reasoning I",3,undergraduate,https://catalog.illinois.edu/courses-of-instruction/cs/,"Computer Hardware, Systems Software, Application Software, Computer Networks, Spreadsheets, Databases, Programming, Quantitative Reasoning"
University of Illinois Urbana-Champaign,illinois.edu,Computer Science,CS 107,Data Science Discovery,Same as IS 107 and STAT 107 . See STAT 107 . This course satisfies the General Education Criteria for: Quantitative Reasoning I,4,undergraduate,https://catalog.illinois.edu/courses-of-instruction/cs/,Quantitative Reasoning
University of Illinois Urbana-Champaign,illinois.edu,Computer Science,CS 124,Introduction to Computer Science I,Basic concepts in computing and fundamental techniques for solving computational problems. Intended as a first course for computer science majors and others with a deep interest in computing. Credit is not given for both CS 124 and CS 125 . Prerequisite: Three years of high school mathematics or MATH 112 . This course satisfies the General Education Criteria for: Quantitative Reasoning I,3,undergraduate,https://catalog.illinois.edu/courses-of-instruction/cs/,"Computing, Computational Problem Solving, Quantitative Reasoning"
University of Illinois Urbana-Champaign,illinois.edu,Computer Science,CS 125,Introduction to Computer Science,Basic concepts in computing and fundamental techniques for solving computational problems. Intended as a first course for computer science majors and others with a deep interest in computing. Credit is not given for both CS 125 and CS 124 . Prerequisite: Three years of high school mathematics or MATH 112 .,4,undergraduate,https://catalog.illinois.edu/courses-of-instruction/cs/,
University of Illinois Urbana-Champaign,illinois.edu,Computer Science,CS 126,Software Design Studio,"Fundamental principles and techniques of software development. Design, documentation, testing, and debugging software, with a significant emphasis on code review. Credit is not given for both CS 242 and CS 126 . Prerequisite: CS 125 . For majors only.",3,undergraduate,https://catalog.illinois.edu/courses-of-instruction/cs/,"Software Design, Documentation, Testing, Debugging, Code Review"
University of Illinois Urbana-Champaign,illinois.edu,Computer Science,CS 128,Introduction to Computer Science II,Continuation of CS 124 . More advanced concepts in computing and techniques and approaches for solving computational problems. Prerequisite: CS 124 or CS 125 . This course satisfies the General Education Criteria for: Quantitative Reasoning II,3,undergraduate,https://catalog.illinois.edu/courses-of-instruction/cs/,
University of Illinois Urbana-Champaign,illinois.edu,Computer Science,CS 173,Discrete Structures,"[IAI Code: CS915] Discrete mathematical structures frequently encountered in the study of Computer Science. Sets, propositions, Boolean algebra, induction, recursion, relations, functions, and graphs. Credit is not given toward graduation for: Credit is not given for both CS 173 and MATH 213 . Prerequisite: One of CS 124 , CS 125 , ECE 220 ; one of MATH 220 , MATH 221 .",3,undergraduate,https://catalog.illinois.edu/courses-of-instruction/cs/,"Discrete Mathematics, Set Theory, Propositional Logic, Boolean Algebra, Mathematical Induction, Recursion, Relation Theory, Function Theory, Graph Theory"
University of Illinois Urbana-Champaign,illinois.edu,Computer Science,CS 196,First-Year Student Honors,"Offered for honors credit in conjunction with other 100-level computer science courses taken concurrently. A special examination may be required for admission to this course. May be repeated if topics vary, for a maximum of 2 hours in the same semester and a maximum of 3 hours total. Prerequisite: Concurrent registration in another 100-level computer science course (see Schedule).",1,undergraduate,https://catalog.illinois.edu/courses-of-instruction/cs/,
University of Illinois Urbana-Champaign,illinois.edu,Computer Science,CS 199,Undergraduate Open Seminar in Computer Science,Topics vary. Approved for Letter and S/U grading. May be repeated.,0 to 5,undergraduate,https://catalog.illinois.edu/courses-of-instruction/cs/,
University of Illinois Urbana-Champaign,illinois.edu,Computer Science,CS 210,Ethical & Professional Issues,"Ethics for the computing profession. Ethical decision-making; licensing; intellectual property, freedom of information, and privacy. Credit is not given for both CS 210 and either CS 211 or ECE 316 . Prerequisite: CS 225 . Junior standing required.",2,undergraduate,https://catalog.illinois.edu/courses-of-instruction/cs/,"Ethical decision-making, Licensing, Intellectual property, Freedom of information, Privacy"
University of Illinois Urbana-Champaign,illinois.edu,Computer Science,CS 211,Ethical and Professional Conduct,"Navigating the complex ethical and professional landscape of the computing professional: privacy, intellectual property, cybersecurity, and freedom of speech. Hands-on exercises, assignments, and discussions in which students analyze current events from perspectives in both philosophical and professional ethics. Writing professionally and technically in several writing assignments requiring peer review, workshops, and multiple rounds of editing and revising. Credit is not given for both CS 211 and CS 210 or ECE 316 . Prerequisite: CS 225 . This course satisfies the General Education Criteria for: Advanced Composition",3,undergraduate,https://catalog.illinois.edu/courses-of-instruction/cs/,"Cybersecurity, Privacy, Intellectual Property, Tech Ethics, Technical Writing, Peer Review, Editing, Revising, Analysis, Professional Writing"
University of Illinois Urbana-Champaign,illinois.edu,Computer Science,CS 222,Software Design Lab,"Design and implementation of novel software solutions. Problem identification and definition; idea generation and evaluation; and software implementation, testing, and deployment. Emphasizes software development best practices—including framework selection, code review, documentation, appropriate library usage, project management, continuous integration and testing, and teamwork. Prerequisite: CS 128 ; credit or concurrent registration in CS 225 . Restricted to majors in Computer Science undergraduate curricula only.",1,undergraduate,https://catalog.illinois.edu/courses-of-instruction/cs/,"Software Design, Software Implementation, Testing, Deployment, Framework Selection, Code Review, Documentation, Library Usage, Project Management, Continuous Integration, Continuous Testing, Teamwork, Problem Identification, Idea Generation, Idea Evaluation"
University of Illinois Urbana-Champaign,illinois.edu,Computer Science,CS 225,Data Structures,"Data abstractions: elementary data structures (lists, stacks, queues, and trees) and their implementation using an object-oriented programming language. Solutions to a variety of computational problems such as search on graphs and trees. Elementary analysis of algorithms. Credit is not given toward graduation for: CS 277 if credit for CS 225 has been earned. Prerequisite: CS 126 or CS 128 or ECE 220 ; One of CS 173 , CS 413 , MATH 213 , MATH 314 , MATH 347 , MATH 412 , or MATH 413 . This course satisfies the General Education Criteria for: Quantitative Reasoning II",4,undergraduate,https://catalog.illinois.edu/courses-of-instruction/cs/,"Data Abstractions, Lists, Stacks, Queues, Trees, Object-Oriented Programming, Graph Search, Tree Search, Algorithm Analysis, Computational Problem Solving, Quantitative Reasoning"
University of Illinois Urbana-Champaign,illinois.edu,Computer Science,CS 233,Computer Architecture,"Fundamentals of computer architecture: digital logic design, working up from the logic gate level to understand the function of a simple computer; machine-level programming to understand implementation of high-level languages; performance models of modern computer architectures to enable performance optimization of software; hardware primitives for parallelism and security. Prerequisite: CS 125 or CS 128 ; CS 173 or MATH 213 ; credit or concurrent enrollment in CS 225 .",4,undergraduate,https://catalog.illinois.edu/courses-of-instruction/cs/,"Computer Architecture, Digital Logic Design, Logic Gates, Machine-Level Programming, Performance Modeling, Software Performance Optimization, Parallelism, Hardware Security"
University of Illinois Urbana-Champaign,illinois.edu,Computer Science,CS 242,Programming Studio,Intensive programming lab intended to strengthen skills in programming. Prerequisite: CS 241.,3,undergraduate,https://catalog.illinois.edu/courses-of-instruction/cs/,Programming
University of Illinois Urbana-Champaign,illinois.edu,Computer Science,CS 265,Innovation Illinois: From Accessible Design to Supercomputing Cultures,Same as IS 265 and MACS 265 . See MACS 265 .,3,undergraduate,https://catalog.illinois.edu/courses-of-instruction/cs/,
University of Illinois Urbana-Champaign,illinois.edu,Computer Science,CS 266,Community Innovation,Same as IS 266 and MACS 266 . See IS 266 . This course satisfies the General Education Criteria for: Social & Beh Sci - Soc Sci Cultural Studies - Western,3,undergraduate,https://catalog.illinois.edu/courses-of-instruction/cs/,
University of Illinois Urbana-Champaign,illinois.edu,Computer Science,CS 277,Algorithms and Data Structures for Data Science,"Introduction to elementary concepts in algorithms and classical data structures with a focus on their applications in Data Science. Topics include algorithm analysis (ex: Big-O notation), elementary data structures (ex: lists, stacks, queues, trees, and graphs), basics of discrete algorithm design principles (ex: greedy, divide and conquer, dynamic programming), and discussion of discrete and continuous optimization. Credit is not given for CS 277 if credit for CS 225 is earned. Prerequisite: STAT 207 ; one of MATH 220 , MATH 221 , MATH 234 . CS 277 cannot be taken concurrently with CS 225 .",4,undergraduate,https://catalog.illinois.edu/courses-of-instruction/cs/,"Algorithms, Data Structures, Big-O notation, Lists, Stacks, Queues, Trees, Graphs, Greedy algorithms, Divide and conquer, Dynamic programming, Discrete optimization, Continuous optimization"
University of Illinois Urbana-Champaign,illinois.edu,Computer Science,CS 296,Honors Course,Group projects for honors credit in computer science. Sections of this course are offered in conjunction with other 200-level computer science courses taken concurrently. A special examination may be required for admission to this course. May be repeated. Prerequisite: Concurrent registration in another 200-level computer science course (see Schedule).,1,undergraduate,https://catalog.illinois.edu/courses-of-instruction/cs/,
University of Illinois Urbana-Champaign,illinois.edu,Computer Science,CS 307,Modeling and Learning in Data Science,"Introduction to the use of classical approaches in data modeling and machine learning in the context of solving data-centric problems. A broad coverage of fundamental models is presented, including linear models, unsupervised learning, supervised learning, and deep learning. A significant emphasis is placed on the application of the models in Python and the interpretability of the results. Prerequisite: STAT 207 ; one of MATH 225 , MATH 227 , MATH 257 , MATH 415 , MATH 416 , ASRM 406 .",4,undergraduate,https://catalog.illinois.edu/courses-of-instruction/cs/,"Data Modeling, Machine Learning, Linear Models, Unsupervised Learning, Supervised Learning, Deep Learning, Python, Model Interpretability"
University of Illinois Urbana-Champaign,illinois.edu,Computer Science,CS 340,Introduction to Computer Systems,"Basics of computer systems. Number representations, assembly/machine language, abstract models of processors (fetch/execute, memory hierarchy), processes/process control, simple memory management, file I/O and directories, network programming, usage of cloud services. Credit is not given for both CS 340 and CS 240. Prerequisite: CS 128 and CS 225 .",3,undergraduate,https://catalog.illinois.edu/courses-of-instruction/cs/,"Computer Systems, Number Representations, Assembly Language, Machine Language, Processor Architecture, Memory Hierarchy, Process Control, Memory Management, File I/O, Network Programming, Cloud Computing"
University of Illinois Urbana-Champaign,illinois.edu,Computer Science,CS 341,System Programming,"Basics of system programming, including POSIX processes, process control, inter-process communication, synchronization, signals, simple memory management, file I/O and directories, shell programming, socket network programming, RPC programming in distributed systems, basic security mechanisms, and standard tools for systems programming such as debugging tools. Credit is not given for both CS 341 and either CS 241 or ECE 391 . Prerequisite: CS 225 and CS 233 .",4,undergraduate,https://catalog.illinois.edu/courses-of-instruction/cs/,"POSIX processes, process control, inter-process communication, synchronization, signals, memory management, file I/O, directory management, shell programming, socket network programming, RPC programming, distributed systems, security mechanisms, debugging tools, POSIX, system programming"
University of Illinois Urbana-Champaign,illinois.edu,Computer Science,CS 357,Numerical Methods I,"Fundamentals of numerical methods for students in science and engineering; floating-point computation, systems of linear equations, approximation of functions and integrals, the single nonlinear equation, and the numerical solution of ordinary differential equations; various applications in science and engineering; programming exercises and use of high quality mathematical library routines. (Counts for advanced hours in LAS). Same as MATH 357 . Credit is not given toward graduation for: Credit is not given towards graduation for CS 357 if credit for CS 450 has been earned. Prerequisite: One of CS 101 , CS 105 , CS 124 , CS 125 or ECE 220 ; MATH 241 ; one of MATH 225 , MATH 227 , MATH 257 , MATH 415 , MATH 416 , ASRM 406 or BIOE 210 .",3,undergraduate,https://catalog.illinois.edu/courses-of-instruction/cs/,"Floating-point computation, Linear systems solving, Function approximation, Numerical integration, Root-finding algorithms, Numerical ODE solution, Mathematical library usage"
University of Illinois Urbana-Champaign,illinois.edu,Computer Science,CS 361,Probability & Statistics for Computer Science,"Introduction to probability theory and statistics with applications to computer science. Topics include: visualizing datasets, summarizing data, basic descriptive statistics, conditional probability, independence, Bayes theorem, random variables, joint and conditional distributions, expectation, variance and covariance, central limit theorem. Markov inequality, Chebyshev inequality, law of large numbers, Markov chains, simulation, the PageRank algorithm, populations and sampling, sample mean, standard error, maximum likelihood estimation, Bayes estimation, hypothesis testing, confidence intervals, linear regression, principal component analysis, classification, and decision trees. Credit is not given toward graduation for: Credit is not given for both CS 361 and ECE 313 . Prerequisite: MATH 220 or MATH 221 . Credit or concurrent registration in one of MATH 225 , MATH 227 , MATH 257 , MATH 415 , MATH 416 , ASRM 406 or BIOE 210 .",3,undergraduate,https://catalog.illinois.edu/courses-of-instruction/cs/,"Probability theory, Statistics, Data visualization, Data summarization, Descriptive statistics, Conditional probability, Independence, Bayes theorem, Random variables, Joint distributions, Conditional distributions, Expectation, Variance, Covariance, Central limit theorem, Markov inequality, Chebyshev inequality, Law of large numbers, Markov chains, Simulation, PageRank algorithm, Populations and sampling, Sample mean, Standard error, Maximum likelihood estimation, Bayesian estimation, Hypothesis testing, Confidence intervals, Linear regression, Principal component analysis, Classification, Decision trees"
University of Illinois Urbana-Champaign,illinois.edu,Computer Science,CS 374,Introduction to Algorithms & Models of Computation,"Analysis of algorithms, major paradigms of algorithm design including recursive algorithms, divide-and-conquer algorithms, dynamic programming, greedy algorithms, and graph algorithms. Formal models of computation including finite automata and Turing machines. Limitations of computation arising from fundamental notions of algorithm and from complexity-theoretic constraints. Reductions, undecidability and NP-completeness. Same as ECE 374 . Prerequisite: One of CS 173 , MATH 213 ; CS 225 .",4,undergraduate,https://catalog.illinois.edu/courses-of-instruction/cs/,"Algorithm Analysis, Recursive Algorithms, Divide-and-Conquer Algorithms, Dynamic Programming, Greedy Algorithms, Graph Algorithms, Formal Models of Computation, Finite Automata, Turing Machines, Computational Complexity Theory, Reductions, Undecidability, NP-completeness"
University of Illinois Urbana-Champaign,illinois.edu,Computer Science,CS 397,Individual Study,May be repeated. Prerequisite: Consent of instructor.,1 to 3,undergraduate,https://catalog.illinois.edu/courses-of-instruction/cs/,
University of Illinois Urbana-Champaign,illinois.edu,Computer Science,CS 398,Special Topics,Subject offerings of new and developing areas of knowledge in computer science intended to augment the existing curriculum. See Class Schedule or departmental course information for topics and prerequisites. May be repeated in the same or separate terms if topics vary.,1 to 4,undergraduate,https://catalog.illinois.edu/courses-of-instruction/cs/,
University of Illinois Urbana-Champaign,illinois.edu,Computer Science,CS 400,Accelerated Fundamentals of Computing I,"The first class in a sequence of two classes that introduces students to the basic concepts in computing with an emphasis on the fundamental techniques for solving computational problems. Topics include: core programming concepts (variables, data types, conditional expressions, loops, functions), basic data structures, searching and sorting algorithms, and data exploration and visualization. No prior programming experience is required. No undergraduate credit. 3 graduate hours. Prerequisite: Current enrollment in the Illinois Computing Accelerator for Non-specialists (iCAN) program or consent of instructor. Restricted to post-baccalaureate students with a non-computing background.",3,undergraduate,https://catalog.illinois.edu/courses-of-instruction/cs/,"Variables, Data Types, Conditional Expressions, Loops, Functions, Data Structures, Searching Algorithms, Sorting Algorithms, Data Exploration, Data Visualization"
University of Illinois Urbana-Champaign,illinois.edu,Computer Science,CS 401,Accelerated Fundamentals of Algorithms I,"The first class in a sequence of two classes that introduces students to the theoretical foundations of computer science. Topics include counting, sets, functions, decision trees, recursion, binary numbers, basic graph theory, depth first search and breadth first search, algorithms for computing shortest paths, data structures like stacks and queues, big O notation and asymptotic analysis, complexity classes like P and NP, and reductions. No undergraduate credit. 3 graduate hours. Prerequisite: Current enrollment in the Illinois Computing Accelerator for Non-specialists (iCAN) program or consent of instructor. Restricted to post- baccalaureate students with a non-computing background.",3,undergraduate,https://catalog.illinois.edu/courses-of-instruction/cs/,"Counting, Set Theory, Functions, Decision Trees, Recursion, Binary Numbers, Graph Theory, Depth-First Search, Breadth-First Search, Shortest Path Algorithms, Stacks, Queues, Big O Notation, Asymptotic Analysis, Complexity Classes, P vs NP, Reductions"
University of Illinois Urbana-Champaign,illinois.edu,Computer Science,CS 402,Accelerated Fundamentals of Computing II,"Provides an accelerated introduction to class-based program design and the design of abstractions that support the design of reusable software and libraries. It reviews typical object-oriented concepts such as information hiding, encapsulation, polymorphism, inheritance, composition, and common design patterns. The course will also covers exception handling, database programming, and concurrent programming. No undergraduate credit. 3 graduate hours. Prerequisite: CS 400 or consent of instructor. Current enrollment in the Illinois Computing Accelerator for Non-specialists (iCAN) program or consent of instructor. Restricted to post-baccalaureate students with a non-computing background.",3,undergraduate,https://catalog.illinois.edu/courses-of-instruction/cs/,"Class-Based Design, Abstraction Design, Reusable Software Design, Library Design, Object-Oriented Programming, Information Hiding, Encapsulation, Polymorphism, Inheritance, Composition, Design Patterns, Exception Handling, Database Programming, Concurrent Programming"
University of Illinois Urbana-Champaign,illinois.edu,Computer Science,CS 403,Accelerated Fundamentals of Algorithms II,"The second class in a sequence of two classes that introduces students to the theoretical foundations of computer science. Topics include major paradigms of algorithm design divide and conquer, greedy, recursive, and dynamic programming; solving recurrences and analysis of divide and conquer algorithms; graph algorithms; formal models of computations like finite state automata and Turing machines; reductions. No undergraduate credit. 3 graduate hours. Prerequisite: CS 401 or consent of instructor. Current enrollment in the Illinois Computing Accelerator for Non-specialists (iCAN) program or consent of instructor. Restricted to post-baccalaureate students with a non-computing background.",3,undergraduate,https://catalog.illinois.edu/courses-of-instruction/cs/,"Algorithm Design, Divide and Conquer, Greedy Algorithms, Recursive Programming, Dynamic Programming, Recurrence Relations, Algorithm Analysis, Graph Algorithms, Formal Models of Computation, Finite State Automata, Turing Machines, Reductions"
University of Illinois Urbana-Champaign,illinois.edu,Computer Science,CS 407,Cryptography,Same as ECE 407 . See ECE 407 .,3,undergraduate,https://catalog.illinois.edu/courses-of-instruction/cs/,
University of Illinois Urbana-Champaign,illinois.edu,Computer Science,CS 409,The Art of Web Programming,"Client- and server-side technologies that enable modern Web applications. Topics include the building blocks of the Web (browsers, HTML, CSS, JavaScript) and data exchange (HTTP, AJAX, JSON, REST). Assignments expose students to full-stack web development, and JavaScript frameworks that scaffold MVC architectures and event-driven, asynchronous programming. The course culminates in a final project, where students work in teams to design and develop an original, database-backed web application. 3 undergraduate hours. 3 or 4 graduate hours. Prerequisite: CS 225 .",3,undergraduate,https://catalog.illinois.edu/courses-of-instruction/cs/,"Client-Side Development, Server-Side Development, Web Application Development, HTML, CSS, JavaScript, HTTP, AJAX, JSON, REST, Full-Stack Web Development, JavaScript Frameworks, MVC Architecture, Event-Driven Programming, Asynchronous Programming, Teamwork, Web Design, Databases"
University of Illinois Urbana-Champaign,illinois.edu,Computer Science,CS 410,Text Information Systems,"Theory, design, and implementation of text-based information systems. Text analysis, retrieval models (e.g., Boolean, vector space, probabilistic), text categorization, text filtering, clustering, retrieval system design and implementation, and applications to web information management. 3 undergraduate hours. 3 or 4 graduate hours. Prerequisite: CS 225 .",3,undergraduate,https://catalog.illinois.edu/courses-of-instruction/cs/,"Information Retrieval, Boolean model, Vector Space Model, Probabilistic Model, Text Analysis, Text Categorization, Text Filtering, Clustering, Retrieval System Design, Web Information Management"
University of Illinois Urbana-Champaign,illinois.edu,Computer Science,CS 411,Database Systems,"Examination of the logical organization of databases: the entity-relationship model; the hierarchical, network, and relational data models and their languages. Functional dependencies and normal forms. Design, implementation, and optimization of query languages; security and integrity; concurrency control, and distributed database systems. 3 undergraduate hours. 3 or 4 graduate hours. Prerequisite: CS 225 .",3,undergraduate,https://catalog.illinois.edu/courses-of-instruction/cs/,"Entity-Relationship Modeling, Hierarchical Data Model, Network Data Model, Relational Data Model, Functional Dependency Analysis, Normal Forms, Query Language Design, Query Language Implementation, Query Optimization, Database Security, Data Integrity, Concurrency Control, Distributed Database Systems"
University of Illinois Urbana-Champaign,illinois.edu,Computer Science,CS 412,Introduction to Data Mining,"Concepts, techniques, and systems of data warehousing and data mining. Design and implementation of data warehouse and on-line analytical processing (OLAP) systems; data mining concepts, methods, systems, implementations, and applications. 3 undergraduate hours. 3 or 4 graduate hours. Prerequisite: CS 225 .",3,undergraduate,https://catalog.illinois.edu/courses-of-instruction/cs/,"Data Warehousing, Data Mining, On-line Analytical Processing (OLAP), Database Design, Database Implementation, Data Modeling, Statistical Analysis, Algorithms"
University of Illinois Urbana-Champaign,illinois.edu,Computer Science,CS 413,Intro to Combinatorics,Same as MATH 413 . See MATH 413 .,3,undergraduate,https://catalog.illinois.edu/courses-of-instruction/cs/,
University of Illinois Urbana-Champaign,illinois.edu,Computer Science,CS 414,Multimedia Systems,"Organization and structure of modern multimedia systems; audio and video encoding; quality of service concepts; scheduling algorithms for multimedia within OS and networks multimedia protocols over high-speed networks; synchronization schemes, user-interface design; multimedia teleservices. 3 undergraduate hours. 3 or 4 graduate hours. Prerequisite: One of CS 240, CS 241, CS 340 , CS 341 or ECE 391 .",3,undergraduate,https://catalog.illinois.edu/courses-of-instruction/cs/,"Multimedia Systems, Audio Encoding, Video Encoding, Quality of Service (QoS), Scheduling Algorithms, Operating Systems, Computer Networks, Network Protocols, Synchronization Schemes, User-Interface Design"
University of Illinois Urbana-Champaign,illinois.edu,Computer Science,CS 415,Game Development,"A team and project-based course on the technical aspects of video game development and game engine internals: geometric modeling, game physics and AI, shader programming, real-time physically based rendering, and software engineering practices within the game industry. The central focus of the course is the development of a game by teams of 3 to 5 students. The course strongly emphasizes code development using a modern game engine. Students will gain skills necessary to develop games and to develop game engines. 3 undergraduate hours. 4 graduate hours. Prerequisite: CS 225 .",3,undergraduate,https://catalog.illinois.edu/courses-of-instruction/cs/,"Geometric Modeling, Game Physics, Artificial Intelligence, Shader Programming, Real-Time Physically Based Rendering, Software Engineering Practices, Game Engine Internals, Team-Based Project Development"
University of Illinois Urbana-Champaign,illinois.edu,Computer Science,CS 416,Data Visualization,"Elements of databases, computer graphics and perceptual psychology combined to utilize the human visual system to improve user understanding of large datasets. Topics include appropriate and effective selection and construction of charts, organization of dashboards, and design for user engagement and interaction. 3 undergraduate hours. 4 graduate hours. Prerequisite: CS 225 .",3,undergraduate,https://catalog.illinois.edu/courses-of-instruction/cs/,"Databases, Computer Graphics, Perceptual Psychology, Data Visualization, Chart Selection, Chart Construction, Dashboard Organization, User Engagement Design, Interaction Design, Human-Computer Interaction (HCI)"
University of Illinois Urbana-Champaign,illinois.edu,Computer Science,CS 417,Introduction to Extended Reality,"Provides a deep understanding of the fundamentals of virtual reality (VR) and augmented reality (AR) systems through practical experience implementing these extended reality (XR) systems. Topics covered include visual and audio display technology, tracking, human perception and psychophysics, building user interfaces for XR applications, and analyzing XR experiences. 3 undergraduate hours. 4 graduate hours. Prerequisite: CS 128 ; one of MATH 257 , MATH 225 , MATH 227 , MATH 415 , MATH 416 , ASRM 406 or BIOE 210 .",3,undergraduate,https://catalog.illinois.edu/courses-of-instruction/cs/,"Virtual Reality, Augmented Reality, Extended Reality, Visual Display Technology, Audio Display Technology, Sensor Tracking, Human Perception, Psychophysics, XR UI Development, XR Experience Analysis"
University of Illinois Urbana-Champaign,illinois.edu,Computer Science,CS 418,Interactive Computer Graphics,"Basic mathematical tools and computational techniques for modeling, rendering, and animating 3-D scenes. Same as CSE 427 . 3 undergraduate hours. 3 or 4 graduate hours. Prerequisite: CS 225 ; One of MATH 225 , MATH 257 , MATH 415 , MATH 416 , ASRM 406 , or BIOE 210 ; MATH 241 .",3,undergraduate,https://catalog.illinois.edu/courses-of-instruction/cs/,"3D Modeling, 3D Rendering, 3D Animation, Computational Techniques, Linear Algebra, Multivariable Calculus, Matrix Algebra"
University of Illinois Urbana-Champaign,illinois.edu,Computer Science,CS 419,Production Computer Graphics,"Advanced methods for representing, displaying, and rendering two-, three-, and four-dimensional scenes. General algebraic curves and surfaces, splines, Gaussian and bump-function representation, fractals, particle systems, constructive solid geometry methods, lighting models, radiosity, advanced ray-tracing methods, surface texturing animation techniques, data visualization methods. 3 undergraduate hours. 3 or 4 graduate hours. Prerequisite: CS 418 or CSE 427 .",3,undergraduate,https://catalog.illinois.edu/courses-of-instruction/cs/,"2D Rendering, 3D Rendering, 4D Rendering, Algebraic Curves, Algebraic Surfaces, Splines, Gaussian Representation, Bump Mapping, Fractals, Particle Systems, Constructive Solid Geometry, Lighting Models, Radiosity, Ray Tracing, Surface Texturing, Computer Animation, Data Visualization"
University of Illinois Urbana-Champaign,illinois.edu,Computer Science,CS 420,Parallel Progrmg: Sci & Engrg,"Fundamental issues in design and development of parallel programs for various types of parallel computers. Various programming models according to both machine type and application area. Cost models, debugging, and performance evaluation of parallel programs with actual application examples. Same as CSE 402 and ECE 492 . 3 undergraduate hours. 3 or 4 graduate hours. Prerequisite: CS 225 .",3,undergraduate,https://catalog.illinois.edu/courses-of-instruction/cs/,"Parallel Programming, Parallel Computing, Software Design, Software Development, Programming Models, Cost Modeling, Debugging, Performance Evaluation"
University of Illinois Urbana-Champaign,illinois.edu,Computer Science,CS 421,Programming Languages & Compilers,"Structure of programming languages and their implementation. Basic language design principles; abstract data types; functional languages; type systems; object-oriented languages. Basics of lexing, parsing, syntax-directed translation, semantic analysis, and code generation. 3 undergraduate hours. 3 or 4 graduate hours. Prerequisite: One of CS 233 , CS 240, CS 340 or ECE 391 ; CS 374 or ECE 374 ; one of MATH 225 , MATH 257 , MATH 415 , MATH 416 , ASRM 406 , or BIOE 210 .",3,undergraduate,https://catalog.illinois.edu/courses-of-instruction/cs/,"Programming language design, Abstract data types, Functional languages, Type systems, Object-oriented languages, Lexing, Parsing, Syntax-directed translation, Semantic analysis, Code generation"
University of Illinois Urbana-Champaign,illinois.edu,Computer Science,CS 422,Programming Language Design,Exploration of major language design paradigms using imperative and functional programming as unifying themes. Tools include both practical language processor construction and theoretical models. 3 undergraduate hours. 3 or 4 graduate hours. Prerequisite: CS 421 .,3,undergraduate,https://catalog.illinois.edu/courses-of-instruction/cs/,"Language Design Paradigms, Imperative Programming, Functional Programming, Language Processor Construction, Theoretical Models"
University of Illinois Urbana-Champaign,illinois.edu,Computer Science,CS 423,Operating Systems Design,"Organization and structure of modern operating systems and concurrent programming concepts. Deadlock, virtual memory, processor scheduling, and disk systems. Performance, security, and protection. Same as CSE 423 . 3 undergraduate hours. 3 or 4 graduate hours. Prerequisite: One of CS 241, CS 341 , or ECE 391 .",3,undergraduate,https://catalog.illinois.edu/courses-of-instruction/cs/,"Operating Systems, Concurrent Programming, Deadlock Handling, Virtual Memory Management, Processor Scheduling, Disk I/O Systems, System Performance Analysis, Security Mechanisms, Protection Mechanisms"
University of Illinois Urbana-Champaign,illinois.edu,Computer Science,CS 424,Real-Time Systems,"Supervisory control aspects of Cyber Physical Systems (CPS): fundamentals of reliability analysis, real-time scheduling, simple feedback control, software fault tolerance architecture, wireless networking and energy saving, principles of safety critical system engineering. Student groups design and demonstrate supervisory control architecture for a robot. 3 undergraduate hours. 3 or 4 graduate hours. Prerequisite: One of CS 241, CS 341 or ECE 391 .",3,undergraduate,https://catalog.illinois.edu/courses-of-instruction/cs/,"Cyber-Physical Systems, Reliability Analysis, Real-time Scheduling, Feedback Control, Software Fault Tolerance, Wireless Networking, Energy Saving, Safety-Critical System Engineering, Robotics, Supervisory Control Architecture"
University of Illinois Urbana-Champaign,illinois.edu,Computer Science,CS 425,Distributed Systems,"Protocols, specification techniques, global states and their determination, reliable broadcast, transactions and commitment, security, and real-time systems. Same as ECE 428 . 3 or 4 undergraduate hours. 3 or 4 graduate hours. Prerequisite: Credit or concurrent enrollment in one of CS 240, CS 241, CS 340 , CS 341 or ECE 391 .",3,undergraduate,https://catalog.illinois.edu/courses-of-instruction/cs/,"Distributed Protocols, Formal Specification, Distributed Algorithms, Global State Detection, Reliable Broadcast, Distributed Transactions, Atomic Commitment, Cybersecurity, Real-Time Systems"
University of Illinois Urbana-Champaign,illinois.edu,Computer Science,CS 426,Compiler Construction,"Compiler structure, syntax analysis, syntax-directed translation, automatically constructed recognizers, semantic analysis, code generation, intermediate language, optimization techniques. 3 undergraduate hours. 3 or 4 graduate hours. Prerequisite: Credit or concurrent enrollment in CS 421 .",3,undergraduate,https://catalog.illinois.edu/courses-of-instruction/cs/,"Compiler Design, Syntax Analysis, Syntax-Directed Translation, Semantic Analysis, Code Generation, Intermediate Language, Optimization Techniques"
University of Illinois Urbana-Champaign,illinois.edu,Computer Science,CS 427,Software Engineering I,"Software process, analysis and design. Software development paradigms, system engineering, function-based analysis and design, and object-oriented analysis and design. Course will use team-projects for hands-on exercises. Same as CSE 426 . 3 undergraduate hours. 3 or 4 graduate hours. Prerequisite: One of CS 222 , CS 240, CS 241, CS 340 , CS 341 or ECE 391 .",3,undergraduate,https://catalog.illinois.edu/courses-of-instruction/cs/,"Software Process, Software Analysis, Software Design, System Engineering, Function-Based Analysis and Design, Object-Oriented Analysis and Design, Team Projects"
University of Illinois Urbana-Champaign,illinois.edu,Computer Science,CS 428,Software Engineering II,"Continuation of CS 427 . Software development, management, and maintenance. Project and configuration management, collaborative development models, software quality assurance, interoperability domain engineering and software reuse, and software re-engineering. Same as CSE 429 . 3 undergraduate hours. 3 or 4 graduate hours. Prerequisite: CS 427 or CSE 426 .",3,undergraduate,https://catalog.illinois.edu/courses-of-instruction/cs/,"Software Development, Software Management, Software Maintenance, Project Management, Configuration Management, Collaborative Development Models, Software Quality Assurance, Interoperability, Domain Engineering, Software Reuse, Software Re-engineering"
University of Illinois Urbana-Champaign,illinois.edu,Computer Science,CS 429,"Software Engineering II, ACP",Continuation of CS 427 . Identical to CS 428 except for the additional writing component. See CS 428 . 3 undergraduate hours. 3 graduate hours. Prerequisite: CS 427 or CSE 426 .,3,undergraduate,https://catalog.illinois.edu/courses-of-instruction/cs/,"Technical Writing, Academic Writing"
University of Illinois Urbana-Champaign,illinois.edu,Computer Science,CS 431,Embedded Systems,"Students will learn embedded system architecture, Real-Time Operating Systems, and real-time software design and development techniques, including 1) real-time software designs, practical signal processing, and control techniques in embedded applications, including the safe use of machine learning, and 2) the schedulability analysis to ensure deadlines of tasks are met. In the lab, students will practice what they learn in the class so that their software can drive a two-wheeled robot car along a course and avoid obstacles autonomously. 3 undergraduate hours. 3 or 4 graduate hours. Prerequisite: One of CS 241, CS 341 or ECE 391 .",3,undergraduate,https://catalog.illinois.edu/courses-of-instruction/cs/,"Embedded System Architecture, Real-Time Operating Systems (RTOS), Real-Time Software Design, Signal Processing, Control Systems, Machine Learning, Schedulability Analysis, Robotics, Autonomous Systems, Embedded C, Task Scheduling, Algorithm Design"
University of Illinois Urbana-Champaign,illinois.edu,Computer Science,CS 433,Computer System Organization,"Computer hardware design and analysis and interface with software. Advanced processor design, including superscalar, out-of-order issue, branch prediction, and speculation. Memory hierarchy design, including advanced cache optimizations, main memory, and virtual memory. Principles of multiprocessor design, including shared-memory, cache coherence, synchronization, and consistency. Other advanced topics depending on time; e.g., GPUs and accelerators, warehouse computers and data centers, security. Same as CSE 422 . 3 undergraduate hours. 4 graduate hours. Prerequisite: CS 233 .",3,undergraduate,https://catalog.illinois.edu/courses-of-instruction/cs/,"Hardware Design, Hardware Analysis, Hardware-Software Interface, Processor Design, Superscalar Architecture, Out-of-Order Execution, Branch Prediction, Speculative Execution, Memory Hierarchy Design, Cache Optimization, Main Memory Design, Virtual Memory, Multiprocessor Design, Shared-Memory Architecture, Cache Coherence, Synchronization, Memory Consistency, GPUs, Hardware Accelerators, Data Center Architecture, Cybersecurity"
University of Illinois Urbana-Champaign,illinois.edu,Computer Science,CS 434,Real World Algorithms for IoT and Data Science,Same as ECE 434 . See ECE 434 .,3,undergraduate,https://catalog.illinois.edu/courses-of-instruction/cs/,
University of Illinois Urbana-Champaign,illinois.edu,Computer Science,CS 435,Cloud Networking,"Provides a foundational view of computer networks with a focus on enabling modern large-scale cloud computing. The first part of this course studies the principles upon which the Internet and other networks are built, and how those principles translate into deployed protocols. The second part covers how those principles are applied in network infrastructure for modern clouds, enabling deployment of virtual networks on shared infrastructure, efficient transfer of big data and low latency communication, and federation of applications across countries and continents. 3 undergraduate hours. 4 graduate hours. Credit is not given for both CS 435 and CS 438 / ECE 438 . Prerequisite: One of CS 240, CS 241, CS 340 , CS 341 or ECE 391 .",3,undergraduate,https://catalog.illinois.edu/courses-of-instruction/cs/,"Computer Networks, Network Protocols, Internet Principles, Cloud Computing, Virtual Network Deployment, Big Data Transfer, Low Latency Communication, Application Federation, Network Infrastructure, Shared Infrastructure"
University of Illinois Urbana-Champaign,illinois.edu,Computer Science,CS 436,Computer Networking Laboratory,"Design, application, analysis, and deployment of communication protocols and system software behind modern cloud/compute/network infrastructures. Students learn the internals of modern system infrastructures, including operating system networking kernels, cloud application service code, and firewall and router configuration. Students will gain experience with widely-used and production-grade code and systems, such as Cisco IOS, the Linux networking stack, and Amazon Web Services. This class links theory with practice to prepare students to confidently carry out tasks they will commonly encounter in industry, such as building an enterprise network, deploying a large-scale cloud service, or implementing a new network protocol. Same as ECE 435 . 3 undergraduate hours. 3 or 4 graduate hours. Prerequisite: One of CS 240, CS 241, CS 340 , CS 341 or ECE 391 .",3,undergraduate,https://catalog.illinois.edu/courses-of-instruction/cs/,"Cisco IOS, Linux networking stack, Amazon Web Services, firewall configuration, router configuration, operating system networking kernels, cloud application service code, network protocol design, enterprise network design, cloud service deployment"
University of Illinois Urbana-Champaign,illinois.edu,Computer Science,CS 437,Topics in Internet of Things,"Topics of networked embedded computing technology, known as the Internet of Things, in application, distributed, human-centric, or social contexts. The tight coupling between people, networking protocols, computing elements, and physical things in IoT systems presents unique challenges for data collection, processing in constrained computation and communication environments. Introduces general principles of IoT systems and protocol, offers broad foundations for IoT services, and allows specialization to pursue an in-depth understanding of selected IoT aspects or subtopics. 3 undergraduate hours. 4 graduate hours. May be repeated if topics vary. Credit towards a degree from multiple offerings of this course is not given if those offerings have significant overlap, as determined by the CS department. Prerequisite: CS 241 or CS 341 . Additional prerequisites may be specified each term. See section information.",3,undergraduate,https://catalog.illinois.edu/courses-of-instruction/cs/,"Embedded Systems, Networking Protocols, Data Collection, Data Processing, Constrained Computation, Communication Environments, IoT Systems, IoT Protocols, IoT Services, Distributed Systems, Human-Centric Design, Sensors, Signal Processing"
University of Illinois Urbana-Champaign,illinois.edu,Computer Science,CS 438,Computer Networks,"Layered architectures and the OSI Reference Model; design issues and protocols in the transport, network, and data link layers; architectures and control algorithms of local-area, point-to-point, and satellite networks; standards in networks access protocols; models of network interconnection; overview of networking and communication software. Same as ECE 438 . 3 undergraduate hours. 3 or 4 graduate hours. Prerequisite: One of CS 241, CS 341 or ECE 391 ; strongly recommend one of CS 361 , STAT 361 , ECE 313 , MATH 362 , MATH 461 , MATH 463 or STAT 400 .",3,undergraduate,https://catalog.illinois.edu/courses-of-instruction/cs/,"OSI Reference Model, Layered Architectures, Network Protocols, Transport Layer, Network Layer, Data Link Layer, Local-Area Networks, Point-to-Point Networks, Satellite Networks, Network Access Protocols, Network Interconnection, Communication Software, Statistical Modeling, Probability Theory"
University of Illinois Urbana-Champaign,illinois.edu,Computer Science,CS 439,Wireless Networks,Same as ECE 439 . See ECE 439 .,3,undergraduate,https://catalog.illinois.edu/courses-of-instruction/cs/,
University of Illinois Urbana-Champaign,illinois.edu,Computer Science,CS 440,Artificial Intelligence,"Major topics in and directions of research in artificial intelligence: basic problem solving techniques, knowledge representation and computer inference, machine learning, natural language understanding, computer vision, robotics, and societal impacts. Same as ECE 448 . 3 undergraduate hours. 3 or 4 graduate hours. Prerequisite: CS 225 ; one of CS 361 , STAT 361 , ECE 313 , MATH 362 , MATH 461 , MATH 463 , STAT 400 or BIOE 310 .",3,undergraduate,https://catalog.illinois.edu/courses-of-instruction/cs/,"Artificial Intelligence, Problem Solving, Knowledge Representation, Computer Inference, Machine Learning, Natural Language Understanding, Computer Vision, Robotics, Tech Ethics"
University of Illinois Urbana-Champaign,illinois.edu,Computer Science,CS 441,Applied Machine Learning,"Techniques of machine learning to various signal problems: regression, including linear regression, multiple regression, regression forest and nearest neighbors regression; classification with various methods, including logistic regression, support vector machines, nearest neighbors, simple boosting and decision forests; clustering with various methods, including basic agglomerative clustering and k-means; resampling methods, including cross-validation and the bootstrap; model selection methods, including AIC, stepwise selection and the lasso; hidden Markov models; model estimation in the presence of missing variables; and neural networks, including deep networks. The course will focus on tool-oriented and problem-oriented exposition. Application areas include computer vision, natural language, interpreting accelerometer data, and understanding audio data. 3 undergraduate hours. 3 or 4 graduate hours. Prerequisite: One of CS 225 or CS 277 , and one of CS 361 , STAT 361 , ECE 313 , BIOE 310 , MATH 362 , MATH 461 , MATH 463 or STAT 400 .",3,undergraduate,https://catalog.illinois.edu/courses-of-instruction/cs/,"linear regression, multiple regression, regression forest, nearest neighbors regression, logistic regression, support vector machines, k-nearest neighbors, simple boosting, decision forests, agglomerative clustering, k-means, cross-validation, bootstrap, AIC, stepwise selection, lasso, hidden Markov model, missing data estimation, neural networks, deep networks, computer vision, natural language processing, accelerometer data analysis, audio data analysis, signal processing"
University of Illinois Urbana-Champaign,illinois.edu,Computer Science,CS 442,Trustworthy Machine Learning,"Prepares students to understand the security and privacy problems in machine learning and educates students to propose different attack strategies to identify the vulnerabilities of a range of learning algorithms and understand different defense approaches towards trustworthy machine learning systems. Students will explore topics including basic machine learning foundations (e.g., linear regression and PCA), adversarial attacks against different learning algorithms, differential privacy, data valuation, and different categories of defenses. The lessons are reinforced via a series of topic-driven lectures, coding assignments, related paper readings, exams and in-class discussions. Students will learn to analyze current interactions between attackers and defenders on machine learning and therefore develop an understanding of the principles on trustworthy machine learning which is an emerging and important topic. Students will be required to finish three related homework projects, including 1) developing a machine learning classifier, 2) designing adversarial attacks against the built classifier, and 3) developing defenses to improve the robustness of the trained classifier against designed attacks. Students registered for 4 credit hours will also finish a final project based on the class topics, demonstrating their ability to propose related new algorithms based on the class subjects. 3 undergraduate hours. 4 graduate hours. Prerequisite: CS 225 ; one of CS 440 , ECE 448 , CS 441 , CS 446 or ECE 449 ; one of MATH 225 , MATH 257 , MATH 415 , MATH 416 , ASRM 406 or BIOE 210 .",3,undergraduate,https://catalog.illinois.edu/courses-of-instruction/cs/,"Linear Regression, Principal Component Analysis, Adversarial Attack Design, Defense Mechanism Design, Differential Privacy, Data Valuation, Security Analysis, Privacy Analysis, Trustworthy Machine Learning, Machine Learning Foundations, Algorithm Development, Statistical Modeling, Literature Review, Technical Writing, Oral Presentations"
University of Illinois Urbana-Champaign,illinois.edu,Computer Science,CS 443,Reinforcement Learning,"Fundamental concepts and basic algorithms in Reinforcement Learning (RL) - a machine learning paradigm for sequential decision-making. The goal of this course is to enable students to (1) understand the mathematical framework of RL, (2) tell what problems can be solved with RL, and how to cast these problems into the RL formulation, (3) understand why and how RL algorithms are designed to work, and (4) know how to experimentally and mathematically evaluate the effectiveness of an RL algorithm. There will be both programming and written assignments. 3 undergraduate hours. 4 graduate hours. Prerequisite: CS 225 ; MATH 241 ; one of MATH 225 , MATH 257 , MATH 415 , MATH 416 , ASRM 406 or BIOE 210 ; one of CS 361 , STAT 361 , ECE 313 , MATH 362 , MATH 461 , MATH 463 or STAT 400 .",3,undergraduate,https://catalog.illinois.edu/courses-of-instruction/cs/,"Reinforcement Learning, Machine Learning, Sequential Decision-Making, Mathematical Framework, RL Algorithms, Experimental Evaluation, Mathematical Evaluation, Technical Writing"
University of Illinois Urbana-Champaign,illinois.edu,Computer Science,CS 444,Deep Learning for Computer Vision,"Provides an elementary hands-on introduction to neural networks and deep learning with an emphasis on computer vision applications. Topics include: linear classifiers; multi-layer neural networks; back-propagation and stochastic gradient descent; convolutional neural networks and their applications to object detection and dense image labeling; recurrent neural networks and state-of-the-art sequence models like transformers; generative adversarial networks and variational autoencoders for image generation; and deep reinforcement learning. Coursework will consist of programming assignments in a common deep learning framework. Those registered for 4 credit hours will have to complete a project. Same as ECE 494 . 3 undergraduate hours. 4 graduate hours. Prerequisite: MATH 241 ; one of MATH 225 , MATH 257 , MATH 415 , MATH 416 , ASRM 406 , or BIOE 210 ; CS 225 ; one of CS 361 , STAT 361 , ECE 313 , MATH 362 , MATH 461 , MATH 463 or STAT 400 . No previous exposure to machine learning is required.",3,undergraduate,https://catalog.illinois.edu/courses-of-instruction/cs/,"Neural Networks, Deep Learning, Computer Vision, Linear Classifiers, Multi-layer Neural Networks, Back-propagation, Stochastic Gradient Descent, Convolutional Neural Networks, Object Detection, Dense Image Labeling, Recurrent Neural Networks, Sequence Models, Transformers, Generative Adversarial Networks, Variational Autoencoders, Image Generation, Deep Reinforcement Learning, Linear Algebra, Probability, Statistics"
University of Illinois Urbana-Champaign,illinois.edu,Computer Science,CS 445,Computational Photography,"Computer vision techniques to enhance, manipulate, and create media from photo collections, such as panoramic stitching, face morphing, texture synthesis, blending, and 3D reconstruction. 3 undergraduate hours. 3 or 4 graduate hours. Prerequisite: CS 225 , MATH 225 , and MATH 231 .",3,undergraduate,https://catalog.illinois.edu/courses-of-instruction/cs/,"Computer Vision, Panoramic Stitching, Face Morphing, Texture Synthesis, Image Blending, 3D Reconstruction, Data Structures, Linear Algebra, Calculus"
University of Illinois Urbana-Champaign,illinois.edu,Computer Science,CS 446,Machine Learning,"Principles and applications of machine learning. Main paradigms and techniques, including discriminative and generative methods, reinforcement learning: linear regression, logistic regression, support vector machines, deep nets, structured methods, dimensionality reduction, k-means, Gaussian mixtures, expectation maximization, Markov decision processes, and Q-learning. Application areas such as natural language and text understanding, speech recognition, computer vision, data mining, and adaptive computer systems, among others. Same as ECE 449 . 3 undergraduate hours. 3 or 4 graduate hours. Prerequisite: CS 225 ; One of MATH 225 , MATH 257 , MATH 415 , MATH 416 , ASRM 406 or BIOE 210 ; one of CS 361 , STAT 361 , ECE 313 , MATH 362 , MATH 461 , MATH 463 , STAT 400 or BIOE 310 .",3,undergraduate,https://catalog.illinois.edu/courses-of-instruction/cs/,"Machine Learning, Discriminative Methods, Generative Methods, Reinforcement Learning, Linear Regression, Logistic Regression, Support Vector Machines, Deep Learning, Dimensionality Reduction, K-Means, Gaussian Mixtures, Expectation Maximization, Markov Decision Processes, Q-Learning, Natural Language Processing, Speech Recognition, Computer Vision, Data Mining, Adaptive Computer Systems"
University of Illinois Urbana-Champaign,illinois.edu,Computer Science,CS 447,Natural Language Processing,"Part-of-speech tagging, parsing, semantic analysis and machine translation. Relevant linguistics concepts from morphology (word formation) and lexical semantics (the meaning of words) to syntax (sentence structure) and compositional semantics (the meaning of sentences). 3 undergraduate hours. 3 or 4 graduate hours. Prerequisite: One of CS 173 or MATH 213 ; CS 225 ; CS 374 or ECE 374 ; one of CS 361 , STAT 361 , ECE 313 , MATH 362 , MATH 461 , MATH 463 , STAT 400 or BIOE 310 ; one of MATH 225 , MATH 257 , MATH 415 , MATH 416 , ASRM 406 or BIOE 210 .",3,undergraduate,https://catalog.illinois.edu/courses-of-instruction/cs/,"Part-of-speech tagging, Parsing, Semantic analysis, Machine translation, Morphology, Lexical semantics, Syntax, Compositional semantics"
University of Illinois Urbana-Champaign,illinois.edu,Computer Science,CS 448,Audio Computing Laboratory,"Computational foundations of modern audio applications: theory of audio processing for implementation of applications such as room and 3D/virtual audio rendering, pitch manipulations and autotuning, denoising for communications and forensics, audio classification, music information retrieval based on audio, rudimentary speech recognition, speech and audio coding, applications of machine learning to audio scene recognition, audio restoration, missing data recovery, and many more. This will be a lab-like course in which students collectively implement a variety of core audio operations that are commonplace today. Students will be required to bring to class their laptops and headphones to participate in lab exercises. 3 undergraduate hours. 3 or 4 graduate hours. Prerequisite: One of CS 240, CS 241, CS 340 , CS 341 , or ECE 391 ; one of MATH 225 , MATH 257 , MATH 415 , MATH 416 , ASRM 406 , or BIOE 210 .",3,undergraduate,https://catalog.illinois.edu/courses-of-instruction/cs/,"Audio Signal Processing, Digital Signal Processing, Room Audio Rendering, 3D/Virtual Audio Rendering, Pitch Manipulation, Autotuning, Audio Denoising, Audio Classification, Music Information Retrieval, Speech Recognition, Speech and Audio Coding, Machine Learning for Audio Scene Recognition, Audio Restoration, Missing Data Recovery"
University of Illinois Urbana-Champaign,illinois.edu,Computer Science,CS 450,Numerical Analysis,"Linear system solvers, optimization techniques, interpolation and approximation of functions, solving systems of nonlinear equations, eigenvalue problems, least squares, and quadrature; numerical handling of ordinary and partial differential equations. Same as CSE 401 , ECE 491 , and MATH 450 . 3 undergraduate hours. 3 or 4 graduate hours. Credit is not given toward graduation for both CS 450 and CS 457. Prerequisite: One of CS 101 , CS 124 or CS 125 ; one of CS 357 , MATH 257 , MATH 357 , MATH 415 , or MATH 416 ; MATH 285 .",3,undergraduate,https://catalog.illinois.edu/courses-of-instruction/cs/,"Linear system solvers, Optimization techniques, Interpolation, Function approximation, Nonlinear equation solving, Eigenvalue problems, Least squares, Quadrature, Numerical ODE solving, Numerical PDE solving"
University of Illinois Urbana-Champaign,illinois.edu,Computer Science,CS 452,Topics in Robotics,"Topics in robotics presented from a computational perspective, including artificial intelligence, algorithms, computational modeling, and/or software engineering. Generating intelligent behavior for a physical robot poses unique computational challenges in decision making, perception, representations of three-dimensional worlds and movement, and system integration. This course introduces general computational principles used in robotics as well as performing in-depth study of selected subtopics. 3 undergraduate hours. 3 or 4 graduate hours. May be repeated in the same term up to 6 undergraduate or 8 graduate hours, or in separate terms up to 12 undergraduate or 16 graduate hours, if topics vary. Prerequisite: ( CS 128 or ECE 220 ) and CS 225 and (CS 241 or CS 341 or ECE 391 ).",3,undergraduate,https://catalog.illinois.edu/courses-of-instruction/cs/,"Robotics, Artificial Intelligence, Algorithms, Computational Modeling, Software Engineering, Decision Making, Perception, 3D Modeling, Motion Planning, System Integration"
University of Illinois Urbana-Champaign,illinois.edu,Computer Science,CS 460,Security Laboratory,"Operating systems security: access control, least privilege mechanism and malware techniques. Network security: firewalls, sniffing, tunnels, intrusion detection, AAA and worm structure. System security: forensics security architectures, and attack/defend exercises. Complements CS 461 via hands-on project. Same as ECE 419 . 3 undergraduate hours. 3 or 4 graduate hours. Prerequisite: CS 461 or ECE 422 or a combination of CS 463 and one of CS 340 , CS 341 or ECE 391 .",3,undergraduate,https://catalog.illinois.edu/courses-of-instruction/cs/,"Operating Systems Security, Access Control, Principle of Least Privilege, Malware Techniques, Network Security, Firewalls, Packet Sniffing, Tunneling Protocols, Intrusion Detection Systems, AAA (Authentication, Authorization, and Accounting), Computer Worms, System Security, Computer Forensics, Security Architecture, Attack/Defend Exercises"
University of Illinois Urbana-Champaign,illinois.edu,Computer Science,CS 461,Computer Security I,"Fundamental principles of computer and communications security and information assurance: ethics, privacy, notions of threat, vulnerabilities, and risk in systems, information warfare, malicious software, data secrecy and integrity issues, network security, trusted computing, mandatory and discretionary access controls, certification and accreditation of systems against security standards. Security mechanisms: authentication, auditing, intrusion detection, access control, cryptography, security protocols, key distribution. Same as ECE 422 . 4 undergraduate hours. 4 graduate hours. Prerequisite: One of CS 241, CS 341 or ECE 391 , or a combination of CS 233 and CS 340 .",4,undergraduate,https://catalog.illinois.edu/courses-of-instruction/cs/,"Computer Security, Communications Security, Information Assurance, Tech Ethics, Privacy, Threat Analysis, Vulnerability Assessment, Risk Management, Information Warfare, Malware Analysis, Data Integrity, Network Security, Trusted Computing, Mandatory Access Control, Discretionary Access Control, Security Standards, Authentication, Security Auditing, Intrusion Detection, Cryptography, Security Protocols, Key Distribution"
University of Illinois Urbana-Champaign,illinois.edu,Computer Science,CS 462,Issues of Law and Policy in Computer Science,"Exploration of the intersection of public policy and computing technology: overview of the US legal system and government, how computing technology is regulated in areas such as privacy, crime, intellectual property, commerce, and national security. Students will complete technical projects related to legal issues, such as scrutinizing DRM, evaluating digital forensics reports, and critiquing software patents. Students will also scrutinize excerpts from legal opinions. 3 undergraduate hours. 4 graduate hours. Credit is not given toward graduation for: Credit is not given for both CS 462 and CS 498 , Law &Policy Issues in CS. Prerequisite: CS 340 or CS 341 or ECE 391 .",3,undergraduate,https://catalog.illinois.edu/courses-of-instruction/cs/,"Digital forensics, Digital Rights Management (DRM), Software patent analysis, Intellectual property law, Patent law, Privacy law, Tech ethics"
University of Illinois Urbana-Champaign,illinois.edu,Computer Science,CS 463,Computer Security II,"Program security, trusted base, privacy, anonymity, non-interference, information flow, confinement, advanced auditing, forensics, intrusion detection, key management and distribution, policy composition and analysis, formal approaches to specification and verification of secure systems and protocols, and topics in applied cryptography. Same as ECE 424 . 3 undergraduate hours. 3 or 4 graduate hours. Prerequisite: CS 225 and one of CS 361 , STAT 361 , ECE 313 , MATH 362 , MATH 461 , MATH 463 or STAT 400 . CS 441 completion is recommended.",3,undergraduate,https://catalog.illinois.edu/courses-of-instruction/cs/,"Program security, Trusted base, Privacy, Anonymity, Non-interference, Information flow, Confinement, Advanced auditing, Forensics, Intrusion detection, Key management, Key distribution, Policy composition, Policy analysis, Formal specification, Formal verification, Secure systems, Secure protocols, Applied cryptography"
University of Illinois Urbana-Champaign,illinois.edu,Computer Science,CS 464,Topics in Societal and Ethical Impacts of Computer Technology,"Topics selected from key current areas of impact of computer technology on aspects of society and ethics such as: freedom versus the rule of law in cyberspace; social discourse; privacy; livelihoods and automation; fairness; security; political change; business models; technology divide. 3 undergraduate hours. No graduate credit. May be repeated if topics vary. Credit is not given towards a degree from multiple offerings of this course, if those offerings have significant overlap, as determined by the CS department. Prerequisite: CS 225 . One of CS 210 or CS 211 or ECE 316 or PHIL 316 . One of CS 361 or STAT 400 or STAT 200 . Restricted to students with senior standing.",3,undergraduate,https://catalog.illinois.edu/courses-of-instruction/cs/,Tech Ethics
University of Illinois Urbana-Champaign,illinois.edu,Computer Science,CS 465,User Interface Design,"A project-focused course covering fundamental principles of user interface design, implementation, and evaluation. Small teams work on a term-long project that involves: analysis of the problem domain, user skills, and tasks; iterative prototyping of interfaces to address user needs; conducting several forms of evaluation such as cognitive walkthroughs and usability tests; implementation of the final prototype. Non-technical majors may enroll as non-programmers who participate in all aspects of the projects with the possible exception of implementation. 4 undergraduate hours. 4 graduate hours. Prerequisite: CS 225 .",4,undergraduate,https://catalog.illinois.edu/courses-of-instruction/cs/,"User Interface Design, Iterative Prototyping, Cognitive Walkthroughs, Usability Testing, Requirements Analysis, Task Analysis, Human-Computer Interaction (HCI)"
University of Illinois Urbana-Champaign,illinois.edu,Computer Science,CS 466,Introduction to Bioinformatics,"Algorithmic approaches in bioinformatics: (i) biological problems that can be solved computationally (e.g., discovering genes, and interactions among different genes and proteins); (ii) algorithmic techniques with wide applicability in solving these problems (e.g., dynamic programming and probabilistic methods); (iii) practical issues in translating the basic algorithmic ideas into accurate and efficient tools that biologists may use. 3 undergraduate hours. 3 or 4 graduate hours. Prerequisite: CS 225 .",3,undergraduate,https://catalog.illinois.edu/courses-of-instruction/cs/,"Bioinformatics, Algorithms, Computational Biology, Gene Discovery, Protein-Protein Interaction Analysis, Dynamic Programming, Probabilistic Methods, Algorithm Optimization, Data Structures"
University of Illinois Urbana-Champaign,illinois.edu,Computer Science,CS 467,Social Visualization,"Visualizing social interaction in networked spaces: investigation of patterns in networked communications systems such as messaging (email, instant messaging), social networking sites and collaborative sites; social network theory and visualizations; exploration of how to move beyond existing visualization techniques; visualizing the network identity over compilations of online data. 3 undergraduate hours. 3 or 4 graduate hours. Prerequisite: CS 225 .",3,undergraduate,https://catalog.illinois.edu/courses-of-instruction/cs/,"Data Visualization, Social Network Analysis, Social Network Theory, Pattern Recognition, Network Analysis"
University of Illinois Urbana-Champaign,illinois.edu,Computer Science,CS 468,Tech and Advertising Campaigns,Same as ADV 492 . See ADV 492 .,3,undergraduate,https://catalog.illinois.edu/courses-of-instruction/cs/,
University of Illinois Urbana-Champaign,illinois.edu,Computer Science,CS 469,Computational Advertising Infrastructure,"Thorough coverage of technologies including web-search, auctions, behavioral targeting, mechanisms for viral marketing, that underpin the display of advertisements on a variety of locations (e.g., ads on search engines; display ads). Students shall also learn about emerging areas in computational advertising including location-based adverting and algorithmic synthesis of personalized advertisements. Discussion around privacy will be a significant focus of the class. Same as ADV 462 . 3 undergraduate hours. 3 or 4 graduate hours. Prerequisite: CS 173 ; CS 225 ; one of MATH 225 , MATH 257 , MATH 415 , MATH 416 , ASRM 406 or BIOE 210 ; one of CS 361 , STAT 361 , ECE 313 , MATH 362 , MATH 461 , MATH 463 or STAT 400 .",3,undergraduate,https://catalog.illinois.edu/courses-of-instruction/cs/,"Web Search, Online Auctions, Behavioral Targeting, Viral Marketing, Location-Based Advertising, Algorithmic Synthesis of Personalized Ads, Privacy"
University of Illinois Urbana-Champaign,illinois.edu,Computer Science,CS 470,Social and Information Networks,"Social networks, auctions, and stock-markets appear to be very different phenomena, but they share a common foundation—the science of networks. The learning goal: to provide a broad, accessible introduction to the foundations of network science. We shall draw on ideas from mathematical sociology, and from game theory to understand strategic interaction over networks. We shall develop algorithms to identify network properties, and models for explaining network dynamics, including viral behavior. 3 undergraduate hours. 4 graduate hours. Prerequisite: CS 225 ; CS 173 ; one of CS 361 , STAT 361 , ECE 313 , MATH 362 , MATH 461 , MATH 463 or STAT 400 ; one of MATH 225 , MATH 257 , MATH 415 , MATH 416 , ASRM 406 , or BIOE 210 .",3,undergraduate,https://catalog.illinois.edu/courses-of-instruction/cs/,"Network Science, Mathematical Sociology, Game Theory, Algorithm Development, Network Property Identification, Network Dynamics Modeling, Viral Behavior Modeling, Strategic Interaction Analysis"
University of Illinois Urbana-Champaign,illinois.edu,Computer Science,CS 473,Algorithms,"Design and analysis techniques, approximation algorithms, randomized algorithms and amortized analysis, and advanced topics such as network flow, linear programming, and dynamic data structures, among others. Same as CSE 414 and MATH 473 . 4 undergraduate hours. 4 graduate hours. Prerequisite: CS 374 or ECE 374 , and one of CS 361 , STAT 361 , ECE 313 , MATH 362 , MATH 461 , MATH 463 or STAT 400 .",4,undergraduate,https://catalog.illinois.edu/courses-of-instruction/cs/,"Algorithm Design, Algorithm Analysis, Approximation Algorithms, Randomized Algorithms, Amortized Analysis, Network Flow, Linear Programming, Dynamic Data Structures, Statistics, Probability Theory"
University of Illinois Urbana-Champaign,illinois.edu,Computer Science,CS 474,Logic in Computer Science,"An introduction to mathematical logic from the perspective of computer science, emphasizing both computable aspects of logic, especially automated reasoning, as well as applications of logic to computer science in artificial intelligence, databases, formal methods, and theoretical computer science. Prepares students to use logic as a formal tool to solve problems in computer science and AI. Topics include: syntax, semantics and proofs for propositional and first order logic, the decidable logics and efficient realizations in terms of SAT/SMT solvers, decision and semi-decision procedures for first order logic and several first order logic theories, finite model theory and descriptive complexity. Additional topics include: connections between logic and machine learning, higher order logics, applications of logic to program verification, applications of logic in knowledge representation, proof complexity, modal and temporal logic, Courcelle’s theorem and its applications in parameterized complexity, logic and its role in automatic program synthesis, connections between logic and database query languages. 3 undergraduate hours. 3 or 4 graduate hours. Prerequisite: CS 173 ; CS 225 ; one of CS 374 or ECE 374 .",3,undergraduate,https://catalog.illinois.edu/courses-of-instruction/cs/,"Mathematical Logic, Automated Reasoning, Artificial Intelligence, Databases, Formal Methods, Theoretical Computer Science, Propositional Logic, First-Order Logic, Proof Theory, Decidable Logics, SAT Solvers, SMT Solvers, Decision Procedures, First-Order Logic Theories, Finite Model Theory, Descriptive Complexity, Machine Learning, Higher-Order Logic, Program Verification, Knowledge Representation, Proof Complexity, Modal Logic, Temporal Logic, Courcelle’s Theorem, Parameterized Complexity, Program Synthesis, Database Query Languages"
University of Illinois Urbana-Champaign,illinois.edu,Computer Science,CS 475,Formal Models of Computation,Finite automata and regular languages; pushdown automata and context-free languages; Turing machines and recursively enumerable sets; linear-bounded automata and context-sensitive languages; computability and the halting problem; undecidable problems; recursive functions; Chomsky hierarchy; computational complexity. Same as MATH 475 . 3 undergraduate hours. 3 or 4 graduate hours. Prerequisite: CS 374 or ECE 374 .,3,undergraduate,https://catalog.illinois.edu/courses-of-instruction/cs/,"Finite Automata, Regular Languages, Pushdown Automata, Context-Free Languages, Turing Machines, Recursively Enumerable Sets, Linear-Bounded Automata, Context-Sensitive Languages, Computability, Halting Problem, Undecidable Problems, Recursive Functions, Chomsky Hierarchy, Computational Complexity"
University of Illinois Urbana-Champaign,illinois.edu,Computer Science,CS 476,Program Verification,"Formal methods for demonstrating correctness and other properties of programs. Invariant assertions; Hoare axiomatics; well-founded orderings for proving termination; structural induction; computational induction; data structures; parallel programs; overview of predicate calculus. 3 undergraduate hours. 3 or 4 graduate hours. Prerequisite: CS 225 ; one of CS 374 , ECE 374 or MATH 414 .",3,undergraduate,https://catalog.illinois.edu/courses-of-instruction/cs/,"Formal methods, Invariant assertions, Hoare axiomatics, Well-founded orderings, Structural induction, Computational induction, Data structures, Parallel programs, Predicate calculus"
University of Illinois Urbana-Champaign,illinois.edu,Computer Science,CS 477,Formal Software Development Methods,"Mathematical models, languages, and methods for software specification, development, and verification. Same as ECE 478 . 3 undergraduate hours. 3 or 4 graduate hours. Prerequisite: CS 225 ; one of CS 374 , ECE 374 or MATH 414 .",3,undergraduate,https://catalog.illinois.edu/courses-of-instruction/cs/,"Mathematical models, Specification languages, Software development, Software verification, Formal methods"
University of Illinois Urbana-Champaign,illinois.edu,Computer Science,CS 478,Quantum Algorithms and Complexity,"A comprehensive introduction to the theoretical foundations of quantum computing, preparing students for advanced study in quantum information sciences: Building blocks of quantum information such as qubits and entanglement; basic quantum operations such as quantum gates and measurements, and key quantum protocols and algorithms like teleportation and Shor's factoring algorithm. Advanced topics include modern quantum algorithms, quantum learning, quantum complexity theory, cryptography, and error correction. Emphasis on theoretical aspects of design and analysis of quantum algorithms and their computational limits. Prior quantum physics knowledge is helpful but not required. 3 undergraduate hours. 4 graduate hours. Prerequisite: CS 225 ; one of MATH 257 , MATH 415 or MATH 416 ; one of CS 361 , STAT 361 , ECE 313 , MATH 362 , MATH 461 , MATH 463 , STAT 400 , PHYS 214 or PHYS 486 . Credit or concurrent enrollment in CS/ ECE 374 is encouraged.",3,undergraduate,https://catalog.illinois.edu/courses-of-instruction/cs/,"Qubits, Entanglement, Quantum gates, Quantum measurements, Quantum teleportation, Shor's algorithm, Quantum algorithms, Quantum learning, Quantum complexity theory, Quantum cryptography, Quantum error correction, Design and analysis of quantum algorithms, Computational limits analysis"
University of Illinois Urbana-Champaign,illinois.edu,Computer Science,CS 481,Advanced Topics in Stochastic Processes & Applications,Same as IE 410 . See IE 410 .,3,undergraduate,https://catalog.illinois.edu/courses-of-instruction/cs/,
University of Illinois Urbana-Champaign,illinois.edu,Computer Science,CS 482,Simulation,Same as IE 413 . See IE 413 .,3,undergraduate,https://catalog.illinois.edu/courses-of-instruction/cs/,
University of Illinois Urbana-Champaign,illinois.edu,Computer Science,CS 483,Applied Parallel Programming,Same as CSE 408 and ECE 408 . See ECE 408 .,4,undergraduate,https://catalog.illinois.edu/courses-of-instruction/cs/,
University of Illinois Urbana-Champaign,illinois.edu,Computer Science,CS 484,Parallel Programming,"Techniques for the programming of all classes of parallel computers and devices including shared memory and distributed memory multiprocessors, SIMD processors and co-processors, and special purpose devices. Key concepts in parallel programming such as reactive and transformational programming, speculation, speedup, isoefficiency, and load balancing. Synchronization primitives, libraries and languages for parallel programming such as OpenMP and MPI, performance monitoring, program tuning, analysis and programming of numerical and symbolic parallel algorithms. 3 undergraduate hours. 3 or 4 graduate hours. Prerequisite: CS 241 or CS 341 .",3,undergraduate,https://catalog.illinois.edu/courses-of-instruction/cs/,"Shared Memory Programming, Distributed Memory Programming, SIMD Programming, Co-processor Programming, Reactive Programming, Transformational Programming, Speculation, Speedup Analysis, Isoefficiency, Load Balancing, Synchronization Primitives, OpenMP, MPI, Performance Monitoring, Program Tuning, Numerical Parallel Algorithms, Symbolic Parallel Algorithms"
University of Illinois Urbana-Champaign,illinois.edu,Computer Science,CS 491,Seminar,"Seminar on topics of current interest as announced in the Class Schedule. 0 to 4 undergraduate hours. 0 to 4 graduate hours. Approved for S/U grading only. May be repeated in the same or separate terms if topics vary to a maximum of 4 hours. Prerequisite: As specified for each topic offering, see Class Schedule or departmental course description.",0 to 4,undergraduate,https://catalog.illinois.edu/courses-of-instruction/cs/,
University of Illinois Urbana-Champaign,illinois.edu,Computer Science,CS 492,Senior Project I,"First part of a project course in computer science. Students work in teams to solve typical commercial or industrial problems. Work involves planning, design, and implementation. Extensive oral and written work is required both on-campus and possibly off-campus at sponsors' locations. CS 492 must be taken as a sequence with either CS 493 or CS 494 . 3 undergraduate hours. No graduate credit. Credit is not given for both CS 492 and a project course in another engineering department for the same project. Prerequisite: For Computer Science majors with senior standing.",3,undergraduate,https://catalog.illinois.edu/courses-of-instruction/cs/,"Oral Presentations, Technical Writing, Software Design, Software Implementation, Project Planning, Team Collaboration, Problem Solving"
University of Illinois Urbana-Champaign,illinois.edu,Computer Science,CS 493,"Senior Project II, ACP",Continuation of CS 492 . Identical to CS 494 except for an additional writing component. See CS 494 . 3 undergraduate hours. No graduate credit. Credit is not given for both CS 493 and a project course in another engineering department for the same project. Prerequisite: CS 492 . This course satisfies the General Education Criteria for: Advanced Composition,3,undergraduate,https://catalog.illinois.edu/courses-of-instruction/cs/,"Technical Writing, Academic Writing"
University of Illinois Urbana-Champaign,illinois.edu,Computer Science,CS 494,Senior Project II,Continuation of CS 492 . 3 undergraduate hours. No graduate credit. Credit is not given for both CS 494 and a project course in another engineering department for the same project. Prerequisite: CS 492 .,3,undergraduate,https://catalog.illinois.edu/courses-of-instruction/cs/,
University of Illinois Urbana-Champaign,illinois.edu,Computer Science,CS 497,CS Team Project,"Student teams work with CS faculty to complete a significant project requiring advanced knowledge of CS principles. Project topics vary. 1 to 3 undergraduate hours. No graduate credit. May be repeated in the same term up to 6 hours, if topics vary; may be repeated in separate terms. Prerequisite: For majors only; junior or senior standing required.",1 to 3,undergraduate,https://catalog.illinois.edu/courses-of-instruction/cs/,
University of Illinois Urbana-Champaign,illinois.edu,Computer Science,CS 498,Special Topics,Subject offerings of new and developing areas of knowledge in computer science intended to augment the existing curriculum. See Class Schedule or departmental course information for topics and prerequisites. 1 to 4 undergraduate hours. 1 to 4 graduate hours. May be repeated in the same or separate terms if topics vary.,1 to 4,undergraduate,https://catalog.illinois.edu/courses-of-instruction/cs/,
University of Illinois Urbana-Champaign,illinois.edu,Computer Science,CS 499,Senior Thesis,"Research and thesis development experience in computer science under guidance of a faculty member. Literature search, oral presentation, analysis and implementation, paper preparation, and completion of a written thesis. 3 undergraduate hours. No graduate credit. May be repeated to a maximum of 6 hours. Prerequisite: Consent of instructor. This course satisfies the General Education Criteria for: Advanced Composition",3,undergraduate,https://catalog.illinois.edu/courses-of-instruction/cs/,"Literature search, Oral presentation, Technical writing, Academic writing, Research methods, Thesis writing"
University of Illinois Urbana-Champaign,illinois.edu,Computer Engineering,ECE 101,Exploring Digital Information Technologies for Non-Engineers,"Principles and processes for the development of information technologies: digital music, digital images, digital logic, data compression, error correction, information security, and communication networks. Laboratory for design of hardware and software, and experiments in audio and image processing. Intended for students outside the College of Engineering. Credit is not given to Computer or Electrical Engineering majors. Credit is not given toward graduation for: Credit is not given toward graduation for Electrical or Computer Engineering majors. This course satisfies the General Education Criteria for: Nat Sci & Tech - Phys Sciences Quantitative Reasoning II",3,undergraduate,https://catalog.illinois.edu/courses-of-instruction/ece/,"Digital Logic Design, Data Compression Algorithms, Error Correction Coding, Information Security, Computer Networks, Audio Signal Processing, Image Processing, Hardware Design, Software Design, Signal Processing"
University of Illinois Urbana-Champaign,illinois.edu,Computer Engineering,ECE 110,Introduction to Electronics,"Introduction to selected fundamental concepts and principles in electrical engineering. Emphasis on measurement, modeling, and analysis of circuits and electronics while introducing numerous applications. Includes sub-discipline topics of electrical and computer engineering, for example, electromagnetics, control, signal processing, microelectronics, communications, and scientific computing basics. Lab work incorporates sensors and motors into an autonomous moving vehicle, designed and constructed to perform tasks jointly determined by the instructors and students.",3,undergraduate,https://catalog.illinois.edu/courses-of-instruction/ece/,"Electrical Engineering, Circuit Analysis, Electronics, Electromagnetics, Control Systems, Signal Processing, Microelectronics, Communications, Scientific Computing, Sensors, Motors, Robotics, Autonomous Systems, Hardware Design, Systems Modeling"
University of Illinois Urbana-Champaign,illinois.edu,Computer Engineering,ECE 120,Introduction to Computing,"Introduction to digital logic, computer systems, and computer languages. Topics include representation of information, combinational and sequential logic analysis and design, finite state machines, the von Neumann model, basic computer organization, and machine language programming. Laboratory assignments provide hands-on experience with design, simulation, implementation, and programming of digital systems. Prerequisite: Restricted to Computer Engineering or Electrical Engineering majors or transfer students with ECE Department consent.",4,undergraduate,https://catalog.illinois.edu/courses-of-instruction/ece/,"Digital Logic Design, Combinational Logic, Sequential Logic, Finite State Machines, Von Neumann Architecture, Computer Organization, Machine Language Programming, Digital System Design, Logic Simulation, Hardware Implementation, Data Representation"
University of Illinois Urbana-Champaign,illinois.edu,Computer Engineering,ECE 145,First-Year Design Laboratory,Aims to provide resources for first-year students to apply electrical and computer engineering concepts to an open-ended project design in their first year on campus. Students will generally work in teams of two to three to plan and execute their projects to result in a working prototype. May be repeated in separate terms up to 2 hours. Prerequisite: Must be concurrently enrolled in ECE 110 or ECE 120 . Restricted to James Scholars.,1,undergraduate,https://catalog.illinois.edu/courses-of-instruction/ece/,"Electrical Engineering, Computer Engineering, Project Design, Teamwork, Project Planning, Prototyping"
University of Illinois Urbana-Champaign,illinois.edu,Computer Engineering,ECE 198,Special Topics,Lectures and discussions relating to new areas of interest. May be repeated in the same or separate terms for unlimited hours if topics vary. See class schedule for topics and prerequisites.,1 to 4,undergraduate,https://catalog.illinois.edu/courses-of-instruction/ece/,
University of Illinois Urbana-Champaign,illinois.edu,Computer Engineering,ECE 199,Undergraduate Open Seminar,Approved for both letter and S/U grading. May be repeated.,1 to 5,undergraduate,https://catalog.illinois.edu/courses-of-instruction/ece/,
University of Illinois Urbana-Champaign,illinois.edu,Computer Engineering,ECE 200,Seminar,"Discussions of educational programs, career opportunities, and other topics in electrical and computer engineering. Approved for Letter and S/U grading. May be repeated. For Computer Engineering and Electrical Engineering majors only.",0,undergraduate,https://catalog.illinois.edu/courses-of-instruction/ece/,
University of Illinois Urbana-Champaign,illinois.edu,Computer Engineering,ECE 205,Electrical and Electronic Circuits,"ECE 205 is an introductory course on circuit analysis and electronics for non-majors in engineering. The course includes bi-weekly electronics lab experiments designed to provide students with hands-on experience. Basic principles of circuit analysis and DC circuits; time-domain analysis of 1st and 2nd order linear circuits; complex numbers, phasors, AC steady-state analysis; frequency response; op-amp, diode, and BJT circuits; logic gates and digital logic circuits. Credit is not given to Computer or Electrical Engineering majors. Credit is not given to Computer or Electrical Engineering majors. Prerequisite: PHYS 212 .",3,undergraduate,https://catalog.illinois.edu/courses-of-instruction/ece/,"Circuit Analysis, Electronics, DC Circuits, Time-domain Analysis, 1st Order Linear Circuits, 2nd Order Linear Circuits, Complex Numbers, Phasors, AC Steady-state Analysis, Frequency Response, Op-amp Circuits, Diode Circuits, BJT Circuits, Logic Gates, Digital Logic Circuits"
University of Illinois Urbana-Champaign,illinois.edu,Computer Engineering,ECE 206,Electrical and Electronic Circuits Lab,Laboratory experiments in digital logic and controllers; transistor amplifier and switching circuits; DC motor control and voltage regulators; sensors and motion control with feedback; wireless communication. Credit is not given to Computer or Electrical Engineering majors. Prerequisite: ECE 205 .,1,undergraduate,https://catalog.illinois.edu/courses-of-instruction/ece/,"Digital Logic, Controllers, Transistor Amplifiers, Switching Circuits, Circuit Design, DC Motor Control, Voltage Regulators, Sensors, Motion Control, Feedback Control Systems, Wireless Communication"
University of Illinois Urbana-Champaign,illinois.edu,Computer Engineering,ECE 210,Analog Signal Processing,"Analog signal processing, with an emphasis on underlying concepts from circuit and system analysis: linear systems; review of elementary circuit analysis; differential equation models of linear circuits and systems; Laplace transform; convolution; stability; phasors; frequency response; Fourier series; Fourier transform; active filters; AM radio. Credit is not given for both ECE 210 and ECE 211 . Prerequisite: ECE 110 and PHYS 212 ; credit or concurrent registration in MATH 285 or MATH 286.",4,undergraduate,https://catalog.illinois.edu/courses-of-instruction/ece/,"Analog Signal Processing, Circuit Analysis, System Analysis, Linear Systems, Differential Equation Modeling, Linear Circuits, Laplace Transform, Convolution, Stability Analysis, Phasors, Frequency Response, Fourier Series, Fourier Transform, Active Filters, AM Radio"
University of Illinois Urbana-Champaign,illinois.edu,Computer Engineering,ECE 211,Analog Circuits & Systems,Concepts from circuit and system analysis: linear systems; review of elementary circuit analysis; op amps; transient analysis; differential equation models of linear circuits and systems; Laplace transform. Credit is not given for both ECE 211 and ECE 210 . Prerequisite: ECE 110 and PHYS 212 ; credit or concurrent registration in MATH 285 or MATH 286.,2,undergraduate,https://catalog.illinois.edu/courses-of-instruction/ece/,"linear systems, elementary circuit analysis, op amps, transient analysis, differential equation models, Laplace transform"
University of Illinois Urbana-Champaign,illinois.edu,Computer Engineering,ECE 217,Solar Car,"The course covers high-level aspects of the design, construction, analysis, and economics of solar-powered electric vehicles. Topics bridge a variety of engineering disciplines integrated together with business to present a cohesive overview highlighting complexities of solar-powered vehicles. Students gain hands-on experience working with the Solar Car Team to build the next solar car and learn early in their curriculum that a multidisciplinary understanding is essential to create complex systems. May be repeated in separate terms up to 2 hours. Prerequisite: ECE 110 .",1,undergraduate,https://catalog.illinois.edu/courses-of-instruction/ece/,"Solar Power System Design, Mechanical Design, Electrical Design, Structural Analysis, Aerodynamic Analysis, Thermal Analysis, Materials Selection, Manufacturing Processes, Project Management, Cost Analysis, Business Modeling, Systems Engineering, Prototyping, Assembly, Testing, Data Acquisition, Sensor Integration, Control Systems, Optimization, Simulation, Energy Management"
University of Illinois Urbana-Champaign,illinois.edu,Computer Engineering,ECE 220,Computer Systems & Programming,"Advanced use of LC-3 assembly language for I/O and function calling convention. C programming, covering basic programming concepts, functions, arrays, pointers, I/O, recursion, simple data structures, linked lists, dynamic memory management, and basic algorithms. Information hiding and object-oriented design as commonly implemented in modern software and computer systems programming. Prerequisite: ECE 120 . Restricted to Computer Engineering or Electrical Engineering majors or transfer students with ECE Department consent.",4,undergraduate,https://catalog.illinois.edu/courses-of-instruction/ece/,"LC-3 assembly language, C programming, Function calling convention, Input/Output, Recursion, Arrays, Pointers, Linked lists, Dynamic memory management, Basic algorithms, Information hiding, Object-oriented design"
University of Illinois Urbana-Champaign,illinois.edu,Computer Engineering,ECE 297,Individual Study,Individual projects. Approved written application to department as specified by department or instructors is required. Approved for both letter and S/U grading. May be repeated in separate terms to a maximum of 2 hours. Prerequisite: Consent of instructor.,1,undergraduate,https://catalog.illinois.edu/courses-of-instruction/ece/,
University of Illinois Urbana-Champaign,illinois.edu,Computer Engineering,ECE 298,Special Topics,Lectures and discussions relating to new areas of interest. May be repeated in the same or separate terms for unlimited hours if topics vary. See class schedule for topics and prerequisites.,1 to 4,undergraduate,https://catalog.illinois.edu/courses-of-instruction/ece/,
University of Illinois Urbana-Champaign,illinois.edu,Computer Engineering,ECE 304,Photonic Devices,"Introduction to active and passive photonic devices and applications; optical processes in semiconductor and dielectric materials including electrical junctions, light emission and absorption, and waveguide confinement; photonic components such as light emitting diodes, lasers, photodetectors, solar cells, liquid crystals, and optical fiber; optical information distribution networks and display applications. Prerequisite: PHYS 214 .",3,undergraduate,https://catalog.illinois.edu/courses-of-instruction/ece/,"Photonics, Photonic Devices, Semiconductor Materials, Dielectric Materials, Electrical Junctions, Waveguide Confinement, Light Emitting Diodes (LEDs), Lasers, Photodetectors, Solar Cells, Liquid Crystals, Optical Fiber, Optical Networks, Display Technologies"
University of Illinois Urbana-Champaign,illinois.edu,Computer Engineering,ECE 305,Quantum Systems I,"Introduces the basic principles of quantum mechanics and its applications in quantum information science. The experimental and mathematical concepts of quantum mechanics are introduced in terms of quantum bits, or qubits, and the students will learn how qubits are used for computing and communication. Topics include: wave-particle duality, interferometry and quantum sensing, spin systems, atomic transitions and Rabi Oscillations, bra/ket notation, quantum communication and entanglement, quantum computation and algorithms, and continuous systems. Prerequisite: MATH 257 and PHYS 214 , or junior standing.",3,undergraduate,https://catalog.illinois.edu/courses-of-instruction/ece/,"Quantum Mechanics, Quantum Information Science, Qubit Manipulation, Quantum Computing, Quantum Communication, Wave-Particle Duality, Interferometry, Quantum Sensing, Spin Systems, Atomic Transitions, Rabi Oscillations, Bra/Ket Notation, Quantum Entanglement, Quantum Algorithms, Continuous Systems"
University of Illinois Urbana-Champaign,illinois.edu,Computer Engineering,ECE 307,Techniques for Engrg Decisions,Modeling of decisions in engineering work and the analysis of models to develop a systematic approach to making decisions. Fundamental concepts in linear and dynamic programming; probability theory; and statistics. Resource allocation; logistics; scheduling; sequential decision making; siting of facilities; investment decisions; application of financial derivatives; other problems for decision making under uncertainty. Case studies from actual industrial applications illustrate real-world decisions. Prerequisite: ECE 210 ; credit or concurrent registration in ECE 313 .,3,undergraduate,https://catalog.illinois.edu/courses-of-instruction/ece/,"Linear Programming, Dynamic Programming, Probability Theory, Statistics, Resource Allocation, Logistics, Scheduling, Sequential Decision Making, Facility Siting, Investment Analysis, Financial Derivatives, Decision Making Under Uncertainty, Case Study Analysis, Engineering Decision Modeling, Systematic Decision Approach"
University of Illinois Urbana-Champaign,illinois.edu,Computer Engineering,ECE 310,Digital Signal Processing,"Introduction to discrete-time systems and discrete-time signal processing with an emphasis on causal systems; discrete-time linear systems, difference equations, z-transforms, discrete convolution, stability, discrete-time Fourier transforms, analog-to-digital and digital-to-analog conversion, digital filter design, discrete Fourier transforms, fast Fourier transforms, spectral analysis, and applications of digital signal processing. Credit is not given towards graduation for both ECE 310 and ECE 401 . Prerequisite: ECE 210 .",3,undergraduate,https://catalog.illinois.edu/courses-of-instruction/ece/,"Discrete-time systems, Discrete-time signal processing, Causal systems, Discrete-time linear systems, Difference equations, Z-transforms, Discrete convolution, Stability, Discrete-time Fourier transforms, Analog-to-digital conversion, Digital-to-analog conversion, Digital filter design, Discrete Fourier transforms, Fast Fourier transforms, Spectral analysis, Digital signal processing applications"
University of Illinois Urbana-Champaign,illinois.edu,Computer Engineering,ECE 311,Digital Signal Processing Lab,Companion laboratory for ECE 310 . Prerequisite: Credit or concurrent registration in ECE 310 .,1,undergraduate,https://catalog.illinois.edu/courses-of-instruction/ece/,
University of Illinois Urbana-Champaign,illinois.edu,Computer Engineering,ECE 313,Probability with Engrg Applic,"Probability theory with applications to engineering problems such as the reliability of circuits and systems to statistical methods for hypothesis testing, decision making under uncertainty, and parameter estimation. Same as MATH 362 . Credit is not given for both ECE 313 and MATH 461 . Prerequisite: MATH 257 or MATH 416 .",3,undergraduate,https://catalog.illinois.edu/courses-of-instruction/ece/,"Probability Theory, Reliability Engineering, Statistical Methods, Hypothesis Testing, Decision Theory, Parameter Estimation, Circuit Reliability, System Reliability"
University of Illinois Urbana-Champaign,illinois.edu,Computer Engineering,ECE 314,Probability in Engineering Lab,"Designed to be taken concurrently with ECE 313 , Probability in Engineering Systems, to strengthen the students' understanding of the concepts in ECE 313 and their applications, through computer simulation and computation using the Python programming language. Topics include sequential hypothesis testing, parameter estimation, confidence intervals, Bloom filters, min hashing, load balancing, inference for Markov chains, PageRank algorithm, vector Gaussian distribution, contagion in networks, principle component method and linear regression for data analysis, investment portfolio analysis. Prerequisite: Concurrent enrollment in ECE 313 or credit in one of: ECE 313 , IE 300 , STAT 410 .",1,undergraduate,https://catalog.illinois.edu/courses-of-instruction/ece/,"Probability, Computer Simulation, Python, Sequential Hypothesis Testing, Parameter Estimation, Confidence Intervals, Bloom Filters, Min Hashing, Load Balancing, Markov Chains, PageRank Algorithm, Vector Gaussian Distribution, Network Analysis, Principal Component Analysis, Linear Regression, Data Analysis, Investment Portfolio Analysis"
University of Illinois Urbana-Champaign,illinois.edu,Computer Engineering,ECE 316,Ethics and Engineering,"Ethical issues in the practice of engineering: safety and liability, professional responsibility to clients and employers, whistle-blowing, codes of ethics, career choice, and legal obligations. Philosophical analysis of normative ethical theories. Case studies. Same as PHIL 316 . Credit is not given for both ECE 316 and either CS 210 or CS 211 . Junior standing is required. Prerequisite: RHET 105 . This course satisfies the General Education Criteria for: Advanced Composition Humanities - Hist & Phil",3,undergraduate,https://catalog.illinois.edu/courses-of-instruction/ece/,"Tech Ethics, Professional Responsibility, Whistle-blowing, Codes of Ethics, Legal Obligations, Case Study Analysis, Normative Ethical Theory Analysis, Safety Engineering, Liability Assessment"
University of Illinois Urbana-Champaign,illinois.edu,Computer Engineering,ECE 317,ECE Technology & Management,"Basic understanding of electrical and computer engineering concepts applicable to technology management. Circuit components; dc fundamentals; ac fundamentals; semiconductors; operational amplifiers; device fabrication; power distribution; digital devices; computer architecture (including microprocessors). Intended for the Business Majors in the Technology and Management program. Credit is not given to Computer or Electrical Engineering majors. Prerequisite: One of MATH 220 , MATH 221 , MATH 234 .",3,undergraduate,https://catalog.illinois.edu/courses-of-instruction/ece/,"Electrical Engineering, Circuit Design, DC Fundamentals, AC Fundamentals, Semiconductor Devices, Operational Amplifiers, Device Fabrication, Power Distribution, Digital Devices, Computer Architecture, Microprocessors"
University of Illinois Urbana-Champaign,illinois.edu,Computer Engineering,ECE 329,Fields and Waves I,"Electromagnetic fields and waves fundamentals and their engineering applications: static electric and magnetic fields; energy storage; Maxwell's equations for time-varying fields; wave solutions in free space, dielectrics and conducting media, transmission line systems; time- and frequency-domain analysis of transmission line circuits and Smith chart applications. Prerequisite: ECE 210 .",3,undergraduate,https://catalog.illinois.edu/courses-of-instruction/ece/,"Static Electric Fields, Static Magnetic Fields, Energy Storage, Maxwell's Equations, Wave Solutions in Free Space, Wave Solutions in Dielectrics, Wave Solutions in Conducting Media, Transmission Line Systems, Time-Domain Analysis, Frequency-Domain Analysis, Smith Chart Applications"
University of Illinois Urbana-Champaign,illinois.edu,Computer Engineering,ECE 330,Power Ckts & Electromechanics,"Network equivalents; power and energy fundamentals, resonance, mutual inductance; three-phase power concepts, forces and torques of electric origin in electromagnetic and electrostatic systems; energy conversion cycles; principles of electric machines; transducers; relays; laboratory demonstration. Prerequisite: ECE 210 .",3,undergraduate,https://catalog.illinois.edu/courses-of-instruction/ece/,"Network Analysis, Power Systems, Energy Fundamentals, Resonance, Mutual Inductance, Three-Phase Power Systems, Electromagnetics, Electrostatics, Energy Conversion Cycles, Electric Machines, Transducers, Relays, Electrical Engineering"
University of Illinois Urbana-Champaign,illinois.edu,Computer Engineering,ECE 333,Green Electric Energy,"Electric power grid structure and policy; analysis of wind, solar, and fuels as raw resources; wind turbines and parks; solar cells, modules, arrays and systems; fuel cell power plants; energy and financial performance of green energy projects; integration of green energy into power grid; energy project report and presentation. Prerequisite: ECE 205 or ECE 210 .",3,undergraduate,https://catalog.illinois.edu/courses-of-instruction/ece/,"Power Grid Analysis, Energy Policy, Wind Energy, Solar Energy, Wind Turbine Design, Photovoltaics, Solar Cell Design, Fuel Cell Technology, Energy Performance Modeling, Financial Modeling, Grid Integration, Power Systems Engineering, Technical Writing, Oral Presentations"
University of Illinois Urbana-Champaign,illinois.edu,Computer Engineering,ECE 340,Semiconductor Electronics,"Modern device electronics: semiconductor fundamentals including crystals and energy bands, charge carriers (electrons and holes), doping, and transport, (drift and diffusion); unipolar devices with the MOS field effect transistor as a logic device and circuit considerations; basic concepts of generation-recombination and the P-N junction as capacitors and current rectifier with applications in photonics; bipolar transistors as amplifiers and switching three-terminal devices. Prerequisite: ( ECE 205 or ECE 210 ) and PHYS 214 .",3,undergraduate,https://catalog.illinois.edu/courses-of-instruction/ece/,"Device Electronics, Semiconductors, Semiconductor Physics, MOSFETs, Logic Devices, Circuit Design, P-N Junctions, Capacitors, Rectifiers, Photonics, Bipolar Transistors, Amplifiers, Switching Devices"
University of Illinois Urbana-Champaign,illinois.edu,Computer Engineering,ECE 342,Electronic Circuits,"Analysis and design of analog and digital electronic circuits using MOS field effect transistors and bipolar junction transistors, with emphasis on amplifiers in integrated circuits. Credit is not given for both ECE 342 and PHYS 404 . Prerequisite: ECE 210 .",3,undergraduate,https://catalog.illinois.edu/courses-of-instruction/ece/,"Analog circuit analysis, Digital circuit analysis, MOSFET design, BJT design, Amplifier design, Integrated circuit design, Circuit analysis, Circuit design"
University of Illinois Urbana-Champaign,illinois.edu,Computer Engineering,ECE 343,Electronic Circuits Laboratory,Companion laboratory for ECE 342 . Credit is not given for both ECE 343 and PHYS 404 . Prerequisite: Credit or concurrent registration in ECE 342 .,1,undergraduate,https://catalog.illinois.edu/courses-of-instruction/ece/,
University of Illinois Urbana-Champaign,illinois.edu,Computer Engineering,ECE 350,Fields and Waves II,"Continuation of ECE 329 : radiation theory; antennas, radiation fields, radiation resistance and gain; transmitting arrays; plane-wave approximation of radiation fields; plane-wave propagation, reflection, and transmission; Doppler effect, evanescent waves and tunneling, dispersion, phase and group velocities; waveguides and resonant cavities; antenna reception and link budgets. Prerequisite: ECE 329 .",3,undergraduate,https://catalog.illinois.edu/courses-of-instruction/ece/,"Antenna Design, Electromagnetic Wave Propagation, Waveguide Analysis, Resonant Cavity Design, Link Budget Analysis, Plane Wave Approximation, Doppler Effect Analysis, Evanescent Wave Modeling, Tunneling Phenomena Analysis, Dispersion Analysis, Phase Velocity Calculation, Group Velocity Calculation, Radiation Resistance Calculation, Antenna Gain Calculation, Transmitting Array Design"
University of Illinois Urbana-Champaign,illinois.edu,Computer Engineering,ECE 364,Programming Methods for Machine Learning,"Focuses on auto-differentiation tools like PyTorch used with basic machine learning algorithms (linear regression, logistic regression, deep nets, k-means clustering), and extensions in custom methods to fit specific needs. Auto-differentiation tools are essential for data analysis and a solid understanding is increasingly important in many disciplines. In contrast to existing courses which focus on algorithmic and theoretical aspects of Machine Learning, the focus here is on implementation with auto-diff tools. Prerequisite: MATH 257 .",3,undergraduate,https://catalog.illinois.edu/courses-of-instruction/ece/,"PyTorch, Auto-differentiation, Machine Learning, Linear Regression, Logistic Regression, Deep Learning, K-means Clustering, Data Analysis, Algorithm Implementation"
University of Illinois Urbana-Champaign,illinois.edu,Computer Engineering,ECE 365,Data Science and Engineering,"Project-based course focused on exploring and understanding how data are collected, represented and stored, and computed/analyzed upon to arrive at appropriate and meaningful interpretation. Foundations of machine learning are developed and then applied in the context of two specific application areas, such as social network analytics, biological data analysis, and auto and video analytics. Prerequisite: ECE 313 .",3,undergraduate,https://catalog.illinois.edu/courses-of-instruction/ece/,"Data Collection, Data Representation, Data Storage, Data Analysis, Machine Learning, Social Network Analytics, Biological Data Analysis, Video Analytics"
University of Illinois Urbana-Champaign,illinois.edu,Computer Engineering,ECE 374,Introduction to Algorithms & Models of Computation,Same as CS 374 . See CS 374 .,4,undergraduate,https://catalog.illinois.edu/courses-of-instruction/ece/,
University of Illinois Urbana-Champaign,illinois.edu,Computer Engineering,ECE 380,Biomedical Imaging,"Physics and engineering principles associated with x-ray, computed tomography, nuclear, ultrasound, magnetic resonance, and optical imaging, including human visualization and perception of image data. Same as BIOE 380 . Prerequisite: MATH 285 or MATH 286.",3,undergraduate,https://catalog.illinois.edu/courses-of-instruction/ece/,"X-ray imaging, Computed tomography, Nuclear imaging, Ultrasound imaging, Magnetic resonance imaging, Optical imaging, Human visualization, Image perception, Physics principles, Engineering principles"
University of Illinois Urbana-Champaign,illinois.edu,Computer Engineering,ECE 385,Digital Systems Laboratory,"Design, build, and test digital systems using transistor-transistor logic (TTL), SystemVerilog, and field-programmable gate arrays (FPGAs). Topics include combinational and sequential logic, storage elements, input/output and display, timing analysis, design tradeoffs, synchronous and asynchronous design methods, datapath and controller, microprocessor design, software/hardware co-design, and system-on-a-chip. Prerequisite: ECE 110 and ECE 220 .",3,undergraduate,https://catalog.illinois.edu/courses-of-instruction/ece/,"TTL, SystemVerilog, FPGA, combinational logic, sequential logic, storage elements, input/output design, display design, timing analysis, design tradeoffs, synchronous design, asynchronous design, datapath design, controller design, microprocessor design, software/hardware co-design, system-on-a-chip design"
University of Illinois Urbana-Champaign,illinois.edu,Computer Engineering,ECE 391,Computer Systems Engineering,"Concepts and abstractions central to the development of modern computing systems, with an emphasis on the systems software that controls interaction between devices and other hardware and application programs. Input-output semantics; synchronization; interrupts; multitasking; virtualization of abstractions. Term-based projects. Credit is not given for both ECE 391 and either CS 341 or CS 241. Prerequisite: ECE 220 or CS 233 .",4,undergraduate,https://catalog.illinois.edu/courses-of-instruction/ece/,"Input-output semantics, synchronization, interrupts, multitasking, virtualization, systems software development, hardware-software interaction, device driver fundamentals"
University of Illinois Urbana-Champaign,illinois.edu,Computer Engineering,ECE 395,Advanced Digital Projects Lab,"Planning, designing, executing, and documenting a microcomputer-based project. Emphasis on hardware but special projects may require an equal emphasis on software. May be repeated in separate terms. Prerequisite: ECE 385 .",2,undergraduate,https://catalog.illinois.edu/courses-of-instruction/ece/,"Microcomputer Systems, Embedded Systems, Hardware Design, Software Engineering, Technical Documentation, Project Management, Circuit Design, Systems Integration"
University of Illinois Urbana-Champaign,illinois.edu,Computer Engineering,ECE 396,Honors Project,Special project or reading course for James Scholars in engineering. May be repeated. Prerequisite: Consent of instructor.,1 to 4,undergraduate,https://catalog.illinois.edu/courses-of-instruction/ece/,"Research Methods, Technical Writing"
University of Illinois Urbana-Champaign,illinois.edu,Computer Engineering,ECE 397,Individual Study in ECE,Individual Projects. Approved for both letter and S/U grading. May be repeated. Prerequisite: Consent of instructor. Approved written application to department as specified by department or instructor is required.,0 to 4,undergraduate,https://catalog.illinois.edu/courses-of-instruction/ece/,
University of Illinois Urbana-Champaign,illinois.edu,Computer Engineering,ECE 398,Special Topics in ECE,Subject offerings of new and developing areas of knowledge in electrical and computer engineering intended to augment the existing curriculum. See Class Schedule or departmental course information for topics and prerequisites. Approved for both letter and S/U grading. May be repeated in the same or separate terms if topics vary.,0 to 4,undergraduate,https://catalog.illinois.edu/courses-of-instruction/ece/,
University of Illinois Urbana-Champaign,illinois.edu,Computer Engineering,ECE 401,Signal Processing,"Introduction to signal processing for advanced undergraduates or graduate students in the biological, physical, social, engineering and computer sciences. Representation and processing of continuous-time and discrete-time signals and images using phasors, Fourier series, sampling, FIR filters, discrete-time Fourier transform, Z transform, and IIR filters. Machine problems include processing of music, speech, photographic image, bioelectric, and biomedical image data. 4 undergraduate hours. 4 graduate hours. Credit is not given towards graduation for both ECE 310 and ECE 401 . Prerequisite: MATH 220 .",4,undergraduate,https://catalog.illinois.edu/courses-of-instruction/ece/,"Continuous-Time Signal Processing, Discrete-Time Signal Processing, Phasor Analysis, Fourier Series, Sampling, FIR Filter Design, Discrete-Time Fourier Transform, Z-Transform, IIR Filter Design, Music Signal Processing, Speech Signal Processing, Image Processing, Bioelectric Signal Processing, Biomedical Image Processing"
University of Illinois Urbana-Champaign,illinois.edu,Computer Engineering,ECE 402,Electronic Music Synthesis,Historical survey of electronic and computer music technology; parameters of musical expression and their codification; analysis and synthesis of fixed sound spectra; time-variant spectrum analysis/synthesis of musical sounds; algorithms for dynamic sound synthesis. 3 undergraduate hours. 3 graduate hours. Prerequisite: ECE 310 .,3,undergraduate,https://catalog.illinois.edu/courses-of-instruction/ece/,"Signal Processing, Spectral Analysis, Spectral Synthesis, Algorithmic Sound Synthesis, Digital Signal Processing, Audio Signal Processing"
University of Illinois Urbana-Champaign,illinois.edu,Computer Engineering,ECE 403,Audio Engineering,"Resonance and wave phenomena; Acoustics of rooms and transmission lines (e.g., horns); How loudspeakers work: A lab component has been added to measure and model real loudspeakers and enclosures; Topics in digital audio, including AD and DA (Sigma-Delta) audio converters. 3 undergraduate hours. 3 graduate hours. Prerequisite: ECE 210 and ECE 310 .",3,undergraduate,https://catalog.illinois.edu/courses-of-instruction/ece/,"Acoustics, Wave Phenomena, Transmission Line Theory, Loudspeaker Design, Acoustic Modeling, Digital Audio, Analog-to-Digital Conversion, Digital-to-Analog Conversion, Sigma-Delta Modulation, Signal Processing, Electrical Engineering"
University of Illinois Urbana-Champaign,illinois.edu,Computer Engineering,ECE 404,Quantum Information Theory,"Basic concepts and principles underlying quantum computing and communication with equal emphasis on mathematical tools and principles of quantum information processing, quantum communication, and nonlocality and entanglement theory. Topics covered reflect areas of recent interest within the quantum research community. Students will be expected to perform detailed mathematical calculations and construct proofs. By the end of the semester they should be equipped with enough background and technical skills needed for quantum information research. 3 undergraduate hours. 4 graduate hours. Prerequisite: PHYS 214 or ECE 305 , MATH 257 (or equivalent basic linear algebra).",3,undergraduate,https://catalog.illinois.edu/courses-of-instruction/ece/,"Quantum Computing, Quantum Communication, Quantum Information Processing, Nonlocality, Entanglement Theory, Mathematical Modeling, Proof Construction, Quantum Information Research, Linear Algebra"
University of Illinois Urbana-Champaign,illinois.edu,Computer Engineering,ECE 405,Quantum Systems II,"A survey of the modern quantum technology landscape with an introduction to platforms including single photons, atoms, ions and superconducting qubits. Two-level systems and their coupling to electromagnetic fields. Basic protocols for quantum networks and quantum information processing. Elementary discussions of qubit interactions and noise. 3 undergraduate hours. 4 graduate hours. Prerequisite: ECE 305 or PHYS 486 or equivalent.",3,undergraduate,https://catalog.illinois.edu/courses-of-instruction/ece/,"Quantum Technology, Superconducting Qubits, Electromagnetic Fields, Quantum Networks, Quantum Information Processing, Qubit Interactions, Noise Analysis"
University of Illinois Urbana-Champaign,illinois.edu,Computer Engineering,ECE 406,Quantum Optics and Devices,Introduces students to essential physics and devices of quantum technologies. The first half of the course focuses on concepts and formalisms of quantum optics. In the second half the same concepts and related theoretical tools are used to study a broader range of quantum device platforms and the associated literatures. 3 undergraduate hours. 4 graduate hours. Prerequisite: ECE 305 or equivalent.,3,undergraduate,https://catalog.illinois.edu/courses-of-instruction/ece/,"Quantum Optics, Quantum Technologies, Quantum Device Platforms, Theoretical Tools, Quantum Physics"
University of Illinois Urbana-Champaign,illinois.edu,Computer Engineering,ECE 407,Cryptography,"Cryptography is a powerful toolbox for building secure systems --- not just for private communication, but also for building fault tolerant protocols, for securely outsourcing computation to untrusted services, and more. The goal of this course is to introduce the concepts of modern cryptography, including a combination of theoretical foundations (how do we precisely state security guarantees and assumptions, and prove that a protocol is designed correctly?) and practical techniques (how do we combine secure primitives to make effective systems?). This course is intended for senior undergraduate students with an interest in applying cryptographic techniques to building secure systems, and for graduate students with an interest in cryptography or systems security. Same as CS 407 . 3 or 4 undergraduate hours. 3 or 4 graduate hours. Prerequisite: CS 225 .",3,undergraduate,https://catalog.illinois.edu/courses-of-instruction/ece/,"Cryptography, Security protocol design, Fault-tolerant protocol design, Secure outsourcing of computation, Building secure systems, Theoretical foundations of cryptography, Practical cryptographic techniques, Security guarantees formulation, Cryptographic assumption modeling, Protocol correctness proof, Secure primitives composition, Systems security"
University of Illinois Urbana-Champaign,illinois.edu,Computer Engineering,ECE 408,Applied Parallel Programming,"Parallel programming with emphasis on developing applications for processors with many computation cores. Computational thinking, forms of parallelism, programming models, mapping computations to parallel hardware, efficient data structures, paradigms for efficient parallel algorithms, and application case studies. Same as CS 483 and CSE 408 . 4 undergraduate hours. 4 graduate hours. Prerequisite: ECE 220 or CS 225 .",4,undergraduate,https://catalog.illinois.edu/courses-of-instruction/ece/,"Parallel programming, Computational thinking, Forms of parallelism, Programming models, Mapping computations to parallel hardware, Efficient data structures, Paradigms for efficient parallel algorithms, Application case studies, Multicore processors, Parallel hardware, Parallel algorithms"
University of Illinois Urbana-Champaign,illinois.edu,Computer Engineering,ECE 410,Neural Circuits and Systems,Same as NE 410 . See NE 410 .,3,undergraduate,https://catalog.illinois.edu/courses-of-instruction/ece/,
University of Illinois Urbana-Champaign,illinois.edu,Computer Engineering,ECE 411,Computer Organization & Design,"Basic computer organization and design: integer and floating-point computer arithmetic; control unit design; pipelining; system interconnect; memory organization; I/O design; reliability and performance evaluation. Laboratory for computer design implementation, simulation, and layout. 4 undergraduate hours. 4 graduate hours. Prerequisite: ECE 385 and either ECE 391 or CS 341 .",4,undergraduate,https://catalog.illinois.edu/courses-of-instruction/ece/,"Computer Architecture, Computer Organization, Computer Arithmetic, Integer Arithmetic, Floating-Point Arithmetic, Control Unit Design, Pipelining, System Interconnect, Memory Organization, I/O Design, Reliability Engineering, Performance Evaluation, Hardware Implementation, Simulation, Integrated Circuit Layout"
University of Illinois Urbana-Champaign,illinois.edu,Computer Engineering,ECE 414,Biomedical Instrumentation,Same as BIOE 414 . See BIOE 414 .,3,undergraduate,https://catalog.illinois.edu/courses-of-instruction/ece/,
University of Illinois Urbana-Champaign,illinois.edu,Computer Engineering,ECE 415,Biomedical Instrumentation Lab,Same as BIOE 415 . See BIOE 415 .,2,undergraduate,https://catalog.illinois.edu/courses-of-instruction/ece/,
University of Illinois Urbana-Champaign,illinois.edu,Computer Engineering,ECE 416,Biosensors,"Underlying engineering principles used to detect small molecules, DNA, proteins, and cells in the context of applications in diagnostic testing, pharmaceutical research, and environmental monitoring. Biosensor approaches including electrochemistry, fluorescence, acoustics, and optics; aspects of selective surface chemistry including methods for biomolecule attachment to transducer surfaces; characterization of bisensor performance; blood glucose detection; fluorescent DNA microarrays; label-free biochips; bead-based assay methods. Case studies and analysis of commercial biosensor. Same as BIOE 416 . 3 undergraduate hours. 3 graduate hours. Prerequisite: ECE 329 .",3,undergraduate,https://catalog.illinois.edu/courses-of-instruction/ece/,"Electrochemistry, Fluorescence detection, Acoustic sensing, Optical sensing, Surface chemistry, Biomolecule immobilization, Biosensor performance characterization, Glucose detection, DNA microarray fabrication, Label-free biochip design, Bead-based assay development, Case study analysis, Commercial biosensor analysis"
University of Illinois Urbana-Champaign,illinois.edu,Computer Engineering,ECE 417,Multimedia Signal Processing,"Characteristics of speech and image signals; important analysis and synthesis tools for multimedia signal processing including subspace methods, Bayesian networks, hidden Markov models, and factor graphs; applications to biometrics (person identification), human-computer interaction (face and gesture recognition and synthesis), and audio-visual databases (indexing and retrieval). Emphasis on a set of MATLAB machine problems providing hands-on experience. 4 undergraduate hours. 4 graduate hours. Prerequisite: ECE 310 or ECE 401 ; one of ECE 313 , CS361, or STAT 400 .",4,undergraduate,https://catalog.illinois.edu/courses-of-instruction/ece/,"Speech signal processing, Image signal processing, Subspace methods, Bayesian networks, Hidden Markov models, Factor graphs, Biometrics (person identification), Human-computer interaction, Face recognition, Gesture recognition, Audio-visual database indexing, Multimedia signal processing, MATLAB programming"
University of Illinois Urbana-Champaign,illinois.edu,Computer Engineering,ECE 418,Image & Video Processing,"Concepts and applications in image and video processing; introduction to multidimensional signal processing: sampling, Fourier transform, filtering, interpolation, and decimation; human visual perception; scanning and display of images and video; image enhancement, restoration and segmentation; digital image and video compression; image analysis. Laboratory exercises promote experience with topics and development of C and MATLAB programs. 4 undergraduate hours. 4 graduate hours. Prerequisite: ECE 310 ; credit or concurrent registration in one of ECE 313 , STAT 400 , IE 300 , MATH 461 ; MATH 415 ; experience with C programming language.",4,undergraduate,https://catalog.illinois.edu/courses-of-instruction/ece/,"Image Processing, Video Processing, Multidimensional Signal Processing, Sampling, Fourier Transform, Filtering, Interpolation, Decimation, Human Visual Perception, Image Enhancement, Image Restoration, Image Segmentation, Digital Image Compression, Video Compression, Image Analysis, C, MATLAB, Statistical Modeling"
University of Illinois Urbana-Champaign,illinois.edu,Computer Engineering,ECE 419,Security Laboratory,Same as CS 460 . See CS 460 .,3,undergraduate,https://catalog.illinois.edu/courses-of-instruction/ece/,
University of Illinois Urbana-Champaign,illinois.edu,Computer Engineering,ECE 420,Embedded DSP Laboratory,"Development of real-time digital signal processing (DSP) systems using a DSP microprocessor; several structured laboratory exercises, such as sampling and digital filtering; followed by an extensive DSP project of the student's choice. 2 undergraduate hours. 2 graduate hours. Prerequisite: ECE 310 .",2,undergraduate,https://catalog.illinois.edu/courses-of-instruction/ece/,"Real-Time Systems, Digital Signal Processing (DSP), Microprocessors, Signal Sampling, Digital Filtering"
University of Illinois Urbana-Champaign,illinois.edu,Computer Engineering,ECE 421,Neural Interface Engineering,"This course will focus on hardware and software technologies that enable control and readout of neural activity in the brain. Engineering grounded innovation will accelerate our understanding of the brain, impact new therapies for restoring lost neural functions, and lead to neural interfaces to augment our interaction with the world and machines. Focuses on using physical, chemical and biological principles to understand technology design criteria governing ability to observe and alter brain structure and function. Topics include noninvasive and invasive brain mapping and stimulation, neural interfaces and neural prosthetics, data processing problems, decoding/encoding techniques based on machine learning, future brain interfaces based on nanotechnology, optogenetics. Same as NE 420 . 3 undergraduate hours. 4 graduate hours. Prerequisite: ECE 210 or BIOE 205 and NE 330 , or instructor approval.",3,undergraduate,https://catalog.illinois.edu/courses-of-instruction/ece/,"Neural Engineering, Neural Interfaces, Neural Prosthetics, Brain Mapping, Brain Stimulation, Data Processing, Machine Learning, Decoding Techniques, Encoding Techniques, Nanotechnology, Optogenetics, Signal Processing, Biomedical Engineering, Sensor Technology"
University of Illinois Urbana-Champaign,illinois.edu,Computer Engineering,ECE 422,Computer Security I,Same as CS 461 . See CS 461 .,4,undergraduate,https://catalog.illinois.edu/courses-of-instruction/ece/,
University of Illinois Urbana-Champaign,illinois.edu,Computer Engineering,ECE 423,VLSI in Machine Learning,"Implementation of machine learning algorithms on resource-constrained hardware platforms, e.g., IoTs, AR/VR, autonomous vehicles, and biomedical devices. Focused on structure and function of deep neural networks (DNNs); fixed-point requirements for inference and training; lightweight DNNs; algorithm-to-architecture mapping to minimize energy and delay; digital and in-memory AI accelerator architectures. Coursework to include bi-weekly assignments with analysis, Python and Verilog programming and final project on design (undergraduates) or research (graduate students). 3 undergraduate hours. 4 graduate hours. Prerequisite: ECE 313 and ECE 342 .",3,undergraduate,https://catalog.illinois.edu/courses-of-instruction/ece/,"Machine Learning, Deep Neural Networks (DNNs), Fixed-point arithmetic, Inference, Training, Lightweight DNN design, Algorithm-to-architecture mapping, Energy optimization, Delay minimization, Digital AI accelerator design, In-memory AI accelerator design, Python programming, Verilog programming, Data analysis, System design, Research methods"
University of Illinois Urbana-Champaign,illinois.edu,Computer Engineering,ECE 424,Computer Security II,Same as CS 463 . See CS 463 .,3,undergraduate,https://catalog.illinois.edu/courses-of-instruction/ece/,
University of Illinois Urbana-Champaign,illinois.edu,Computer Engineering,ECE 425,Intro to VLSI System Design,"Complementary Metal-Oxide Semiconductor (CMOS) technology and theory; CMOS circuit and logic design; layout rules and techniques; circuit characterization and performance estimation; CMOS subsystem design; Very-Large-Scale Integrated (VLSI) systems design methods; VLSI Computer Aided Design (CAD) tools; workstation-based custom VLSI chip design using concepts of cell hierarchy; final project involving specification, design, and evaluation of a VLSI chip or VLSI CAD program; written report and oral presentation on the final project. 3 undergraduate hours. 3 graduate hours. Prerequisite: ECE 385 or CS 233 .",3,undergraduate,https://catalog.illinois.edu/courses-of-instruction/ece/,"CMOS Technology, CMOS Theory, CMOS Circuit Design, Logic Design, Layout Design, Circuit Characterization, Performance Estimation, CMOS Subsystem Design, VLSI Systems Design, VLSI Design Methods, VLSI CAD Tools, Computer-Aided Design (CAD), Custom VLSI Chip Design, Cell Hierarchy, Technical Writing, Oral Presentations"
University of Illinois Urbana-Champaign,illinois.edu,Computer Engineering,ECE 426,Principles of Mobile Robotics,Same as ABE 426 . See ABE 426 .,4,undergraduate,https://catalog.illinois.edu/courses-of-instruction/ece/,
University of Illinois Urbana-Champaign,illinois.edu,Computer Engineering,ECE 427,Advanced VLSI System Design,"Students will work in teams on a semester-long project to design and fabricate their own digital, analog, or mixed-signal chip using modern EDA tools. Each team will propose a design in the form of specifications, write an RTL (or equivalent) model for their chip and its components, design schematics, create a testing/debug strategy, and perform layout, integration, and verification of their chip. Final GDS files will be sent to foundry at the end of semester. 4 undergraduate hours. 4 graduate hours. Prerequisite: Prior experience in hardware design and layout. At least one of ECE 385 or ECE 411 or ECE 425 or ECE 482 or ECE 483 .",4,undergraduate,https://catalog.illinois.edu/courses-of-instruction/ece/,"Digital Design, Analog Design, Mixed-Signal Design, EDA Tools, RTL Modeling, Schematic Design, Testing and Debugging, Physical Layout, Design Integration, Design Verification, GDSII Generation, Hardware Design, Hardware Layout, Specification Writing"
University of Illinois Urbana-Champaign,illinois.edu,Computer Engineering,ECE 428,Distributed Systems,Same as CS 425 . See CS 425 .,3,undergraduate,https://catalog.illinois.edu/courses-of-instruction/ece/,
University of Illinois Urbana-Champaign,illinois.edu,Computer Engineering,ECE 431,Electric Machinery,"Theory and laboratory experimentation with three-phase power, power-factor correction, single- and three-phase transformers, induction machines, DC machines, and synchronous machines; project work on energy control systems; digital simulation of machine dynamics. 4 undergraduate hours. 4 graduate hours. Prerequisite: ECE 330 .",4,undergraduate,https://catalog.illinois.edu/courses-of-instruction/ece/,"Three-phase power analysis, Power-factor correction, Single-phase transformer design, Three-phase transformer design, Induction machine analysis, DC machine analysis, Synchronous machine analysis, Energy control systems design, Digital simulation of machine dynamics"
University of Illinois Urbana-Champaign,illinois.edu,Computer Engineering,ECE 434,Real World Algorithms for IoT and Data Science,"Introduction to cross-disciplinary ideas and techniques in mobile computing, with an emphasis on how they can be composed to build systems and applications on smartphones, tablets, and wearable devices. Topics of interest include smartphone sensing, energy efficiency, indoor localization, augmented reality, context-awareness, gesture recognition, and data analytics. Various techniques and methods utilized to combine them into functional systems, propose a new system, define the underlying problems, and solve them end to end. Same as CS 434 . 3 undergraduate hours. 4 graduate hours. Prerequisite: ECE 391 , CS 241, CS 341 or ECE 310 .",3,undergraduate,https://catalog.illinois.edu/courses-of-instruction/ece/,"Mobile Computing, Smartphone Sensing, Energy Efficiency, Indoor Localization, Augmented Reality, Context-Awareness, Gesture Recognition, Data Analytics, Systems Engineering, Embedded Systems, Sensor Fusion"
University of Illinois Urbana-Champaign,illinois.edu,Computer Engineering,ECE 435,Computer Networking Laboratory,Same as CS 436 . See CS 436 .,3,undergraduate,https://catalog.illinois.edu/courses-of-instruction/ece/,
University of Illinois Urbana-Champaign,illinois.edu,Computer Engineering,ECE 437,Sensors and Instrumentation,"Hands-on exposure to fundamental technology and practical application of sensors. Capacitive, inductive, optical, electromagnetic, and other sensing methods are examined. Instrumentation techniques incorporating computer control, sampling, and data collection and analysis are reviewed in the context of real-world scenarios. 3 undergraduate hours. 3 graduate hours. Prerequisite: ECE 329 .",3,undergraduate,https://catalog.illinois.edu/courses-of-instruction/ece/,"Sensors, Capacitive Sensing, Inductive Sensing, Optical Sensing, Electromagnetic Sensing, Instrumentation, Computer Control, Sampling, Data Collection, Data Analysis"
University of Illinois Urbana-Champaign,illinois.edu,Computer Engineering,ECE 438,Computer Networks,Same as CS 438 . See CS 438 .,3,undergraduate,https://catalog.illinois.edu/courses-of-instruction/ece/,
University of Illinois Urbana-Champaign,illinois.edu,Computer Engineering,ECE 439,Wireless Networks,"Overview of wireless network architectures including cellular networks, local area networks, multi-hop wireless networks such as ad hoc networks, mesh networks, and sensor networks; capacity of wireless networks; medium access control, routing protocols, and transport protocols for wireless networks; mechanisms to improve performance and security in wireless networks; energy-efficient protocols for sensor networks. Same as CS 439 . 3 undergraduate hours. 3 or 4 graduate hours. Prerequisite: ECE 391 ; CS 241 or CS 341 ; one of MATH 461 , MATH 463 , ECE 313 .",3,undergraduate,https://catalog.illinois.edu/courses-of-instruction/ece/,"cellular networks, local area networks, ad hoc networks, mesh networks, sensor networks, medium access control, routing protocols, transport protocols, wireless network capacity, performance improvement mechanisms, security mechanisms, energy-efficient protocols"
University of Illinois Urbana-Champaign,illinois.edu,Computer Engineering,ECE 441,Physcs & Modeling Semicond Dev,"Advanced concepts including generation-recombination, hot electron effects, and breakdown mechanisms; essential features of small ac characteristics, switching and transient behavior of p-n junctions, and bipolar and MOS transistors; fundamental issues for device modeling; perspective and limitations of Si-devices. 3 undergraduate hours. 3 graduate hours. Prerequisite: ECE 340 .",3,undergraduate,https://catalog.illinois.edu/courses-of-instruction/ece/,"generation-recombination, hot electron effects, breakdown mechanisms, small-signal AC characteristics, switching behavior, transient behavior, p-n junction analysis, bipolar transistor design, MOS transistor design, device modeling, silicon device limitations"
University of Illinois Urbana-Champaign,illinois.edu,Computer Engineering,ECE 442,Silicon Photonics,"Overview of silicon integrated photonics in three sections: (1) fundamentals of waveguide optics and passive silicon photonic devices including wavelength filters, mode converters, polarization and dispersion management. (2) active silicon photonic devices based on carrier injection/depletion pn junction, photonic modulators, optical switches, photodetectors. (3) application of integrated silicon photonics in optical communications systems in short and long haul optical links and datacenters. Emerging applications in quantum computing, neuromoprhic computing and biosensing. 3 undergraduate hours. 4 graduate hours. Prerequisite: ECE 350 .",3,undergraduate,https://catalog.illinois.edu/courses-of-instruction/ece/,"Silicon Integrated Photonics, Waveguide Optics, Passive Silicon Photonic Devices, Wavelength Filters, Mode Converters, Polarization Management, Dispersion Management, Active Silicon Photonic Devices, Carrier Injection, Carrier Depletion, PN Junctions, Photonic Modulators, Optical Switches, Photodetectors, Optical Communications Systems, Short-haul Optical Links, Long-haul Optical Links, Datacenters, Quantum Computing, Neuromorphic Computing, Biosensing"
University of Illinois Urbana-Champaign,illinois.edu,Computer Engineering,ECE 443,LEDs and Solar Cells,This course explores the energy conversion devices from fundamentals to system-levels including electronic structure of semiconductors; quantum physics; compound semiconductors; semiconductor heterostructures and low dimensional quantum structures; energy transfer between photons and electron-hole pairs; photon emission and capture processes; radiative and non-radiative processes; light extraction and trapping; emission and absorption engineering; electrical and optical modelling via numerical and TCAD simulation tools; hands-on characterization of modern light emitting diodes and solar cells. 4 undergraduate hours. 4 graduate hours. Prerequisite: ECE 340 .,4,undergraduate,https://catalog.illinois.edu/courses-of-instruction/ece/,"Semiconductor Physics, Quantum Physics, Compound Semiconductors, Semiconductor Heterostructures, Quantum Structures, Optoelectronics, Optical Engineering, Electrical Modeling, Optical Modeling, Numerical Simulation, TCAD Simulation, Device Characterization, Light Emitting Diodes (LEDs), Solar Cells, Photovoltaics, Electrical Engineering"
University of Illinois Urbana-Champaign,illinois.edu,Computer Engineering,ECE 444,IC Device Theory & Fabrication,"Fabrication lab emphasizing physical theory and design of devices suitable for integrated circuitry; electrical properties of semiconductors and techniques (epitaxial growth, oxidation, photolithography diffusion, ion implantation, metallization, and characterization) for fabricating integrated circuit devices such as p-n junction diodes, bipolar transistors, and field effect transistors. 4 undergraduate hours. 4 graduate hours. Prerequisite: ECE 340 .",4,undergraduate,https://catalog.illinois.edu/courses-of-instruction/ece/,"Integrated Circuit Design, Integrated Circuit Fabrication, Semiconductor Physics, Epitaxial Growth, Oxidation, Photolithography, Diffusion, Ion Implantation, Metallization, Device Characterization, p-n Junction Diodes, Bipolar Transistors, Field Effect Transistors (FET)"
University of Illinois Urbana-Champaign,illinois.edu,Computer Engineering,ECE 445,Senior Design Project Lab,"Team-based design projects in various areas of electrical and computer engineering; projects are chosen by students with approval of instructor. A professionally kept lab notebook, a written report, prepared to journal publication standards, and an oral presentation required. The projects involve building and testing of the designed hardware device and a demonstration of the device is required. 4 undergraduate hours. No graduate credit. Prerequisite: ECE 385 . Restricted to Senior standing. This course satisfies the General Education Criteria for: Advanced Composition",4,undergraduate,https://catalog.illinois.edu/courses-of-instruction/ece/,"Electrical Engineering, Circuit Design, Embedded Systems, Technical Writing, Academic Writing, Oral Presentation"
University of Illinois Urbana-Champaign,illinois.edu,Computer Engineering,ECE 446,Principles of Experimental Research in Electrical Engineering,"Interdisciplinary approach to learning principles of experimental research. Focuses on: 1) experimental design 2) prevalent experimental techniques 3) data organization, analysis, and presentation and 4) scientific computing. Presentation methods explored include poster session, conference talk, and journal paper. Open-ended labs and a project reinforce concepts discussed in class. 4 undergraduate hours. 4 graduate hours. Prerequisite: ECE 313 .",4,undergraduate,https://catalog.illinois.edu/courses-of-instruction/ece/,"Experimental Design, Experimental Techniques, Data Organization, Data Analysis, Data Presentation, Scientific Computing, Poster Session Creation, Conference Talk Delivery, Journal Paper Writing, Open-ended Lab Work, Project-Based Learning, Research Methods, Technical Writing, Oral Presentation"
University of Illinois Urbana-Champaign,illinois.edu,Computer Engineering,ECE 447,Active Microwave Ckt Design,"Microwave circuit design of amplifiers, oscillators, and mixers. 3 undergraduate hours. 3 graduate hours. Prerequisite: ECE 350 and ECE 453 .",3,undergraduate,https://catalog.illinois.edu/courses-of-instruction/ece/,"Microwave circuit design, Amplifier design, Oscillator design, Mixer design"
University of Illinois Urbana-Champaign,illinois.edu,Computer Engineering,ECE 448,Artificial Intelligence,Same as CS 440 . See CS 440 .,3,undergraduate,https://catalog.illinois.edu/courses-of-instruction/ece/,
University of Illinois Urbana-Champaign,illinois.edu,Computer Engineering,ECE 449,Machine Learning,Same as CS 446 . See CS 446 .,3,undergraduate,https://catalog.illinois.edu/courses-of-instruction/ece/,
University of Illinois Urbana-Champaign,illinois.edu,Computer Engineering,ECE 450,Fiber Optic Communications,"Characterization, design, and lab measurements of optical fibers and lightwave channels, optical transmitters, receivers, and amplifiers; quantum and thermal noise processes; design of optical receivers; multimode and single-mode link analysis. 4 undergraduate hours. 4 graduate hours. Prerequisite: ECE 350 .",4,undergraduate,https://catalog.illinois.edu/courses-of-instruction/ece/,"Optical Fiber Design, Optical Fiber Characterization, Lab Measurements, Optical Transmitters, Optical Receivers, Optical Amplifiers, Quantum Noise Processes, Thermal Noise Processes, Optical Receiver Design, Multimode Link Analysis, Single-mode Link Analysis"
University of Illinois Urbana-Champaign,illinois.edu,Computer Engineering,ECE 451,Adv Microwave Measurements,Manual- and computer-controlled laboratory analysis of circuits at microwave frequencies. 3 undergraduate hours. 3 graduate hours. Prerequisite: ECE 350 .,3,undergraduate,https://catalog.illinois.edu/courses-of-instruction/ece/,"Manual laboratory analysis, Computer-controlled laboratory analysis, Microwave circuit analysis, RF measurement techniques, Test equipment operation, Laboratory instrumentation control"
University of Illinois Urbana-Champaign,illinois.edu,Computer Engineering,ECE 452,Electromagnetic Fields,Plane waves at oblique incidence; wave polarization; anisotropic media; radiation; space communications; waveguides. 3 undergraduate hours. 3 graduate hours. Prerequisite: ECE 350 .,3,undergraduate,https://catalog.illinois.edu/courses-of-instruction/ece/,"Plane wave analysis, Oblique incidence analysis, Wave polarization, Anisotropic media, Radiation, Space communications, Waveguide design"
University of Illinois Urbana-Champaign,illinois.edu,Computer Engineering,ECE 453,Wireless Communication Systems,"Design of a radio system for transmission of information; modulation, receivers, impedance matching, oscillators, two-port network analysis, receiver and antenna noise, nonlinear effects, mixers, phase-locked loops. 4 undergraduate hours. 4 graduate hours. Prerequisite: ECE 329 , credit or concurrent registration in ECE 342 .",4,undergraduate,https://catalog.illinois.edu/courses-of-instruction/ece/,"modulation, receivers, impedance matching, oscillators, two-port network analysis, receiver and antenna noise, nonlinear effects, mixers, phase-locked loops"
University of Illinois Urbana-Champaign,illinois.edu,Computer Engineering,ECE 454,Antennas,Antenna parameters; polarization of electromagnetic waves; basic antenna types; antenna arrays; broadband antenna design; antenna measurements. 3 undergraduate hours. 3 graduate hours. Prerequisite: ECE 350 .,3,undergraduate,https://catalog.illinois.edu/courses-of-instruction/ece/,"Antenna Theory, Electromagnetic Waves, Polarization, Antenna Arrays, Broadband Antenna Design, Antenna Measurements, Electrical Engineering"
University of Illinois Urbana-Champaign,illinois.edu,Computer Engineering,ECE 455,Optical Electronics,"Optical beams and cavities; semiclassical theory of gain; characteristics of typical lasers (gas, solid state, and semiconductor); application of optical devices. 3 undergraduate hours. 4 graduate hours. Prerequisite: ECE 350 or PHYS 436 .",3,undergraduate,https://catalog.illinois.edu/courses-of-instruction/ece/,"Optical Beams, Optical Cavities, Semiclassical Theory of Gain, Laser Physics, Gas Lasers, Solid-State Lasers, Semiconductor Lasers, Optical Devices, Optoelectronics, Photonics"
University of Illinois Urbana-Champaign,illinois.edu,Computer Engineering,ECE 456,Global Nav Satellite Systems,"Engineering aspects of space-based navigation systems, such as the Global Positioning System (GPS). Engineering and physical principles on which GPS operates, including orbital dynamics, electromagnetic wave propagation in a plasma, signal encoding, receiver design, error analysis, and numerical methods for obtaining a navigation solution. GPS as a case study for performing an end-to-end analysis of a complex engineering system. Laboratory exercises focus on understanding receiver design and developing a MATLAB-based GPS receiver. Same as AE 456 . 4 undergraduate hours. 4 graduate hours. Prerequisite: ECE 329 and ECE 310 or AE 352 and AE 353 .",4,undergraduate,https://catalog.illinois.edu/courses-of-instruction/ece/,"Global Positioning System (GPS), Navigation Systems, Orbital Dynamics, Electromagnetic Wave Propagation, Signal Encoding, Receiver Design, Error Analysis, Numerical Methods, Systems Engineering, MATLAB"
University of Illinois Urbana-Champaign,illinois.edu,Computer Engineering,ECE 457,Microwave Devices & Circuits,"Electromagnetic wave propagation, microwave transmission systems, passive components, microwave tubes, solid state microwave devices, microwave integrated circuits, S-parameter analysis, and microstrip transmission lines. 3 undergraduate hours. 3 graduate hours. Prerequisite: ECE 340 and ECE 350 .",3,undergraduate,https://catalog.illinois.edu/courses-of-instruction/ece/,"Electromagnetic wave propagation, Microwave transmission systems, Passive components, Microwave tubes, Solid state microwave devices, Microwave integrated circuits, S-parameter analysis, Microstrip transmission lines"
University of Illinois Urbana-Champaign,illinois.edu,Computer Engineering,ECE 458,Applic of Radio Wave Propag,"Terrestrial atmosphere, radio wave propagation, and applications to radio sensing and radio communication. 3 undergraduate hours. 3 graduate hours. Prerequisite: ECE 350 .",3,undergraduate,https://catalog.illinois.edu/courses-of-instruction/ece/,"Terrestrial atmosphere, Radio wave propagation, Radio sensing, Radio communication"
University of Illinois Urbana-Champaign,illinois.edu,Computer Engineering,ECE 459,Communications Systems,Analog underpinning of analog and digital communication systems: representation of signals and systems in the time and frequency domains; analog modulation schemes; random processes; prediction and noise analysis using random processes; noise sensitivity and bandwidth requirements of modulation schemes. Brief introduction to digital communications. 3 undergraduate hours. 3 graduate hours. Prerequisite: ECE 313 .,3,undergraduate,https://catalog.illinois.edu/courses-of-instruction/ece/,"Time-domain analysis, Frequency-domain analysis, Analog modulation schemes, Random process modeling, Prediction using random processes, Noise analysis, Noise sensitivity evaluation, Bandwidth requirement analysis, Digital communication fundamentals"
University of Illinois Urbana-Champaign,illinois.edu,Computer Engineering,ECE 460,Optical Imaging,"Scalar fields, geometrical optics, wave optics, Gaussian beams, Fourier optics, spatial and temporal coherence, microscopy, interference chromatic and geometric aberrations, Jones matrices, waveplates, electromagnetic fields, and electro-optic and acousto-optic effects. Laboratory covers numerical signal processing, spectroscopy, ray optics, diffraction, Fourier optics, microscopy, spatial coherence, temporal coherence, polarimetry, fiber optics, electro-optic modulation and acousto-optic modulation. 4 undergraduate hours. 4 graduate hours. Prerequisite: ECE 329 ; credit or concurrent registration in ECE 313 .",4,undergraduate,https://catalog.illinois.edu/courses-of-instruction/ece/,"Scalar fields, Geometrical optics, Wave optics, Gaussian beams, Fourier optics, Spatial coherence, Temporal coherence, Microscopy, Interference, Chromatic aberrations, Geometric aberrations, Jones matrices, Waveplates, Electromagnetic fields, Electro-optic effects, Acousto-optic effects, Numerical signal processing, Spectroscopy, Ray optics, Diffraction, Polarimetry, Fiber optics, Electro-optic modulation, Acousto-optic modulation"
University of Illinois Urbana-Champaign,illinois.edu,Computer Engineering,ECE 461,Digital Communications,"Reliable communication of one bit of information over three types of channels: additive Gaussian noise, wireline, and wireless. Emphasis on the impact of bandwidth and power on the data rate and reliability, using discrete-time models. Technological examples used as case studies. 3 undergraduate hours. 3 graduate hours. Prerequisite: ECE 210 and ECE 313 .",3,undergraduate,https://catalog.illinois.edu/courses-of-instruction/ece/,"Communication Theory, Information Theory, Additive White Gaussian Noise (AWGN), Wireline Communication, Wireless Communication, Discrete-Time Modeling, Signal Processing, Bandwidth Analysis, Data Rate Optimization, Reliability Engineering"
University of Illinois Urbana-Champaign,illinois.edu,Computer Engineering,ECE 462,Logic Synthesis,"Unate function theory, unate recursive paradigm, synthesis of two-level logic, synthesis of incompletely specified combinational logic, multi-level logic synthesis, binary decision diagrams, finite state machine synthesis, automatic test pattern generation and design for test, equivalence checking and reachability analysis of finite machines, and technology mapping. 3 undergraduate hours. 3 graduate hours. Prerequisite: ECE 220 or CS 233 .",3,undergraduate,https://catalog.illinois.edu/courses-of-instruction/ece/,"Unate Function Theory, Unate Recursive Paradigm, Two-Level Logic Synthesis, Combinational Logic Synthesis, Multi-Level Logic Synthesis, Binary Decision Diagrams, Finite State Machine Synthesis, Automatic Test Pattern Generation, Design for Test, Equivalence Checking, Reachability Analysis, Technology Mapping"
University of Illinois Urbana-Champaign,illinois.edu,Computer Engineering,ECE 463,Digital Communications Lab,Hands-on experience in the configuration and performance evaluation of digital communication systems employing both radio and optical signals. 2 undergraduate hours. 2 graduate hours. Prerequisite: ECE 361 or ECE 459 .,2,undergraduate,https://catalog.illinois.edu/courses-of-instruction/ece/,"Signal Processing, RF Signal Processing, Optical Signal Processing, Digital Communication System Configuration, Performance Evaluation, RF Communication, Optical Communication"
University of Illinois Urbana-Champaign,illinois.edu,Computer Engineering,ECE 464,Power Electronics,"Switching functions and methods of control such as pulse-width modulation, phase control, and phase modulation; dc-dc, ac-dc, dc-ac, and ac-ac power converters; power components, including magnetic components and power semiconductor switching devices. 3 undergraduate hours. 3 graduate hours. Prerequisite: ECE 342 .",3,undergraduate,https://catalog.illinois.edu/courses-of-instruction/ece/,"Pulse-width modulation, Phase control, Phase modulation, DC-DC converters, AC-DC converters, DC-AC converters, AC-AC converters, Magnetic components, Power semiconductor switching devices"
University of Illinois Urbana-Champaign,illinois.edu,Computer Engineering,ECE 467,Biophotonics,"Overview of the field of biophotonics, in three segments: (1) fundamental principles of light, optics, lasers, biology, and medicine; (2) diagnostic biophotonics including imaging, spectroscopy, and optical biosensors; (3) therapeutic applications of biophotonics including laser ablation and photodynamic therapies. Reviews and presentations of current scientific literature by students. Tours of microscopy facilities. Same as BIOE 467 . 3 undergraduate hours. 3 graduate hours. Prerequisite: One of ECE 455 , ECE 460 , PHYS 402 .",3,undergraduate,https://catalog.illinois.edu/courses-of-instruction/ece/,"Light, Optics, Lasers, Biology, Medicine, Imaging, Spectroscopy, Optical biosensors, Laser ablation, Photodynamic therapy, Microscopy, Literature review, Scientific presentation"
University of Illinois Urbana-Champaign,illinois.edu,Computer Engineering,ECE 468,Optical Remote Sensing,"Optical sensors including single element and area arrays (CCDs); optical systems including imagers, spectrometers, interferometers, and lidar; optical principles and light gathering power; electromagnetics of atomic and molecular emission and scattering with applications to the atmosphere the prime example; applications to ground and spacecraft platforms. Four laboratory sessions (4.5 hours each) arranged during term in lieu of four lectures. Same as AE 468 . 3 undergraduate hours. 3 graduate hours. Prerequisite: ECE 329 , ECE 313 .",3,undergraduate,https://catalog.illinois.edu/courses-of-instruction/ece/,"Optical sensors, CCDs, Imagers, Spectrometers, Interferometers, Lidar, Electromagnetics, Atomic emission, Molecular emission, Scattering, Atmospheric science, Ground-based platform integration, Spacecraft platform integration, Signal processing, Sensor systems"
University of Illinois Urbana-Champaign,illinois.edu,Computer Engineering,ECE 469,Power Electronics Laboratory,"Circuits and devices used for switching power converters, solid-state motor drives, and power controllers; dc-dc, ac-dc, and dc-ac converters and applications; high-power transistors and magnetic components; design considerations including heat transfer. 2 undergraduate hours. 2 graduate hours. Prerequisite: ECE 343 ; credit or concurrent registration in ECE 464 .",2,undergraduate,https://catalog.illinois.edu/courses-of-instruction/ece/,"Switching Power Converters, Solid-State Motor Drives, Power Controllers, DC-DC Converters, AC-DC Converters, DC-AC Converters, High-Power Transistors, Magnetic Components, Heat Transfer, Circuit Design"
University of Illinois Urbana-Champaign,illinois.edu,Computer Engineering,ECE 470,Introduction to Robotics,"Fundamentals of robotics including rigid motions; homogeneous transformations; forward and inverse kinematics; velocity kinematics; motion planning; trajectory generation; sensing, vision; control. Same as AE 482 and ME 445 . 4 undergraduate hours. 4 graduate hours. Prerequisite: One of MATH 225 , MATH 257 , MATH 418 .",4,undergraduate,https://catalog.illinois.edu/courses-of-instruction/ece/,"Robotics, Rigid Motions, Homogeneous Transformations, Forward Kinematics, Inverse Kinematics, Velocity Kinematics, Motion Planning, Trajectory Generation, Sensing, Computer Vision, Control Systems"
University of Illinois Urbana-Champaign,illinois.edu,Computer Engineering,ECE 471,Data Science Analytics using Probabilistic Graph Models,"Extracting insights from heterogeneous datasets to support decision-making is fundamental to modern applications. This course teaches students to engineer analysis workflows that use feature engineering, longitudinal machine learning methods, and validation to derive real‐world insights from data. Students gain hands‐on experience through lectures and labs and via three projects involving large-scale real‐world data from domains such as autonomous-vehicles, healthcare and trust. While each workflow is end‐to‐end, students will delve deeper into methods as the course progresses. 3 undergraduate hours. 4 graduate hours. Prerequisite: Basic probability and basic computer programming skills are essential. ECE 313 or CS 361 . Prior exposure to basics of scripting languages (such as Python), knowledge of operating systems (e.g., ECE 391 , or an equivalent course) is beneficial.",3,undergraduate,https://catalog.illinois.edu/courses-of-instruction/ece/,"Feature Engineering, Longitudinal Machine Learning, Model Validation, Data Analysis Workflows, Large-Scale Data Processing, Autonomous Vehicles Domain Knowledge, Healthcare Data Analysis, Trust Analytics, Probability, Python, Operating Systems"
University of Illinois Urbana-Champaign,illinois.edu,Computer Engineering,ECE 472,Biomedical Ultrasound Imaging,"Theoretical and engineering foundations of ultrasonic imaging for medical diagnostics. Conventional, Doppler, and advanced ultrasonic imaging techniques; medical applications of different ultrasonic imaging techniques; engineering problems related to characterization of ultrasonic sources and arrays, image production, image quality, the role of contrast agents in ultrasonic imaging, and system design. Same as BIOE 427 . 3 undergraduate hours. 3 graduate hours. Prerequisite: ECE 329 .",3,undergraduate,https://catalog.illinois.edu/courses-of-instruction/ece/,"Ultrasonic Imaging, Medical Diagnostics, Doppler Imaging, Signal Processing, Sensor Arrays, Image Production, Image Quality Analysis, Contrast Agent Characterization, System Design, Biomedical Engineering"
University of Illinois Urbana-Champaign,illinois.edu,Computer Engineering,ECE 473,Fund of Engrg Acoustics,"Development of the basic theoretical concepts of acoustical systems; mechanical vibration, plane and spherical wave phenomena in fluid media, lumped and distributed resonant systems, and absorption phenomena and hearing. Same as TAM 413 . 3 undergraduate hours. 3 or 4 graduate hours. Prerequisite: MATH 285 or MATH 286.",3,undergraduate,https://catalog.illinois.edu/courses-of-instruction/ece/,"mechanical vibration, plane wave phenomena, spherical wave phenomena, fluid media, lumped resonant systems, distributed resonant systems, absorption phenomena, hearing, acoustical systems, theoretical concepts"
University of Illinois Urbana-Champaign,illinois.edu,Computer Engineering,ECE 476,Power System Analysis,"Development of power system equivalents by phase network analysis, load flow, symmetrical components, sequence networks, fault analysis, and digital simulation. 3 undergraduate hours. 3 graduate hours. Prerequisite: ECE 330 .",3,undergraduate,https://catalog.illinois.edu/courses-of-instruction/ece/,"Power System Analysis, Phase Network Analysis, Load Flow Analysis, Symmetrical Components, Sequence Networks, Fault Analysis, Digital Simulation, Electrical Engineering"
University of Illinois Urbana-Champaign,illinois.edu,Computer Engineering,ECE 477,Engineering Electromagnetic Compatibility,"Fundamentals of electromagnetic compatibility (EMC) and electromagnetic interference (EMI) with a focus on principles, practices, and applications. Prepares students for EMC circuit design issues. Topics include how EMI affects electronic devices, how to design electronic systems that meet the United States and international EMC standards, different coupling mechanisms, radiated and conducted emissions and susceptibility, crosstalk, grounding and shielding, and system design for EMC. 3 undergraduate hours. 4 graduate hours. Prerequisite: ECE 329 .",3,undergraduate,https://catalog.illinois.edu/courses-of-instruction/ece/,"Electromagnetic Compatibility (EMC), Electromagnetic Interference (EMI), EMC Circuit Design, Electronic Systems Design, EMC Standards, Coupling Mechanisms, Radiated Emissions, Conducted Emissions, Radiated Susceptibility, Conducted Susceptibility, Crosstalk, Grounding, Shielding, System Design for EMC"
University of Illinois Urbana-Champaign,illinois.edu,Computer Engineering,ECE 478,Formal Software Development Methods,Same as CS 477 . See CS 477 .,3,undergraduate,https://catalog.illinois.edu/courses-of-instruction/ece/,
University of Illinois Urbana-Champaign,illinois.edu,Computer Engineering,ECE 479,IoT and Cognitive Computing,"Offers in-depth coverage on existing and emerging IoT and cognitive computing topics. Detailed topics include definition and characteristics of IoT; IoT enabling technologies; smart domains and applications; IoT systems; IoT design methodology; machine learning and deep learning; embedded GPU and FPGA for IoT; IoT servers and cloud; data analytics for IoT; cognitive computing; cognitive systems design; cognitive application workloads; IoT security; hands-on learning experience to build IoT systems; and various case studies such as smart city, smart home, and IoT for healthcare. Three lab-based machine problems working with actual IoT computing devices together with homework assignments will be given to reinforce students' understanding and learning of the techniques and topics. 4 undergraduate hours. 4 graduate hours. Prerequisite: ECE 220 or CS 225 .",4,undergraduate,https://catalog.illinois.edu/courses-of-instruction/ece/,"IoT design methodology, machine learning, deep learning, embedded GPU, FPGA, IoT servers, cloud computing, data analytics for IoT, cognitive computing, cognitive systems design, cognitive application workloads, IoT security, hands-on IoT system building"
University of Illinois Urbana-Champaign,illinois.edu,Computer Engineering,ECE 480,Magnetic Resonance Imaging,"Fundamental physical, mathematical, and computational principles governing the data acquisition and image reconstruction of magnetic resonance imaging. Same as BIOE 480 . 3 undergraduate hours. 3 or 4 graduate hours. Prerequisite: Recommended: ECE 310 .",3,undergraduate,https://catalog.illinois.edu/courses-of-instruction/ece/,"Magnetic Resonance Imaging physics, NMR physics, Spin relaxation (T1, T2), K-space sampling, Fourier transform, Image reconstruction algorithms, Signal processing, Gradient waveform design, RF pulse design, Parallel imaging, Compressed sensing, Linear algebra, Numerical optimization, MATLAB, Python"
University of Illinois Urbana-Champaign,illinois.edu,Computer Engineering,ECE 481,Nanotechnology,"Fundamental physical properties of nanoscale systems. Nanofabrication techniques, semiconductor nanotechnology, molecular and biomolecular nanotechnology, carbon nanotechnology (nanotubes and graphene), nanowires, and nanoscale architectures and systems. 4 undergraduate hours. 4 graduate hours. Prerequisite: One of CHEM 442 , CHBE 457, ME 485 , MSE 401 , PHYS 460 .",4,undergraduate,https://catalog.illinois.edu/courses-of-instruction/ece/,"Nanofabrication, Semiconductor Nanotechnology, Molecular Nanotechnology, Biomolecular Nanotechnology, Carbon Nanotechnology, Nanotube Synthesis, Graphene Engineering, Nanowire Fabrication, Nanoscale Architecture Design, Physical Chemistry, Chemical Engineering, Materials Science, Physics"
University of Illinois Urbana-Champaign,illinois.edu,Computer Engineering,ECE 482,Digital IC Design,"Bipolar and MOS field effect transistor characteristics; VLSI fabrication techniques for MOS and bipolar circuits; calculation of circuit parameters from the process parameters; design of VLSI circuits such as logic, memories, charge-coupled devices, and A/D and D/A converters. 3 undergraduate hours. 3 graduate hours. Prerequisite: ECE 342 .",3,undergraduate,https://catalog.illinois.edu/courses-of-instruction/ece/,"Bipolar Junction Transistors (BJT), MOSFET, VLSI Fabrication, MOS Circuits, Bipolar Circuits, Circuit Parameter Calculation, VLSI Design, Logic Design, Memory Design, Charge-Coupled Devices (CCD), Analog-to-Digital Converters (ADC), Digital-to-Analog Converters (DAC)"
University of Illinois Urbana-Champaign,illinois.edu,Computer Engineering,ECE 483,Analog IC Design,"Basic linear integrated circuit design techniques using bi-polar, JFET, and MOS technologies; operational amplifiers; wide-band feedback amplifiers; sinusoidal and relaxation oscillators; electric circuit noise; application of linear integrated circuits. 3 undergraduate hours. 3 graduate hours. Prerequisite: ECE 342 .",3,undergraduate,https://catalog.illinois.edu/courses-of-instruction/ece/,"Linear Integrated Circuit Design, Bipolar Technologies, JFET Technologies, MOS Technologies, Operational Amplifiers, Wide-band Feedback Amplifiers, Sinusoidal Oscillators, Relaxation Oscillators, Electric Circuit Noise Analysis"
University of Illinois Urbana-Champaign,illinois.edu,Computer Engineering,ECE 484,Principles of Safe Autonomy,"Introduces techniques for building autonomous systems such as autonomous cars, delivery drones, and manufacturing robots, and techniques for performing their safety analysis. Covers key algorithms and approaches in perception, modeling, motion planning, control, and safety analysis, with a view towards understanding their basic assumptions and performance guarantees. Also provides exposure to some of the state-of-the-art software tools for control, simulation, and analysis. Students will get experience through labs, programming assignments, and they will perform hands-on laboratory work on the Polaris GEM autonomous vehicle platform. Course material is distilled from recent research papers; thus, there is no required textbook. 4 undergraduate hours. 4 graduate hours. Prerequisite: CS 124 , ECE 220 or equivalent; ECE313, IE300, or STAT400. A course on data structures, algorithms, differential equations, and linear algebra is recommended.",4,undergraduate,https://catalog.illinois.edu/courses-of-instruction/ece/,"Perception, Modeling, Motion Planning, Control, Safety Analysis, Control Software Tools, Simulation Software, Analysis Software, Programming Assignments, Hands-on Lab Work, Polaris GEM Autonomous Vehicle Platform, Data Structures, Algorithms, Differential Equations, Linear Algebra"
University of Illinois Urbana-Champaign,illinois.edu,Computer Engineering,ECE 485,MEMS Devices & Systems,"Introduction to principles, fabrication techniques, and applications of microelectromechanical systems (MEMS). In-depth analysis of sensors, actuator principles, and integrated microfabrication techniques for MEMS. Comprehensive investigation of state-of-the-art MEMS devices and systems. Same as ME 485 . 3 undergraduate hours. 3 graduate hours. Prerequisite: Restricted to Seniors or Graduate students.",3,undergraduate,https://catalog.illinois.edu/courses-of-instruction/ece/,"MEMS, Microfabrication, Sensor design, Actuator design, MEMS device design, MEMS system design, Integrated microfabrication, MEMS fabrication, MEMS design"
University of Illinois Urbana-Champaign,illinois.edu,Computer Engineering,ECE 486,Control Systems,"Analysis and design of control systems with emphasis on modeling, state variable representation, computer solutions, modern design principles, and laboratory techniques. 4 undergraduate hours. 4 graduate hours. Prerequisite: ECE 210 .",4,undergraduate,https://catalog.illinois.edu/courses-of-instruction/ece/,"Control Systems Analysis, Control System Design, System Modeling, State-Space Representation, Computer-Based Simulation, Modern Control Design Principles, Laboratory Techniques"
University of Illinois Urbana-Champaign,illinois.edu,Computer Engineering,ECE 487,Intro Quantum Electr for EEs,Application of quantum mechanical concepts to electronics problems; detailed analysis of a calculable two-state laser system; incidental quantum ideas bearing on electronics. 3 undergraduate hours. 3 graduate hours. Prerequisite: PHYS 485 .,3,undergraduate,https://catalog.illinois.edu/courses-of-instruction/ece/,"Quantum Mechanics, Electronics, Laser Systems, Physics, Mathematical Modeling, Signal Processing"
University of Illinois Urbana-Champaign,illinois.edu,Computer Engineering,ECE 488,Compound Semicond & Devices,Advanced semiconductor materials and devices; elementary band theory; heterostructures; transport issues; three-terminal devices; two-terminal devices; including lasers and light modulators. 3 undergraduate hours. 3 graduate hours. Prerequisite: ECE 340 and ECE 350 .,3,undergraduate,https://catalog.illinois.edu/courses-of-instruction/ece/,"Semiconductor Materials, Semiconductor Devices, Band Theory, Heterostructures, Carrier Transport, Three-terminal Devices, Two-terminal Devices, Lasers, Light Modulators, Optoelectronics, Photonics"
University of Illinois Urbana-Champaign,illinois.edu,Computer Engineering,ECE 489,Robot Dynamics and Control,Same as ME 446 and SE 422 . See SE 422 .,4,undergraduate,https://catalog.illinois.edu/courses-of-instruction/ece/,
University of Illinois Urbana-Champaign,illinois.edu,Computer Engineering,ECE 490,Introduction to Optimization,Basic theory and methods for the solution of optimization problems; iterative techniques for unconstrained minimization; linear and nonlinear programming with engineering applications. Same as CSE 441 . 3 undergraduate hours. 4 graduate hours. Prerequisite: ECE 220 and MATH 257 .,3,undergraduate,https://catalog.illinois.edu/courses-of-instruction/ece/,"Optimization, Unconstrained Minimization, Linear Programming, Nonlinear Programming, Iterative Techniques"
University of Illinois Urbana-Champaign,illinois.edu,Computer Engineering,ECE 491,Numerical Analysis,"Same as CS 450 , CSE 401 and MATH 450 . See CS 450 .",3,undergraduate,https://catalog.illinois.edu/courses-of-instruction/ece/,
University of Illinois Urbana-Champaign,illinois.edu,Computer Engineering,ECE 492,Parallel Progrmg: Sci & Engrg,Same as CS 420 and CSE 402 . See CS 420 .,3,undergraduate,https://catalog.illinois.edu/courses-of-instruction/ece/,
University of Illinois Urbana-Champaign,illinois.edu,Computer Engineering,ECE 493,Advanced Engineering Math,Same as MATH 487 . See MATH 487 .,3,undergraduate,https://catalog.illinois.edu/courses-of-instruction/ece/,
University of Illinois Urbana-Champaign,illinois.edu,Computer Engineering,ECE 494,Deep Learning for Computer Vision,Same as CS 444 . See CS 444 .,3,undergraduate,https://catalog.illinois.edu/courses-of-instruction/ece/,
University of Illinois Urbana-Champaign,illinois.edu,Computer Engineering,ECE 495,Photonic Device Laboratory,"Active photonic devices and lightwave technology. Hands-on experience with several classes of lasers (HeNe laser, semiconductor edge emitting lasers, vertical cavity surface emitting lasers), photodetectors, and photonic systems. Familiarization with experimental optical characterization techniques and equipment. 3 undergraduate hours. 3 graduate hours. Prerequisite: ECE 487 recommended.",3,undergraduate,https://catalog.illinois.edu/courses-of-instruction/ece/,"Photonic Devices, Lightwave Technology, Lasers, HeNe Lasers, Semiconductor Edge Emitting Lasers, Vertical Cavity Surface Emitting Lasers, Photodetectors, Photonic Systems, Optical Characterization"
University of Illinois Urbana-Champaign,illinois.edu,Computer Engineering,ECE 496,Senior Research Project,"Individual research project under the guidance of a faculty member: for example, mathematical analysis, laboratory experiments, computer simulations, software development, circuit design, or device fabrication. Preparation of a written research proposal, including preliminary results. 2 undergraduate hours. No graduate credit. May be repeated. ECE 496 and ECE 499 taken in sequence fulfill the Advanced Composition Requirement. Prerequisite: RHET 105 ; consent of instructor. This course satisfies the General Education Criteria for: Advanced Composition",2,undergraduate,https://catalog.illinois.edu/courses-of-instruction/ece/,"Mathematical analysis, Laboratory experiments, Computer simulations, Software development, Circuit design, Device fabrication, Technical writing"
University of Illinois Urbana-Champaign,illinois.edu,Computer Engineering,ECE 498,Special Topics in ECE,Subject offerings of new and developing areas of knowledge in electrical and computer engineering intended to augment the existing curriculum. See Class Schedule or departmental course information for topics and prerequisites. 0 to 4 undergraduate hours. 0 to 4 graduate hours. May be repeated in the same or separate terms if topics vary.,1 to 4,undergraduate,https://catalog.illinois.edu/courses-of-instruction/ece/,
University of Illinois Urbana-Champaign,illinois.edu,Computer Engineering,ECE 499,Senior Thesis,"Completion of the research project begun under ECE 496 . Preparation and oral presentation of a written thesis that reports the results of the project. 2 undergraduate hours. No graduate credit. To fulfill the Advanced Composition Requirement, credit must be earned for both ECE 496 and ECE 499 . Prerequisite: ECE 496 and consent of instructor. This course satisfies the General Education Criteria for: Advanced Composition",2,undergraduate,https://catalog.illinois.edu/courses-of-instruction/ece/,"Research Methods, Technical Writing, Thesis/Academic Writing, Oral Presentations"
"University of California, Berkeley",berkeley.edu,Computer Science,CS C8,Foundations of Data Science,"Foundations of data science from three perspectives: inferential thinking, computational thinking, and real-world relevance. Given data arising from some real-world phenomenon, how does one analyze that data so as to understand that phenomenon? The course teaches critical concepts and skills in computer programming and statistical inference, in conjunction with hands-on analysis of real-world datasets, including economic data, document collections, geographical data, and social networks. It delves into social and legal issues surrounding data analysis, including issues of privacy and data ownership.",4,undergraduate,https://www2.eecs.berkeley.edu/Courses/CS/,"Data Science, Statistical Inference, Inferential Thinking, Computational Thinking, Data Analysis, Economic Data Analysis, Text Analysis, Geospatial Data Analysis, Social Network Analysis, Data Privacy, Data Ethics, Data Ownership"
"University of California, Berkeley",berkeley.edu,Computer Science,CS 10,The Beauty and Joy of Computing,"An introductory course for students with minimal prior exposure to computer science. Prepares students for future computer science courses and empowers them to utilize programming to solve problems in their field of study. Presents an overview of the history, great principles, and transformative applications of computer science, as well as a comprehensive introduction to programming. Topics include abstraction, recursion, algorithmic complexity, higher-order functions, concurrency, social implications of computing (privacy, education, algorithmic bias), and engaging research areas (data science, AI, HCI). Students will program in Snap! (a friendly graphical language) and Python, and will design and implement two projects of their choice.",4,undergraduate,https://www2.eecs.berkeley.edu/Courses/CS/,"Abstraction, Recursion, Algorithmic Complexity, Higher-Order Functions, Concurrency, Tech Ethics, Privacy, Algorithmic Bias, Data Science, Artificial Intelligence, Human-Computer Interaction (HCI), Snap!, Python, Project Design"
"University of California, Berkeley",berkeley.edu,Computer Science,CS W10,The Beauty and Joy of Computing,"This course meets the programming prerequisite for 61A. An introduction to the beauty and joy of computing. The history, social implications, great principles, and future of computing. Beautiful applications that have changed the world. How computing empowers discovery and progress in other fields. Relevance of computing to the student and society will be emphasized. Students will learn the joy of programming a computer using a friendly, graphical language, and will complete a substantial team programming project related to their interests.",4,undergraduate,https://www2.eecs.berkeley.edu/Courses/CS/,graphical programming
"University of California, Berkeley",berkeley.edu,Computer Science,CS 36,CS Scholars Seminar: The Educational Climate in CS &amp; CS61A technical discussions,"Computer Science 36 is a seminar for CS Scholars who are concurrently taking CS61A: The Structure and Interpretation of Computer Programs. CS Scholars is a cohort-model program to provide support in exploring and potentially declaring a CS major for students with little to no computational background prior to coming to the university. CS 36 provides an introduction to the CS curriculum at UC Berkeley, and the overall CS landscape in both industry and academia—through the lens of accessibility and its relevance to diversity. Additionally, CS36 provides technical instruction to review concepts in CS61A, in order to support CS Scholars’ individual learning and success in the CS61A course.",2,undergraduate,https://www2.eecs.berkeley.edu/Courses/CS/,
"University of California, Berkeley",berkeley.edu,Computer Science,CS 39,Freshman/Sophomore Seminar,"Freshman and sophomore seminars offer lower division students the opportunity to explore an intellectual topic with a faculty member and a group of peers in a small-seminar setting. These seminars are offered in all campus departments; topics vary from department to department and from semester to semester. Enrollment limits are set by the faculty, but the suggested limit is 25.",1,undergraduate,https://www2.eecs.berkeley.edu/Courses/CS/,
"University of California, Berkeley",berkeley.edu,Computer Science,CS 47A,Completion of Work in Computer Science 61A,"Implementation of generic operations. Streams and iterators. Implementation techniques for supporting functional, object-oriented, and constraint-based programming in the Scheme programming language. Together with 9D, 47A constitutes an abbreviated, self-paced version of 61A for students who have already taken a course equivalent to 61B.",1,undergraduate,https://www2.eecs.berkeley.edu/Courses/CS/,"Scheme, Functional Programming, Object-Oriented Programming, Constraint-Based Programming, Generic Operations, Streams, Iterators"
"University of California, Berkeley",berkeley.edu,Computer Science,CS 47B,Completion of Work in Computer Science 61B,"Iterators. Hashing, applied to strings and multi-dimensional structures. Heaps. Storage management. Design and implementation of a program containing hundreds of lines of code. Students who have completed a portion of the subject matter of COMPSCI 61B may, with consent of instructor, complete COMPSCI 61B in this self-paced course. Please note that students in the College of Engineering are required to receive additional permission from the College as well as the EECS department for the course to count in place of COMPSCI 61B.",1,undergraduate,https://www2.eecs.berkeley.edu/Courses/CS/,"Iterators, Hashing, Data Structures, Heaps, Storage Management, Software Design, Software Implementation"
"University of California, Berkeley",berkeley.edu,Computer Science,CS 47C,Completion of Work in Computer Science 61C,"MIPS instruction set simulation. The assembly and linking process. Caches and virtual memory. Pipelined computer organization. Students with sufficient partial credit in 61C may, with consent of instructor, complete the credit in this self-paced course.",1,undergraduate,https://www2.eecs.berkeley.edu/Courses/CS/,"MIPS instruction set simulation, assembly, linking, caches, virtual memory, pipelined computer organization"
"University of California, Berkeley",berkeley.edu,Computer Science,CS 61A,The Structure and Interpretation of Computer Programs,"An introduction to programming and computer science focused on abstraction techniques as means to manage program complexity. Techniques include procedural abstraction; control abstraction using recursion, higher-order functions, generators, and streams; data abstraction using interfaces, objects, classes, and generic operators; and language abstraction using interpreters and macros. The course exposes students to programming paradigms, including functional, object-oriented, and declarative approaches. It includes an introduction to asymptotic analysis of algorithms. There are several significant programming projects.",4,undergraduate,https://www2.eecs.berkeley.edu/Courses/CS/,"Procedural abstraction, Control abstraction, Recursion, Higher-order functions, Generators, Streams, Data abstraction, Interfaces, Objects, Classes, Generic operators, Language abstraction, Interpreters, Macros, Functional programming, Object-oriented programming, Declarative programming, Asymptotic analysis of algorithms"
"University of California, Berkeley",berkeley.edu,Computer Science,CS 61B,Data Structures,"Fundamental dynamic data structures, including linear lists, queues, trees, and other linked structures; arrays strings, and hash tables. Storage management. Elementary principles of software engineering. Abstract data types. Algorithms for sorting and searching. Introduction to the Java programming language.",4,undergraduate,https://www2.eecs.berkeley.edu/Courses/CS/,"Java, Linked List, Queue, Tree, Array, String, Hash Table, Storage Management, Software Engineering Principles, Abstract Data Types, Sorting Algorithms, Searching Algorithms"
"University of California, Berkeley",berkeley.edu,Computer Science,CS 61BL,Data Structures and Programming Methodology,"The same material as in 61B, but in a laboratory-based format.",4,undergraduate,https://www2.eecs.berkeley.edu/Courses/CS/,"Java, Data Structures, Algorithms, Object-Oriented Programming, Software Engineering"
"University of California, Berkeley",berkeley.edu,Computer Science,CS 61C,Great Ideas of Computer Architecture (Machine Structures),"The internal organization and operation of digital computers. Machine architecture, support for high-level languages (logic, arithmetic, instruction sequencing) and operating systems (I/O, interrupts, memory management, process switching). Elements of computer logic design. Tradeoffs involved in fundamental architectural design decisions.",4,undergraduate,https://www2.eecs.berkeley.edu/Courses/CS/,"Computer Architecture, Machine Architecture, Digital Logic Design, Instruction Set Architecture, Computer Arithmetic, Instruction Sequencing, Operating Systems, I/O Systems, Interrupt Handling, Memory Management, Process Switching, Architectural Design"
"University of California, Berkeley",berkeley.edu,Computer Science,CS 70,Discrete Mathematics and Probability Theory,"Logic, infinity, and induction; applications include undecidability and stable marriage problem. Modular arithmetic and GCDs; applications include primality testing and cryptography. Polynomials; examples include error correcting codes and interpolation. Probability including sample spaces, independence, random variables, law of large numbers; examples include load balancing, existence arguments, Bayesian inference.",4,undergraduate,https://www2.eecs.berkeley.edu/Courses/CS/,"Logic, Mathematical Induction, Undecidability, Modular Arithmetic, Primality Testing, Cryptography, Error Correcting Codes, Interpolation, Probability, Random Variables, Load Balancing, Bayesian Inference"
"University of California, Berkeley",berkeley.edu,Computer Science,CS 84,Sophomore Seminar,"Sophomore seminars are small interactive courses offered by faculty members in departments all across the campus. Sophomore seminars offer opportunity for close, regular intellectual contact between faculty members and students in the crucial second year. The topics vary from department to department and semester to semester. Enrollment limited to 15 sophomores.",2-Jan,undergraduate,https://www2.eecs.berkeley.edu/Courses/CS/,
"University of California, Berkeley",berkeley.edu,Computer Science,CS C88C,Computational Structures in Data Science,"Development of Computer Science topics appearing in Foundations of Data Science (C8); expands computational concepts and techniques of abstraction. Understanding the structures that underlie the programs, algorithms, and languages used in data science and elsewhere. Mastery of a particular programming language while studying general techniques for managing program complexity, e.g., functional, object-oriented, and declarative programming. Provides practical experience with composing larger systems through several significant programming projects.",3,undergraduate,https://www2.eecs.berkeley.edu/Courses/CS/,"Functional Programming, Object-Oriented Programming, Declarative Programming, Algorithms, Data Science, Abstraction Techniques, Program Complexity Management, Software Composition"
"University of California, Berkeley",berkeley.edu,Computer Science,CS C100,Principles &amp; Techniques of Data Science,"In this course, students will explore the data science lifecycle, including question formulation, data collection and cleaning, exploratory data analysis and visualization, statistical inference and prediction​, and decision-making.​ This class will focus on quantitative critical thinking​ and key principles and techniques needed to carry out this cycle. These include languages for transforming, querying and analyzing data; algorithms for machine learning methods including regression, classification and clustering; principles behind creating informative data visualizations; statistical concepts of measurement error and prediction; and techniques for scalable data processing.",4,undergraduate,https://www2.eecs.berkeley.edu/Courses/CS/,"Data collection, Data cleaning, Exploratory data analysis, Data visualization, Statistical inference, Prediction, Decision-making, Quantitative critical thinking, Regression, Classification, Clustering, Measurement error, Scalable data processing"
"University of California, Berkeley",berkeley.edu,Computer Science,CS 150,Components and Design Techniques for Digital Systems,"Basic building blocks and design methods to contruct synchronous digital systems, such as general purpose processors, hardware accelerators, and application specific processors. Representations and design methodologies for digital systems. Logic design using combinatorial and sequential circuits. Digital system implementation considering hardware descriptions languages, computer-aided design tools, field-programmable gate array architectures, and CMOS logic gates and state elements. Interfaces between peripherals, processor hardware, and software. Formal hardware laboratories and substantial design project.",5,undergraduate,https://www2.eecs.berkeley.edu/Courses/CS/,"Synchronous Digital Systems, Digital Logic Design, Combinatorial Circuits, Sequential Circuits, Hardware Description Languages, Computer-Aided Design (CAD) Tools, Field-Programmable Gate Array (FPGA) Architectures, CMOS Logic, State Elements, Processor Architecture, Hardware Acceleration, Peripheral Interfacing, Embedded Systems Design"
"University of California, Berkeley",berkeley.edu,Computer Science,CS 152,Computer Architecture and Engineering,"Instruction set architecture, microcoding, pipelining (simple and complex). Memory hierarchies and virtual memory. Processor parallelism: VLIW, vectors, multithreading. Multiprocessors.",4,undergraduate,https://www2.eecs.berkeley.edu/Courses/CS/,"Instruction Set Architecture, Microcoding, Pipelining, Memory Hierarchies, Virtual Memory, Processor Parallelism, VLIW, Vector Processing, Multithreading, Multiprocessors"
"University of California, Berkeley",berkeley.edu,Computer Science,CS 160,User Interface Design and Development,"The design, implementation, and evaluation of user interfaces. User-centered design and task analysis. Conceptual models and interface metaphors. Usability inspection and evaluation methods. Analysis of user study data. Input methods (keyboard, pointing, touch, tangible) and input models. Visual design principles. Interface prototyping and implementation methodologies and tools. Students will develop a user interface for a specific task and target user group in teams.",4,undergraduate,https://www2.eecs.berkeley.edu/Courses/CS/,"User Interface (UI) Design, User Interface (UI) Implementation, User Interface (UI) Evaluation, User-Centered Design, Task Analysis, Conceptual Modeling, Interface Metaphors, Usability Inspection, Usability Evaluation, User Study Data Analysis, Input Models, Visual Design, Interface Prototyping, Teamwork"
"University of California, Berkeley",berkeley.edu,Computer Science,CS 161,Computer Security,"Introduction to computer security. Cryptography, including encryption, authentication, hash functions, cryptographic protocols, and applications. Operating system security, access control. Network security, firewalls, viruses, and worms. Software security, defensive programming, and language-based security. Case studies from real-world systems.",4,undergraduate,https://www2.eecs.berkeley.edu/Courses/CS/,"Cryptography, Encryption, Authentication, Hash Functions, Cryptographic Protocols, Operating System Security, Access Control, Network Security, Firewalls, Viruses, Worms, Software Security, Defensive Programming, Language-Based Security"
"University of California, Berkeley",berkeley.edu,Computer Science,CS 162,Operating Systems and System Programming,"Basic concepts of operating systems and system programming. Utility programs, subsystems, multiple-program systems. Processes, interprocess communication, and synchronization. Memory allocation, segmentation, paging. Loading and linking, libraries. Resource allocation, scheduling, performance evaluation. File systems, storage devices, I/O systems. Protection, security, and privacy.",4,undergraduate,https://www2.eecs.berkeley.edu/Courses/CS/,"Operating Systems, System Programming, Utility Programs, Subsystems, Multiprogramming, Process Management, Interprocess Communication, Synchronization, Memory Management, Segmentation, Paging, Loading and Linking, Libraries, Resource Allocation, CPU Scheduling, Performance Evaluation, File Systems, Storage Devices, I/O Systems, Protection, Security, Privacy"
"University of California, Berkeley",berkeley.edu,Computer Science,CS 164,Programming Languages and Compilers,"Survey of programming languages. The design of modern programming languages. Principles and techniques of scanning, parsing, semantic analysis, and code generation. Implementation of compilers, interpreters, and assemblers. Overview of run-time organization and error handling.",4,undergraduate,https://www2.eecs.berkeley.edu/Courses/CS/,"Programming Language Design, Compiler Design, Interpreter Design, Assembler Implementation, Scanning, Parsing, Semantic Analysis, Code Generation, Run-time Organization, Error Handling"
"University of California, Berkeley",berkeley.edu,Computer Science,CS 168,Introduction to the Internet: Architecture and Protocols,"This course is an introduction to the Internet architecture. We will focus on the concepts and fundamental design principles that have contributed to the Internet&#039;s scalability and robustness and survey the various protocols and algorithms used within this architecture. Topics include layering, addressing, intradomain routing, interdomain routing, reliable delivery, congestion control, and the core protocols (e.g., TCP, UDP, IP, DNS, and HTTP) and network technologies (e.g., Ethernet, wireless).",4,undergraduate,https://www2.eecs.berkeley.edu/Courses/CS/,"Internet Architecture, Network Protocols, Layering, Addressing, Intradomain Routing, Interdomain Routing, Reliable Delivery, Congestion Control, TCP, UDP, IP, DNS, HTTP, Ethernet, Wireless Networking, Network Algorithms"
"University of California, Berkeley",berkeley.edu,Computer Science,CS 169A,Introduction to Software Engineering,"Ideas and techniques for designing, developing, and modifying large software systems. Service-oriented architecture, behavior-driven design with user stories, cloud computing, test-driven development, automated testing, cost and quality metrics for maintainability and effort estimation, practical performance and security in software operations, design patterns and refactoring, specification and documentation, agile project team organization and management.",4,undergraduate,https://www2.eecs.berkeley.edu/Courses/CS/,"Service-oriented architecture, Behavior-driven design, User Stories, Cloud Computing, Test-driven development, Automated Testing, Software Metrics, Effort Estimation, Software Maintainability, Performance Optimization, Software Security, Software Operations, Design Patterns, Code Refactoring, Software Specification, Technical Documentation, Agile Project Management, Team Management"
"University of California, Berkeley",berkeley.edu,Computer Science,CS 169L,Software Engineering Team Project,"Open-ended design project enhancing or creating software for real customers in an agile team setting. Teamwork coordination, effective customer meetings, pre- and post-iteration team meetings, running scrums and standups, technical communication. Contributing as a team to an open-source project; tools and workflows associated with open source collaboration, including fork-and-pull, rebase, upstream merge, continuous deployment &amp; integration.",4,undergraduate,https://www2.eecs.berkeley.edu/Courses/CS/,"Software Design, Software Development, Agile Methodology, Scrum, Daily Standups, Technical Communication, Open Source Contribution, Version Control, Fork-and-Pull, Rebase, Upstream Merge, Continuous Integration, Continuous Deployment, Teamwork, Client Communication"
"University of California, Berkeley",berkeley.edu,Computer Science,CS 170,Efficient Algorithms and Intractable Problems,"Concept and basic techniques in the design and analysis of algorithms; models of computation; lower bounds; algorithms for optimum search trees, balanced trees and UNION-FIND algorithms; numerical and algebraic algorithms; combinatorial algorithms. Turing machines, how to count steps, deterministic and nondeterministic Turing machines, NP-completeness. Unsolvable and intractable problems.",4,undergraduate,https://www2.eecs.berkeley.edu/Courses/CS/,"Algorithm design, Algorithm analysis, Computational models, Lower bound analysis, Search tree algorithms, Balanced tree algorithms, Union-Find algorithms, Numerical algorithms, Algebraic algorithms, Combinatorial algorithms, Turing machine theory, Step counting, Deterministic Turing machines, Nondeterministic Turing machines, NP-completeness, Unsolvable problems, Intractable problems"
"University of California, Berkeley",berkeley.edu,Computer Science,CS 171,Cryptography,"Cryptography or cryptology is the science of designing algorithms and protocols for enabling parties to communicate and compute securely in an untrusted environment (e.g. secure communication, digital signature, etc.) Over the last four decades, cryptography has transformed from an ad hoc collection of mysterious tricks into a rigorous science based on firm complexity-theoretic foundations. This modern complexity-theoretic approach to cryptography will be the focus. E.g., in the context of encryption we will begin by giving a precise mathematical definition for what it means to be a secure encryption scheme and then give a construction (realizing this security notion) assuming various computational hardness assumptions (e.g. factoring).",4,undergraduate,https://www2.eecs.berkeley.edu/Courses/CS/,"Cryptography, Algorithm Design, Protocol Design, Secure Communication, Digital Signature, Complexity Theory, Encryption Scheme Design, Computational Hardness Assumptions, Factoring, Number Theory, Formal Methods, Security Proofs, Cryptographic Construction"
"University of California, Berkeley",berkeley.edu,Computer Science,CS 172,Computability and Complexity,"Finite automata, Turing machines and RAMs. Undecidable, exponential, and polynomial-time problems. Polynomial-time equivalence of all reasonable models of computation. Nondeterministic Turing machines. Theory of NP-completeness: Cook&#039;s theorem, NP-completeness of basic problems. Selected topics in language theory, complexity and randomness.",4,undergraduate,https://www2.eecs.berkeley.edu/Courses/CS/,"Finite automata, Turing machines, Random Access Machines, Nondeterministic Turing machines, NP-completeness, Cook's theorem, Language theory, Complexity theory, Randomness, Undecidable problems, Exponential-time problems, Polynomial-time problems"
"University of California, Berkeley",berkeley.edu,Computer Science,CS 174,Combinatorics and Discrete Probability,"Permutations, combinations, principle of inclusion and exclusion, generating functions, Ramsey theory. Expectation and variance, Chebychev&#039;s inequality, Chernov bounds. Birthday paradox, coupon collector&#039;s problem, Markov chains and entropy computations, universal hashing, random number generation, random graphs and probabilistic existence bounds.",4,undergraduate,https://www2.eecs.berkeley.edu/Courses/CS/,"Combinatorics, Permutations, Combinations, Principle of Inclusion-Exclusion, Generating Functions, Ramsey Theory, Probability Theory, Expectation, Variance, Chebychev's Inequality, Chernov Bounds, Markov Chains, Entropy Computation, Universal Hashing, Random Number Generation, Random Graphs, Probabilistic Methods"
"University of California, Berkeley",berkeley.edu,Computer Science,CS 176,Algorithms for Computational Biology,"Algorithms and probabilistic models that arise in various computational biology applications: suffix trees, suffix arrays, pattern matching, repeat finding, sequence alignment, phylogenetics, genome rearrangements, hidden Markov models, gene finding, motif finding, stochastic context free grammars, RNA secondary structure. There are no biology prerequisites for this course, but a strong quantitative background will be essential.",4,undergraduate,https://www2.eecs.berkeley.edu/Courses/CS/,"Algorithms, Probabilistic Modeling, Computational Biology, Suffix Trees, Suffix Arrays, Pattern Matching, Sequence Alignment, Phylogenetics, Genome Rearrangements, Hidden Markov Models, Gene Finding, Motif Finding, Stochastic Context-Free Grammars, RNA Secondary Structure Prediction"
"University of California, Berkeley",berkeley.edu,Computer Science,CS C176,Algorithms for Computational Biology,"This course will provide familiarity with algorithms and probabilistic models that arise in various computational biology applications, such as suffix trees, suffix arrays, pattern matching, repeat finding, sequence alignment, phylogenetics, hidden Markov models, gene finding, motif finding, linear/logistic regression, random forests, convolutional neural networks, genome-wide association studies, pathogenicity prediction, and sequence-to-epigenome prediction.",4,undergraduate,https://www2.eecs.berkeley.edu/Courses/CS/,"Algorithms, Probabilistic Modeling, Computational Biology, Suffix Trees, Suffix Arrays, Pattern Matching, Repeat Finding, Sequence Alignment, Phylogenetics, Hidden Markov Models, Gene Finding, Motif Finding, Linear Regression, Logistic Regression, Random Forests, Convolutional Neural Networks, Genome-Wide Association Studies, Pathogenicity Prediction, Sequence-to-Epigenome Prediction"
"University of California, Berkeley",berkeley.edu,Computer Science,CS C177,Algorithmic Economics,"The class provides an introduction to algorithmic questions in economic design. The class will cover problems of public goods and social choice, as well as allocative questions and private consumption. The focus is on normative questions: From the perspective of social goals, these are efficiency, fairness, and equity. In terms of private goals, the focus is on revenue maximization. The course will cover voting, fair division, pricing and market mechanisms. There is an emphasis on the algorithmic questions that arise naturally in economic design.",4,undergraduate,https://www2.eecs.berkeley.edu/Courses/CS/,"Algorithms, Optimization"
"University of California, Berkeley",berkeley.edu,Computer Science,CS 180,Intro to Computer Vision and Computational Photography,"This advanced undergraduate course introduces students to computing with visual data (images and video). We will cover acquisition, representation, and manipulation of visual information from digital photographs (image processing), image analysis and visual understanding (computer vision), and image synthesis (computational photography). Key algorithms will be presented, ranging from classical to contemporary, with an emphasis on using these techniques to build practical systems. The hands-on emphasis will be reflected in the programming assignments, where students will acquire their own images and develop, largely from scratch, image analysis and synthesis tools for real-world applications.",4,undergraduate,https://www2.eecs.berkeley.edu/Courses/CS/,"Image Processing, Computer Vision, Computational Photography, Image Acquisition, Image Representation, Image Manipulation, Image Analysis, Visual Understanding, Image Synthesis, Algorithm Design, Practical System Development, Real-world Application Development"
"University of California, Berkeley",berkeley.edu,Computer Science,CS C182,"Designing, Visualizing and Understanding Deep Neural Networks","Deep Networks have revolutionized computer vision, language technology, robotics and control. They have growing impact in many other areas of science and engineering. They do not however, follow a closed or compact set of theoretical principles. In Yann Lecun&#039;s words they require &quot;an interplay between intuitive insights, theoretical modeling, practical implementations, empirical studies, and scientific analyses.&quot; This course attempts to cover that ground.",4,undergraduate,https://www2.eecs.berkeley.edu/Courses/CS/,"Deep Learning, Computer Vision, Natural Language Processing, Robotics, Control Systems, Theoretical Modeling, Practical Implementation, Empirical Study, Scientific Analysis"
"University of California, Berkeley",berkeley.edu,Computer Science,CS 184,Foundations of Computer Graphics,"A broad introduction to the fundamentals of computer graphics. The main areas covered are modeling, rendering, animation and imaging. Topics include 2D and 3D transformations, drawing to raster displays, sampling, texturing, antialiasing, geometric modeling, ray tracing and global illumination, animation, cameras, image processing and computational imaging. There will be an emphasis on mathematical and geometric aspects of graphics, and the ability to write complete 3D graphics programs.",4,undergraduate,https://www2.eecs.berkeley.edu/Courses/CS/,"Computer Graphics, 2D Transformations, 3D Transformations, Raster Graphics, Sampling, Texturing, Antialiasing, Geometric Modeling, Ray Tracing, Global Illumination, Animation, Computational Imaging, Image Processing, Mathematics, Geometry"
"University of California, Berkeley",berkeley.edu,Computer Science,CS 185,"Deep Reinforcement Learning, Decision Making, and Control","This course will cover the intersection of control, reinforcement learning, and deep learning. This course will provide an advanced treatment of the reinforcement learning formalism, the most critical model-free reinforcement learning algorithms (policy gradients, value function and Q-function learning, and actor-critic), a discussion of model-based reinforcement learning algorithms, an overview of imitation learning, and a range of advanced topics, including exploration, model-based learning with video prediction, transfer learning, multi-task learning, and meta-learning. Homework assignments will cover imitation learning, policy gradients, Q-learning, and model-based reinforcement learning, as well as a final project.",3,undergraduate,https://www2.eecs.berkeley.edu/Courses/CS/,"Control Theory, Reinforcement Learning, Deep Learning, Model-Free Reinforcement Learning, Policy Gradients, Value Function Learning, Q-Learning, Actor-Critic Methods, Model-Based Reinforcement Learning, Imitation Learning, Exploration, Video Prediction, Transfer Learning, Multi-Task Learning, Meta-Learning"
"University of California, Berkeley",berkeley.edu,Computer Science,CS 186,Introduction to Database Systems,"Access methods and file systems to facilitate data access. Hierarchical, network, relational, and object-oriented data models. Query languages for models. Embedding query languages in programming languages. Database services including protection, integrity control, and alternative views of data. High-level interfaces including application generators, browsers, and report writers. Introduction to transaction processing. Database system implementation to be done as term project.",4,undergraduate,https://www2.eecs.berkeley.edu/Courses/CS/,"File Systems, Data Access, Hierarchical Data Models, Network Data Models, Relational Data Models, Object-Oriented Data Models, Data Modeling, Query Languages, Data Protection, Data Integrity Control, Database Views, Transaction Processing, Database System Implementation"
"University of California, Berkeley",berkeley.edu,Computer Science,CS C187,Data Engineering,"This course will cover the principles and practices of managing data at scale, with a focus on use cases in data analysis and machine learning. We will cover the entire life cycle of data management and science, ranging from data preparation to exploration, visualization and analysis, to machine learning and collaboration, with a focus on ensuring reliable, scalable operationalization.",4,undergraduate,https://www2.eecs.berkeley.edu/Courses/CS/,"Data Preparation, Data Exploration, Data Visualization, Data Analysis, Machine Learning, Collaboration, Scalable Operationalization"
"University of California, Berkeley",berkeley.edu,Computer Science,CS 188,Introduction to Artificial Intelligence,"Ideas and techniques underlying the design of intelligent computer systems. Topics include search, game playing, knowledge representation, inference, planning, reasoning under uncertainty, machine learning, robotics, perception, and language understanding.",4,undergraduate,https://www2.eecs.berkeley.edu/Courses/CS/,"search, game playing, knowledge representation, inference, planning, reasoning under uncertainty, machine learning, robotics, perception, language understanding"
"University of California, Berkeley",berkeley.edu,Computer Science,CS 189,Introduction to Machine Learning,"Theoretical foundations, algorithms, methodologies, and applications for machine learning. Topics may include supervised methods for regression and classication (linear models, trees, neural networks, ensemble methods, instance-based methods); generative and discriminative probabilistic models; Bayesian parametric learning; density estimation and clustering; Bayesian networks; time series models; dimensionality reduction; programming projects covering a variety of real-world applications.",4,undergraduate,https://www2.eecs.berkeley.edu/Courses/CS/,"machine learning, supervised learning, regression, classification, linear models, decision trees, neural networks, ensemble methods, instance-based methods, generative models, discriminative models, probabilistic models, Bayesian parametric learning, density estimation, clustering, Bayesian networks, time series models, dimensionality reduction"
"University of California, Berkeley",berkeley.edu,Computer Science,CS C191,Introduction to Quantum Computing,"This multidisciplinary course provides an introduction to fundamental conceptual aspects of quantum mechanics from a computational and informational theoretic perspective, as well as physical implementations and technological applications of quantum information science. Basic sections of quantum algorithms, complexity, and cryptography, will be touched upon, as well as pertinent physical realizations from nanoscale science and engineering.",4,undergraduate,https://www2.eecs.berkeley.edu/Courses/CS/,"Quantum Mechanics, Quantum Information Science, Quantum Algorithms, Computational Complexity, Cryptography, Nanoscale Science, Engineering, Physics"
"University of California, Berkeley",berkeley.edu,Computer Science,CS 194,Special Topics,Topics will vary semester to semester. See the Computer Science Division announcements.,4-Jan,undergraduate,https://www2.eecs.berkeley.edu/Courses/CS/,
"University of California, Berkeley",berkeley.edu,Computer Science,CS 195,Social Implications of Computer Technology,Topics include electronic community; the changing nature of work; technological risks; the information economy; intellectual property; privacy; artificial intelligence and the sense of self; pornography and censorship; professional ethics. Students will lead discussions on additional topics.,1,undergraduate,https://www2.eecs.berkeley.edu/Courses/CS/,"Intellectual Property (IP), Privacy, Artificial Intelligence, Professional Ethics, Tech Ethics, Oral Presentations"
"University of California, Berkeley",berkeley.edu,Computer Science,CS H195,Honors Social Implications of Computer Technology,Topics include electronic community; the changing nature of work; technological risks; the information economy; intellectual property; privacy; artificial intelligence and the sense of self; pornography and censorship; professional ethics. Students may lead discussions on additional topics.,3,undergraduate,https://www2.eecs.berkeley.edu/Courses/CS/,"Intellectual Property, Privacy, Artificial Intelligence, Tech Ethics, Oral Presentations"
"University of California, Berkeley",berkeley.edu,Computer Science,CS H196A,Senior Honors Thesis Research,"Thesis work under the supervision of a faculty member. To obtain credit the student must, at the end of two semesters, submit a satisfactory thesis to the Electrical Engineering and Computer Science department archive. A total of four units must be taken. The units many be distributed between one or two semesters in any way. H196A-H196B count as graded technical elective units, but may not be used to satisfy the requirement for 27 upper division technical units in the College of Letters and Science with a major in Computer Science.",4-Jan,undergraduate,https://www2.eecs.berkeley.edu/Courses/CS/,"Thesis Writing, Research Methods, Technical Writing, Academic Writing, Oral Presentation"
"University of California, Berkeley",berkeley.edu,Computer Science,CS H196B,Senior Honors Thesis Research,"Thesis work under the supervision of a faculty member. To obtain credit the student must, at the end of two semesters, submit a satisfactory thesis to the Electrical Engineering and Computer Science department archive. A total of four units must be taken. The units many be distributed between one or two semesters in any way. H196A-H196B count as graded technical elective units, but may not be used to satisfy the requirement for 27 upper division technical units in the College of Letters and Science with a major in Computer Science.",4-Jan,undergraduate,https://www2.eecs.berkeley.edu/Courses/CS/,"Thesis Writing, Academic Writing, Research Methods, Technical Writing, Oral Presentation"
"University of California, Berkeley",berkeley.edu,Computer Science,CS 197,Field Study,"Students take part in organized individual field sponsored programs with off-campus companies or tutoring/mentoring relevant to specific aspects and applications of computer science on or off campus. Note Summer CPT or OPT students: written report required. Course does not count toward major requirements, but will be counted in the cumulative units toward graduation.",4-Jan,undergraduate,https://www2.eecs.berkeley.edu/Courses/CS/,
"University of California, Berkeley",berkeley.edu,Computer Science,CS 198,Directed Group Studies for Advanced Undergraduates,"Group study of selected topics in Computer Sciences, usually relating to new developments.",4-Jan,undergraduate,https://www2.eecs.berkeley.edu/Courses/CS/,
"University of California, Berkeley",berkeley.edu,Computer Science,CS 199,Supervised Independent Study,Supervised independent study. Enrollment restrictions apply.,4-Jan,undergraduate,https://www2.eecs.berkeley.edu/Courses/CS/,
"University of California, Berkeley",berkeley.edu,Computer Science,CS C200A,Principles and Techniques of Data Science,"Explores the data science lifecycle: question formulation, data collection and cleaning, exploratory, analysis, visualization, statistical inference, prediction, and decision-making. Focuses on quantitative critical thinking and key principles and techniques: languages for transforming, querying and analyzing data; algorithms for machine learning methods: regression, classification and clustering; principles of informative visualization; measurement error and prediction; and techniques for scalable data processing. Research term project.",4,undergraduate,https://www2.eecs.berkeley.edu/Courses/CS/,"SQL, Python, R, Regression, Classification, Clustering, Data visualization, Statistical inference, Data cleaning, Exploratory data analysis, Quantitative critical thinking, Measurement error analysis, Predictive modeling, Scalable data processing, Distributed computing, Apache Spark, Hadoop, Research methods, Technical writing, Academic writing, Oral presentation"
"University of California, Berkeley",berkeley.edu,Computer Science,CS C249A,Introduction to Embedded Systems,"This course introduces students to the basics of models, analysis tools, and control for embedded systems operating in real time. Students learn how to combine physical processes with computation. Topics include models of computation, control, analysis and verification, interfacing with the physical world, mapping to platforms, and distributed embedded systems. The course has a strong laboratory component, with emphasis on a semester-long sequence of projects.",4,undergraduate,https://www2.eecs.berkeley.edu/Courses/CS/,"Embedded Systems, Real-Time Systems, Models of Computation, Control Systems, Analysis and Verification, Interfacing with Physical World, Platform Mapping, Distributed Embedded Systems"
"University of California, Berkeley",berkeley.edu,Computer Science,CS 250,VLSI Systems Design,"Unified top-down and bottom-up design of integrated circuits and systems concentrating on architectural and topological issues. VLSI architectures, systolic arrays, self-timed systems. Trends in VLSI development. Physical limits. Tradeoffs in custom-design, standard cells, gate arrays. VLSI design tools.",4,undergraduate,https://www2.eecs.berkeley.edu/Courses/CS/,"VLSI design, Integrated circuit design, Custom design, Standard cell design, Gate array design, Systolic array design, Self-timed system design, VLSI architecture, VLSI design tools, Electrical engineering, Circuit design, Topological analysis, Architectural analysis, Physical limits analysis, Tradeoff analysis"
"University of California, Berkeley",berkeley.edu,Computer Science,CS 252A,Graduate Computer Architecture,"Graduate survey of contemporary computer organizations covering: early systems, CPU design, instruction sets, control, processors, busses, ALU, memory, I/O interfaces, connection networks, virtual memory, pipelined computers, multiprocessors, and case studies. Term paper or project is required.",4,undergraduate,https://www2.eecs.berkeley.edu/Courses/CS/,"Computer Organization, CPU Design, Instruction Set Architecture, Control Units, Processor Architecture, Bus Architecture, Arithmetic Logic Units (ALU), Memory Hierarchy, I/O Interfaces, Connection Networks, Virtual Memory, Pipelined Computing, Multiprocessing, Technical Writing, Research Methods"
"University of California, Berkeley",berkeley.edu,Computer Science,CS 260A,User Interface Design and Development,"The design, implementation, and evaluation of user interfaces. User-centered design and task analysis. Conceptual models and interface metaphors. Usability inspection and evaluation methods. Analysis of user study data. Input methods (keyboard, pointing, touch, tangible) and input models. Visual design principles. Interface prototyping and implementation methodologies and tools. Students will develop a user interface for a specific task and target user group in teams.",4,undergraduate,https://www2.eecs.berkeley.edu/Courses/CS/,"User Interface Design, User-Centered Design, Task Analysis, Conceptual Modeling, Interface Metaphors, Usability Inspection, Usability Evaluation, User Study Data Analysis, Input Modeling, Tangible User Interfaces, Visual Design, Interface Prototyping, UI Implementation, Human-Computer Interaction, Teamwork"
"University of California, Berkeley",berkeley.edu,Computer Science,CS 260B,Human-Computer Interaction Research,"This course is a broad introduction to conducting research in Human-Computer Interaction. Students will become familiar with seminal and recent literature; learn to review and critique research papers; re-implement and evaluate important existing systems; and gain experience in conducting research. Topics include input devices, computer-supported cooperative work, crowdsourcing, design tools, evaluation methods, search and mobile interfaces, usable security, help and tutorial systems.",3,undergraduate,https://www2.eecs.berkeley.edu/Courses/CS/,"Human-Computer Interaction (HCI), Research Methods, Literature Review, System Implementation, System Evaluation, Input Devices, Computer-Supported Cooperative Work (CSCW), Crowdsourcing, Design Tools, Evaluation Methods, Mobile Interfaces, Search Interfaces, Usable Security, Help and Tutorial Systems"
"University of California, Berkeley",berkeley.edu,Computer Science,CS 260M,User Interface Design and Development,"The design, implementation, and evaluation of user interfaces. User-centered design and task analysis. Conceptual models and interface metaphors. Usability inspection and evaluation methods. Analysis of user study data. Input methods (keyboard, pointing, touch, tangible) and input models. Visual design principles. Interface prototyping and implementation methodologies and tools. Students will develop a user interface for a specific task and target user group in teams.",4,undergraduate,https://www2.eecs.berkeley.edu/Courses/CS/,"User Interface (UI) Design, User-Centered Design, Task Analysis, Conceptual Modeling, Usability Inspection, Usability Evaluation, User Study Data Analysis, Visual Design, Interface Prototyping, Teamwork"
"University of California, Berkeley",berkeley.edu,Computer Science,CS 261,Security in Computer Systems,"Graduate survey of modern topics in computer security, including protection, access control, distributed access security, firewalls, secure coding practices, safe languages, mobile code, and case studies from real-world systems. May also cover cryptographic protocols, privacy and anonymity, and/or other topics as time permits.",3,undergraduate,https://www2.eecs.berkeley.edu/Courses/CS/,"Access Control, Distributed Access Security, Firewalls, Secure Coding Practices, Safe Languages, Mobile Code Security, Cryptographic Protocols, Privacy Techniques, Anonymity Techniques"
"University of California, Berkeley",berkeley.edu,Computer Science,CS 261N,Internet and Network Security,Develops a thorough grounding in Internet and network security suitable for those interested in conducting research in the area or those more broadly interested in security or networking. Potential topics include denial-of-service; capabilities; network intrusion detection/prevention; worms; forensics; scanning; traffic analysis; legal issues; web attacks; anonymity; wireless and networked devices; honeypots; botnets; scams; underground economy; attacker infrastructure; research pitfalls.,4,undergraduate,https://www2.eecs.berkeley.edu/Courses/CS/,"Denial-of-service mitigation, Network intrusion detection, Network intrusion prevention, Worm analysis, Digital forensics, Network scanning, Traffic analysis, Web application security, Anonymity techniques, Wireless security, Networked device security, Honeypot deployment, Botnet analysis, Scam detection, Underground economy analysis, Attacker infrastructure analysis, Research methodology, Legal issues in cybersecurity"
"University of California, Berkeley",berkeley.edu,Computer Science,CS 262A,Advanced Topics in Computer Systems,"Graduate survey of systems for managing computation and information, covering a breadth of topics: early systems; volatile memory management, including virtual memory and buffer management; persistent memory systems, including both file systems and transactional storage managers; storage metadata, physical vs. logical naming, schemas, process scheduling, threading and concurrency control; system support for networking, including remote procedure calls, transactional RPC, TCP, and active messages; security infrastructure; extensible systems and APIs; performance analysis and engineering of large software systems. Homework assignments, exam, and term paper or project required.",4,undergraduate,https://www2.eecs.berkeley.edu/Courses/CS/,"Volatile memory management, Virtual memory, Buffer management, Persistent memory systems, File systems, Transactional storage managers, Storage metadata, Physical naming, Logical naming, Database schemas, Process scheduling, Threading, Concurrency control, Networking, Remote Procedure Calls (RPC), Transactional RPC, TCP, Active messages, Security infrastructure, Extensible systems, APIs, Performance analysis, Software engineering, Technical writing"
"University of California, Berkeley",berkeley.edu,Computer Science,CS 262B,Advanced Topics in Computer Systems,"Continued graduate survey of large-scale systems for managing information and computation. Topics include basic performance measurement; extensibility, with attention to protection, security, and management of abstract data types; index structures, including support for concurrency and recovery; parallelism, including parallel architectures, query processing and scheduling; distributed data management, including distributed and mobile file systems and databases; distributed caching; large-scale data analysis and search. Homework assignments, exam, and term paper or project required.",3,undergraduate,https://www2.eecs.berkeley.edu/Courses/CS/,"Large-scale Systems, Performance Measurement, Computer Security, Abstract Data Types, Index Structures, Concurrency Control, Database Recovery, Parallel Computing, Parallel Architectures, Query Processing, Query Scheduling, Distributed Systems, Distributed Data Management, Mobile File Systems, Distributed Databases, Distributed Caching, Large-scale Data Analysis, Search Engines, Academic Writing, Research Methods"
"University of California, Berkeley",berkeley.edu,Computer Science,CS 263,Design of Programming Languages,"Selected topics from: analysis, comparison, and design of programming languages, formal description of syntax and semantics, advanced programming techniques, structured programming, debugging, verification of programs and compilers, and proofs of correctness.",3,undergraduate,https://www2.eecs.berkeley.edu/Courses/CS/,"Programming Language Design, Formal Syntax, Formal Semantics, Structured Programming, Debugging, Program Verification, Compilers, Proofs of Correctness, Formal Verification"
"University of California, Berkeley",berkeley.edu,Computer Science,CS 264,Implementation of Programming Languages,"Compiler construction. Lexical analysis, syntax analysis. Semantic analysis code generation and optimization. Storage management. Run-time organization.",4,undergraduate,https://www2.eecs.berkeley.edu/Courses/CS/,"Compiler construction, Lexical analysis, Syntax analysis, Semantic analysis, Code generation, Optimization, Storage management, Run-time organization"
"University of California, Berkeley",berkeley.edu,Computer Science,CS 265,Compiler Optimization and Code Generation,Table-driven and retargetable code generators. Register management. Flow analysis and global optimization methods. Code optimization for advanced languages and architectures. Local code improvement. Optimization by program transformation. Selected additional topics. A term paper or project is required.,3,undergraduate,https://www2.eecs.berkeley.edu/Courses/CS/,"Table-driven code generation, Retargetable code generation, Register management, Flow analysis, Global optimization methods, Code optimization for advanced languages and architectures, Local code improvement, Optimization by program transformation, Term paper writing, Project work"
"University of California, Berkeley",berkeley.edu,Computer Science,CS C267,Applications of Parallel Computers,"Models for parallel programming. Overview of parallelism in scientific applications and study of parallel algorithms for linear algebra, particles, meshes, sorting, FFT, graphs, machine learning, etc. Survey of parallel machines and machine structures. Programming shared- and distributed-memory parallel computers, GPUs, and cloud platforms. Parallel programming languages, compilers, libraries and toolboxes. Data partitioning techniques. Techniques for synchronization and load balancing. Detailed study and algorithm/program development of medium sized applications.",4-Mar,undergraduate,https://www2.eecs.berkeley.edu/Courses/CS/,"Parallel Programming, Parallel Algorithms, Linear Algebra, Particle Simulation, Mesh Processing, Sorting Algorithms, Fast Fourier Transform (FFT), Graph Algorithms, Machine Learning, Shared-Memory Programming, Distributed-Memory Programming, GPU Programming, Cloud Computing, Parallel Programming Languages, Compiler Design, Parallel Libraries, Parallel Toolboxes, Data Partitioning, Synchronization Techniques, Load Balancing"
"University of California, Berkeley",berkeley.edu,Computer Science,CS 268,Computer Networks,"Distributed systems, their notivations, applications, and organization. The network component. Network architectures. Local and long-haul networks, technologies, and topologies. Data link, network, and transport protocols. Point-to-point and broadcast networks. Routing and congestion control. Higher-level protocols. Naming. Internetworking. Examples and case studies.",3,undergraduate,https://www2.eecs.berkeley.edu/Courses/CS/,"Distributed Systems, Network Architecture, Local Area Networks (LAN), Wide Area Networks (WAN), Network Topologies, Data Link Layer, Network Layer, Transport Layer, Network Protocols, Point-to-Point Networks, Broadcast Networks, Routing Algorithms, Congestion Control, Internetworking, Naming Services"
"University of California, Berkeley",berkeley.edu,Computer Science,CS 270,Combinatorial Algorithms and Data Structures,"Design and analysis of efficient algorithms for combinatorial problems. Network flow theory, matching theory, matroid theory; augmenting-path algorithms; branch-and-bound algorithms; data structure techniques for efficient implementation of combinatorial algorithms; analysis of data structures; applications of data structure techniques to sorting, searching, and geometric problems.",3,undergraduate,https://www2.eecs.berkeley.edu/Courses/CS/,"Combinatorial Algorithms, Algorithm Design, Algorithm Analysis, Network Flow Theory, Matching Theory, Matroid Theory, Augmenting-Path Algorithms, Branch-and-Bound Algorithms, Data Structures, Data Structure Analysis, Sorting Algorithms, Searching Algorithms, Computational Geometry"
"University of California, Berkeley",berkeley.edu,Computer Science,CS 271,Randomness and Computation,"Computational applications of randomness and computational theories of randomness. Approximate counting and uniform generation of combinatorial objects, rapid convergence of random walks on expander graphs, explicit construction of expander graphs, randomized reductions, Kolmogorov complexity, pseudo-random number generation, semi-random sources.",3,undergraduate,https://www2.eecs.berkeley.edu/Courses/CS/,"Randomized Algorithms, Computational Theory, Approximate Counting, Combinatorics, Random Walks, Expander Graphs, Graph Theory, Randomized Reductions, Kolmogorov Complexity, Pseudo-Random Number Generation, Semi-Random Sources"
"University of California, Berkeley",berkeley.edu,Computer Science,CS 272,"Foundations of Decisions, Learning, and Games","This course introduces students to the mathematical foundation of learning in the presence of strategic and societal agency. This is a theory-oriented course that will draw from the statistical and computational foundations of machine learning, computer science, and economics. As a research-oriented course, a range of advanced topics will be explored to paint a comprehensive picture of classical and modern approaches to learning for the purpose of decision making.These topics include foundations of learning, foundations of algorithmic game theory, cooperative and non-cooperative games, equilibria and dynamics, learning in games, information asymmetries, mechanism design, and learning with incentives.",4,undergraduate,https://www2.eecs.berkeley.edu/Courses/CS/,"Statistical Learning Theory, Computational Learning Theory, Machine Learning Foundations, Algorithmic Game Theory, Cooperative Game Theory, Non-cooperative Game Theory, Nash Equilibrium, Correlated Equilibrium, Dynamic Games, Learning in Games, Information Asymmetry Modeling, Mechanism Design, Incentive Compatibility, Optimization Techniques, Convex Optimization, Stochastic Modeling, Probability Theory, Linear Algebra, Game Theory, Decision Theory, Research Methods, Technical Writing, Academic Writing, Oral Presentation"
"University of California, Berkeley",berkeley.edu,Computer Science,CS 274,Computational Geometry,"&lt;Formerly 292T&gt;. Constructive problems in computational geometry: convex hulls, triangulations, Voronoi diagrams, arrangements of hyperplanes; relationships among these problems. Search problems: advanced data structures; subdivision search; various kinds of range searches. Models of computation; lower bounds.",3,undergraduate,https://www2.eecs.berkeley.edu/Courses/CS/,"Computational Geometry, Convex Hulls, Triangulations, Voronoi Diagrams, Hyperplane Arrangements, Advanced Data Structures, Subdivision Search, Range Searches, Models of Computation, Lower Bounds"
"University of California, Berkeley",berkeley.edu,Computer Science,CS 276,Cryptography,"Graduate survey of modern topics on theory, foundations, and applications of modern cryptography. One-way functions; pseudorandomness; encryption; authentication; public-key cryptosystems; notions of security. May also cover zero-knowledge proofs, multi-party cryptographic protocols, practical applications, and/or other topics, as time permits.",3,undergraduate,https://www2.eecs.berkeley.edu/Courses/CS/,"One-way functions, Pseudorandomness, Encryption, Authentication, Public-key cryptosystems, Notions of security, Zero-knowledge proofs, Multi-party cryptographic protocols"
"University of California, Berkeley",berkeley.edu,Computer Science,CS 278,Machine-Based Complexity Theory,Properties of abstract complexity measures; Determinism vs. nondeterminism; time vs. space; complexity hierarchies; aspects of the P-NP question; relative power of various abstract machines.,3,undergraduate,https://www2.eecs.berkeley.edu/Courses/CS/,"Computational Complexity Theory, Determinism, Nondeterminism, Time Complexity, Space Complexity, Complexity Hierarchies, P vs NP Problem, Abstract Machines, Algorithms, Mathematical Logic"
"University of California, Berkeley",berkeley.edu,Computer Science,CS C280,Computer Vision,"Paradigms for computational vision. Relation to human visual perception. Mathematical techniques for representing and reasoning, with curves, surfaces and volumes. Illumination and reflectance models. Color perception. Image segmentation and aggregation. Methods for bottom-up three dimensional shape recovery: Line drawing analysis, stereo, shading, motion, texture. Use of object models for prediction and recognition.",3,undergraduate,https://www2.eecs.berkeley.edu/Courses/CS/,"Computer Vision, Human Visual Perception, Mathematical Modeling, Geometric Modeling, Curve Representation, Surface Representation, Volume Representation, Illumination Modeling, Reflectance Modeling, Color Perception, Image Segmentation, Image Aggregation, 3D Reconstruction, Line Drawing Analysis, Stereo Vision, Shape from Shading, Structure from Motion, Texture Analysis, Object Modeling, Object Recognition, Predictive Modeling"
"University of California, Berkeley",berkeley.edu,Computer Science,CS 280A,Intro to Computer Vision and Computational Photography,"This course introduces students to computing with visual data (images and video). We will cover acquisition, representation, and manipulation of visual information from digital photographs (image processing), image analysis and visual understanding (computer vision), and image synthesis (computational photography). Key algorithms will be presented, ranging from classical to contemporary, with an emphasis on using these techniques to build practical systems. The hands-on emphasis will be reflected in the programming assignments, where students will acquire their own images and develop, largely from scratch, image analysis and synthesis tools for real-world applications.",4,undergraduate,https://www2.eecs.berkeley.edu/Courses/CS/,"Image Processing, Video Processing, Computer Vision, Image Analysis, Image Synthesis, Computational Photography, Algorithms, Data Acquisition, Data Representation"
"University of California, Berkeley",berkeley.edu,Computer Science,CS C281A,Statistical Learning Theory,"Classification regression, clustering, dimensionality, reduction, and density estimation. Mixture models, hierarchical models, factorial models, hidden Markov, and state space models, Markov properties, and recursive algorithms for general probabilistic inference nonparametric methods including decision trees, kernal methods, neural networks, and wavelets. Ensemble methods.",3,undergraduate,https://www2.eecs.berkeley.edu/Courses/CS/,"Classification, Regression, Clustering, Dimensionality Reduction, Density Estimation, Mixture Models, Hierarchical Models, Factorial Models, Hidden Markov Models, State Space Models, Markov Properties, Recursive Algorithms, Probabilistic Inference, Nonparametric Methods, Decision Trees, Kernel Methods, Neural Networks, Wavelets, Ensemble Methods"
"University of California, Berkeley",berkeley.edu,Computer Science,CS C281B,Advanced Topics in Learning and Decision Making,"Recent topics include: Graphical models and approximate inference algorithms. Markov chain Monte Carlo, mean field and probability propagation methods. Model selection and stochastic realization. Bayesian information theoretic and structural risk minimization approaches. Markov decision processes and partially observable Markov decision processes. Reinforcement learning.",3,undergraduate,https://www2.eecs.berkeley.edu/Courses/CS/,"Graphical models, Approximate inference algorithms, Markov chain Monte Carlo, Mean field, Probability propagation, Model selection, Stochastic realization, Bayesian information theoretic, Structural risk minimization, Markov decision processes, Partially observable Markov decision processes, Reinforcement learning"
"University of California, Berkeley",berkeley.edu,Computer Science,CS 282A,"Designing, Visualizing and Understanding Deep Neural Networks","Deep Networks have revolutionized computer vision, language technology, robotics and control. They have growing impact in many other areas of science and engineering. They do not however, follow a closed or compact set of theoretical principles. In Yann Lecun&#039;s words they require &quot;an interplay between intuitive insights, theoretical modeling, practical implementations, empirical studies, and scientific analyses.&quot; This course attempts to cover that ground.",4,undergraduate,https://www2.eecs.berkeley.edu/Courses/CS/,"Deep Learning, Computer Vision, Natural Language Processing, Robotics, Control Systems, Theoretical Modeling, Practical Implementation, Empirical Studies, Scientific Analysis"
"University of California, Berkeley",berkeley.edu,Computer Science,CS 284A,Foundations of Computer Graphics,"A broad introduction to the fundamentals of computer graphics. The main areas covered are modeling, rendering, animation and imaging. Topics include 2D and 3D transformations, drawing to raster displays, sampling, texturing, antialiasing, geometric modeling, ray tracing and global illumination, animation, cameras, image processing and computational imaging. There will be an emphasis on mathematical and geometric aspects of graphics, and the ability to write complete 3D graphics programs.",4,undergraduate,https://www2.eecs.berkeley.edu/Courses/CS/,"Computer Graphics, 2D Transformations, 3D Transformations, Raster Graphics, Sampling, Texturing, Antialiasing, Geometric Modeling, Ray Tracing, Global Illumination, Animation, Computational Imaging, Image Processing, Mathematics, Geometry"
"University of California, Berkeley",berkeley.edu,Computer Science,CS 284B,Advanced Computer Graphics Algorithms and Techniques,"This course provides a graduate-level introduction to advanced computer graphics algorithms and techniques. Students should already be familiar with basic concepts such as transformations, scan-conversion, scene graphs, shading, and light transport. Topics covered in this course include global illumination, mesh processing, subdivision surfaces, basic differential geometry, physically based animation, inverse kinematics, imaging and computational photography, and precomputed light transport.",4,undergraduate,https://www2.eecs.berkeley.edu/Courses/CS/,"Computer Graphics, Algorithms, Geometric Transformations, Scan Conversion, Scene Graphs, Shading, Light Transport, Global Illumination, Mesh Processing, Subdivision Surfaces, Differential Geometry, Physically Based Animation, Inverse Kinematics, Digital Imaging, Computational Photography, Precomputed Light Transport"
"University of California, Berkeley",berkeley.edu,Computer Science,CS 284M,Foundations of Computer Graphics,"Techniques of modeling objects for the purpose of computer rendering: boundary representations, constructive solids geometry, hierarchical scene descriptions. Mathematical techniques for curve and surface representation. Basic elements of a computer graphics rendering pipeline; architecture of modern graphics display devices. Geometrical transformations such as rotation, scaling, translation, and their matrix representations. Homogeneous coordinates, projective and perspective transformations.",4,undergraduate,https://www2.eecs.berkeley.edu/Courses/CS/,"Object Modeling, Computer Rendering, Boundary Representations, Constructive Solid Geometry, Hierarchical Scene Descriptions, Curve and Surface Representation, Computer Graphics, Rendering Pipeline, Graphics Display Architecture, Geometrical Transformations, Matrix Representations, Homogeneous Coordinates, Projective Transformations, Perspective Transformations"
"University of California, Berkeley",berkeley.edu,Computer Science,CS 285,"Deep Reinforcement Learning, Decision Making, and Control","Intersection of control, reinforcement learning, and deep learning. Deep learning methods, which train large parametric function approximators, achieve excellent results on problems that require reasoning about unstructured real-world situations (e.g., computer vision, speech recognition, NLP). Advanced treatment of the reinforcement learning formalism, the most critical model-free reinforcement learning algorithms (policy gradients, value function and Q-function learning, and actor-critic), a discussion of model-based reinforcement learning algorithms, an overview of imitation learning, and a range of advanced topics (e.g., exploration, model-based learning with video prediction, transfer learning, multi-task learning, and meta-learning).",3,undergraduate,https://www2.eecs.berkeley.edu/Courses/CS/,"Control, Reinforcement Learning, Deep Learning, Computer Vision, Speech Recognition, Natural Language Processing, Policy Gradients, Value Function Learning, Q-Function Learning, Actor-Critic, Model-Based Reinforcement Learning, Imitation Learning, Exploration, Video Prediction, Transfer Learning, Multi-Task Learning, Meta-Learning"
"University of California, Berkeley",berkeley.edu,Computer Science,CS 286,Implementation of Data Base Systems,"Implementation of data base systems on modern hardware systems. Considerations concerning operating system design, including buffering, page size, prefetching, etc. Query processing algorithms, design of crash recovery and concurrency control systems. Implementation of distributed data bases and data base machines.",3,undergraduate,https://www2.eecs.berkeley.edu/Courses/CS/,"Database Systems Implementation, Modern Hardware Systems, Operating System Design, Buffering, Page Size Management, Prefetching, Query Processing Algorithms, Crash Recovery Design, Concurrency Control Systems, Distributed Databases, Database Machines"
"University of California, Berkeley",berkeley.edu,Computer Science,CS 287,Advanced Robotics,"Advanced topics related to current research in algorithms and artificial intelligence for robotics. Planning, control, and estimation for realistic robot systems, taking into account: dynamic constraints, control and sensing uncertainty, and non-holonomic motion constraints.",3,undergraduate,https://www2.eecs.berkeley.edu/Courses/CS/,"Algorithms, Artificial Intelligence, Planning, Control, Estimation, Dynamic Constraints, Sensing Uncertainty, Non-holonomic Motion Constraints"
"University of California, Berkeley",berkeley.edu,Computer Science,CS 287H,Algorithmic Human-Robot Interaction,"As robot autonomy advances, it becomes more and more important to develop algorithms that are not solely functional, but also mindful of the end-user. How should the robot move differently when it&#039;s moving in the presence of a human? How should it learn from user feedback? How should it assist the user in accomplishing day to day tasks? These are the questions we will investigate in this course. We will contrast existing algorithms in robotics with studies in human-robot interaction, discussing how to tackle interaction challenges in an algorithmic way, with the goal of enabling generalization across robots and tasks. We will also sharpen research skills: giving good talks, experimental design, statistical analysis, literature surveys.",4,undergraduate,https://www2.eecs.berkeley.edu/Courses/CS/,"Robotics, Human-Robot Interaction, Algorithms, Machine Learning, Experimental Design, Statistical Analysis, Research Methods, Technical Writing, Oral Presentations, Literature Surveys"
"University of California, Berkeley",berkeley.edu,Computer Science,CS 288,Advanced Natural Language Processing,"This course provides a graduate-level introduction to Natural Language Processing (NLP). We will survey foundational approaches such as word representations and n-gram language models, followed by neural methods including recurrent networks and attention mechanisms, and then progress to modern Transformer-based architectures. In addition, the course will cover advanced topics in contemporary NLP, including retrieval-augmented models, mixture-of-experts architectures, AI agents, and memorization.",4,undergraduate,https://www2.eecs.berkeley.edu/Courses/CS/,"Natural Language Processing (NLP), Word Representations, N-gram Language Models, Neural Networks, Recurrent Neural Networks (RNNs), Attention Mechanisms, Transformers, Retrieval-Augmented Generation (RAG), Mixture-of-Experts (MoE), AI Agents, Machine Learning Memorization"
"University of California, Berkeley",berkeley.edu,Computer Science,CS 289A,Introduction to Machine Learning,"This course provides an introduction to theoretical foundations, algorithms, and methodologies for machine learning, emphasizing the role of probability and optimization and exploring a variety of real-world applications. Students are expected to have a solid foundation in calculus and linear algebra as well as exposure to the basic tools of logic and probability, and should be familiar with at least one modern, high-level programming language.",4,undergraduate,https://www2.eecs.berkeley.edu/Courses/CS/,"Machine Learning, Algorithms, Probability, Optimization, Calculus, Linear Algebra, Logic, High-Level Programming"
"University of California, Berkeley",berkeley.edu,Computer Science,CS 294,Special Topics,Topics will vary from semester to semester. See Computer Science Division announcements.,4-Jan,undergraduate,https://www2.eecs.berkeley.edu/Courses/CS/,
"University of California, Berkeley",berkeley.edu,Computer Science,CS 297,Field Studies in Computer Science,Supervised experience in off-campus companies relevant to specific aspects and applications of electrical engineering and/or computer science. Written report required at the end of the semester.,0-12,undergraduate,https://www2.eecs.berkeley.edu/Courses/CS/,"Electrical Engineering, Computer Science, Technical Writing, Report Writing"
"University of California, Berkeley",berkeley.edu,Computer Science,CS 298,"Group Studies Seminars, or Group Research","Advanced study in various subjects through seminars on topics to be selected each year, informal group studies of special problems, group participation in comprehensive design problems, or group research on complete problems for analysis and experimentation.",4-Jan,undergraduate,https://www2.eecs.berkeley.edu/Courses/CS/,
"University of California, Berkeley",berkeley.edu,Computer Science,CS 299,Individual Research,Investigations of problems in computer science.,12-Jan,undergraduate,https://www2.eecs.berkeley.edu/Courses/CS/,"Computer Science, Algorithms, Problem Solving, Computational Theory"
"University of California, Berkeley",berkeley.edu,Computer Science,CS 302,Designing Computer Science Education,"Discussion and review of research and practice relating to the teaching of computer science: knowledge organization and misconceptions, curriculum and topic organization, evaluation, collaborative learning, technology use, and administrative issues. As part of a semester-long project to design a computer science course, participants invent and refine a variety of homework and exam activities, and evaluate alternatives for textbooks, grading and other administrative policies, and innovative uses of technology.",3,undergraduate,https://www2.eecs.berkeley.edu/Courses/CS/,"Research Methods, Curriculum Design, Instructional Design, Educational Evaluation, Assessment Design, Educational Technology, Knowledge Organization, Collaborative Learning, Computer Science Education"
"University of California, Berkeley",berkeley.edu,Computer Science,CS 365,Introduction to Instructional Methods in Computer Science for Academic Interns,"This is a course for aspiring Academic Interns (AIs). It provides pedagogical training and guidance to students by introducing them to the Big Ideas of Teaching and Learning, and how to put them into practice. The course covers what makes a safe learning environment, how students learn, how to guide students toward mastery, and psychosocial factors that can negatively affect even the best students and best teachers. Class covers both theoretical and practical pedagogical aspects of teaching STEM subjects—specifically Computer Science. An integral feature of the course lies in the weekly AI experience that students perform to practice their teaching skills.",4-Feb,undergraduate,https://www2.eecs.berkeley.edu/Courses/CS/,"Pedagogy, Teaching, Computer Science Education, STEM Education, Mentoring"
"University of California, Berkeley",berkeley.edu,Computer Science,CS 370,Adaptive Instruction Methods in Computer Science,"This is a course for aspiring teachers or those who want to instruct with expertise from evidence-based research and proven equity-oriented practices. It provides pedagogical training by introducing the big ideas of teaching and learning, and illustrating how to put them into practice. The course is divided into three sections—instructing the individual; a group; and psycho-social factors that affect learning at any level. These sections are designed to enhance any intern’s, tutor’s, or TA’s teaching skillset. Class is discussion based, and covers theoretical and practical pedagogical aspects to teaching in STEM. An integral feature of the course involves providing weekly tutoring sessions.",3,undergraduate,https://www2.eecs.berkeley.edu/Courses/CS/,"Research Methods, Oral Presentations"
"University of California, Berkeley",berkeley.edu,Computer Science,CS 375,Teaching Techniques for Computer Science,"Discussion and practice of techniques for effective teaching, focusing on issues most relevant to teaching assistants in computer science courses.",2,undergraduate,https://www2.eecs.berkeley.edu/Courses/CS/,Oral Presentations
"University of California, Berkeley",berkeley.edu,Computer Science,CS 399,Professional Preparation: Supervised Teaching of Computer Science,"Discussion, problem review and development, guidance of computer science laboratory sections, course development, supervised practice teaching.",2-Jan,undergraduate,https://www2.eecs.berkeley.edu/Courses/CS/,"Course Development, Laboratory Instruction, Teaching, Problem Solving, Discussion Facilitation, Supervised Practice Teaching"
"University of California, Berkeley",berkeley.edu,Computer Science,CS 602,Individual Study for Doctoral Students,"Individual study in consultation with the major field adviser, intended to provide an opportunity for qualified students to prepare themselves for the various examinations required of candidates for the Ph.D. (and other doctoral degrees).",8-Jan,undergraduate,https://www2.eecs.berkeley.edu/Courses/CS/,"Research Methods, Thesis Writing, Academic Writing, Oral Presentations"
Georgia Institute of Technology,gatech.edu,Computer Science,CS 1171,Introductory Computing in MATLAB,For students with a solid introductory computing background needing to demonstrate proficiency in the MATLAB language.,1,Undergraduate,https://catalog.gatech.edu/coursesaz/cs/,MATLAB
Georgia Institute of Technology,gatech.edu,Computer Science,CS 1315,Introduction to Media Computation,"Introduction to computation (algorithmic thinking, data structures, data transformation and processing, and programming) in a media and communication context. Credit not awarded for both CS 4452 and CS 1315 .",3,Undergraduate,https://catalog.gatech.edu/coursesaz/cs/,"algorithmic thinking, data structures, data transformation, data processing, programming"
Georgia Institute of Technology,gatech.edu,Computer Science,CS 1316,Representing Structure and Behavior,"Modeling the structure of media (e.g., music, graphical scenes) using dynamic data structures. Designing objects as encapsulations of structure and behavior. Algorithms for simulating objects. May not be taken for credit by students who have credit for CS 1322.",3,Undergraduate,https://catalog.gatech.edu/coursesaz/cs/,"Dynamic Data Structures, Object-Oriented Programming, Object-Oriented Design, Encapsulation, Algorithms, Simulation, Data Modeling, Computer Graphics"
Georgia Institute of Technology,gatech.edu,Computer Science,CS 1331,Introduction to Object Oriented Programming,"Introduction to techniques and methods of object-oriented programming such an encapsulation, inheritance, and polymorphism. Emphasis on software development and individual programming skills.",3,Undergraduate,https://catalog.gatech.edu/coursesaz/cs/,"Object-Oriented Programming, Encapsulation, Inheritance, Polymorphism, Software Development"
Georgia Institute of Technology,gatech.edu,Computer Science,CS 1331R,CS 1331 Recitation,Recitation for CS 1331 .,0,Undergraduate,https://catalog.gatech.edu/coursesaz/cs/,"Java, Object-Oriented Programming"
Georgia Institute of Technology,gatech.edu,Computer Science,CS 1332,Data Structures and Algorithms for Applications,Computer data structures and algorithms in the context of object-oriented programming. Focus on software development towards applications.,3,Undergraduate,https://catalog.gatech.edu/coursesaz/cs/,"Data Structures, Algorithms, Object-Oriented Programming, Software Development"
Georgia Institute of Technology,gatech.edu,Computer Science,CS 1332R,CS 1332 Recitation,Recitation for CS 1332 .,0,Undergraduate,https://catalog.gatech.edu/coursesaz/cs/,"Java, Object-Oriented Programming, Data Structures, Algorithms, Big O Analysis, Sorting Algorithms, Searching Algorithms, Graph Algorithms, Linked Lists, Binary Search Trees, AVL Trees, Heaps, Hash Maps, Graphs, Recursion"
Georgia Institute of Technology,gatech.edu,Computer Science,CS 1371,Computing for Engineers,Foundations of computing with an introduction to design and analysis of algorithms and an introduction to design and construction of programs for engineering problem-solving.,3,Undergraduate,https://catalog.gatech.edu/coursesaz/cs/,"Algorithm Design, Algorithm Analysis, Program Design, Program Construction"
Georgia Institute of Technology,gatech.edu,Computer Science,CS 1372,Structured Program Design for Engineers,"Design, analysis and implementation of programs for engineering problem-solving using ANSI Standard C, with an introduction to C++.",3,Undergraduate,https://catalog.gatech.edu/coursesaz/cs/,"ANSI Standard C, C++, Procedural Programming, Object-Oriented Programming"
Georgia Institute of Technology,gatech.edu,Computer Science,CS 2050,Introduction to Discrete Mathematics for Computer Science,"Proof methods, strategy, correctness of algorithms over discrete structures.  Induction and recursion.  Complexity and order of growth.  Number theoretic principles and algorithms.  Counting and computability.  Credit not allowed for both CS 2050 and CS 2051 .",3,Undergraduate,https://catalog.gatech.edu/coursesaz/cs/,"Proof methods, Algorithm correctness, Induction, Recursion, Complexity analysis, Order of growth analysis, Number theory, Counting principles, Computability"
Georgia Institute of Technology,gatech.edu,Computer Science,CS 2051,Honors - Induction to Discrete Mathematics for Computer Science,"Proof methods, strategy, correctness of algorithms over discrete structures.  Induction and recursion.  Complexity and order of growth.  Number theoretic principles and algorithms.  Counting and computability.  Credit not allowed for both CS 2051 and CS 2050 .",3,Undergraduate,https://catalog.gatech.edu/coursesaz/cs/,"Proof Methods, Algorithm Correctness, Discrete Mathematics, Mathematical Induction, Recursion, Computational Complexity, Big O Notation, Number Theory, Combinatorics, Computability Theory"
Georgia Institute of Technology,gatech.edu,Computer Science,CS 2110,Computer Organization and Programming,"An introduction to basic computer hardware, machine language, assembly language, and C programming.",4,Undergraduate,https://catalog.gatech.edu/coursesaz/cs/,"Computer Hardware, Machine Language, Assembly Language, C (Programming Language)"
Georgia Institute of Technology,gatech.edu,Computer Science,CS 2200,Computer Systems and Networks,A broad exposure to computer system structure and networking including software abstractions in operating systems for orchestrating the usage of the computing resources.,4,Undergraduate,https://catalog.gatech.edu/coursesaz/cs/,"Computer Architecture, Networking, Operating Systems, System Software, Resource Management"
Georgia Institute of Technology,gatech.edu,Computer Science,CS 2261,Media Device Architectures,"Controlling the interface between hardware and software in media devices. Machine-level programming (e.g., in C) to create graphics, generate sound, and support user interaction.",4,Undergraduate,https://catalog.gatech.edu/coursesaz/cs/,"Hardware-Software Interface, Machine-Level Programming, C Programming, Graphics Programming, Audio Programming, User Interaction Programming, Embedded Systems"
Georgia Institute of Technology,gatech.edu,Computer Science,CS 2316,Data Manipulation for Science and Industry,"Reading, manipulating, and exporting data for engineering, business, and scientific applications.  Covers GUI's, File I/O, basic SQL, and web scraping.  Emphasis on software development.",3,Undergraduate,https://catalog.gatech.edu/coursesaz/cs/,"Data reading, Data manipulation, Data export, GUI development, File I/O, SQL, Web scraping, Software development"
Georgia Institute of Technology,gatech.edu,Computer Science,CS 2335,Software Practicum,"Methods for solving large programming problems. Techniques for quality assurance, managing programs, working in teams, analyzing problems, and producing effective solutions.",3,Undergraduate,https://catalog.gatech.edu/coursesaz/cs/,"Software Engineering, Quality Assurance, Software Project Management, Agile Methodologies, Team Collaboration, Problem Analysis, Algorithmic Problem Solving, Systems Design, Technical Documentation"
Georgia Institute of Technology,gatech.edu,Computer Science,CS 2340,Objects and Design,"Object-oriented programming methods for dealing with large programs.  Focus on quality processes, effective debugging techniques, and testing to assure a quality product.",3,Undergraduate,https://catalog.gatech.edu/coursesaz/cs/,"Object-Oriented Programming, Software Quality Assurance, Debugging, Software Testing"
Georgia Institute of Technology,gatech.edu,Computer Science,CS 2345,Advanced Practical Object-Oriented Programming,"This course presents important programming principles that should be considered when using a non-automatic memory management complex language (such as C++). Templating, generic programming, resource acquisition is initialization (RAII), and smart pointers are a few examples. Credit not awarded for both CS 2345 and ECE 2036 .",4,Undergraduate,https://catalog.gatech.edu/coursesaz/cs/,"C++, Templating, Generic Programming, RAII, Smart Pointers"
Georgia Institute of Technology,gatech.edu,Computer Science,CS 2600,Knowledge Representation and Processing,Introduction to the representation and manipulation of complex symbolic and sub-symbolic information.,4,Undergraduate,https://catalog.gatech.edu/coursesaz/cs/,"Symbolic AI, Sub-symbolic AI, Knowledge Representation, Logic Programming, Ontology Engineering, Semantic Networks, Neural Networks, Machine Learning, Representation Learning"
Georgia Institute of Technology,gatech.edu,Computer Science,CS 2698,Undergraduate Research Assistantship.  1-12 Credit Hours,Independent research conducted under the guidance of a faculty member.,12,Undergraduate,https://catalog.gatech.edu/coursesaz/cs/,"Independent Research, Research Methods, Technical Writing, Thesis/Academic Writing, Oral Presentations"
Georgia Institute of Technology,gatech.edu,Computer Science,CS 2699,Undergraduate Research.  1-12 Credit Hours,Independent research conducted under the guidance of a faculty member.,12,Undergraduate,https://catalog.gatech.edu/coursesaz/cs/,Research Methods
Georgia Institute of Technology,gatech.edu,Computer Science,CS 2701,Startup Lab: Introduction to Technology Ventures,"Elements of technology venture creation including opportunity identification and validation, ideation, customer discovery, markey analysis, minimum viable product development, business models, intellectual property, and capital raises. Cross-listed with COE 2701 .",3,Undergraduate,https://catalog.gatech.edu/coursesaz/cs/,"Opportunity Identification, Opportunity Validation, Ideation, Customer Discovery, Market Analysis, Minimum Viable Product Development, Business Models, Intellectual Property"
Georgia Institute of Technology,gatech.edu,Computer Science,CS 2740,Foundations of Mathematics and Computing,This course introduces the essential mathematical concepts and computational techniques that form the basis of modern computing.,3,Undergraduate,https://catalog.gatech.edu/coursesaz/cs/,"Discrete Mathematics, Linear Algebra, Probability Theory, Statistics, Algorithm Design, Data Structures, Computational Thinking, Programming Fundamentals"
Georgia Institute of Technology,gatech.edu,Computer Science,CS 3001,"Computing, Society, and Professionalism","Examines the role and impact of information and communication technology in society, with emphasis on ethical, professional, and public policy issues.",3,Undergraduate,https://catalog.gatech.edu/coursesaz/cs/,Tech Ethics
Georgia Institute of Technology,gatech.edu,Computer Science,CS 3210,Design of Operating Systems,"Operating systems concepts, including multi-threading, scheduling, synchronization, communication, and access control.  Projects will cover design and implementation of several operating systems components.",3,Undergraduate,https://catalog.gatech.edu/coursesaz/cs/,"Operating Systems, Multi-threading, Scheduling, Synchronization, Inter-process Communication, Access Control, Operating Systems Design, Operating Systems Implementation"
Georgia Institute of Technology,gatech.edu,Computer Science,CS 3220,Computer Structures: Hardware/Software Codesign of a Processor,"Principles in pipelined processor design, with emphasis on the need for a close interaction between code generation and architecture.",3,Undergraduate,https://catalog.gatech.edu/coursesaz/cs/,"Pipelined Processor Design, Code Generation, Computer Architecture"
Georgia Institute of Technology,gatech.edu,Computer Science,CS 3235,Introduction to Information Security,"Terms/concepts for threats; controls; problem definition; comprehensive information security model; security for operating systems, databases, network/distributed systems; administering security.",3,Undergraduate,https://catalog.gatech.edu/coursesaz/cs/,"Information Security, Threat Modeling, Security Controls, Operating System Security, Database Security, Network Security, Distributed Systems Security, Security Administration"
Georgia Institute of Technology,gatech.edu,Computer Science,CS 3237,"Human Dimension of Cybersecurity: People, Organizations, Societies","This course will illuminate the human dimension of cybersecurity, and explore the attitudes, behaviors and perceptions associated with different stakeholders in cybersecurity.",3,Undergraduate,https://catalog.gatech.edu/coursesaz/cs/,"Cybersecurity, Human Factors in Cybersecurity, Behavioral Cybersecurity, Stakeholder Analysis, Human-Computer Interaction (HCI)"
Georgia Institute of Technology,gatech.edu,Computer Science,CS 3240,Languages and Computation,"Interpreters as abstract machines and the tools used to construct them, such as scanners and parsers. An introduction to models of computation as embodied by different programming languages.  Limits of and relationships between these models.",3,Undergraduate,https://catalog.gatech.edu/coursesaz/cs/,"Interpreters, Abstract machines, Scanners, Parsers, Models of computation, Programming language semantics, Formal languages, Automata theory"
Georgia Institute of Technology,gatech.edu,Computer Science,CS 3251,Computer Networking I,"Introduction to problems in computer networking, including error recovery, medium access, routing, flow control, and transport. Emphasis on current best practice.  Includes programming of networked applications.",3,Undergraduate,https://catalog.gatech.edu/coursesaz/cs/,"Error Recovery, Medium Access, Routing, Flow Control, Transport, Network Programming"
Georgia Institute of Technology,gatech.edu,Computer Science,CS 3300,Introduction to Software Engineering,Team-based project class to introduce and apply software engineering principles and practices.,3,Undergraduate,https://catalog.gatech.edu/coursesaz/cs/,"Team-based Project Work, Software Engineering Principles, Software Engineering Practices"
Georgia Institute of Technology,gatech.edu,Computer Science,CS 3311,Part 1 of a 2 semester project design and implementation sequence conjoined with Tech Communications,"Part 1 of a 2 semester project design and implementation sequence conjoined with Technical Communications. Prepare requirements, design and project plans.  Develop a basic prototype of the desired system. Project is completed in CS 3312 -Project Implementation. Credit will not be awared for CS 3311 and CS 4911 .",1,Undergraduate,https://catalog.gatech.edu/coursesaz/cs/,"Requirements gathering, System design, Project planning, Prototype development, Technical writing, Oral presentations"
Georgia Institute of Technology,gatech.edu,Computer Science,CS 3312,Project Implementation,The second part of a 2 semester project design and implementation sequence conjoined with Technical Communications. Implement a project designed in CS 3311 . Credit will not be awarded for CS 3312 and CS 4911 .,2,Undergraduate,https://catalog.gatech.edu/coursesaz/cs/,"Software Engineering, Project Management, Technical Writing, Oral Presentations"
Georgia Institute of Technology,gatech.edu,Computer Science,CS 3451,Computer Graphics,"Geometric constuctions; transformations; perception; reflection models; photorealistic; non-photorealistic, and image-based rendering; rendering software and API's; triangle-mesh processing; graphic acceleration; user-interaction, design and animation.",3,Undergraduate,https://catalog.gatech.edu/coursesaz/cs/,"Geometric Constructions, Geometric Transformations, Visual Perception, Reflection Models, Photorealistic Rendering, Non-Photorealistic Rendering, Image-Based Rendering, Rendering APIs, Triangle-Mesh Processing, Graphics Acceleration, User Interaction, Design, Computer Animation"
Georgia Institute of Technology,gatech.edu,Computer Science,CS 3510,Design and Analysis of Algorithms,Basic techniques of design and analysis of efficient algorithms for standard computational problems. NP-Completeness.  Credit not allowed for both CS 3510 and CS 3511 .,3,Undergraduate,https://catalog.gatech.edu/coursesaz/cs/,"Algorithm Design, Algorithm Analysis, NP-Completeness, Complexity Theory, Algorithm Efficiency"
Georgia Institute of Technology,gatech.edu,Computer Science,CS 3511,"Design and Analysis of Algorithms, Honors",Techniques of design and analysis of efficient algorithms for standard computational problems.  NP-Completeness Project.  Credit not allowed for both CS 3511 and CS 3510 .,3,Undergraduate,https://catalog.gatech.edu/coursesaz/cs/,"Algorithm Design, Algorithm Analysis, NP-Completeness, Efficient Algorithms, Computational Problem Solving"
Georgia Institute of Technology,gatech.edu,Computer Science,CS 3600,Introduction to Artificial Intelligence,"An introduction to artificial intelligence and machine learning. Topics include intelligent system design methodologies, search and problem solving, supervised and reinforced learning.",3,Undergraduate,https://catalog.gatech.edu/coursesaz/cs/,"Artificial Intelligence, Machine Learning, Intelligent System Design Methodologies, Search Algorithms, Problem Solving, Supervised Learning, Reinforcement Learning"
Georgia Institute of Technology,gatech.edu,Computer Science,CS 3630,Introduction to Perception and Robotics,Covers fundamental problems and leading solutions for computer and robot perception and action from the point of view of autonomous robot navigation.,3,Undergraduate,https://catalog.gatech.edu/coursesaz/cs/,"Computer Vision, Robot Perception, Robot Action, Autonomous Navigation, Sensor Fusion, SLAM, Path Planning, Motion Planning, Localization, Mapping, Control Systems, Kinematics, Dynamics"
Georgia Institute of Technology,gatech.edu,Computer Science,CS 3651,Prototyping Intelligent Devices,Hands-on course teaching the fundamentals of electronics of electrical and mechanical prototyping.,4,Undergraduate,https://catalog.gatech.edu/coursesaz/cs/,"Electronics, Electrical Engineering, Mechanical Prototyping"
Georgia Institute of Technology,gatech.edu,Computer Science,CS 3743,Analysis of Emerging Technologies,"Analysis of emerging technologies and their impacts for firm practice, market practice, policy, and society. Credit not allowed for both CS 3743 and MGT 3743 or ME 3743 .",3,Undergraduate,https://catalog.gatech.edu/coursesaz/cs/,"Technology analysis, Impact assessment, Emerging technology analysis, Policy analysis, Market analysis, Societal impact analysis, Technology forecasting, Technology assessment"
Georgia Institute of Technology,gatech.edu,Computer Science,CS 3744,"Managing Product, Service & Technology Development",Analysis of the managerial challenges of the product development process.,3,Undergraduate,https://catalog.gatech.edu/coursesaz/cs/,Product Management
Georgia Institute of Technology,gatech.edu,Computer Science,CS 3750,Human Computer Interface Design and Evaluation,Human computer interface is considered in terms of user-system compatibility. Concepts in human factors and interface design are covered in relation to capabilities of both humans and computers. Crosslisted with PSYC 3750 .,3,Undergraduate,https://catalog.gatech.edu/coursesaz/cs/,"Human-Computer Interaction (HCI), Human Factors, Interface Design, User-System Compatibility"
Georgia Institute of Technology,gatech.edu,Computer Science,CS 3751,Introduction to User Interface Design,Describes the characteristics of interaction between humans and computers and demonstrates techniques for the design and evaluation of user interfaces and computational systems.,3,Undergraduate,https://catalog.gatech.edu/coursesaz/cs/,"Human-Computer Interaction (HCI), UI/UX Design, User Interface Design, Interaction Design, Usability Testing, Prototyping, Heuristic Evaluation, User-Centered Design, Evaluation Techniques"
Georgia Institute of Technology,gatech.edu,Computer Science,CS 3790,Introduction to Cognitive Science,"Multidisciplinary perspectives on cognitive science. Interdisciplinary approaches to issues in cognition, including memory, language, problem solving, learning, perception, and action. Crosslisted with PST, PSYC, and ISYE 3790 .",3,Undergraduate,https://catalog.gatech.edu/coursesaz/cs/,"Cognitive Science, Memory Modeling, Computational Linguistics, Problem Solving Algorithms, Machine Learning, Perception Modeling, Human-Computer Interaction, Systems Engineering, Industrial Engineering, Behavioral Psychology, Cognitive Modeling"
Georgia Institute of Technology,gatech.edu,Computer Science,CS 4001,"Computing, Society, and Professionalism","Examines the role and impact of information and communication technology in society, with emphasis on ethical, professional, and public policy issues. Credit not allowed for both CS 4001 and 4002 .",3,Undergraduate,https://catalog.gatech.edu/coursesaz/cs/,"Tech Ethics, Professional Ethics, Technology Policy, Societal Impact of Technology"
Georgia Institute of Technology,gatech.edu,Computer Science,CS 4002,Robots and Society,"Examines the role and impact of robotics, distributed sensing and actuation, ubiquitous computing and related technology in society, emphasizing ethical, professional and public policy issues. Credit not allowed for both CS 4001 and 4002 .",3,Undergraduate,https://catalog.gatech.edu/coursesaz/cs/,"Robotics, Distributed Sensing, Actuation, Ubiquitous Computing, Tech Ethics, Professional Ethics, Public Policy Analysis"
Georgia Institute of Technology,gatech.edu,Computer Science,CS 4003,"AI, Ethics, and Society",This course covers various Artificial Intelligence and bias mitigation techniques that can be used to counterbalance the potential misuse and abuse of learning from data.,3,Undergraduate,https://catalog.gatech.edu/coursesaz/cs/,"Artificial Intelligence, Bias Mitigation, Machine Learning, Tech Ethics"
Georgia Institute of Technology,gatech.edu,Computer Science,CS 4010,Introduction to Computer Law,"Provides an introduction to copyrights, patents, trade secrets, trademarks, and commercial law pertaining to computer software and hardware.",3,Undergraduate,https://catalog.gatech.edu/coursesaz/cs/,"Intellectual Property (IP), Patent Law, Copyright Law, Trademark Law, Trade Secret Law"
Georgia Institute of Technology,gatech.edu,Computer Science,CS 4052,Systems Analysis and Design,An introductory course on the development life cycle of business information systems.  It covers analysis and design tools and methodology.  Credit not allowed for both CS 4052 and MGT 4045 .,3,Undergraduate,https://catalog.gatech.edu/coursesaz/cs/,"Systems Analysis, Systems Design, Software Development Life Cycle (SDLC), Business Information Systems, Requirements Analysis, Methodology Design"
Georgia Institute of Technology,gatech.edu,Computer Science,CS 4057,Business Process Analysis and Design,Business processes are the mechanisms by which work is organized and performed. This course covers the analysis of business technology. Credit will not be awarded for both CS 4057 and MGT 4057 .,3,Undergraduate,https://catalog.gatech.edu/coursesaz/cs/,"Business Process Analysis, Business Technology Analysis"
Georgia Institute of Technology,gatech.edu,Computer Science,CS 4117,Introduction to Malware Reverse Engineering,"This course exposes students to an immersive, hands-on experience in the dissection and analysis of the code, structure, and functionality of malicious software.",4,Undergraduate,https://catalog.gatech.edu/coursesaz/cs/,"Malware analysis, Reverse engineering, Static analysis, Dynamic analysis, Disassembly, Debugging, Assembly language, Binary analysis, YARA rules, Sandboxing, Threat intelligence, Code dissection, Malicious software analysis"
Georgia Institute of Technology,gatech.edu,Computer Science,CS 4210,Advanced Operating Systems,"Operating system abstractions and their implementations, multi-threading, efficient inter-address communication, high-level synchronization, introduction to multi-processor and distributed operating systems, real-time systems. Credit is not awarded for both CS 4210 and CS 6210 .",3,Undergraduate,https://catalog.gatech.edu/coursesaz/cs/,"Operating system abstractions, Multi-threading, Inter-address communication, High-level synchronization, Multi-processor operating systems, Distributed operating systems, Real-time systems"
Georgia Institute of Technology,gatech.edu,Computer Science,CS 4220,Programming Embedded Systems,"Design principles, programming techniques, and case studies of embedded real-time systems.  Interface techniques and devices.  Representations and reasoning about physical processes.Credit not awarded for both CS 4220 and CS 6235 .",3,Undergraduate,https://catalog.gatech.edu/coursesaz/cs/,"Embedded Real-Time Systems Design, Real-Time Systems Programming, Interface Techniques, Device Interfacing, Physical Process Representation, Physical Process Reasoning"
Georgia Institute of Technology,gatech.edu,Computer Science,CS 4233,Parallel Computer Architecture,"The objective of this course is to develop an in-depth understanding of the design, implementation, and evaluation of modern parallel computers.  Credit not allowed for both CS 4233 and CS 7110 .",3,Undergraduate,https://catalog.gatech.edu/coursesaz/cs/,"Parallel Computing, Computer Architecture, Parallel Algorithms, Distributed Systems, High-Performance Computing, System Design, Performance Evaluation"
Georgia Institute of Technology,gatech.edu,Computer Science,CS 4235,Introduction to Information Security,"Terms/concepts, threats, controls; problem definition; comprehensive information security model; security for operating systems, databases, network/distributed systems; administering security; legal/ethical/policy issues.  Credit not allowed for both CS 4235 and CS 6035 .",3,Undergraduate,https://catalog.gatech.edu/coursesaz/cs/,"Information Security, Threat Analysis, Security Controls, Information Security Models, Operating System Security, Database Security, Network Security, Distributed Systems Security, Security Administration, Tech Ethics, Information Security Policy, Legal Issues in Computing"
Georgia Institute of Technology,gatech.edu,Computer Science,CS 4237,Computer and Network Security,"Fundamental concepts and principles of computer security, operating system and database security, secret key and public key cryptographic algorithms, hash functions, authentication, firewalls and intrusion detection systems, IPSec ad VPN, and wireless security.",3,Undergraduate,https://catalog.gatech.edu/coursesaz/cs/,"Computer Security, Operating System Security, Database Security, Secret Key Cryptography, Public Key Cryptography, Hash Functions, Authentication, Firewalls, Intrusion Detection Systems, IPSec, VPN, Wireless Security"
Georgia Institute of Technology,gatech.edu,Computer Science,CS 4238,Computer Systems Security,"Trusted computing base, hardware support for protection and virtualization, authentication, access control and authorization, discretionary and mandatory security policies, secure kernel design, and secure databases. Students cannot receive credit for CS 4238 and CS 6238 .",3,Undergraduate,https://catalog.gatech.edu/coursesaz/cs/,"Trusted computing base, hardware support for protection, hardware support for virtualization, authentication, access control, authorization, discretionary security policies, mandatory security policies, secure kernel design, secure databases"
Georgia Institute of Technology,gatech.edu,Computer Science,CS 4239,Enterprise Cybersecurity Management,"The duties and concerns of an enterprise Chief Information Security Officer including strategy, cybersecurity operations, risk management, and governance.",3,Undergraduate,https://catalog.gatech.edu/coursesaz/cs/,"Strategy, Cybersecurity Operations, Risk Management, Governance"
Georgia Institute of Technology,gatech.edu,Computer Science,CS 4240,"Compilers, Interpreters, and Program Analyzers","Study of techniques for the design and implementation of compilers, interpreters, and program analyzers, with consideration of the particular characteristics of widely used programming languages.",3,Undergraduate,https://catalog.gatech.edu/coursesaz/cs/,"Compiler design, Interpreter design, Program analysis, Lexical analysis, Parsing, Syntax analysis, Semantic analysis, Code generation, Compiler optimization, Abstract syntax trees, Intermediate representation, Grammar formalism, Automata theory, Language semantics, Type systems, Static analysis, Dynamic analysis, Data flow analysis, Control flow analysis, LLVM, GCC, ANTLR, Yacc, Bison, Lex, Flex, LL parsing, LR parsing, Register allocation, Just-in-time compilation, Bytecode, Virtual machines, Language design"
Georgia Institute of Technology,gatech.edu,Computer Science,CS 4243,Cyber Warfare,This course provides students with a framework for understanding cyber warfare from a technological and political standpoint.,3,Undergraduate,https://catalog.gatech.edu/coursesaz/cs/,"Cybersecurity, Cyber Warfare, Political Science, Threat Analysis, Network Security, Information Warfare"
Georgia Institute of Technology,gatech.edu,Computer Science,CS 4245,Introduction to Data Mining and Analysis,"Computational techniques for analysis of large, complex datasets, covering fundamental aspects as well as modern data mining and analysis techniques. Cross-listed with ISYE 4245.",3,Undergraduate,https://catalog.gatech.edu/coursesaz/cs/,"Data Mining, Data Analysis, Big Data Analysis, Computational Analysis"
Georgia Institute of Technology,gatech.edu,Computer Science,CS 4251,Computer Networking II,"Principles of computer networks, including medium access, ARQ protocols, routing, congestion avoidance, and control. Emphasis on design options and tradeoffs. Includes significant network application programming.",3,Undergraduate,https://catalog.gatech.edu/coursesaz/cs/,"Computer Networks, Medium Access Control, ARQ Protocols, Routing Algorithms, Congestion Avoidance, Congestion Control, Network Design Tradeoffs, Network Application Programming, Socket Programming"
Georgia Institute of Technology,gatech.edu,Computer Science,CS 4255,Introduction to Network Management,Introduction to SNMP-based network management.  Practical application to network and system management including hands-on lab practice.,3,Undergraduate,https://catalog.gatech.edu/coursesaz/cs/,"SNMP, Network Management, System Management, Hands-on Lab Practice"
Georgia Institute of Technology,gatech.edu,Computer Science,CS 4260,Telecommunications Systems,Study of telecommunication systems emphasizing functional roles of the various portions of the system and how various functional components support and interact with one another.,3,Undergraduate,https://catalog.gatech.edu/coursesaz/cs/,"Telecommunication Systems, System Architecture, Component Interaction, Functional Analysis"
Georgia Institute of Technology,gatech.edu,Computer Science,CS 4262,Network Security,"Fundamental concepts of network information security, including applied cryptography, secure access methods, and vulnerabilities in network protocols and network applications. Students cannot receive credit for CS 4262 and CS 6262 .",3,Undergraduate,https://catalog.gatech.edu/coursesaz/cs/,"Network Security, Applied Cryptography, Secure Access Methods, Network Protocols, Network Application Security, Vulnerability Analysis"
Georgia Institute of Technology,gatech.edu,Computer Science,CS 4263,Psychology of Cybersecurity,This course will explore psychological processes relevant to cybersecurity. Students will gain an appreciation for psychological influence factors inherent in the current cyberspace environment.,3,Undergraduate,https://catalog.gatech.edu/coursesaz/cs/,"Cybersecurity, Social Engineering, Human Factors in Cybersecurity, Cyberpsychology"
Georgia Institute of Technology,gatech.edu,Computer Science,CS 4265,Technical Introduction to Blockchain and Cryptocurrencies,"Undergraduate Introduction to Blockchain and cryptocurrencies, building on formal crypto and distributed systems.  Cover fundamental and practical aspects.  Includes programming projects and a report.",3,Undergraduate,https://catalog.gatech.edu/coursesaz/cs/,"Blockchain, Cryptocurrencies, Cryptography, Distributed systems, Technical writing"
Georgia Institute of Technology,gatech.edu,Computer Science,CS 4270,Data Communications Laboratory,"Detailed study of the principles of data transmission systems and their performance, reinforced by laboratory exercises.",3,Undergraduate,https://catalog.gatech.edu/coursesaz/cs/,"Data Transmission, Signal Processing, Modulation Techniques, Error Control Coding, Network Performance Analysis, Queuing Theory"
Georgia Institute of Technology,gatech.edu,Computer Science,CS 4290,Advanced Computer Organization,"Topics concerning the hardware design of computer systems. Advanced techniques in high-performance pipelined central processing units. Memory and I/O systems. Parallel processors including shared-memory multiprocessors and cluster computers.  Credit is not allowed for both CS 4290 and any of the following courses: CS 6290 , ECE 4100 , ECE 6100 .",3,Undergraduate,https://catalog.gatech.edu/coursesaz/cs/,"Hardware Design, Computer Architecture, Pipelined Central Processing Units, Memory Systems, I/O Systems, Parallel Processing, Shared-Memory Multiprocessors, Cluster Computing"
Georgia Institute of Technology,gatech.edu,Computer Science,CS 4320,Introduction to Software Processes,The course will provide students with an overall context in which software systems are developed from the viewpoint of processes that support development.  Software engineering is described as the set of activities developers engage in to create high-quality products within schedule and budget constraints.,3,Undergraduate,https://catalog.gatech.edu/coursesaz/cs/,"Software Engineering, Software Development Processes, Software Quality Assurance, Software Project Management, Software Development Life Cycle (SDLC)"
Georgia Institute of Technology,gatech.edu,Computer Science,CS 4330,Software Engineering Applications,"Software engineering methods specific to classes of applications or systems, including information systems and embedded, real-time systems.",3,Undergraduate,https://catalog.gatech.edu/coursesaz/cs/,"Software Engineering, Information Systems, Embedded Systems, Real-Time Systems"
Georgia Institute of Technology,gatech.edu,Computer Science,CS 4342,"Software Generation, Testing, and Maintenance","Methods and principles for program generation, testing, and managing the evolution of software systems.",3,Undergraduate,https://catalog.gatech.edu/coursesaz/cs/,"Program Generation, Software Testing, Software Maintenance, Version Control, Continuous Integration, Refactoring, Software Configuration Management, Software Evolution Management"
Georgia Institute of Technology,gatech.edu,Computer Science,CS 4392,Programming Languages,"Fundamentals of programming language design and theory. Topics include formal semantics and type systems for imperative, functional, and parallel languages; lambda calculus and its variants; the Curry-Howard Correspondence; techniques for proving language properties and verifying program specifications.",3,Undergraduate,https://catalog.gatech.edu/coursesaz/cs/,"formal semantics, type systems, imperative languages, functional languages, parallel languages, lambda calculus, Curry-Howard Correspondence, proving language properties, verifying program specifications"
Georgia Institute of Technology,gatech.edu,Computer Science,CS 4400,Introduction to Database Systems,"Comprehensive coverage of mainstream database concepts such as the entity-relationship model, relational databases, query languages, and database design methodology. Includes a project.  Credit not allowed for both CS 4400 and CS 6402 .",3,Undergraduate,https://catalog.gatech.edu/coursesaz/cs/,"Entity-Relationship Modeling, Relational Databases, Query Languages, Database Design Methodology"
Georgia Institute of Technology,gatech.edu,Computer Science,CS 4420,Database System Implementation,"Study of fundamental software components/algorithms of a database system, including the file manager, query engine, lock manager, and recovery manager.  Includes a project component.  Credit not allowed for both CS 4420 and CS 6422 .",3,Undergraduate,https://catalog.gatech.edu/coursesaz/cs/,"Databases, Database Systems, Algorithms, File Management, Query Engines, Query Processing, Concurrency Control, Lock Management, Database Recovery, Transaction Management"
Georgia Institute of Technology,gatech.edu,Computer Science,CS 4423,Advanced Database System Implementation,"Study of advanced topics in implementing a database system, including the query optimizer, concurrency control and recovery protocols. Includes a project component.",3,Undergraduate,https://catalog.gatech.edu/coursesaz/cs/,"Query Optimizer, Concurrency Control, Recovery Protocols, Database System Implementation"
Georgia Institute of Technology,gatech.edu,Computer Science,CS 4432,Information Systems Design,"The analysis, design, and implementation of information systems.  Topics include requirements analysis, design representations, implementation techniques, and evaluation of systems.",3,Undergraduate,https://catalog.gatech.edu/coursesaz/cs/,"Requirements Analysis, System Design, Implementation Techniques, System Evaluation"
Georgia Institute of Technology,gatech.edu,Computer Science,CS 4440,Emerging Database Technologies and Applications,"The course will cover current developments including distributed, object-oriented, temporal-spatial, Web-based, mobile, and active database technologies, and data warehousing and mining applications.",3,Undergraduate,https://catalog.gatech.edu/coursesaz/cs/,"Distributed Systems, Object-Oriented Programming, Temporal-Spatial Databases, Web Development, Mobile Development, Active Databases, Data Warehousing, Data Mining"
Georgia Institute of Technology,gatech.edu,Computer Science,CS 4452,Human-Centered Computing Concepts,Introduction to programming and human-centered principles of computing based on a communications and media computation context. Introduces user interface programming. Credit not awarded for both CS 4452 and CS 1315 .,3,Undergraduate,https://catalog.gatech.edu/coursesaz/cs/,"Human-Computer Interaction (HCI), Media Computation, User Interface Programming"
Georgia Institute of Technology,gatech.edu,Computer Science,CS 4455,Video Game Design and Programming,"Techniques for electronic game design and programming, including graphics game engines, motion generation, behavioral control for autonomous characters, interaction structure, social and interface issues of multi-user play, and the business aspects of game development.  Credit not allowed for both CS 4455 and CS 6457 .",3,Undergraduate,https://catalog.gatech.edu/coursesaz/cs/,"Game Design, Game Programming, Graphics Game Engines, Motion Generation, Behavioral Control, Autonomous Characters, Interaction Design, Multi-user Systems, Human-Computer Interaction, Game Development, Business Strategy"
Georgia Institute of Technology,gatech.edu,Computer Science,CS 4460,Introduction to Information Visualization,"Introduction to principles and techniques of information visualization, the presentation of primarily abstract data to help people understand, analyze and make sense of data. Students cannot receive credit for both CS 4460 and CS 6730 .",3,Undergraduate,https://catalog.gatech.edu/coursesaz/cs/,"Information Visualization, Data Visualization, Data Analysis, Visual Analytics"
Georgia Institute of Technology,gatech.edu,Computer Science,CS 4460R,CS 4460 Recitation,This recitation supports the information visualization ( CS 4460 ) course. Sessions will focus on introducing students to technical work with visualization programming languages and grammars important to the course.,0,Undergraduate,https://catalog.gatech.edu/coursesaz/cs/,"D3.js, Processing, Vega-Lite, ggplot2"
Georgia Institute of Technology,gatech.edu,Computer Science,CS 4472,Design of Online Communities,Introduction to the design of online communities.  Students study an existing community in depth.  Credit not allowed for both CS 4472 and CS 6470 .,3,Undergraduate,https://catalog.gatech.edu/coursesaz/cs/,"UI/UX Design, Human-Computer Interaction (HCI), Product Management, Research Methods"
Georgia Institute of Technology,gatech.edu,Computer Science,CS 4475,Computational Photography,"An introductory course on the scientific, technical, perceptual, and aesthetic principles of pictures. Emphasis is on the techniques of image formation, analysis, merging, modification and their use for depiction of reality on a 2D medium of photographs.",3,Undergraduate,https://catalog.gatech.edu/coursesaz/cs/,"Image Processing, Computer Vision, Image Analysis, Digital Image Formation, Computational Photography, Aesthetic Principles, Visual Perception, 2D Rendering, Image Modification, Image Merging"
Georgia Institute of Technology,gatech.edu,Computer Science,CS 4476,Introduction to Computer Vision,"Introduction to computer vision including fundamentals of image formation, camera imaging geometry, feature detection and matching, stereo, motion estimation and tracking, image classification and scene understanding. Credit will not be awarded for both CS 4476 and CS 4495 or CS 6476 .",3,Undergraduate,https://catalog.gatech.edu/coursesaz/cs/,"Computer Vision, Image Formation, Camera Imaging Geometry, Feature Detection, Feature Matching, Stereo Vision, Motion Estimation, Object Tracking, Image Classification, Scene Understanding"
Georgia Institute of Technology,gatech.edu,Computer Science,CS 4480,Digital Video Special Effects,A study of digital multimedia and the analysis and synthesis of digital video.  Special attention paid to techniques for generating video special effects.,3,Undergraduate,https://catalog.gatech.edu/coursesaz/cs/,"digital video analysis, digital video synthesis, video special effects generation"
Georgia Institute of Technology,gatech.edu,Computer Science,CS 4488,Procedural Content Generation,"Students will learn algorithmic techniques for creating geometric models and images that can be used for games, feature films or virtual reality.",3,Undergraduate,https://catalog.gatech.edu/coursesaz/cs/,"Algorithmic Techniques, Geometric Modeling, Image Creation, Computer Graphics, 3D Modeling, Rendering, Game Development, Virtual Reality, Feature Film Production"
Georgia Institute of Technology,gatech.edu,Computer Science,CS 4495,Computer Vision,An introduction to computer vision and machine perception. An intensive study of the process of generating a symbolic description of the scene by interpretation of images(s).,3,Undergraduate,https://catalog.gatech.edu/coursesaz/cs/,"Computer Vision, Machine Perception, Image Interpretation, Symbolic Description Generation, Image Processing, Pattern Recognition, Feature Extraction, Object Recognition, Scene Understanding"
Georgia Institute of Technology,gatech.edu,Computer Science,CS 4496,Computer Animation,"Motion techniques for computer animation and interactive games (keyframing, procedural methods, motion capture, and simulation) and principles for storytelling, composition, lighting, and interactivity.",3,Undergraduate,https://catalog.gatech.edu/coursesaz/cs/,"keyframing, procedural methods, motion capture, simulation, storytelling, composition, lighting, interactivity"
Georgia Institute of Technology,gatech.edu,Computer Science,CS 4497,Computational Aesthetics,"Aesthetics plays a key role in society and economy.  Students will invent and test beautification algorithms for colors, music, and animations and more.",3,Undergraduate,https://catalog.gatech.edu/coursesaz/cs/,"Algorithms, Color Theory, Music Information Retrieval, Computer Animation, Computational Aesthetics, Signal Processing, Data Analysis, Human-Computer Interaction"
Georgia Institute of Technology,gatech.edu,Computer Science,CS 4510,Automata and Complexity Theory,"Computational machine models and their language classes. Undecidability. Resource-bounded computations. Central complexity-theoretic concepts such as complexity classes, reducibility and completeness.",3,Undergraduate,https://catalog.gatech.edu/coursesaz/cs/,"Automata Theory, Formal Languages, Turing Machines, Computability Theory, Undecidability, Computational Complexity Theory, Complexity Classes, Reducibility, Completeness"
Georgia Institute of Technology,gatech.edu,Computer Science,CS 4520,Approximation Algorithms,"Approximation algorithms for NP-hard optimization problems, design and analysis techniques for such algorithms.  Credit not allowed for both CS 4520 and CS 7520 .",3,Undergraduate,https://catalog.gatech.edu/coursesaz/cs/,"Approximation algorithms, NP-hard optimization, Algorithm design, Algorithm analysis"
Georgia Institute of Technology,gatech.edu,Computer Science,CS 4530,Randomized Algorithms,"Efficient randomized algorithms with improved performance over deterministic algorithms, or for NP-hard optimization problems, design and analysis techniques for such algorithms.  Credit not allowed for both CS 4530 and CS 7530 .",3,Undergraduate,https://catalog.gatech.edu/coursesaz/cs/,"Randomized Algorithms, Deterministic Algorithms, NP-Hard Optimization, Algorithm Design, Algorithm Analysis, Optimization Techniques"
Georgia Institute of Technology,gatech.edu,Computer Science,CS 4540,Advanced Algorithms,"Advanced techniques for designing and analyzing efficient algorithms for combinatorial, algebraic, and number theoretic problems.  Credit not allowed for both CS 4540 and CS 6505 or CS 4540 and CS 6515 .",3,Undergraduate,https://catalog.gatech.edu/coursesaz/cs/,"Algorithm Design, Algorithm Analysis, Combinatorial Algorithms, Algebraic Algorithms, Number Theoretic Algorithms, Efficient Algorithms"
Georgia Institute of Technology,gatech.edu,Computer Science,CS 4550,Scientific Data Processing and Visualization,"Foundations and algorithms underlying the development and application of tools for the efficient transmission, analysis, filtering, and visualization of large scientific data sets.",3,Undergraduate,https://catalog.gatech.edu/coursesaz/cs/,"Algorithms, Data Transmission, Data Analysis, Filtering, Data Visualization"
Georgia Institute of Technology,gatech.edu,Computer Science,CS 4560,Verification of Systems,"Technique for verifying, validating and testing software and hardware systems. Topics covered will include modeling, abstraction methods, evaluation and certification, and computer-aided verification methods.",3,Undergraduate,https://catalog.gatech.edu/coursesaz/cs/,"Software Verification, Software Validation, Software Testing, Hardware Verification, Hardware Validation, Hardware Testing, Modeling, Abstraction Methods, Computer-Aided Verification"
Georgia Institute of Technology,gatech.edu,Computer Science,CS 4590,Principles and Applications of Computer Audio,"A well-rounded exploration of digital audio and its importance in current research and applications. Exposes students to the principles, technology, and current research of computer audio.",3,Undergraduate,https://catalog.gatech.edu/coursesaz/cs/,"Digital Audio, Computer Audio, Research Methods, Signal Processing"
Georgia Institute of Technology,gatech.edu,Computer Science,CS 4605,Mobile and Ubiquitous Computing,Investigates the infrastructure required to develop mobile and ubiquitous computing applications and establishes major research themes and experimental practices.Credit not awarded for both CS 4605 and CS 7470 .,3,Undergraduate,https://catalog.gatech.edu/coursesaz/cs/,"Mobile computing, Ubiquitous computing, Infrastructure design, Experimental practices, Research methodology"
Georgia Institute of Technology,gatech.edu,Computer Science,CS 4611,Artificial Intelligence Problem Solving,"Basic concepts and methods of AI problem solving, knowledge representation, reasoning, and learning.",3,Undergraduate,https://catalog.gatech.edu/coursesaz/cs/,"AI problem solving, Knowledge representation, Reasoning, Machine learning"
Georgia Institute of Technology,gatech.edu,Computer Science,CS 4613,Knowledge Systems Engineering,Techniques for constructing large knowledge-based systems. Advanced symbolic AI techniques. Constraint systems.,3,Undergraduate,https://catalog.gatech.edu/coursesaz/cs/,"Knowledge-based systems, Symbolic AI, Constraint systems"
Georgia Institute of Technology,gatech.edu,Computer Science,CS 4615,Knowledge-Based Modeling and Design,"Information-processing theories of modeling and design; topics include design decision-making, problem-solving and learning, and knowledge-based modeling and design.",3,Undergraduate,https://catalog.gatech.edu/coursesaz/cs/,"Design decision-making, Problem-solving, Learning, Knowledge-based modeling"
Georgia Institute of Technology,gatech.edu,Computer Science,CS 4616,Pattern Recognition,"An introductory course on pattern classification and decision problems with applications to character recognition, image analysis, and speech recognition.",3,Undergraduate,https://catalog.gatech.edu/coursesaz/cs/,"Pattern Classification, Decision Theory, Character Recognition, Image Analysis, Speech Recognition, Machine Learning, Statistical Modeling, Algorithms"
Georgia Institute of Technology,gatech.edu,Computer Science,CS 4622,Case-Based Reasoning,"Based on human problem-solving, CBR has had many successes in industry and research.  Topics include case representation, indexing and retrieval, similarity assessment, adaptation, learning.  Credit not allowed for both CS 4622 and CS 7620 .",3,Undergraduate,https://catalog.gatech.edu/coursesaz/cs/,"Case-Based Reasoning, Case Representation, Indexing and Retrieval, Similarity Assessment, Machine Learning, Knowledge Representation, Information Retrieval"
Georgia Institute of Technology,gatech.edu,Computer Science,CS 4625,Intelligent and Interactive Systems,Explores how human-computer interaction and machine learning can interact to create personalized information environments. Emphasis on current research efforts from both fields.,3,Undergraduate,https://catalog.gatech.edu/coursesaz/cs/,"Human-Computer Interaction, Machine Learning, Research Methods"
Georgia Institute of Technology,gatech.edu,Computer Science,CS 4632,Advanced Intelligent Robotics,Hands-on course in which students program autonomous mobile robots and solve complex tasks for robot teams.,3,Undergraduate,https://catalog.gatech.edu/coursesaz/cs/,"Embedded Systems, Sensor Integration, Control Algorithms, Multi-robot Coordination"
Georgia Institute of Technology,gatech.edu,Computer Science,CS 4635,Knowledge-Based Artificial Intelligence,"Structured knowledge representation; knowledge-based methods of reasoning and learning; problem-solving, modeling and design.",3,Undergraduate,https://catalog.gatech.edu/coursesaz/cs/,"Structured Knowledge Representation, Knowledge-Based Reasoning, Knowledge-Based Learning, Problem Solving, Modeling, Design"
Georgia Institute of Technology,gatech.edu,Computer Science,CS 4641,Machine Learning,"Machine learning techniques and applications. Topics include foundational issues; inductive, analytical, numerical, and theoretical approaches; and real-world applications. Credit not awarded for both CS 4641 and CS 7641 / CSE 6740 / ISYE 6740 / ECE 4252 .",3,Undergraduate,https://catalog.gatech.edu/coursesaz/cs/,"Machine Learning, Inductive Learning, Analytical Methods, Numerical Methods, Theoretical Approaches, Real-World Applications"
Georgia Institute of Technology,gatech.edu,Computer Science,CS 4644,Deep Learning,"This course will cover the fundamental underpinnings and practice of deep learning, including neural network architectures, optimization algorithms, and applications to perception and Artificial Intelligence.",3,Undergraduate,https://catalog.gatech.edu/coursesaz/cs/,"Deep Learning, Neural Network Architectures, Optimization Algorithms, Perception, Artificial Intelligence"
Georgia Institute of Technology,gatech.edu,Computer Science,CS 4646,Machine Learning for Trading,This course introduces students to the real world challenges of implementing machine learning based strategies including the algorithmic steps from information gathering to market orders.Credit not awarded for both CS 4646 and CS 7646 .,3,Undergraduate,https://catalog.gatech.edu/coursesaz/cs/,"Machine Learning, Algorithms, Algorithmic Trading, Data Collection, Financial Modeling"
Georgia Institute of Technology,gatech.edu,Computer Science,CS 4649,Robot Intelli Planning,"We investigate algorithms for robots and complex systems that make intelligent decisions.  Emphasis on the theoretical and empirical properties of classical, geometric, stochastic/dynamic planning.",3,Undergraduate,https://catalog.gatech.edu/coursesaz/cs/,"Algorithms, Robotics, Complex Systems, Intelligent Decision Making, Classical Planning, Geometric Planning, Stochastic Planning, Dynamic Planning, Theoretical Analysis, Empirical Analysis"
Georgia Institute of Technology,gatech.edu,Computer Science,CS 4650,Natural Language Understanding,"Methodologies for designing systems that comprehend natural language. Topics include lexical analysis, parsing, interpretation of sentences, semantic representation, organization of knowledge, and inference mechanisms.  Credit not allowed for both CS 4650 and CS 7650 .",3,Undergraduate,https://catalog.gatech.edu/coursesaz/cs/,"Lexical Analysis, Parsing, Sentence Interpretation, Semantic Representation, Knowledge Organization, Inference Mechanisms"
Georgia Institute of Technology,gatech.edu,Computer Science,CS 4670,Computer-Supported Collaborative Learning,"Research and practice in computer-supported collaborative learning. Review of existing systems and research, as well as evaluation and design methods.",3,Undergraduate,https://catalog.gatech.edu/coursesaz/cs/,"Computer-Supported Collaborative Learning (CSCL), Human-Computer Interaction (HCI), Research Methods, Systems Evaluation, User Interface Design, Instructional Design, Educational Technology, Collaborative Systems Design"
Georgia Institute of Technology,gatech.edu,Computer Science,CS 4675,"Internet Computing Systems, Services and Applications","Focusing on fundamental issues, concepts, techniques, and technical challenges that are critical for designing and developing Internet systems, services and applications.  Credit not allowed for both CS 4675 and CS 6675 .",3,Undergraduate,https://catalog.gatech.edu/coursesaz/cs/,"Internet Systems Design, Distributed Systems, Service-Oriented Architecture (SOA), Web Application Development, Network Architecture, System Design"
Georgia Institute of Technology,gatech.edu,Computer Science,CS 4685,Pervasive Systems and Networking,In-depth study of systems and wireless networking issues in enabling pervasive computing environments and applications using a hand-on approach.,3,Undergraduate,https://catalog.gatech.edu/coursesaz/cs/,"wireless networking, pervasive computing"
Georgia Institute of Technology,gatech.edu,Computer Science,CS 4690,Empirical Methods for User Interface Design and Evaluation,Introduction to empirical methods for gathering requirements and evaluating the end-user and usability of software systems.,3,Undergraduate,https://catalog.gatech.edu/coursesaz/cs/,"Empirical Methods, Requirements Gathering, End-User Evaluation, Usability Evaluation, User Research, Usability Testing, Human-Computer Interaction (HCI), User-Centered Design, Qualitative Research, Quantitative Research, Surveys, Interviews, Observational Studies, Heuristic Evaluation, A/B Testing, Usability Metrics"
Georgia Institute of Technology,gatech.edu,Computer Science,CS 4699,Undergraduate Research.  1-12 Credit Hours,Independent research conducted under the guidance of a faculty member.,12,Undergraduate,https://catalog.gatech.edu/coursesaz/cs/,Research Methods
Georgia Institute of Technology,gatech.edu,Computer Science,CS 4710,Introduction to Computing Concepts for Bioinformatics,Introduction to programming concepts and computing tools such as formal models and algorithms with applications from conceptual biology.  May not be used by computer science majors for degree credit.,4,Undergraduate,https://catalog.gatech.edu/coursesaz/cs/,"Programming, Formal Models, Algorithms, Computational Biology"
Georgia Institute of Technology,gatech.edu,Computer Science,CS 4723,Inter Capstone Design,"Entrepreneurial Junior Design. Teams comprised of CS, ECE, and ME students will design and build prototypes of their invention ideas and explore market fit.",3,Undergraduate,https://catalog.gatech.edu/coursesaz/cs/,"Prototyping, Product Design, Market Research, Product-Market Fit, Entrepreneurship, Innovation, Cross-functional Teamwork"
Georgia Institute of Technology,gatech.edu,Computer Science,CS 4725,Information Security Strategies and Policies,"Information security vulnerabilities and risks; legal, cost, privacy, and technology constraints; derivation of strategies; technical and procedural means of achieving desired results. Credit will not be awarded for both CS 4725 and CS 6725 or MGT 4725 or MGT 6725 or PUBP 4725 .",3,Undergraduate,https://catalog.gatech.edu/coursesaz/cs/,"Vulnerability Assessment, Risk Analysis, Threat Modeling, Privacy Law, Compliance Management, Cost-Benefit Analysis, Security Strategy Development, Incident Response Planning, Security Controls Implementation, Procedural Safeguards, Security Policy Development"
Georgia Institute of Technology,gatech.edu,Computer Science,CS 4731,Game AI,"Examines the expressive possibilities of artificial intelligence techniques in computer games. Students learn AI programming techniques, and how they strongly interface with game design.",3,Undergraduate,https://catalog.gatech.edu/coursesaz/cs/,"Artificial Intelligence, AI Programming, Game Design"
Georgia Institute of Technology,gatech.edu,Computer Science,CS 4745,Information and Communication Technologies and Global Development,"Focus on technology design, adoption, and use as seen through the lens of global development.",3,Undergraduate,https://catalog.gatech.edu/coursesaz/cs/,"Human-Computer Interaction (HCI), UI/UX Design, Information and Communication Technologies for Development (ICT4D), User Research"
Georgia Institute of Technology,gatech.edu,Computer Science,CS 4770,Mixed Reality Experience Design,"Focuses on informal design, integration of  media theory, HCI and technology issues. Significant group design projects. Credit not awarded for both CS 4770 and LMC 4733 /6340/ CS 6770 .",3,Undergraduate,https://catalog.gatech.edu/coursesaz/cs/,"Human-Computer Interaction (HCI), UI/UX Design"
Georgia Institute of Technology,gatech.edu,Computer Science,CS 4792,Design Project in Cognitive Science,"Individual project with a cognitive science faculty member, designed as a supplement to the student's senior design project or thesis in their major area.  Crosslisted with PST, PSYC, and ISYE 4792.",3,Undergraduate,https://catalog.gatech.edu/coursesaz/cs/,"Research Methods, Technical Writing, Thesis/Academic Writing, Oral Presentations"
Georgia Institute of Technology,gatech.edu,Computer Science,CS 4795,GPU Programming for Video Games,3-D graphics pipelines. Physically-based rendering. Game engine architectures. GPU architectures. Graphics APIs. Vertex and pixel shader programming. Post-processing effects. Deferred rendering.,3,Undergraduate,https://catalog.gatech.edu/coursesaz/cs/,"3-D Graphics Pipelines, Physically-based Rendering, Game Engine Architecture, GPU Architecture, Graphics APIs, Vertex Shader Programming, Pixel Shader Programming, Post-processing Effects, Deferred Rendering"
Georgia Institute of Technology,gatech.edu,Computer Science,CS 4902,Special Problems.  1-21 Credit Hours,An investigation of significant areas of information and computer science. Guided study and research.,21,Undergraduate,https://catalog.gatech.edu/coursesaz/cs/,"Computer Science, Information Science, Research Methods"
Georgia Institute of Technology,gatech.edu,Computer Science,CS 4903,Special Problems.  1-21 Credit Hours,An investigation of significant areas of information and computer science. Guided study and research.,21,Undergraduate,https://catalog.gatech.edu/coursesaz/cs/,"Research Methods, Computer Science Research, Guided Study, Research"
Georgia Institute of Technology,gatech.edu,Computer Science,CS 4911,Design Capstone Project.  1-21 Credit Hours,Team-based capstone experience allowing students to analyze a problem for a customer and manage the solution development through the full project life cycle.,21,Undergraduate,https://catalog.gatech.edu/coursesaz/cs/,"Problem Analysis, Project Management, Solution Development, Full Project Life Cycle Management, Team Collaboration, Customer Requirements Gathering, Stakeholder Communication, System Design, Implementation, Testing, Deployment, Maintenance"
Georgia Institute of Technology,gatech.edu,Computer Science,CS 4912,Design Capstone Project,Team-based capstone experience allowing students to analyze a problem for a customer and manage the solution development through the full project life cycle.,3,Undergraduate,https://catalog.gatech.edu/coursesaz/cs/,"Team Collaboration, Problem Analysis, Requirements Gathering, Stakeholder Management, Solution Development, Project Life Cycle Management, Software Development Life Cycle (SDLC), Agile Methodology, Scrum, System Design, Technical Documentation, Risk Management, Testing and Validation, Deployment"
Georgia Institute of Technology,gatech.edu,Cybersecurity,ECE 1010,Introduction to ECE Design,"An introduction to basic concepts useful for all areas of Electrical and Computer Engineering. Focus on hands-on, team-based activities using robotics.",2,Undergraduate,https://catalog.gatech.edu/coursesaz/ece/,"Robotics, Electrical Engineering, Computer Engineering"
Georgia Institute of Technology,gatech.edu,Cybersecurity,ECE 1871,Special Topics,Special Topics for Electrical and Computer Engineering.,1,Undergraduate,https://catalog.gatech.edu/coursesaz/ece/,"Electrical Engineering, Computer Engineering"
Georgia Institute of Technology,gatech.edu,Cybersecurity,ECE 2001,ECE Seminar,"Speakers with diverse backgrounds and representing many different industries, professions, and institutions describe their experiences, entrepreneurial ventures, and research challenges.",1,Undergraduate,https://catalog.gatech.edu/coursesaz/ece/,"Entrepreneurship, Research Methods"
Georgia Institute of Technology,gatech.edu,Cybersecurity,ECE 2020,Digital System Design,"Computer system and digital design principles.  Switch and gate design, Boolean algebra, number systems, arithmetic, storage elements.  Datapath, memory organization, instruction set architecture, assembly language.  Credit not allowed for both ECE 2020 and ECE 2030.",3,Undergraduate,https://catalog.gatech.edu/coursesaz/ece/,"Switch design, Gate design, Boolean algebra, Number systems, Arithmetic, Storage elements, Datapath design, Memory organization, Instruction set architecture, Assembly language"
Georgia Institute of Technology,gatech.edu,Cybersecurity,ECE 2026,Introduction to Signal Processing,"Introduction to discrete-time signal processing and linear systems.  Sampling theorem, filtering, frequency response, Discrete Fourier Transform, Z-Transform.  Laboratory emphasizes computer-based signal processing.  Credit not allowed for both ECE 2026 and ECE 2025.",3,Undergraduate,https://catalog.gatech.edu/coursesaz/ece/,"Discrete-time signal processing, Linear systems, Sampling theorem, Filtering, Frequency response, Discrete Fourier Transform, Z-Transform, Computer-based signal processing"
Georgia Institute of Technology,gatech.edu,Cybersecurity,ECE 2031,Digital Design Laboratory,"Design and implementation of digital systems, including a team  design project.  CAD tools, project design methodologies, logic synthesis, and assembly language programming.",2,Undergraduate,https://catalog.gatech.edu/coursesaz/ece/,"Digital Systems Design, CAD Tools, Project Design Methodologies, Logic Synthesis, Assembly Language Programming"
Georgia Institute of Technology,gatech.edu,Cybersecurity,ECE 2035,Programming for Hardware/Software Systems,"Creation of complex execution and storage mechanisms, based on instruction set architecture, for software design including high-level programming languages and operating systems.  Programming design projects.  Credit not allowed for both ECE 2035 and ECE 3035.",4,Undergraduate,https://catalog.gatech.edu/coursesaz/ece/,"Instruction Set Architecture, Computer Architecture, Memory Management, Software Design, Operating Systems, High-Level Programming Languages"
Georgia Institute of Technology,gatech.edu,Cybersecurity,ECE 2036,Engineering Software Design,Object-oriented software methods for engineering applications.  Numerical analysis methods; simulations and graphical presentation of simulation results; analysis of numerical precision.  Programming projects.  Credit not allowed for both ECE 2036 and ECE 3090.,4,Undergraduate,https://catalog.gatech.edu/coursesaz/ece/,"Object-Oriented Programming, Numerical Analysis, Simulation, Data Visualization, Numerical Precision Analysis"
Georgia Institute of Technology,gatech.edu,Cybersecurity,ECE 2040,Circuit Analysis,Basic concepts of DC and AC circuit theory and analysis.,3,Undergraduate,https://catalog.gatech.edu/coursesaz/ece/,"DC circuit theory, AC circuit theory, Circuit analysis"
Georgia Institute of Technology,gatech.edu,Cybersecurity,ECE 2045,Practical Skills and Design,"This course teaches practical skills, such as soldering and prototyping, and introduces students to ECE design.",1,Undergraduate,https://catalog.gatech.edu/coursesaz/ece/,"soldering, prototyping, ECE design"
Georgia Institute of Technology,gatech.edu,Cybersecurity,ECE 2698,Undergraduate Research Assistantship.  1-12 Credit Hours,Independent research conducted under the guidance of a faculty member.,12,Undergraduate,https://catalog.gatech.edu/coursesaz/ece/,Research Methods
Georgia Institute of Technology,gatech.edu,Cybersecurity,ECE 2699,Undergraduate Research.  1-12 Credit Hours,Independent Research conducted under the guidance of a faculty member.,12,Undergraduate,https://catalog.gatech.edu/coursesaz/ece/,"Research Methods, Academic Writing, Technical Writing, Oral Presentations"
Georgia Institute of Technology,gatech.edu,Cybersecurity,ECE 3005,Professional and Technical Communications for ECE,"Written, oral, and visual communication skills required by electrical and computer engineers.  Prepares students for advanced communication tasks required in academic and professional settings.",1,Undergraduate,https://catalog.gatech.edu/coursesaz/ece/,"Written Communication, Oral Communication, Visual Communication, Technical Writing, Oral Presentations, Academic Writing"
Georgia Institute of Technology,gatech.edu,Cybersecurity,ECE 3011,ECE Design Fundamentals,"This course teaches system-level design, including both software and hardware. Through activities and projects, students gain exposure to entrepreneurship, product lifecycle management, prototyping, and testing.",2,Undergraduate,https://catalog.gatech.edu/coursesaz/ece/,"System-Level Design, Software Design, Hardware Design, Entrepreneurship, Product Lifecycle Management, Prototyping, Testing"
Georgia Institute of Technology,gatech.edu,Cybersecurity,ECE 3025,Electromagnetics,To present the laws and applications of electromagnetics.,3,Undergraduate,https://catalog.gatech.edu/coursesaz/ece/,"Electromagnetics, Maxwell's equations, Electromagnetic wave propagation, Antenna design, Transmission line analysis"
Georgia Institute of Technology,gatech.edu,Cybersecurity,ECE 3030,Physical Foundations of Computer Engineering,"Basic principles governing the physical realization of computing systems and their relationship to characteristics such as performance, energy, and robustness.  Implementation technologies.",3,Undergraduate,https://catalog.gatech.edu/coursesaz/ece/,"Computer Architecture, Digital Logic Design, VLSI Design, Semiconductor Physics, Embedded Systems, Circuit Design, Performance Analysis, Energy Efficiency, Robustness Engineering, Fault Tolerance, FPGA Design, ASIC Design, System-on-Chip (SoC) Design, RTL Design, Logic Synthesis, Static Timing Analysis, Power Analysis, Thermal Design, CMOS Technology, Low-power Design, High-performance Computing, Memory Hierarchy Design, Cache Design, Interconnect Design, Network-on-Chip (NoC), Reliability Engineering, Design for Testability (DFT), Place and Route, Clock Gating, Voltage Scaling, DVFS, Package Design, 3D Integration, Silicon Photonics"
Georgia Institute of Technology,gatech.edu,Cybersecurity,ECE 3040,Microelectronic Circuits,"Basic concepts of microelectronic materials, devices, and circuits.",4,Undergraduate,https://catalog.gatech.edu/coursesaz/ece/,"Microelectronics, Semiconductor Materials, Electronic Devices, Circuit Design, Electrical Engineering"
Georgia Institute of Technology,gatech.edu,Cybersecurity,ECE 3043,"Measurements, Circuits, and Microelectronics Laboratory","Basic electronic test instrumentation.  Elementary passive and active circuits using both discrete (diodes, bipolar junction transistors, MOSFETs) and integrated devices (operational amplifiers).  Credit not allowed for both ECE 3043 and ECE 3041.",2,Undergraduate,https://catalog.gatech.edu/coursesaz/ece/,"Electronic Test Instrumentation, Passive Circuit Design, Active Circuit Design, Diode Characteristics, Bipolar Junction Transistor Analysis, MOSFET Operation, Operational Amplifier Applications"
Georgia Institute of Technology,gatech.edu,Cybersecurity,ECE 3058,"Architecture, Systems, Concurrency, and Energy in Computation","Basic organizational principles of the major components of a processor – the core, memory hierarchy, I/O subsystem and basic operating system constructs that utilize them.",4,Undergraduate,https://catalog.gatech.edu/coursesaz/ece/,"Processor Architecture, Core Design, Memory Hierarchy, I/O Subsystem, Operating System Constructs"
Georgia Institute of Technology,gatech.edu,Cybersecurity,ECE 3072,Electrical Energy Systems,"Non-renewable and renewable/sustainable energy sources.  Processes, costs, and environmental impact of conversion into electric energy.  Delivery and control of electric energy, electromechanical systems.  Credit not allowed for both ECE 3072 and ECE 3071.",3,Undergraduate,https://catalog.gatech.edu/coursesaz/ece/,"Electrical Engineering, Power Systems, Energy Conversion, Control Systems, Electromechanical Systems, Renewable Energy Technologies, Non-renewable Energy Sources, Environmental Impact Assessment, Cost Analysis, Power Delivery, Simulation, Optimization"
Georgia Institute of Technology,gatech.edu,Cybersecurity,ECE 3077,Introduction to Probability and Statistics for ECE,"Introduction to probability, random variables, distributions, estimation, confidence intervals, linear regression and other tools for describing and managing uncertainty in electrical and computer engineering.",3,Undergraduate,https://catalog.gatech.edu/coursesaz/ece/,"Probability, Random Variables, Distributions, Estimation, Confidence Intervals, Linear Regression"
Georgia Institute of Technology,gatech.edu,Cybersecurity,ECE 3084,Signals and Systems,"Continuous-time linear systems and signals, their mathematical representations, and computational tools.  Fourier and Laplace transforms, convolutions, input-output responses, stability.",3,Undergraduate,https://catalog.gatech.edu/coursesaz/ece/,"Continuous-time linear systems, Signal processing, Mathematical modeling, Computational tools, Fourier transforms, Laplace transforms, Convolution, Input-output analysis, System stability analysis"
Georgia Institute of Technology,gatech.edu,Cybersecurity,ECE 3150,VLSI and Advanced Digital Design,Advanced digital design issues in the context of VLSI systems. Introduction to a design methodolgy that encompasses the range from architectural models to circuit simulation. Credit not awarded for ECE 3150 and ECE 3060.,4,Undergraduate,https://catalog.gatech.edu/coursesaz/ece/,"Digital Design, VLSI, Architectural Modeling, Circuit Simulation"
Georgia Institute of Technology,gatech.edu,Cybersecurity,ECE 3170,Cryptographic Hardware for Embedded Systems,"Introduction to cryptography and authentication from a hardware-centric perspective.  Historic ciphers, symmetric and asymmetric encryption, and power analysis attacks are taught from a digital and VLSI design perspective.",4,Undergraduate,https://catalog.gatech.edu/coursesaz/ece/,"Cryptography, Authentication, Historic Ciphers, Symmetric Encryption, Asymmetric Encryption, Power Analysis Attacks, Digital Design, VLSI Design"
Georgia Institute of Technology,gatech.edu,Cybersecurity,ECE 3251,Optimization for Information Systems,"An introduction to the fundamentals of optimization with a focus on algorithms and applications in signal processing, control systems, machine learning, and robotics.",3,Undergraduate,https://catalog.gatech.edu/coursesaz/ece/,"Optimization, Algorithms, Signal Processing, Control Systems, Machine Learning, Robotics"
Georgia Institute of Technology,gatech.edu,Cybersecurity,ECE 3300,Electromechanical and Electromagnetic Energy Conversion,"Introduction to three phase power systems, electromechanical energy conversion and operating principles of electric machines.",3,Undergraduate,https://catalog.gatech.edu/coursesaz/ece/,"Three-phase power systems, Electromechanical energy conversion, Electric machine operating principles"
Georgia Institute of Technology,gatech.edu,Cybersecurity,ECE 3400,Analog Electronics,"Analysis and design of electronic circuits and systems.  Biasing, small-signal analysis, frequency response, feedback amplifiers, active filters, non-linear op-amp applications, and oscillators.",3,Undergraduate,https://catalog.gatech.edu/coursesaz/ece/,"Circuit Design, Circuit Analysis, Biasing, Small-signal Analysis, Frequency Response, Feedback Amplifier Design, Active Filter Design, Non-linear Op-amp Applications, Oscillator Design, Signal Processing, Electrical Engineering"
Georgia Institute of Technology,gatech.edu,Cybersecurity,ECE 3450,Semiconductor Devices,"Properties of semiconductor devices.  Applications in current and future computers, fiber optic and wireless communication systems.  Future needs of high frequency, GHz-range, device operation.",3,Undergraduate,https://catalog.gatech.edu/coursesaz/ece/,"Semiconductor Physics, Fiber Optic Communication, Wireless Communication Systems, High-Frequency Circuit Design, GHz-range Device Operation, Electrical Engineering"
Georgia Institute of Technology,gatech.edu,Cybersecurity,ECE 3550,Feedback Control Systems,"Analysis and design of control systems.  Laplace transforms, transfer functions, and stability.  Feedback systems: tracking and disturbance rejection.  Graphical design techniques.",3,Undergraduate,https://catalog.gatech.edu/coursesaz/ece/,"Control Systems, Control System Design, Laplace Transforms, Transfer Functions, Stability Analysis, Feedback Systems, Tracking Control, Disturbance Rejection, Graphical Design Techniques"
Georgia Institute of Technology,gatech.edu,Cybersecurity,ECE 3600,Computer Communications,Basic concepts of computer communication network protocols.,3,Undergraduate,https://catalog.gatech.edu/coursesaz/ece/,Network Protocols
Georgia Institute of Technology,gatech.edu,Cybersecurity,ECE 3710,Circuits and Electronics,An introduction to electric circuit elements and electronic devices and a study of circuits containing such devices.,2,Undergraduate,https://catalog.gatech.edu/coursesaz/ece/,"Circuit Design, Circuit Analysis, Electronic Devices"
Georgia Institute of Technology,gatech.edu,Cybersecurity,ECE 3741,Instrumentation and Electronics Lab,Basic analog and digital electronic circuits and principles. Techniques of electrical and electronic measurements with laboratory instruments.,1,Undergraduate,https://catalog.gatech.edu/coursesaz/ece/,"Analog electronic circuits, Digital electronic circuits, Electrical measurement techniques, Electronic measurement techniques, Laboratory instrument operation"
Georgia Institute of Technology,gatech.edu,Cybersecurity,ECE 3951,Undergraduate Research I.  1-21 Credit Hours,Participation in an individual or group research project under the direction of a faculty member.,21,Undergraduate,https://catalog.gatech.edu/coursesaz/ece/,"Research Methods, Technical Writing, Thesis/Academic Writing, Oral Presentations"
Georgia Institute of Technology,gatech.edu,Cybersecurity,ECE 3952,Undergraduate Research II.  1-21 Credit Hours,Participation in an individual or group research project under the direction of a faculty member. Requires a formal research report.,21,Undergraduate,https://catalog.gatech.edu/coursesaz/ece/,"Research Methods, Technical Writing, Academic Writing, Oral Presentations"
Georgia Institute of Technology,gatech.edu,Cybersecurity,ECE 4011,ECE Culminating Design Project I,"First semester of ECE culminating design sequence.  Design tools, financial principles, project management, probabilistic and statistical techniques, team forming.  Requires formal reports and group presentations.",2,Undergraduate,https://catalog.gatech.edu/coursesaz/ece/,"Engineering Design Tools, Financial Analysis, Project Management, Probability, Statistical Modeling, Team Management, Technical Writing, Oral Presentations"
Georgia Institute of Technology,gatech.edu,Cybersecurity,ECE 4012,ECE Culminating Design Project II,Second semester of ECE culminating design sequence.  Team project in ECE incorporating engineering standards and realistic constraints.  Requires formal reports and group presentations.,3,Undergraduate,https://catalog.gatech.edu/coursesaz/ece/,"Formal Report Writing, Group Presentation Skills, Engineering Standards Application, Constraint-Based Design, Team Project Collaboration, Technical Writing, Oral Presentations"
Georgia Institute of Technology,gatech.edu,Cybersecurity,ECE 4013,ECE Culminating Design I,"First course in a culminating design sequence.  Student teams design, build, test, document, demonstrate prototype system reflective of knowledge gained as an undergraduate engineering student.",1,Undergraduate,https://catalog.gatech.edu/coursesaz/ece/,"Design, Build, Test, Documentation, Demonstration, Prototyping, Team Collaboration, Project Management"
Georgia Institute of Technology,gatech.edu,Cybersecurity,ECE 4014,ECE Culminating Design II,"Second course in a culminating design sequence.  Student teams design, build, test, document, demonstrate prototype system reflective of knowledge gained as an undergraduate engineering student.",2,Undergraduate,https://catalog.gatech.edu/coursesaz/ece/,"Design, Build, Test, Documentation, Demonstration, Prototyping, Teamwork, Project Management, Systems Engineering, Technical Writing, Oral Presentation"
Georgia Institute of Technology,gatech.edu,Cybersecurity,ECE 4015,ECE-Only Single-Semester Capstone Design,"A single-semester ECE culminating design experience forming ECE-only teams, proposing, prototyping, testing, demonstrating, formally presenting and documenting projects incorporating engineering standards and realistic constraints.",3,Undergraduate,https://catalog.gatech.edu/coursesaz/ece/,"Hardware Prototyping, Circuit Testing, System Demonstration, Technical Presentation, Technical Documentation, Engineering Standards Compliance, Project Planning, Team Collaboration, Requirements Analysis, Design Review"
Georgia Institute of Technology,gatech.edu,Cybersecurity,ECE 4043,Senior Analog Electronics Laboratory,Experiments in analog electronics using discrete devices and off-the-shelf integrated circuits.,2,Undergraduate,https://catalog.gatech.edu/coursesaz/ece/,"Analog Electronics, Discrete Devices, Integrated Circuits, Circuit Design, Electrical Engineering"
Georgia Institute of Technology,gatech.edu,Cybersecurity,ECE 4053,Research Methods,"Course provides methods and practices for literature searching, reference management, and summary preparation. Coverage  includes journals, conferences, theses, patents, grants, roadmaps, and companies.",2,Undergraduate,https://catalog.gatech.edu/coursesaz/ece/,"Research Methods, Literature Review, Reference Management, Technical Writing, Academic Writing, Thesis Writing, Patent Law, Intellectual Property (IP), Grant Writing, Product Roadmapping, Market Research"
Georgia Institute of Technology,gatech.edu,Cybersecurity,ECE 4100,Advanced Computer Architecture,"Comprehensive coverage of the architecture and system issues that confront the design of high-performance workstation/PC computer architectures with emphasis on quantitative evaluation. Credit is not allowed for both ECE 4100 and any of the following courses: ECE 6100 , CS 4290 , CS 6290 .",3,Undergraduate,https://catalog.gatech.edu/coursesaz/ece/,"Computer Architecture, High-Performance Workstation Architecture, High-Performance PC Architecture, Quantitative Performance Evaluation, System Design, Performance Modeling"
Georgia Institute of Technology,gatech.edu,Cybersecurity,ECE 4112,Internetwork Security,"Hands-on experimentation and evaluation of internet security theory, principles, and practices. Laboratory component involves implementing both defensive and offensive security techniques. Credit not awarded for both ECE 4112 and ECE 4115 .",3,Undergraduate,https://catalog.gatech.edu/coursesaz/ece/,"Internet Security Theory, Internet Security Principles, Internet Security Practices, Defensive Security Techniques, Offensive Security Techniques"
Georgia Institute of Technology,gatech.edu,Cybersecurity,ECE 4115,Introduction to Computer Security,Introductory topics in computer security are presented with an emphasis on fundamental security primitives and current security challenges facing society. Credit not awarded for both ECE 4115 and ECE 4112 .,4,Undergraduate,https://catalog.gatech.edu/coursesaz/ece/,"Computer Security, Security Primitives"
Georgia Institute of Technology,gatech.edu,Cybersecurity,ECE 4117,Introduction to Malware Reverse Engineering,"This course exposes students to an immersive, hands-on experience in the dissection and analysis of the code, structure, and functionality of malicious software.",4,Undergraduate,https://catalog.gatech.edu/coursesaz/ece/,"Malware analysis, Reverse engineering, Static analysis, Dynamic analysis, Disassembly, Debugging, Assembly language, Binary analysis, YARA rules, Sandboxing, Threat intelligence, Memory forensics, Packer detection, Code review"
Georgia Institute of Technology,gatech.edu,Cybersecurity,ECE 4122,Advanced Programming Techniques for Engineering Applications,"Course covers a number of programming techniques for distributed and parallel computing and other advanced methods, such as multiprecision arithmetic and nonblocking I/O. Credit not awarded for ECE 4122 and ECE 6122 .",3,Undergraduate,https://catalog.gatech.edu/coursesaz/ece/,"Distributed Computing, Parallel Computing, Multiprecision Arithmetic, Nonblocking I/O"
Georgia Institute of Technology,gatech.edu,Cybersecurity,ECE 4130,Advanced VLSI Systems,"An advanced treatment of VLSI systems analysis, design, and testing with emphasis on complex systems and how they are incorporated into a silicon environment. Credit is not allowed for both ECE 4130 and ECE 6130 .",4,Undergraduate,https://catalog.gatech.edu/coursesaz/ece/,"VLSI, VLSI Design, VLSI Testing, VLSI Systems Analysis, Integrated Circuit Design, Silicon Design, Circuit Design, Complex Systems Analysis"
Georgia Institute of Technology,gatech.edu,Cybersecurity,ECE 4147,Adv Malware Analysis,This course covers advanced approaches for the analysis of malicious software and explores recent research and unsolved problems in software protection and forensics.,3,Undergraduate,https://catalog.gatech.edu/coursesaz/ece/,"Malware analysis, Reverse engineering, Static analysis, Dynamic analysis, Behavioral analysis, Code obfuscation, Packing, Unpacking, YARA rules, Sigma rules, Sandboxing, Memory forensics, Binary analysis, Exploit analysis, Threat hunting, Incident response, Malware classification, Malware detection, Malware signatures, Malware obfuscation, Malware evasion techniques, Software protection, Tamper-proofing, Watermarking, Forensic analysis, Memory dump analysis, Network forensics, Log analysis, Malware behavior monitoring, Malware static analysis, Malware dynamic analysis, Malware unpacking, Malware packing, Malware deobfuscation, Malware attribution, Malware threat intelligence, Malware hunting, Cuckoo Sandbox, Volatility, IDA Pro, Ghidra, OllyDbg, x64dbg, Binary diffing, Control flow analysis, Data flow analysis, Signature-based detection, Heuristic detection, Machine learning for malware detection, PE file analysis, ELF analysis, Mach-O analysis, API monitoring, System call tracing, Registry analysis, File system forensics, Network traffic analysis, Packet capture (PCAP), Intrusion detection, Malware persistence mechanisms, Rootkit analysis, Bootkit analysis, Exploit development, Vulnerability analysis, Exploit mitigation, Sandbox evasion, Anti-analysis techniques"
Georgia Institute of Technology,gatech.edu,Cybersecurity,ECE 4156,Hardware-Oriented Security and Trust,"Fundamental concepts, foundation, and methodologies for the design of trustworthy circuits including protection of the
hardware platform against tampering. Physical cloning of cryptographic VLSI circuits.",3,Undergraduate,https://catalog.gatech.edu/coursesaz/ece/,"Trustworthy Circuit Design, Hardware Security, Tamper Protection, Physical Cloning, Cryptographic VLSI Design, VLSI Circuit Design, Cryptographic Hardware Design, Hardware Platform Protection, Tamper-Resistant Design"
Georgia Institute of Technology,gatech.edu,Cybersecurity,ECE 4180,Embedded Systems Design,"Processors, chipsets, busses, and I/O devices for high-ended embedded systems. Embedded operating systems; device drivers and applications for embedded systems.",4,Undergraduate,https://catalog.gatech.edu/coursesaz/ece/,"Processors, Chipsets, Buses, I/O Devices, Embedded Operating Systems, Device Drivers, Embedded Applications"
Georgia Institute of Technology,gatech.edu,Cybersecurity,ECE 4181,Embedded Computing Systems,"Algorithms and methodologies for the design of real-time, low-power embedded computing systems.",4,Undergraduate,https://catalog.gatech.edu/coursesaz/ece/,"Embedded Systems, Real-time Systems, Low-power Design, Algorithms, Embedded Computing"
Georgia Institute of Technology,gatech.edu,Cybersecurity,ECE 4252,Fundamentals of Machine Learning (FunML),An introduction to the fundamentals and applications of Machine Learning. Students cannot receive credit for both ECE 4252 and CS 4641 .,3,Undergraduate,https://catalog.gatech.edu/coursesaz/ece/,Machine Learning
Georgia Institute of Technology,gatech.edu,Cybersecurity,ECE 4258,Digital Image Processing,An introduction to the Fundamentals of Image Processing.,3,Undergraduate,https://catalog.gatech.edu/coursesaz/ece/,Image Processing
Georgia Institute of Technology,gatech.edu,Cybersecurity,ECE 4260,Random Signals and Applications,"Introduction to random signals and processes with emphasis on applications in ECE.  Includes basic estimation theory, linear prediction, and statistical modeling.",3,Undergraduate,https://catalog.gatech.edu/coursesaz/ece/,"Random Signals, Random Processes, Estimation Theory, Linear Prediction, Statistical Modeling"
Georgia Institute of Technology,gatech.edu,Cybersecurity,ECE 4270,Fundamentals of Digital Signal Processing,"Introduction to digital signal processing. Sampling theorem, discrete-time Fourier transform. Power spectrum, discrete Fourier transform and the FFT algorithm, Z-transform, digital filter design and implementation.",3,Undergraduate,https://catalog.gatech.edu/coursesaz/ece/,"Sampling theorem, Discrete-time Fourier transform, Power spectrum, Discrete Fourier transform, FFT algorithm, Z-transform, Digital filter design, Digital filter implementation"
Georgia Institute of Technology,gatech.edu,Cybersecurity,ECE 4271,Applications of Digital Signal Processing,"Applications of DSP in speech, image processing, radar, pattern recognition, and adaptive filtering requiring working software implementations applied to the analysis of real signals.",4,Undergraduate,https://catalog.gatech.edu/coursesaz/ece/,"Digital Signal Processing, Speech Processing, Image Processing, Radar Signal Processing, Pattern Recognition, Adaptive Filtering, Software Implementation, Real Signal Analysis"
Georgia Institute of Technology,gatech.edu,Cybersecurity,ECE 4273,Design Synthesis of Application-specific Signal Processors,"Fundamentals of theory and practice of DSP chip design in VHDL. Exposure to tools and environments for chip design, simulation, and verification.",3,Undergraduate,https://catalog.gatech.edu/coursesaz/ece/,"Digital Signal Processing (DSP), Chip Design, VHDL, Hardware Description Languages, Simulation, Verification, Integrated Circuit Design"
Georgia Institute of Technology,gatech.edu,Cybersecurity,ECE 4320,Power System Analysis and Control,"Introduces basic concepts in electric power generation, distribution, system control, and economic operation.",3,Undergraduate,https://catalog.gatech.edu/coursesaz/ece/,"Electric Power Generation, Power Distribution, Control Systems, Power System Economics, Electrical Engineering"
Georgia Institute of Technology,gatech.edu,Cybersecurity,ECE 4321,Power System Engineering,"To introduce basic concepts of electric power system design, encompassing protection, stability, and control.",3,Undergraduate,https://catalog.gatech.edu/coursesaz/ece/,"Electric Power System Design, Power System Protection, Power System Stability, Power System Control"
Georgia Institute of Technology,gatech.edu,Cybersecurity,ECE 4325,Electric Power Quality,"Transients and harmonics in power systems, analysis methods and mitigation practices.  Causes of power quality problems and relationship to equipment susceptibility.  Credit not allowed for both ECE 4325 and ECE 6340.",3,Undergraduate,https://catalog.gatech.edu/coursesaz/ece/,"Power Systems Transient Analysis, Harmonic Analysis in Power Systems, Power Quality Assessment, Mitigation Practices for Power Quality, Equipment Susceptibility Analysis, Signal Processing for Power Systems, Power System Simulation"
Georgia Institute of Technology,gatech.edu,Cybersecurity,ECE 4330,Power Electronics,"Introduces power semiconductor devices and power electronic converters, including single-phase and three-phase ac/dc rectifiers, ac voltage controllers, dc/dc converters, and dc/ac inverters.",3,Undergraduate,https://catalog.gatech.edu/coursesaz/ece/,"Power semiconductor devices, Power electronic converters, Single-phase AC/DC rectifiers, Three-phase AC/DC rectifiers, AC voltage controllers, DC/DC converters, DC/AC inverters"
Georgia Institute of Technology,gatech.edu,Cybersecurity,ECE 4335,Electric Machinery Analysis,"Advanced theory of AC machines, including AC motor winding design, finite element analysis, induction motor design, permanent magnet machine design, and synchronous machine dynamics.  Credit is not allowed for both ECE 4335 and ECE 6335 .",3,Undergraduate,https://catalog.gatech.edu/coursesaz/ece/,"AC motor winding design, Finite element analysis, Induction motor design, Permanent magnet machine design, Synchronous machine dynamics"
Georgia Institute of Technology,gatech.edu,Cybersecurity,ECE 4350,Electromagnetic and Microwave Applications,Presents concepts of electromagnetic fields applied to microwave circuit design and antenna radiation. Credit will not be awarded for ECE 4350 and ECE 3065.,3,Undergraduate,https://catalog.gatech.edu/coursesaz/ece/,"Electromagnetic Fields, Microwave Circuit Design, Antenna Radiation, Electrical Engineering"
Georgia Institute of Technology,gatech.edu,Cybersecurity,ECE 4360,RF-Microwave Measurement Laboratory,RF/microwave measurement theory and techniques. Use of state-of-the-art equipment operating into the GHz range.,2,Undergraduate,https://catalog.gatech.edu/coursesaz/ece/,"RF Engineering, Microwave Engineering, RF Measurement, High-Frequency Electronics, Signal Processing, Electrical Engineering"
Georgia Institute of Technology,gatech.edu,Cybersecurity,ECE 4370,Antenna Engineering,"Basic theory, application, and design of a broad range of antennas.",3,Undergraduate,https://catalog.gatech.edu/coursesaz/ece/,"Antenna theory, Antenna design, Antenna application, Electromagnetic theory, RF engineering, Microwave engineering, Wave propagation, Antenna arrays, Antenna measurement, Antenna simulation, Antenna modeling, Antenna testing, Antenna performance analysis, Antenna impedance matching, Antenna radiation patterns, Antenna gain, Antenna bandwidth, Antenna polarization"
Georgia Institute of Technology,gatech.edu,Cybersecurity,ECE 4371,Antenna Engineering Laboratory,Experimentation to develop a practical understanding of antennas and their properties.,1,Undergraduate,https://catalog.gatech.edu/coursesaz/ece/,"Antenna design, Antenna testing, RF measurement, Electromagnetic theory, Wave propagation, Antenna characterization, Experimental methods, Lab techniques"
Georgia Institute of Technology,gatech.edu,Cybersecurity,ECE 4390,Introduction to Radar and Electromagnetic Sensing,"Introduces students to radar systems, including pulsed, CW, CWFM, and MTI radars. Other techniques for electromagnetic sensing such as radiometry and EM tagging are discussed.",3,Undergraduate,https://catalog.gatech.edu/coursesaz/ece/,"Radar Systems, Pulsed Radar, Continuous Wave (CW) Radar, Continuous Wave Frequency Modulated (CWFM) Radar, Moving Target Indicator (MTI) Radar, Radiometry, Electromagnetic (EM) Tagging, Electromagnetic Sensing"
Georgia Institute of Technology,gatech.edu,Cybersecurity,ECE 4391,Electromagnetic Compatibility,"To study electromagnetic interference and susceptibility of electrical systems, with application to analog and digital circuits.",3,Undergraduate,https://catalog.gatech.edu/coursesaz/ece/,"Electrical Engineering, Circuit Design, Analog Circuits, Digital Circuits, Electromagnetic Interference, Electromagnetic Susceptibility, Electromagnetic Compatibility, Signal Processing"
Georgia Institute of Technology,gatech.edu,Cybersecurity,ECE 4415,RF Engineering I,"Fundamentals of RF engineering. Components at high frequencies, device modeling, amplifiers, lumped-element and microstrip impedance transformation networks, S-parameter-based design of RF and microwave amplifiers.",3,Undergraduate,https://catalog.gatech.edu/coursesaz/ece/,"RF Engineering, High-Frequency Electronics, Device Modeling, Amplifier Design, Lumped-Element Circuit Design, Microstrip Impedance Transformation, S-Parameter Analysis, Microwave Engineering, Circuit Design"
Georgia Institute of Technology,gatech.edu,Cybersecurity,ECE 4418,RF Engineering II,"Fundamentals learned in RF-I are employed to design the elements of radio receivers, transmitters, and similar systems.  Systems analysis, mixers, detectors, power amplifiers, low-noise amplifiers, and oscillators are covered.",3,Undergraduate,https://catalog.gatech.edu/coursesaz/ece/,"RF Engineering, Radio Frequency (RF) Design, Receiver Design, Transmitter Design, Systems Analysis, RF Mixers, RF Detectors, Power Amplifiers, Low-Noise Amplifiers (LNA), Oscillators, Electrical Engineering, Circuit Design"
Georgia Institute of Technology,gatech.edu,Cybersecurity,ECE 4420,Digital Integrated Circuits,Analysis and design of bipolar and MOS digital integrated circuit families and their applications in modern electronic systems.,3,Undergraduate,https://catalog.gatech.edu/coursesaz/ece/,"Bipolar transistor analysis, MOS transistor analysis, Digital integrated circuit design, Integrated circuit families, Electronic systems design, Circuit analysis, Circuit design, Digital IC families, Bipolar IC design, MOS IC design, Integrated circuit applications, Electronic system design"
Georgia Institute of Technology,gatech.edu,Cybersecurity,ECE 4430,Analog Integrated Circuits,"Analysis and design of analog ICs using analytic techniques and CAD tools. Topics include amplifiers, current sources, output circuits, and other analog building blocks.",3,Undergraduate,https://catalog.gatech.edu/coursesaz/ece/,"Analog IC Design, Circuit Analysis, Amplifier Design, Current Source Design, Output Circuit Design, Analog Building Blocks, Analytic Techniques, CAD Tools"
Georgia Institute of Technology,gatech.edu,Cybersecurity,ECE 4435,Operational Amplifier Design,Analysis and design techniques for utilization of integrated circuit operational amplifiers for applications in electronic systems.,3,Undergraduate,https://catalog.gatech.edu/coursesaz/ece/,"Operational Amplifier Analysis, Operational Amplifier Design, Integrated Circuit Design, Electronic Systems Design, Circuit Analysis, Feedback Analysis, Frequency Response Analysis, Biasing Techniques, Signal Processing"
Georgia Institute of Technology,gatech.edu,Cybersecurity,ECE 4445,Audio Engineering,"Concepts of acoustics and electroacoustic modeling for the analysis and design of microphones, loudspeakers, and crossover networks. Methods of analysis and design of audio power amplifiers.",3,Undergraduate,https://catalog.gatech.edu/coursesaz/ece/,"Acoustics, Electroacoustic Modeling, Microphone Design, Loudspeaker Design, Crossover Network Design, Audio Power Amplifier Analysis, Audio Power Amplifier Design"
Georgia Institute of Technology,gatech.edu,Cybersecurity,ECE 4446,Audio Engineering Laboratory,"A companion laboratory to ECE 4445 . Design, analysis, construction, modeling, and testing of circuits and systems pertaining to audio engineering.",1,Undergraduate,https://catalog.gatech.edu/coursesaz/ece/,"Circuit Design, Systems Analysis, Audio Engineering, Electrical Engineering, Systems Modeling, Hardware Testing, Signal Processing"
Georgia Institute of Technology,gatech.edu,Cybersecurity,ECE 4448,Guitar Amplification and Effects,"Mathematical analysis and laboratory measurement of vibrating strings, electromagnetic pickups, vacuum tube amplifiers, solid-state distortion, and swept filter effects.",3,Undergraduate,https://catalog.gatech.edu/coursesaz/ece/,"Mathematical Analysis, Laboratory Measurement, Sensors, Circuit Design, Analog Electronics, Signal Processing, Filter Design, Electromagnetic Theory"
Georgia Institute of Technology,gatech.edu,Cybersecurity,ECE 4450,Analog Circuits for Music Synthesis,"Circuits from classic analog synthesizers: nonlinear waveshapers and voltage-controlled oscillators, filters, and amplifier using operational transconductance amplifliers and the dynamic resistance of semiconductors.",3,Undergraduate,https://catalog.gatech.edu/coursesaz/ece/,"Analog Circuit Design, Nonlinear Waveshaper Design, Voltage-Controlled Oscillator Design, Filter Design, Amplifier Design, Operational Transconductance Amplifier Design, Semiconductor Dynamic Resistance Modeling, Analog Synthesizer Design"
Georgia Institute of Technology,gatech.edu,Cybersecurity,ECE 4452,IC Fabrication,"Introduction to microelectronic processing technologies and CMOS. Includes a laboratory for fabrication/testing of MOS transistors, basic CMOS circuits, integrated resistors and capacitors. Credit will not be awarded for ECE 4452 and ECE 4752.",3,Undergraduate,https://catalog.gatech.edu/coursesaz/ece/,"Microelectronic processing technologies, CMOS, MOS transistor fabrication, MOS transistor testing, Basic CMOS circuits, Integrated resistors, Integrated capacitors, Laboratory fabrication, Laboratory testing"
Georgia Institute of Technology,gatech.edu,Cybersecurity,ECE 4460,Introduction to Electronic Systems Packaging,"Introduction to packaging technologies, technology drivers, electrical performance, thermal management, materials, optoelectronics, RF integration, reliability, system issues, assembly, testing.",3,Undergraduate,https://catalog.gatech.edu/coursesaz/ece/,"Packaging Technologies, Thermal Management, Optoelectronics, RF Integration, Reliability Engineering, Assembly, Testing, Electrical Performance Analysis, Materials Science, Systems Engineering"
Georgia Institute of Technology,gatech.edu,Cybersecurity,ECE 4470,Devices for Renewable Energy,"Students study the engineering compromises, operational physics and environmental impact of a variety of devices from solar cells, batteries, thermoelectric devices and wind generators.",3,Undergraduate,https://catalog.gatech.edu/coursesaz/ece/,"Photovoltaic Systems, Battery Technology, Thermoelectric Materials, Wind Energy Systems, Energy Systems Engineering, Trade-off Analysis, Device Physics, Environmental Impact Assessment, Life Cycle Assessment, Renewable Energy Systems"
Georgia Institute of Technology,gatech.edu,Cybersecurity,ECE 4500,Optical Engineering,"Introduction to applications of geometric, physical optics to engineering, including optical measurements, matrix methods, instruments, interference, holography, beam optics, Fourier optics, and diffraction.",3,Undergraduate,https://catalog.gatech.edu/coursesaz/ece/,"Geometric Optics, Physical Optics, Optical Measurements, Matrix Methods, Interference, Holography, Beam Optics, Fourier Optics, Diffraction, Engineering Physics"
Georgia Institute of Technology,gatech.edu,Cybersecurity,ECE 4502,Optical Fiber Communications,"Combined lecture-laboratory exploration of the technology of fiber optics, with emphasis on optical fiber communication systems. Credit will not be awarded for ECE 4502 and ECE 4501.",4,Undergraduate,https://catalog.gatech.edu/coursesaz/ece/,"Fiber Optics, Optical Fiber Communication Systems, Optical Communications"
Georgia Institute of Technology,gatech.edu,Cybersecurity,ECE 4550,Control System Design,"Design of control algorithms using state-space methods, microcontroller implementation of control algorithms, and laboratory projects emphasizing motion control applications.",4,Undergraduate,https://catalog.gatech.edu/coursesaz/ece/,"Control algorithm design, State-space methods, Microcontroller implementation, Motion control applications"
Georgia Institute of Technology,gatech.edu,Cybersecurity,ECE 4560,Introduction to Automation and Robotics,"Concurrent engineering principles; robotic manipulator kinematics, dynamics, and control; applications of robots in industry, medicine, and other areas; team projects and hands-on laboratory experience.",4,Undergraduate,https://catalog.gatech.edu/coursesaz/ece/,"Concurrent Engineering, Kinematics, Dynamics, Control Systems, Industrial Robotics, Medical Robotics, Team Collaboration, Hands-on Laboratory Experience"
Georgia Institute of Technology,gatech.edu,Cybersecurity,ECE 4570,System Theory for Communication and Control,"Study of the basic concepts in linear system theory and numerical linear algebra with applications to communication, computation, control, and signal processing. A unified treatment.",4,Undergraduate,https://catalog.gatech.edu/coursesaz/ece/,"Linear system theory, Numerical linear algebra, Signal processing, Control systems, Communication systems, Computation"
Georgia Institute of Technology,gatech.edu,Cybersecurity,ECE 4575,Numerical Methods for Optimization and Optimal Control,"Algorithms for numerical optimization and optimal control, Gradient-descent techniques, linear programming, numerical linear system solvers, second-order methods of optimizing performance of dynamical systems.",3,Undergraduate,https://catalog.gatech.edu/coursesaz/ece/,"Numerical optimization, Optimal control, Gradient descent, Linear programming, Numerical linear system solvers, Second-order methods, Dynamical systems optimization"
Georgia Institute of Technology,gatech.edu,Cybersecurity,ECE 4580,Computational Computer Vision,"Computational and theoretical aspects of computer vision. Application areas include robotics, autonomous vehicles, tracking, and image-guided surgery. Includes major project.",3,Undergraduate,https://catalog.gatech.edu/coursesaz/ece/,"Computer Vision, Robotics, Autonomous Vehicles, Object Tracking, Image-Guided Surgery, Image Processing, Pattern Recognition, Machine Learning, Algorithms, Mathematical Modeling, Technical Project Management"
Georgia Institute of Technology,gatech.edu,Cybersecurity,ECE 4601,Communication Systems,To present the fundamentals of modern digital communication systems and evaluate their performance with realistic channel models.,3,Undergraduate,https://catalog.gatech.edu/coursesaz/ece/,"Digital Communications, Communication Systems, Channel Modeling, Performance Evaluation, Signal Processing, Statistical Modeling"
Georgia Institute of Technology,gatech.edu,Cybersecurity,ECE 4605,Topics in Networks,Reviews on networking fundamentals. Latest networking technologies in wireless and wireline networks. Machine learning and data science in networks or other emerging topics. Projects included.,4,Undergraduate,https://catalog.gatech.edu/coursesaz/ece/,"Networking fundamentals, Wireless networks, Wireline networks, Machine learning, Data science"
Georgia Institute of Technology,gatech.edu,Cybersecurity,ECE 4606,Wireless Communications,"Cellular concept, wireless propagation modeling; types of digital modulation used in wireless systems, diversity combining, performance over fading channels, and multiple access techniques.",3,Undergraduate,https://catalog.gatech.edu/coursesaz/ece/,"Cellular Concept, Wireless Propagation Modeling, Digital Modulation, Diversity Combining, Fading Channel Analysis, Multiple Access Techniques"
Georgia Institute of Technology,gatech.edu,Cybersecurity,ECE 4607,Mobile and Wireless Networks,"Basics of mobile and wireless networking. Architectures and communication protocols for wireless sensor networks, wireless local area networks, ad-hoc networks, cellular systems, WiMAX, and Wireless Mesh Networks.",3,Undergraduate,https://catalog.gatech.edu/coursesaz/ece/,"Wireless Sensor Networks, Wireless Local Area Networks, Ad-hoc Networks, Cellular Systems, WiMAX, Wireless Mesh Networks, Mobile Networking, Wireless Networking, Network Architectures, Communication Protocols"
Georgia Institute of Technology,gatech.edu,Cybersecurity,ECE 4612,Telecommunications Systems Laboratory,"Basic digital telecommunications systems are examined in a laboratory setting using electronic modules, covering concepts such as modulation, channel coding, AWGN, eye diagrams, and BER. Credit will not be awarded for ECE 4612 and ECE 4602.",1,Undergraduate,https://catalog.gatech.edu/coursesaz/ece/,"Modulation, Channel Coding, AWGN, Eye Diagrams, BER"
Georgia Institute of Technology,gatech.edu,Cybersecurity,ECE 4698,Undergraduate Research Assistantship.  1-12 Credit Hours,Independent research conducted under the guidance of a faculty member.,12,Undergraduate,https://catalog.gatech.edu/coursesaz/ece/,"Research Methods, Academic Writing, Technical Writing"
Georgia Institute of Technology,gatech.edu,Cybersecurity,ECE 4699,Undergraduate Research.  1-12 Credit Hours,Independent Research conducted under the guidance of a faculty member.,12,Undergraduate,https://catalog.gatech.edu/coursesaz/ece/,"Research Methods, Academic Writing, Technical Writing"
Georgia Institute of Technology,gatech.edu,Cybersecurity,ECE 4723,Interdisciplinary Capstone Design,"Seniors will work in teams to apply a systematic design process to real multi-disciplinary problems. Problems selected from a broad spectrum of interest areas, including biomedical, environmental, mechanical, industrial design, electrical and thermal/fluids. Projects must be based on the knowledge and skills acquired in earlier course work, and incorporate appropriate engineering standards and multiple realistic constraints. Emphasis is placed on the design process, the technical aspects of the design, and on reducing the proposed design to practice.  The course consists of faculty and guest lectures, prototyping in design studios, and a multi-disciplinary design project.",3,Undergraduate,https://catalog.gatech.edu/coursesaz/ece/,"Systematic Design Process, Biomedical Engineering, Environmental Engineering, Mechanical Engineering, Industrial Design, Electrical Engineering, Thermal/Fluids Engineering, Engineering Standards, Prototyping, Multi-disciplinary Design"
Georgia Institute of Technology,gatech.edu,Cybersecurity,ECE 4751,Laser Theory and Applications,Provides an introduction to the theory and applications of laser principles and related instrumentation. Emphasis is on the fundamental principles underlying laser action. Crosslisted with PHYS 4751 .,3,Undergraduate,https://catalog.gatech.edu/coursesaz/ece/,"Laser theory, Laser instrumentation, Optical physics, Photonics, Laser safety, Optical measurement"
Georgia Institute of Technology,gatech.edu,Cybersecurity,ECE 4754,"Electronics Packaging Assembly, Reliability, Thermal Management, and Test","The course provides hands-on instruction in electronics packaging, including assembly, reliability, thermal management, and test of next-generation microsystems.  Crosslisted with ME and MSE 4754 .",3,Undergraduate,https://catalog.gatech.edu/coursesaz/ece/,"Electronics Packaging, Assembly, Reliability, Thermal Management, Test, Microsystems"
Georgia Institute of Technology,gatech.edu,Cybersecurity,ECE 4755,Electronic Packaging Substrate Fabrication,"This course provides hands-on instruction in basic packaging substrate fabrication techniques, including interconnect design and testing, dielectric deposition, via formation, and metallization.  Crosslisted with CHE 4755.",3,Undergraduate,https://catalog.gatech.edu/coursesaz/ece/,"Packaging substrate fabrication, Interconnect design, Interconnect testing, Dielectric deposition, Via formation, Metallization, Chemical Engineering"
Georgia Institute of Technology,gatech.edu,Cybersecurity,ECE 4781,Biomedical Instrumentation,A study of medical instrumentation from a systems viewpoint. Pertinent physiological and electro-physiological concepts will be covered. Credit not allowed for both ECE 4781 and (CHE 4781 or CHBE 4781 or BMED 4781 or ME 4781 ).,3,Undergraduate,https://catalog.gatech.edu/coursesaz/ece/,"Medical Instrumentation, Systems Engineering, Electrophysiology, Circuit Design, Sensors, Signal Processing"
Georgia Institute of Technology,gatech.edu,Cybersecurity,ECE 4782,Biosystems Analysis,"Analytical methods for modeling biological systems, including white-noise protocols for characterizing nonlinear systems. Crosslisted with BMED, CHE and ME 4782 .",3,Undergraduate,https://catalog.gatech.edu/coursesaz/ece/,"Analytical methods, Biological systems modeling, White-noise protocols, Nonlinear system characterization"
Georgia Institute of Technology,gatech.edu,Cybersecurity,ECE 4783,Introduction to Medical Image Processing,"A study of mathematical methods used in medical acquisition and processing.  Concepts, algorithms, and methods associated with acquisition, processing, and display of two- and three-dimensional medical images are studied.  Crosslisted with BMED 4783 .",3,Undergraduate,https://catalog.gatech.edu/coursesaz/ece/,"Mathematical methods, Algorithms, Acquisition methods, Processing methods, Display methods, Two-dimensional medical imaging, Three-dimensional medical imaging"
Georgia Institute of Technology,gatech.edu,Cybersecurity,ECE 4784,Engineering Electrophysiology,Basic concepts of electrophysiology from an engineering perspective. Functionality of relevant organs and systems; instrumentation tools which monitor electrophysiology function. Crosslisted with BMED 4784 .,3,Undergraduate,https://catalog.gatech.edu/coursesaz/ece/,"Electrical Engineering, Signal Processing, Sensors, Circuit Design"
Georgia Institute of Technology,gatech.edu,Cybersecurity,ECE 4786,Medical Imaging Systems,"Introduce major biomedical and clinical imaging modalities including X-ray radiography, computed tomography (CT), nuclear medicine (SPECT and PET), magnetic resonance imaging (MRI), and ultrasound.",3,Undergraduate,https://catalog.gatech.edu/coursesaz/ece/,"X-ray radiography, Computed Tomography (CT), SPECT, PET, Magnetic Resonance Imaging (MRI), Ultrasound"
Georgia Institute of Technology,gatech.edu,Cybersecurity,ECE 4795,GPU Programming for Video Games,3-D graphics pipelines. Physically-based rendering. Game engine architectures. GPU architectures. Graphics APIs. Vertex and pixel shader programming. Post-processing effects. Deferred rendering.,3,Undergraduate,https://catalog.gatech.edu/coursesaz/ece/,"3-D Graphics Pipelines, Physically-based Rendering, Game Engine Architecture, GPU Architecture, Graphics APIs, Vertex Shader Programming, Pixel Shader Programming, Post-processing Effects, Deferred Rendering"
Georgia Institute of Technology,gatech.edu,Cybersecurity,ECE 4853,ECE Single-Semester Create-X Capstone Design,"A single-semester ECE culminating design experience in which interdisciplinary teams propose, prototype, test, demonstrate, formally present, and document projects incorporating engineering standards and realistic constraints.",3,Undergraduate,https://catalog.gatech.edu/coursesaz/ece/,"Project Proposal Writing, Prototyping, Testing and Validation, Demonstration Skills, Formal Presentation, Technical Documentation, Interdisciplinary Collaboration, Engineering Standards Compliance, Realistic Constraint Management, Capstone Design Process"
Georgia Institute of Technology,gatech.edu,Cybersecurity,ECE 4951,Undergraduate Research I.  1-21 Credit Hours,Participation in an individual or group research project under the direction of a faculty member.,21,Undergraduate,https://catalog.gatech.edu/coursesaz/ece/,"Research Methods, Technical Writing, Academic Writing, Oral Presentations"
Georgia Institute of Technology,gatech.edu,Cybersecurity,ECE 4952,Undergraduate Research II.  1-21 Credit Hours,Participation in an individual or group research project under the direction of a faculty member.,21,Undergraduate,https://catalog.gatech.edu/coursesaz/ece/,"Research Methods, Technical Writing, Oral Presentations, Collaboration, Project Management"
Georgia Institute of Technology,gatech.edu,Software Engineering,CS 1171,Introductory Computing in MATLAB,For students with a solid introductory computing background needing to demonstrate proficiency in the MATLAB language.,1,Undergraduate,https://catalog.gatech.edu/coursesaz/cs/,MATLAB
Georgia Institute of Technology,gatech.edu,Software Engineering,CS 1315,Introduction to Media Computation,"Introduction to computation (algorithmic thinking, data structures, data transformation and processing, and programming) in a media and communication context. Credit not awarded for both CS 4452 and CS 1315 .",3,Undergraduate,https://catalog.gatech.edu/coursesaz/cs/,"Algorithmic Thinking, Data Structures, Data Transformation, Data Processing, Programming"
Georgia Institute of Technology,gatech.edu,Software Engineering,CS 1316,Representing Structure and Behavior,"Modeling the structure of media (e.g., music, graphical scenes) using dynamic data structures. Designing objects as encapsulations of structure and behavior. Algorithms for simulating objects. May not be taken for credit by students who have credit for CS 1322.",3,Undergraduate,https://catalog.gatech.edu/coursesaz/cs/,"Dynamic Data Structures, Object-Oriented Programming, Algorithm Design, Simulation"
Georgia Institute of Technology,gatech.edu,Software Engineering,CS 1331,Introduction to Object Oriented Programming,"Introduction to techniques and methods of object-oriented programming such an encapsulation, inheritance, and polymorphism. Emphasis on software development and individual programming skills.",3,Undergraduate,https://catalog.gatech.edu/coursesaz/cs/,"Object-Oriented Programming, Encapsulation, Inheritance, Polymorphism"
Georgia Institute of Technology,gatech.edu,Software Engineering,CS 1332,Data Structures and Algorithms for Applications,Computer data structures and algorithms in the context of object-oriented programming. Focus on software development towards applications.,3,Undergraduate,https://catalog.gatech.edu/coursesaz/cs/,"Data Structures, Algorithms, Object-Oriented Programming, Software Development, Application Development"
Georgia Institute of Technology,gatech.edu,Software Engineering,CS 1332R,CS 1332 Recitation,Recitation for CS 1332 .,0,Undergraduate,https://catalog.gatech.edu/coursesaz/cs/,"Data Structures, Algorithms, Java, Object-Oriented Programming"
Georgia Institute of Technology,gatech.edu,Software Engineering,CS 1371,Computing for Engineers,Foundations of computing with an introduction to design and analysis of algorithms and an introduction to design and construction of programs for engineering problem-solving.,3,Undergraduate,https://catalog.gatech.edu/coursesaz/cs/,"Algorithm Design, Algorithm Analysis, Software Design, Software Construction, Engineering Problem Solving"
Georgia Institute of Technology,gatech.edu,Software Engineering,CS 1372,Structured Program Design for Engineers,"Design, analysis and implementation of programs for engineering problem-solving using ANSI Standard C, with an introduction to C++.",3,Undergraduate,https://catalog.gatech.edu/coursesaz/cs/,"ANSI Standard C, C++, Software Design, Software Analysis, Software Implementation, Engineering Problem Solving"
Georgia Institute of Technology,gatech.edu,Software Engineering,CS 2050,Introduction to Discrete Mathematics for Computer Science,"Proof methods, strategy, correctness of algorithms over discrete structures.  Induction and recursion.  Complexity and order of growth.  Number theoretic principles and algorithms.  Counting and computability.  Credit not allowed for both CS 2050 and CS 2051 .",3,Undergraduate,https://catalog.gatech.edu/coursesaz/cs/,"Proof methods, Algorithm correctness, Induction, Recursion, Complexity analysis, Order of growth analysis, Number theory, Counting principles, Computability"
Georgia Institute of Technology,gatech.edu,Software Engineering,CS 2051,Honors - Induction to Discrete Mathematics for Computer Science,"Proof methods, strategy, correctness of algorithms over discrete structures.  Induction and recursion.  Complexity and order of growth.  Number theoretic principles and algorithms.  Counting and computability.  Credit not allowed for both CS 2051 and CS 2050 .",3,Undergraduate,https://catalog.gatech.edu/coursesaz/cs/,"Proof methods, Algorithm correctness, Induction, Recursion, Complexity analysis, Order of growth analysis, Number theory, Counting, Computability, Discrete structures"
Georgia Institute of Technology,gatech.edu,Software Engineering,CS 2110,Computer Organization and Programming,"An introduction to basic computer hardware, machine language, assembly language, and C programming.",4,Undergraduate,https://catalog.gatech.edu/coursesaz/cs/,"Computer Hardware, Machine Language, Assembly Language, C Programming"
Georgia Institute of Technology,gatech.edu,Software Engineering,CS 2200,Computer Systems and Networks,A broad exposure to computer system structure and networking including software abstractions in operating systems for orchestrating the usage of the computing resources.,4,Undergraduate,https://catalog.gatech.edu/coursesaz/cs/,"Computer Architecture, Computer Networking, Operating Systems, Software Abstraction, Resource Management"
Georgia Institute of Technology,gatech.edu,Software Engineering,CS 2261,Media Device Architectures,"Controlling the interface between hardware and software in media devices. Machine-level programming (e.g., in C) to create graphics, generate sound, and support user interaction.",4,Undergraduate,https://catalog.gatech.edu/coursesaz/cs/,"hardware-software interface, machine-level programming, C programming, graphics programming, audio programming, user interaction programming"
Georgia Institute of Technology,gatech.edu,Software Engineering,CS 2316,Data Manipulation for Science and Industry,"Reading, manipulating, and exporting data for engineering, business, and scientific applications.  Covers GUI's, File I/O, basic SQL, and web scraping.  Emphasis on software development.",3,Undergraduate,https://catalog.gatech.edu/coursesaz/cs/,"Data reading, Data manipulation, Data export, GUI development, File I/O, SQL, Web scraping"
Georgia Institute of Technology,gatech.edu,Software Engineering,CS 2335,Software Practicum,"Methods for solving large programming problems. Techniques for quality assurance, managing programs, working in teams, analyzing problems, and producing effective solutions.",3,Undergraduate,https://catalog.gatech.edu/coursesaz/cs/,"Quality Assurance, Program Management, Team Collaboration, Problem Analysis, Solution Design"
Georgia Institute of Technology,gatech.edu,Software Engineering,CS 2340,Objects and Design,"Object-oriented programming methods for dealing with large programs.  Focus on quality processes, effective debugging techniques, and testing to assure a quality product.",3,Undergraduate,https://catalog.gatech.edu/coursesaz/cs/,"Object-Oriented Programming, Software Quality Assurance, Debugging, Software Testing"
Georgia Institute of Technology,gatech.edu,Software Engineering,CS 2345,Advanced Practical Object-Oriented Programming,"This course presents important programming principles that should be considered when using a non-automatic memory management complex language (such as C++). Templating, generic programming, resource acquisition is initialization (RAII), and smart pointers are a few examples. Credit not awarded for both CS 2345 and ECE 2036 .",4,Undergraduate,https://catalog.gatech.edu/coursesaz/cs/,"C++, Memory Management, Templating, Generic Programming, Resource Acquisition Is Initialization (RAII), Smart Pointers"
Georgia Institute of Technology,gatech.edu,Software Engineering,CS 2600,Knowledge Representation and Processing,Introduction to the representation and manipulation of complex symbolic and sub-symbolic information.,4,Undergraduate,https://catalog.gatech.edu/coursesaz/cs/,"Knowledge Representation, Symbolic AI, Sub-symbolic AI, Logic Programming, First-Order Logic, Propositional Logic, Semantic Networks, Frames, Ontology Engineering, Neural Networks, Deep Learning, Representation Learning, Feature Extraction, Information Manipulation"
Georgia Institute of Technology,gatech.edu,Software Engineering,CS 2698,Undergraduate Research Assistantship.  1-12 Credit Hours,Independent research conducted under the guidance of a faculty member.,12,Undergraduate,https://catalog.gatech.edu/coursesaz/cs/,Research Methods
Georgia Institute of Technology,gatech.edu,Software Engineering,CS 2699,Undergraduate Research.  1-12 Credit Hours,Independent research conducted under the guidance of a faculty member.,12,Undergraduate,https://catalog.gatech.edu/coursesaz/cs/,Research Methods
Georgia Institute of Technology,gatech.edu,Software Engineering,CS 2701,Startup Lab: Introduction to Technology Ventures,"Elements of technology venture creation including opportunity identification and validation, ideation, customer discovery, markey analysis, minimum viable product development, business models, intellectual property, and capital raises. Cross-listed with COE 2701 .",3,Undergraduate,https://catalog.gatech.edu/coursesaz/cs/,"Opportunity identification, Validation, Ideation, Customer discovery, Market analysis, Minimum viable product development, Business model development, Intellectual property management, Capital raising"
Georgia Institute of Technology,gatech.edu,Software Engineering,CS 2740,Foundations of Mathematics and Computing,This course introduces the essential mathematical concepts and computational techniques that form the basis of modern computing.,3,Undergraduate,https://catalog.gatech.edu/coursesaz/cs/,"Mathematics, Computational Thinking, Algorithms"
Georgia Institute of Technology,gatech.edu,Software Engineering,CS 3001,"Computing, Society, and Professionalism","Examines the role and impact of information and communication technology in society, with emphasis on ethical, professional, and public policy issues.",3,Undergraduate,https://catalog.gatech.edu/coursesaz/cs/,"Tech Ethics, Public Policy, Professional Ethics, Information and Communication Technology (ICT)"
Georgia Institute of Technology,gatech.edu,Software Engineering,CS 3101,Computer Science Ventures,"Students will learn how computer-science-based ventures are developed.  The course is project-based.  Students propose, analylze, pitch, design, implement, package and market web-2.0 and virtual-world-based products and services.",3,Undergraduate,https://catalog.gatech.edu/coursesaz/cs/,"Idea Generation, Market Analysis, Presentation Skills, Product Design, Software Development, Software Packaging, Digital Marketing, Web 2.0 Technologies, Virtual World Development"
Georgia Institute of Technology,gatech.edu,Software Engineering,CS 3210,Design of Operating Systems,"Operating systems concepts, including multi-threading, scheduling, synchronization, communication, and access control.  Projects will cover design and implementation of several operating systems components.",3,Undergraduate,https://catalog.gatech.edu/coursesaz/cs/,"multi-threading, scheduling, synchronization, communication, access control, operating systems design, operating systems implementation"
Georgia Institute of Technology,gatech.edu,Software Engineering,CS 3220,Computer Structures: Hardware/Software Codesign of a Processor,"Principles in pipelined processor design, with emphasis on the need for a close interaction between code generation and architecture.",3,Undergraduate,https://catalog.gatech.edu/coursesaz/cs/,"Pipelined Processor Design, Code Generation, Computer Architecture"
Georgia Institute of Technology,gatech.edu,Software Engineering,CS 3235,Introduction to Information Security,"Terms/concepts for threats; controls; problem definition; comprehensive information security model; security for operating systems, databases, network/distributed systems; administering security.",3,Undergraduate,https://catalog.gatech.edu/coursesaz/cs/,"Threat Modeling, Access Controls, Information Security Model, Operating System Security, Database Security, Network Security, Distributed Systems Security, Security Administration"
Georgia Institute of Technology,gatech.edu,Software Engineering,CS 3237,"Human Dimension of Cybersecurity: People, Organizations, Societies","This course will illuminate the human dimension of cybersecurity, and explore the attitudes, behaviors and perceptions associated with different stakeholders in cybersecurity.",3,Undergraduate,https://catalog.gatech.edu/coursesaz/cs/,"Cybersecurity, Behavioral Analysis, Risk Perception, Human Factors Engineering, Social Engineering, Security Awareness Training, Stakeholder Analysis"
Georgia Institute of Technology,gatech.edu,Software Engineering,CS 3240,Languages and Computation,"Interpreters as abstract machines and the tools used to construct them, such as scanners and parsers. An introduction to models of computation as embodied by different programming languages.  Limits of and relationships between these models.",3,Undergraduate,https://catalog.gatech.edu/coursesaz/cs/,"Interpreter construction, Abstract machines, Lexical analysis (scanners), Syntax analysis (parsers), Formal language theory, Automata theory, Computability theory, Complexity theory, Programming language semantics, Models of computation"
Georgia Institute of Technology,gatech.edu,Software Engineering,CS 3251,Computer Networking I,"Introduction to problems in computer networking, including error recovery, medium access, routing, flow control, and transport. Emphasis on current best practice.  Includes programming of networked applications.",3,Undergraduate,https://catalog.gatech.edu/coursesaz/cs/,"error recovery, medium access, routing, flow control, transport, network programming"
Georgia Institute of Technology,gatech.edu,Software Engineering,CS 3300,Introduction to Software Engineering,Team-based project class to introduce and apply software engineering principles and practices.,3,Undergraduate,https://catalog.gatech.edu/coursesaz/cs/,"Team Collaboration, Software Engineering"
Georgia Institute of Technology,gatech.edu,Software Engineering,CS 3311,Part 1 of a 2 semester project design and implementation sequence conjoined with Tech Communications,"Part 1 of a 2 semester project design and implementation sequence conjoined with Technical Communications. Prepare requirements, design and project plans.  Develop a basic prototype of the desired system. Project is completed in CS 3312 -Project Implementation. Credit will not be awared for CS 3311 and CS 4911 .",1,Undergraduate,https://catalog.gatech.edu/coursesaz/cs/,"Requirements analysis, System design, Project planning, Prototyping, Technical communication, Technical writing, Oral presentations"
Georgia Institute of Technology,gatech.edu,Software Engineering,CS 3312,Project Implementation,The second part of a 2 semester project design and implementation sequence conjoined with Technical Communications. Implement a project designed in CS 3311 . Credit will not be awarded for CS 3312 and CS 4911 .,2,Undergraduate,https://catalog.gatech.edu/coursesaz/cs/,"Software Engineering, Project Management, Technical Writing, Oral Presentations"
Georgia Institute of Technology,gatech.edu,Software Engineering,CS 3451,Computer Graphics,"Geometric constuctions; transformations; perception; reflection models; photorealistic; non-photorealistic, and image-based rendering; rendering software and API's; triangle-mesh processing; graphic acceleration; user-interaction, design and animation.",3,Undergraduate,https://catalog.gatech.edu/coursesaz/cs/,"Geometric Modeling, Geometric Transformations, Visual Perception, Reflection Models, Photorealistic Rendering, Non-Photorealistic Rendering, Image-Based Rendering, Rendering APIs, Triangle Mesh Processing, Graphics Acceleration, User Interaction, Human-Computer Interaction (HCI), Computer Animation"
Georgia Institute of Technology,gatech.edu,Software Engineering,CS 3510,Design and Analysis of Algorithms,Basic techniques of design and analysis of efficient algorithms for standard computational problems. NP-Completeness.  Credit not allowed for both CS 3510 and CS 3511 .,3,Undergraduate,https://catalog.gatech.edu/coursesaz/cs/,"Algorithm design, Algorithm analysis, NP-Completeness"
Georgia Institute of Technology,gatech.edu,Software Engineering,CS 3511,"Design and Analysis of Algorithms, Honors",Techniques of design and analysis of efficient algorithms for standard computational problems.  NP-Completeness Project.  Credit not allowed for both CS 3511 and CS 3510 .,3,Undergraduate,https://catalog.gatech.edu/coursesaz/cs/,"Algorithm Design, Algorithm Analysis, NP-Completeness"
Georgia Institute of Technology,gatech.edu,Software Engineering,CS 3600,Introduction to Artificial Intelligence,"An introduction to artificial intelligence and machine learning. Topics include intelligent system design methodologies, search and problem solving, supervised and reinforced learning.",3,Undergraduate,https://catalog.gatech.edu/coursesaz/cs/,"Artificial Intelligence, Machine Learning, Intelligent System Design, Search Algorithms, Problem Solving, Supervised Learning, Reinforcement Learning"
Georgia Institute of Technology,gatech.edu,Software Engineering,CS 3630,Introduction to Perception and Robotics,Covers fundamental problems and leading solutions for computer and robot perception and action from the point of view of autonomous robot navigation.,3,Undergraduate,https://catalog.gatech.edu/coursesaz/cs/,"Computer Vision, Robot Perception, Robot Action, Autonomous Robot Navigation, SLAM, Path Planning, Motion Planning, Sensor Fusion, Localization, Mapping, Control Systems"
Georgia Institute of Technology,gatech.edu,Software Engineering,CS 3651,Prototyping Intelligent Devices,Hands-on course teaching the fundamentals of electronics of electrical and mechanical prototyping.,4,Undergraduate,https://catalog.gatech.edu/coursesaz/cs/,"Electronics, Electrical Engineering, Mechanical Prototyping"
Georgia Institute of Technology,gatech.edu,Software Engineering,CS 3743,Analysis of Emerging Technologies,"Analysis of emerging technologies and their impacts for firm practice, market practice, policy, and society. Credit not allowed for both CS 3743 and MGT 3743 or ME 3743 .",3,Undergraduate,https://catalog.gatech.edu/coursesaz/cs/,"Technology impact analysis, Policy analysis, Market analysis, Societal impact analysis, Emerging technology evaluation, Technology forecasting"
Georgia Institute of Technology,gatech.edu,Software Engineering,CS 3744,"Managing Product, Service & Technology Development",Analysis of the managerial challenges of the product development process.,3,Undergraduate,https://catalog.gatech.edu/coursesaz/cs/,"Product Management, Process Analysis"
Georgia Institute of Technology,gatech.edu,Software Engineering,CS 3750,Human Computer Interface Design and Evaluation,Human computer interface is considered in terms of user-system compatibility. Concepts in human factors and interface design are covered in relation to capabilities of both humans and computers. Crosslisted with PSYC 3750 .,3,Undergraduate,https://catalog.gatech.edu/coursesaz/cs/,"Human-Computer Interaction, User Interface Design, Human Factors, Interface Design"
Georgia Institute of Technology,gatech.edu,Software Engineering,CS 3751,Introduction to User Interface Design,Describes the characteristics of interaction between humans and computers and demonstrates techniques for the design and evaluation of user interfaces and computational systems.,3,Undergraduate,https://catalog.gatech.edu/coursesaz/cs/,"Human-Computer Interaction (HCI), UI/UX Design, User Interface Design, Interaction Design, Usability Evaluation, System Evaluation"
Georgia Institute of Technology,gatech.edu,Software Engineering,CS 3790,Introduction to Cognitive Science,"Multidisciplinary perspectives on cognitive science. Interdisciplinary approaches to issues in cognition, including memory, language, problem solving, learning, perception, and action. Crosslisted with PST, PSYC, and ISYE 3790 .",3,Undergraduate,https://catalog.gatech.edu/coursesaz/cs/,"Cognitive Science, Memory Modeling, Computational Linguistics, Problem Solving Algorithms, Machine Learning, Perception Modeling, Human-Computer Interaction, Systems Engineering, Industrial Engineering, Behavioral Psychology, Cognitive Modeling"
Georgia Institute of Technology,gatech.edu,Software Engineering,CS 4001,"Computing, Society, and Professionalism","Examines the role and impact of information and communication technology in society, with emphasis on ethical, professional, and public policy issues. Credit not allowed for both CS 4001 and 4002 .",3,Undergraduate,https://catalog.gatech.edu/coursesaz/cs/,"Tech Ethics, Professional Ethics, Public Policy, Technology Policy, Social Impact of Technology"
Georgia Institute of Technology,gatech.edu,Software Engineering,CS 4002,Robots and Society,"Examines the role and impact of robotics, distributed sensing and actuation, ubiquitous computing and related technology in society, emphasizing ethical, professional and public policy issues. Credit not allowed for both CS 4001 and 4002 .",3,Undergraduate,https://catalog.gatech.edu/coursesaz/cs/,"Robotics, Distributed Sensing, Actuation, Ubiquitous Computing, Tech Ethics"
Georgia Institute of Technology,gatech.edu,Software Engineering,CS 4003,"AI, Ethics, and Society",This course covers various Artificial Intelligence and bias mitigation techniques that can be used to counterbalance the potential misuse and abuse of learning from data.,3,Undergraduate,https://catalog.gatech.edu/coursesaz/cs/,"Artificial Intelligence, Bias Mitigation"
Georgia Institute of Technology,gatech.edu,Software Engineering,CS 4010,Introduction to Computer Law,"Provides an introduction to copyrights, patents, trade secrets, trademarks, and commercial law pertaining to computer software and hardware.",3,Undergraduate,https://catalog.gatech.edu/coursesaz/cs/,"Intellectual Property (IP), Patent Law, Copyright Law, Trade Secret Law, Trademark Law, Commercial Law"
Georgia Institute of Technology,gatech.edu,Software Engineering,CS 4052,Systems Analysis and Design,An introductory course on the development life cycle of business information systems.  It covers analysis and design tools and methodology.  Credit not allowed for both CS 4052 and MGT 4045 .,3,Undergraduate,https://catalog.gatech.edu/coursesaz/cs/,"Systems Analysis, Systems Design, Software Development Life Cycle (SDLC), Business Information Systems, Requirements Analysis, Methodology Design"
Georgia Institute of Technology,gatech.edu,Software Engineering,CS 4057,Business Process Analysis and Design,Business processes are the mechanisms by which work is organized and performed. This course covers the analysis of business technology. Credit will not be awarded for both CS 4057 and MGT 4057 .,3,Undergraduate,https://catalog.gatech.edu/coursesaz/cs/,"Business Process Analysis, Business Technology Analysis"
Georgia Institute of Technology,gatech.edu,Software Engineering,CS 4117,Introduction to Malware Reverse Engineering,"This course exposes students to an immersive, hands-on experience in the dissection and analysis of the code, structure, and functionality of malicious software.",4,Undergraduate,https://catalog.gatech.edu/coursesaz/cs/,"Malware analysis, Reverse engineering, Static analysis, Dynamic analysis, Disassembly, Debugging, Assembly language, Binary analysis, Threat intelligence, Sandboxing, YARA rules, Indicators of compromise extraction, Memory forensics, Packer detection, Obfuscation techniques, API monitoring, Behavioral analysis"
Georgia Institute of Technology,gatech.edu,Software Engineering,CS 4210,Advanced Operating Systems,"Operating system abstractions and their implementations, multi-threading, efficient inter-address communication, high-level synchronization, introduction to multi-processor and distributed operating systems, real-time systems. Credit is not awarded for both CS 4210 and CS 6210 .",3,Undergraduate,https://catalog.gatech.edu/coursesaz/cs/,"Operating system abstractions, Operating system implementations, Multi-threading, Inter-address communication, High-level synchronization, Multi-processor operating systems, Distributed operating systems, Real-time systems"
Georgia Institute of Technology,gatech.edu,Software Engineering,CS 4220,Programming Embedded Systems,"Design principles, programming techniques, and case studies of embedded real-time systems.  Interface techniques and devices.  Representations and reasoning about physical processes.Credit not awarded for both CS 4220 and CS 6235 .",3,Undergraduate,https://catalog.gatech.edu/coursesaz/cs/,"Embedded Systems, Real-Time Systems, Interface Techniques, Device Drivers, Physical Process Modeling, Simulation"
Georgia Institute of Technology,gatech.edu,Software Engineering,CS 4233,Parallel Computer Architecture,"The objective of this course is to develop an in-depth understanding of the design, implementation, and evaluation of modern parallel computers.  Credit not allowed for both CS 4233 and CS 7110 .",3,Undergraduate,https://catalog.gatech.edu/coursesaz/cs/,"Parallel Computing, Computer Architecture, System Design, Performance Evaluation"
Georgia Institute of Technology,gatech.edu,Software Engineering,CS 4235,Introduction to Information Security,"Terms/concepts, threats, controls; problem definition; comprehensive information security model; security for operating systems, databases, network/distributed systems; administering security; legal/ethical/policy issues.  Credit not allowed for both CS 4235 and CS 6035 .",3,Undergraduate,https://catalog.gatech.edu/coursesaz/cs/,"Information Security, Threat Analysis, Security Controls, Problem Definition, Information Security Models, Operating System Security, Database Security, Network Security, Distributed Systems Security, Security Administration, Tech Ethics, Cybersecurity Law, Cybersecurity Policy"
Georgia Institute of Technology,gatech.edu,Software Engineering,CS 4237,Computer and Network Security,"Fundamental concepts and principles of computer security, operating system and database security, secret key and public key cryptographic algorithms, hash functions, authentication, firewalls and intrusion detection systems, IPSec ad VPN, and wireless security.",3,Undergraduate,https://catalog.gatech.edu/coursesaz/cs/,"Computer Security, Operating System Security, Database Security, Secret Key Cryptography, Public Key Cryptography, Hash Functions, Authentication, Firewalls, Intrusion Detection Systems, IPSec, VPN, Wireless Security"
Georgia Institute of Technology,gatech.edu,Software Engineering,CS 4238,Computer Systems Security,"Trusted computing base, hardware support for protection and virtualization, authentication, access control and authorization, discretionary and mandatory security policies, secure kernel design, and secure databases. Students cannot receive credit for CS 4238 and CS 6238 .",3,Undergraduate,https://catalog.gatech.edu/coursesaz/cs/,"Trusted Computing Base, Hardware-assisted Virtualization, Authentication, Access Control, Authorization, Discretionary Access Control, Mandatory Access Control, Secure Kernel Design, Database Security"
Georgia Institute of Technology,gatech.edu,Software Engineering,CS 4239,Enterprise Cybersecurity Management,"The duties and concerns of an enterprise Chief Information Security Officer including strategy, cybersecurity operations, risk management, and governance.",3,Undergraduate,https://catalog.gatech.edu/coursesaz/cs/,"Cybersecurity Operations, Risk Management, Information Security Strategy, Security Governance"
Georgia Institute of Technology,gatech.edu,Software Engineering,CS 4240,"Compilers, Interpreters, and Program Analyzers","Study of techniques for the design and implementation of compilers, interpreters, and program analyzers, with consideration of the particular characteristics of widely used programming languages.",3,Undergraduate,https://catalog.gatech.edu/coursesaz/cs/,"Compiler Design, Interpreter Design, Program Analysis, Lexical Analysis, Parsing, Syntax Analysis, Semantic Analysis, Code Generation, Optimization, Abstract Syntax Trees, Formal Grammars, Automata Theory, LL Parsing, LR Parsing, Register Allocation, Data Flow Analysis, Type Checking, Symbol Table Management, Intermediate Representation, Just-In-Time Compilation, Garbage Collection, Language Semantics"
Georgia Institute of Technology,gatech.edu,Software Engineering,CS 4243,Cyber Warfare,This course provides students with a framework for understanding cyber warfare from a technological and political standpoint.,3,Undergraduate,https://catalog.gatech.edu/coursesaz/cs/,"Cyber Warfare, Cybersecurity, Cyber Policy"
Georgia Institute of Technology,gatech.edu,Software Engineering,CS 4245,Introduction to Data Mining and Analysis,"Computational techniques for analysis of large, complex datasets, covering fundamental aspects as well as modern data mining and analysis techniques. Cross-listed with ISYE 4245.",3,Undergraduate,https://catalog.gatech.edu/coursesaz/cs/,"Data Mining, Data Analysis, Big Data Analysis, Computational Analysis"
Georgia Institute of Technology,gatech.edu,Software Engineering,CS 4251,Computer Networking II,"Principles of computer networks, including medium access, ARQ protocols, routing, congestion avoidance, and control. Emphasis on design options and tradeoffs. Includes significant network application programming.",3,Undergraduate,https://catalog.gatech.edu/coursesaz/cs/,"Computer Networks, Medium Access, ARQ Protocols, Routing, Congestion Avoidance, Congestion Control, Network Design, Network Application Programming"
Georgia Institute of Technology,gatech.edu,Software Engineering,CS 4255,Introduction to Network Management,Introduction to SNMP-based network management.  Practical application to network and system management including hands-on lab practice.,3,Undergraduate,https://catalog.gatech.edu/coursesaz/cs/,"SNMP, network management, system management"
Georgia Institute of Technology,gatech.edu,Software Engineering,CS 4261,Mobile Applications and Services for Converged Networks,This course provides an introduction to mobile applications and services with an emphasis on voice and data service integration in modern commercial networks.,3,Undergraduate,https://catalog.gatech.edu/coursesaz/cs/,"Mobile application development, Voice over IP (VoIP), Data service integration, Telecommunications network protocols, 4G/5G networks, LTE, SIP (Session Initiation Protocol), RAN (Radio Access Network), Core network, Mobile services architecture, Network integration, Wireless communications, Mobile networking, API integration, Commercial network design"
Georgia Institute of Technology,gatech.edu,Software Engineering,CS 4262,Network Security,"Fundamental concepts of network information security, including applied cryptography, secure access methods, and vulnerabilities in network protocols and network applications. Students cannot receive credit for CS 4262 and CS 6262 .",3,Undergraduate,https://catalog.gatech.edu/coursesaz/cs/,"Network Security, Applied Cryptography, Secure Access Methods, Network Protocols, Network Protocol Vulnerabilities, Network Application Security"
Georgia Institute of Technology,gatech.edu,Software Engineering,CS 4263,Psychology of Cybersecurity,This course will explore psychological processes relevant to cybersecurity. Students will gain an appreciation for psychological influence factors inherent in the current cyberspace environment.,3,Undergraduate,https://catalog.gatech.edu/coursesaz/cs/,"Cybersecurity, Social Engineering, Human Factors in Cybersecurity, Behavioral Cybersecurity"
Georgia Institute of Technology,gatech.edu,Software Engineering,CS 4265,Technical Introduction to Blockchain and Cryptocurrencies,"Undergraduate Introduction to Blockchain and cryptocurrencies, building on formal crypto and distributed systems.  Cover fundamental and practical aspects.  Includes programming projects and a report.",3,Undergraduate,https://catalog.gatech.edu/coursesaz/cs/,"Blockchain, Cryptocurrencies, Cryptography, Distributed systems, Technical writing"
Georgia Institute of Technology,gatech.edu,Software Engineering,CS 4267,Critical Infrastructures Security and Resilience,Critical infrastructures are large cyber-physical networks essential to the well-being of the societies they serve. We study their resilience and security against a range of disruptions.,3,Undergraduate,https://catalog.gatech.edu/coursesaz/cs/,"Cyber-Physical Systems, Critical Infrastructure Analysis, Resilience Engineering, Security Assessment, Threat Modeling, Risk Analysis, Network Security, Disruption Modeling, Simulation"
Georgia Institute of Technology,gatech.edu,Software Engineering,CS 4270,Data Communications Laboratory,"Detailed study of the principles of data transmission systems and their performance, reinforced by laboratory exercises.",3,Undergraduate,https://catalog.gatech.edu/coursesaz/cs/,"Data Transmission Systems, Communication Theory, Modulation Techniques, Error Control Coding, Network Performance Analysis, Signal Processing, Laboratory Measurement Techniques"
Georgia Institute of Technology,gatech.edu,Software Engineering,CS 4290,Advanced Computer Organization,"Topics concerning the hardware design of computer systems. Advanced techniques in high-performance pipelined central processing units. Memory and I/O systems. Parallel processors including shared-memory multiprocessors and cluster computers.  Credit is not allowed for both CS 4290 and any of the following courses: CS 6290 , ECE 4100 , ECE 6100 .",3,Undergraduate,https://catalog.gatech.edu/coursesaz/cs/,"Hardware Design, Computer Architecture, Pipelining, CPU Design, High-Performance Computing, Memory Systems, I/O Systems, Parallel Processing, Shared-Memory Multiprocessors, Cluster Computing"
Georgia Institute of Technology,gatech.edu,Software Engineering,CS 4320,Introduction to Software Processes,The course will provide students with an overall context in which software systems are developed from the viewpoint of processes that support development.  Software engineering is described as the set of activities developers engage in to create high-quality products within schedule and budget constraints.,3,Undergraduate,https://catalog.gatech.edu/coursesaz/cs/,"Software Engineering, Software Development Processes, Software Development Life Cycle (SDLC), Software Quality Assurance, Software Project Management"
Georgia Institute of Technology,gatech.edu,Software Engineering,CS 4330,Software Engineering Applications,"Software engineering methods specific to classes of applications or systems, including information systems and embedded, real-time systems.",3,Undergraduate,https://catalog.gatech.edu/coursesaz/cs/,"Software Engineering, Information Systems, Embedded Systems, Real-Time Systems"
Georgia Institute of Technology,gatech.edu,Software Engineering,CS 4342,"Software Generation, Testing, and Maintenance","Methods and principles for program generation, testing, and managing the evolution of software systems.",3,Undergraduate,https://catalog.gatech.edu/coursesaz/cs/,"Program Generation, Software Testing, Software Evolution Management"
Georgia Institute of Technology,gatech.edu,Software Engineering,CS 4392,Programming Languages,"Fundamentals of programming language design and theory. Topics include formal semantics and type systems for imperative, functional, and parallel languages; lambda calculus and its variants; the Curry-Howard Correspondence; techniques for proving language properties and verifying program specifications.",3,Undergraduate,https://catalog.gatech.edu/coursesaz/cs/,"formal semantics, type systems, imperative languages, functional languages, parallel languages, lambda calculus, Curry-Howard Correspondence, proving language properties, verifying program specifications"
Georgia Institute of Technology,gatech.edu,Software Engineering,CS 4400,Introduction to Database Systems,"Comprehensive coverage of mainstream database concepts such as the entity-relationship model, relational databases, query languages, and database design methodology. Includes a project.  Credit not allowed for both CS 4400 and CS 6402 .",3,Undergraduate,https://catalog.gatech.edu/coursesaz/cs/,"Entity-Relationship Modeling, Relational Databases, Query Languages, Database Design, Databases"
Georgia Institute of Technology,gatech.edu,Software Engineering,CS 4420,Database System Implementation,"Study of fundamental software components/algorithms of a database system, including the file manager, query engine, lock manager, and recovery manager.  Includes a project component.  Credit not allowed for both CS 4420 and CS 6422 .",3,Undergraduate,https://catalog.gatech.edu/coursesaz/cs/,"Databases, Database Internals, Algorithms, File Systems, Query Engines, Query Optimization, Concurrency Control, Transaction Management, Database Recovery, Fault Tolerance"
Georgia Institute of Technology,gatech.edu,Software Engineering,CS 4423,Advanced Database System Implementation,"Study of advanced topics in implementing a database system, including the query optimizer, concurrency control and recovery protocols. Includes a project component.",3,Undergraduate,https://catalog.gatech.edu/coursesaz/cs/,"Query optimizer, Concurrency control, Recovery protocols, Database system implementation"
Georgia Institute of Technology,gatech.edu,Software Engineering,CS 4432,Information Systems Design,"The analysis, design, and implementation of information systems.  Topics include requirements analysis, design representations, implementation techniques, and evaluation of systems.",3,Undergraduate,https://catalog.gatech.edu/coursesaz/cs/,"Requirements Analysis, Design Representations, Implementation Techniques, Systems Evaluation"
Georgia Institute of Technology,gatech.edu,Software Engineering,CS 4440,Emerging Database Technologies and Applications,"The course will cover current developments including distributed, object-oriented, temporal-spatial, Web-based, mobile, and active database technologies, and data warehousing and mining applications.",3,Undergraduate,https://catalog.gatech.edu/coursesaz/cs/,"Distributed Systems, Object-Oriented Programming, Temporal-Spatial Databases, Web Development, Mobile Development, Active Databases, Data Warehousing, Data Mining"
Georgia Institute of Technology,gatech.edu,Software Engineering,CS 4452,Human-Centered Computing Concepts,Introduction to programming and human-centered principles of computing based on a communications and media computation context. Introduces user interface programming. Credit not awarded for both CS 4452 and CS 1315 .,3,Undergraduate,https://catalog.gatech.edu/coursesaz/cs/,"Human-Computer Interaction (HCI), UI/UX Design, Media Computation"
Georgia Institute of Technology,gatech.edu,Software Engineering,CS 4455,Video Game Design and Programming,"Techniques for electronic game design and programming, including graphics game engines, motion generation, behavioral control for autonomous characters, interaction structure, social and interface issues of multi-user play, and the business aspects of game development.  Credit not allowed for both CS 4455 and CS 6457 .",3,Undergraduate,https://catalog.gatech.edu/coursesaz/cs/,"Game Design, Game Programming, Game Engines, Computer Graphics, Motion Generation, Behavioral Control, Autonomous Characters, Interaction Design, UI/UX Design, Multi-user Interaction, Game Development Business, Product Management"
Georgia Institute of Technology,gatech.edu,Software Engineering,CS 4460,Introduction to Information Visualization,"Introduction to principles and techniques of information visualization, the presentation of primarily abstract data to help people understand, analyze and make sense of data. Students cannot receive credit for both CS 4460 and CS 6730 .",3,Undergraduate,https://catalog.gatech.edu/coursesaz/cs/,"Information Visualization, Data Visualization, Data Analysis, Visual Analytics, Human-Computer Interaction (HCI)"
Georgia Institute of Technology,gatech.edu,Software Engineering,CS 4460R,CS 4460 Recitation,This recitation supports the information visualization ( CS 4460 ) course. Sessions will focus on introducing students to technical work with visualization programming languages and grammars important to the course.,0,Undergraduate,https://catalog.gatech.edu/coursesaz/cs/,"D3.js, Vega-Lite, Processing, ggplot2, Grammar of Graphics"
Georgia Institute of Technology,gatech.edu,Software Engineering,CS 4470,Introduction to User Interface Software,"Concepts, techniques, structures, and strategies for implementation of interactive software. Credit not awarded for both CS 4470 and CS 6456 .",3,Undergraduate,https://catalog.gatech.edu/coursesaz/cs/,"UI/UX Design, Human-Computer Interaction (HCI), Software Architecture, Interaction Design"
Georgia Institute of Technology,gatech.edu,Software Engineering,CS 4472,Design of Online Communities,Introduction to the design of online communities.  Students study an existing community in depth.  Credit not allowed for both CS 4472 and CS 6470 .,3,Undergraduate,https://catalog.gatech.edu/coursesaz/cs/,"User Experience Design, Human-Computer Interaction, Online Community Design, Community Analysis, Social Network Analysis, Qualitative Research Methods, Ethnographic Research, Product Management for Online Communities"
Georgia Institute of Technology,gatech.edu,Software Engineering,CS 4475,Computational Photography,"An introductory course on the scientific, technical, perceptual, and aesthetic principles of pictures. Emphasis is on the techniques of image formation, analysis, merging, modification and their use for depiction of reality on a 2D medium of photographs.",3,Undergraduate,https://catalog.gatech.edu/coursesaz/cs/,"Image Analysis, Image Processing, Image Formation, Signal Processing, Digital Image Manipulation"
Georgia Institute of Technology,gatech.edu,Software Engineering,CS 4476,Introduction to Computer Vision,"Introduction to computer vision including fundamentals of image formation, camera imaging geometry, feature detection and matching, stereo, motion estimation and tracking, image classification and scene understanding. Credit will not be awarded for both CS 4476 and CS 4495 or CS 6476 .",3,Undergraduate,https://catalog.gatech.edu/coursesaz/cs/,"Computer Vision, Image Formation, Camera Imaging Geometry, Feature Detection, Feature Matching, Stereo Vision, Motion Estimation, Object Tracking, Image Classification, Scene Understanding"
Georgia Institute of Technology,gatech.edu,Software Engineering,CS 4480,Digital Video Special Effects,A study of digital multimedia and the analysis and synthesis of digital video.  Special attention paid to techniques for generating video special effects.,3,Undergraduate,https://catalog.gatech.edu/coursesaz/cs/,"Video Processing, Video Analysis, Video Synthesis, Special Effects Generation, Computer Graphics, Visual Effects (VFX), Compositing, Motion Tracking, 3D Modeling, Rendering, Signal Processing, Multimedia Systems"
Georgia Institute of Technology,gatech.edu,Software Engineering,CS 4488,Procedural Content Generation,"Students will learn algorithmic techniques for creating geometric models and images that can be used for games, feature films or virtual reality.",3,Undergraduate,https://catalog.gatech.edu/coursesaz/cs/,"Algorithmic techniques, Geometric modeling, Image synthesis, Computer graphics, Virtual reality development, Game development, Feature film production"
Georgia Institute of Technology,gatech.edu,Software Engineering,CS 4495,Computer Vision,An introduction to computer vision and machine perception. An intensive study of the process of generating a symbolic description of the scene by interpretation of images(s).,3,Undergraduate,https://catalog.gatech.edu/coursesaz/cs/,"Computer Vision, Machine Perception, Image Interpretation, Symbolic Description Generation, Image Processing, Pattern Recognition, Feature Extraction, Scene Understanding"
Georgia Institute of Technology,gatech.edu,Software Engineering,CS 4496,Computer Animation,"Motion techniques for computer animation and interactive games (keyframing, procedural methods, motion capture, and simulation) and principles for storytelling, composition, lighting, and interactivity.",3,Undergraduate,https://catalog.gatech.edu/coursesaz/cs/,"keyframing, procedural methods, motion capture, simulation, interactivity"
Georgia Institute of Technology,gatech.edu,Software Engineering,CS 4497,Computational Aesthetics,"Aesthetics plays a key role in society and economy.  Students will invent and test beautification algorithms for colors, music, and animations and more.",3,Undergraduate,https://catalog.gatech.edu/coursesaz/cs/,"Algorithms, Algorithm Design, Computational Aesthetics, Computer Animation, Digital Image Processing, Digital Audio Processing"
Georgia Institute of Technology,gatech.edu,Software Engineering,CS 4510,Automata and Complexity Theory,"Computational machine models and their language classes. Undecidability. Resource-bounded computations. Central complexity-theoretic concepts such as complexity classes, reducibility and completeness.",3,Undergraduate,https://catalog.gatech.edu/coursesaz/cs/,"Automata Theory, Formal Languages, Turing Machines, Computability Theory, Undecidability, Computational Complexity Theory, Complexity Classes, Reducibility, Completeness"
Georgia Institute of Technology,gatech.edu,Software Engineering,CS 4520,Approximation Algorithms,"Approximation algorithms for NP-hard optimization problems, design and analysis techniques for such algorithms.  Credit not allowed for both CS 4520 and CS 7520 .",3,Undergraduate,https://catalog.gatech.edu/coursesaz/cs/,"Approximation algorithms, NP-hard optimization problems, Algorithm design, Algorithm analysis"
Georgia Institute of Technology,gatech.edu,Software Engineering,CS 4530,Randomized Algorithms,"Efficient randomized algorithms with improved performance over deterministic algorithms, or for NP-hard optimization problems, design and analysis techniques for such algorithms.  Credit not allowed for both CS 4530 and CS 7530 .",3,Undergraduate,https://catalog.gatech.edu/coursesaz/cs/,"Randomized algorithms, Algorithm design, Algorithm analysis, NP-hard optimization, Design techniques, Analysis techniques"
Georgia Institute of Technology,gatech.edu,Software Engineering,CS 4540,Advanced Algorithms,"Advanced techniques for designing and analyzing efficient algorithms for combinatorial, algebraic, and number theoretic problems.  Credit not allowed for both CS 4540 and CS 6505 or CS 4540 and CS 6515 .",3,Undergraduate,https://catalog.gatech.edu/coursesaz/cs/,"Algorithm Design, Algorithm Analysis, Combinatorial Algorithms, Algebraic Algorithms, Number Theoretic Algorithms, Efficient Algorithms"
Georgia Institute of Technology,gatech.edu,Software Engineering,CS 4550,Scientific Data Processing and Visualization,"Foundations and algorithms underlying the development and application of tools for the efficient transmission, analysis, filtering, and visualization of large scientific data sets.",3,Undergraduate,https://catalog.gatech.edu/coursesaz/cs/,"Algorithms, Data Transmission, Data Analysis, Data Filtering, Data Visualization, Scientific Data Processing, Big Data, Scientific Computing, Signal Processing"
Georgia Institute of Technology,gatech.edu,Software Engineering,CS 4560,Verification of Systems,"Technique for verifying, validating and testing software and hardware systems. Topics covered will include modeling, abstraction methods, evaluation and certification, and computer-aided verification methods.",3,Undergraduate,https://catalog.gatech.edu/coursesaz/cs/,"Software Verification, Software Validation, Software Testing, Hardware Verification, Hardware Validation, Hardware Testing, Modeling, Abstraction Methods, Computer-Aided Verification, Evaluation and Certification"
Georgia Institute of Technology,gatech.edu,Software Engineering,CS 4590,Principles and Applications of Computer Audio,"A well-rounded exploration of digital audio and its importance in current research and applications. Exposes students to the principles, technology, and current research of computer audio.",3,Undergraduate,https://catalog.gatech.edu/coursesaz/cs/,"Digital Audio, Computer Audio, Research Methods"
Georgia Institute of Technology,gatech.edu,Software Engineering,CS 4605,Mobile and Ubiquitous Computing,Investigates the infrastructure required to develop mobile and ubiquitous computing applications and establishes major research themes and experimental practices.Credit not awarded for both CS 4605 and CS 7470 .,3,Undergraduate,https://catalog.gatech.edu/coursesaz/cs/,"Mobile Application Development, Ubiquitous Computing, Infrastructure Development, Research Themes, Experimental Practices"
Georgia Institute of Technology,gatech.edu,Software Engineering,CS 4611,Artificial Intelligence Problem Solving,"Basic concepts and methods of AI problem solving, knowledge representation, reasoning, and learning.",3,Undergraduate,https://catalog.gatech.edu/coursesaz/cs/,"AI problem solving, knowledge representation, reasoning, machine learning"
Georgia Institute of Technology,gatech.edu,Software Engineering,CS 4613,Knowledge Systems Engineering,Techniques for constructing large knowledge-based systems. Advanced symbolic AI techniques. Constraint systems.,3,Undergraduate,https://catalog.gatech.edu/coursesaz/cs/,"Knowledge-based systems, Symbolic AI, Constraint systems"
Georgia Institute of Technology,gatech.edu,Software Engineering,CS 4615,Knowledge-Based Modeling and Design,"Information-processing theories of modeling and design; topics include design decision-making, problem-solving and learning, and knowledge-based modeling and design.",3,Undergraduate,https://catalog.gatech.edu/coursesaz/cs/,"design decision-making, problem-solving, learning, knowledge-based modeling, knowledge-based design"
Georgia Institute of Technology,gatech.edu,Software Engineering,CS 4616,Pattern Recognition,"An introductory course on pattern classification and decision problems with applications to character recognition, image analysis, and speech recognition.",3,Undergraduate,https://catalog.gatech.edu/coursesaz/cs/,"Pattern Classification, Decision Theory, Character Recognition, Image Analysis, Speech Recognition, Machine Learning, Computer Vision, Natural Language Processing (NLP)"
Georgia Institute of Technology,gatech.edu,Software Engineering,CS 4622,Case-Based Reasoning,"Based on human problem-solving, CBR has had many successes in industry and research.  Topics include case representation, indexing and retrieval, similarity assessment, adaptation, learning.  Credit not allowed for both CS 4622 and CS 7620 .",3,Undergraduate,https://catalog.gatech.edu/coursesaz/cs/,"Case-Based Reasoning, Case Representation, Indexing, Information Retrieval, Similarity Assessment, Machine Learning, Research Methods"
Georgia Institute of Technology,gatech.edu,Software Engineering,CS 4625,Intelligent and Interactive Systems,Explores how human-computer interaction and machine learning can interact to create personalized information environments. Emphasis on current research efforts from both fields.,3,Undergraduate,https://catalog.gatech.edu/coursesaz/cs/,"Human-Computer Interaction, Machine Learning, Research Methods"
Georgia Institute of Technology,gatech.edu,Software Engineering,CS 4632,Advanced Intelligent Robotics,Hands-on course in which students program autonomous mobile robots and solve complex tasks for robot teams.,3,Undergraduate,https://catalog.gatech.edu/coursesaz/cs/,"Autonomous mobile robot programming, Robotics, Multi-robot coordination, Robot Operating System (ROS), Sensor integration, Control algorithms, Path planning, SLAM, Embedded systems, C++, Python"
Georgia Institute of Technology,gatech.edu,Software Engineering,CS 4635,Knowledge-Based Artificial Intelligence,"Structured knowledge representation; knowledge-based methods of reasoning and learning; problem-solving, modeling and design.",3,Undergraduate,https://catalog.gatech.edu/coursesaz/cs/,"Structured Knowledge Representation, Knowledge-Based Reasoning, Knowledge-Based Learning, Problem Solving, Modeling, Design"
Georgia Institute of Technology,gatech.edu,Software Engineering,CS 4641,Machine Learning,"Machine learning techniques and applications. Topics include foundational issues; inductive, analytical, numerical, and theoretical approaches; and real-world applications. Credit not awarded for both CS 4641 and CS 7641 / CSE 6740 / ISYE 6740 / ECE 4252 .",3,Undergraduate,https://catalog.gatech.edu/coursesaz/cs/,"Machine Learning, Inductive Learning, Analytical Methods, Numerical Methods, Theoretical Methods"
Georgia Institute of Technology,gatech.edu,Software Engineering,CS 4644,Deep Learning,"This course will cover the fundamental underpinnings and practice of deep learning, including neural network architectures, optimization algorithms, and applications to perception and Artificial Intelligence.",3,Undergraduate,https://catalog.gatech.edu/coursesaz/cs/,"Deep Learning, Neural Network Architectures, Optimization Algorithms, Artificial Intelligence, Perception (AI)"
Georgia Institute of Technology,gatech.edu,Software Engineering,CS 4646,Machine Learning for Trading,This course introduces students to the real world challenges of implementing machine learning based strategies including the algorithmic steps from information gathering to market orders.Credit not awarded for both CS 4646 and CS 7646 .,3,Undergraduate,https://catalog.gatech.edu/coursesaz/cs/,"Machine Learning, Algorithmic Trading, Algorithms, Information Gathering, Financial Modeling"
Georgia Institute of Technology,gatech.edu,Software Engineering,CS 4649,Robot Intelli Planning,"We investigate algorithms for robots and complex systems that make intelligent decisions.  Emphasis on the theoretical and empirical properties of classical, geometric, stochastic/dynamic planning.",3,Undergraduate,https://catalog.gatech.edu/coursesaz/cs/,"Algorithms, Robotics, Complex Systems, Intelligent Decision Making, Classical Planning, Geometric Planning, Stochastic Planning, Dynamic Planning, Theoretical Analysis, Empirical Analysis"
Georgia Institute of Technology,gatech.edu,Software Engineering,CS 4650,Natural Language Understanding,"Methodologies for designing systems that comprehend natural language. Topics include lexical analysis, parsing, interpretation of sentences, semantic representation, organization of knowledge, and inference mechanisms.  Credit not allowed for both CS 4650 and CS 7650 .",3,Undergraduate,https://catalog.gatech.edu/coursesaz/cs/,"Lexical analysis, Parsing, Sentence interpretation, Semantic representation, Knowledge organization, Inference mechanisms"
Georgia Institute of Technology,gatech.edu,Software Engineering,CS 4660,Introduction to Educational Technology,"Introduction to the theory and practice of educational technology. Covers learning theory applicable to educational technology, explains major research findings. Credit not awarded for both CS 4660 and CS 6460 .",3,Undergraduate,https://catalog.gatech.edu/coursesaz/cs/,"Educational Technology, Learning Theory, Research Methods"
Georgia Institute of Technology,gatech.edu,Software Engineering,CS 4670,Computer-Supported Collaborative Learning,"Research and practice in computer-supported collaborative learning. Review of existing systems and research, as well as evaluation and design methods.",3,Undergraduate,https://catalog.gatech.edu/coursesaz/cs/,"Computer-Supported Collaborative Learning (CSCL), Human-Computer Interaction (HCI), Research Methods, UI/UX Design, User Research, Interaction Design, System Evaluation"
Georgia Institute of Technology,gatech.edu,Software Engineering,CS 4675,"Internet Computing Systems, Services and Applications","Focusing on fundamental issues, concepts, techniques, and technical challenges that are critical for designing and developing Internet systems, services and applications.  Credit not allowed for both CS 4675 and CS 6675 .",3,Undergraduate,https://catalog.gatech.edu/coursesaz/cs/,"Internet Systems, System Design, Web Services, Application Development, Distributed Systems, Network Architecture"
Georgia Institute of Technology,gatech.edu,Software Engineering,CS 4685,Pervasive Systems and Networking,In-depth study of systems and wireless networking issues in enabling pervasive computing environments and applications using a hand-on approach.,3,Undergraduate,https://catalog.gatech.edu/coursesaz/cs/,"wireless networking, pervasive computing"
Georgia Institute of Technology,gatech.edu,Software Engineering,CS 4690,Empirical Methods for User Interface Design and Evaluation,Introduction to empirical methods for gathering requirements and evaluating the end-user and usability of software systems.,3,Undergraduate,https://catalog.gatech.edu/coursesaz/cs/,"empirical methods, requirements gathering, usability evaluation, end-user evaluation, software usability testing, user research"
Georgia Institute of Technology,gatech.edu,Software Engineering,CS 4698,Undergraduate Research Assistantship.  1-12 Credit Hours,Independent research conducted under the guidance of a faculty member.,12,Undergraduate,https://catalog.gatech.edu/coursesaz/cs/,Research Methods
Georgia Institute of Technology,gatech.edu,Software Engineering,CS 4699,Undergraduate Research.  1-12 Credit Hours,Independent research conducted under the guidance of a faculty member.,12,Undergraduate,https://catalog.gatech.edu/coursesaz/cs/,Research Methods
Georgia Institute of Technology,gatech.edu,Software Engineering,CS 4710,Introduction to Computing Concepts for Bioinformatics,Introduction to programming concepts and computing tools such as formal models and algorithms with applications from conceptual biology.  May not be used by computer science majors for degree credit.,4,Undergraduate,https://catalog.gatech.edu/coursesaz/cs/,"Formal Models, Algorithms, Computational Biology"
Georgia Institute of Technology,gatech.edu,Software Engineering,CS 4723,Inter Capstone Design,"Entrepreneurial Junior Design. Teams comprised of CS, ECE, and ME students will design and build prototypes of their invention ideas and explore market fit.",3,Undergraduate,https://catalog.gatech.edu/coursesaz/cs/,"Prototyping, Product Design, Product Management, Market Research, Product-Market Fit, Cross-functional Team Collaboration"
Georgia Institute of Technology,gatech.edu,Software Engineering,CS 4725,Information Security Strategies and Policies,"Information security vulnerabilities and risks; legal, cost, privacy, and technology constraints; derivation of strategies; technical and procedural means of achieving desired results. Credit will not be awarded for both CS 4725 and CS 6725 or MGT 4725 or MGT 6725 or PUBP 4725 .",3,Undergraduate,https://catalog.gatech.edu/coursesaz/cs/,"Information security, Vulnerability assessment, Risk analysis, Legal compliance, Cost analysis, Privacy impact assessment, Technology constraints analysis, Strategy formulation, Technical controls, Procedural controls"
Georgia Institute of Technology,gatech.edu,Software Engineering,CS 4726,"Privacy, Technology, Policy, and Law","This course takes a multi-disciplinary approach to privacy, a topic of great interest in the technology, policy, ethics, law, and business realms. Credit will not be awarded for both CS 4726 and MGT 4726 or MGT 6726 or CS 6726 .",3,Undergraduate,https://catalog.gatech.edu/coursesaz/cs/,"Privacy, Policy, Ethics, Law, Business"
Georgia Institute of Technology,gatech.edu,Software Engineering,CS 4731,Game AI,"Examines the expressive possibilities of artificial intelligence techniques in computer games. Students learn AI programming techniques, and how they strongly interface with game design.",3,Undergraduate,https://catalog.gatech.edu/coursesaz/cs/,"Artificial Intelligence, Game AI, Game design"
Georgia Institute of Technology,gatech.edu,Software Engineering,CS 4742,Integrated Computing and Management Capstone Project,Project-based course for students in Computing and Management minor to work in interdisciplinary teams on projects provided by corporate affiliates.  Credit not allowed for both CS 4742 and MGT 4742 or ME 4742 .,4,Undergraduate,https://catalog.gatech.edu/coursesaz/cs/,"Project Management, Cross-functional Team Collaboration, Stakeholder Management, Industry Collaboration"
Georgia Institute of Technology,gatech.edu,Software Engineering,CS 4745,Information and Communication Technologies and Global Development,"Focus on technology design, adoption, and use as seen through the lens of global development.",3,Undergraduate,https://catalog.gatech.edu/coursesaz/cs/,"Human-Computer Interaction (HCI), Product Design, User Research, ICT4D (Information and Communication Technologies for Development)"
Georgia Institute of Technology,gatech.edu,Software Engineering,CS 4770,Mixed Reality Experience Design,"Focuses on informal design, integration of  media theory, HCI and technology issues. Significant group design projects. Credit not awarded for both CS 4770 and LMC 4733 /6340/ CS 6770 .",3,Undergraduate,https://catalog.gatech.edu/coursesaz/cs/,"Human-Computer Interaction (HCI), Collaborative Design, Team-based Design"
Georgia Institute of Technology,gatech.edu,Software Engineering,CS 4792,Design Project in Cognitive Science,"Individual project with a cognitive science faculty member, designed as a supplement to the student's senior design project or thesis in their major area.  Crosslisted with PST, PSYC, and ISYE 4792.",3,Undergraduate,https://catalog.gatech.edu/coursesaz/cs/,"Cognitive Science, Senior Design Project, Thesis Writing, Research Methods, Project Management, Interdisciplinary Collaboration, Technical Writing, Oral Presentation"
Georgia Institute of Technology,gatech.edu,Software Engineering,CS 4795,GPU Programming for Video Games,3-D graphics pipelines. Physically-based rendering. Game engine architectures. GPU architectures. Graphics APIs. Vertex and pixel shader programming. Post-processing effects. Deferred rendering.,3,Undergraduate,https://catalog.gatech.edu/coursesaz/cs/,"3D Graphics Pipelines, Physically-Based Rendering, Game Engine Architecture, GPU Architecture, Graphics APIs, Vertex Shaders, Pixel Shaders, Shader Programming, Post-Processing Effects, Deferred Rendering"
Georgia Institute of Technology,gatech.edu,Software Engineering,CS 4902,Special Problems.  1-21 Credit Hours,An investigation of significant areas of information and computer science. Guided study and research.,21,Undergraduate,https://catalog.gatech.edu/coursesaz/cs/,"Research Methods, Computer Science, Information Science"
Georgia Institute of Technology,gatech.edu,Software Engineering,CS 4903,Special Problems.  1-21 Credit Hours,An investigation of significant areas of information and computer science. Guided study and research.,21,Undergraduate,https://catalog.gatech.edu/coursesaz/cs/,"Research Methods, Computer Science, Information Science"
Georgia Institute of Technology,gatech.edu,Software Engineering,CS 4911,Design Capstone Project.  1-21 Credit Hours,Team-based capstone experience allowing students to analyze a problem for a customer and manage the solution development through the full project life cycle.,21,Undergraduate,https://catalog.gatech.edu/coursesaz/cs/,"Teamwork, Problem Analysis, Customer Analysis, Solution Development, Project Life Cycle Management"
Georgia Institute of Technology,gatech.edu,Software Engineering,CS 4912,Design Capstone Project,Team-based capstone experience allowing students to analyze a problem for a customer and manage the solution development through the full project life cycle.,3,Undergraduate,https://catalog.gatech.edu/coursesaz/cs/,"Problem Analysis, Customer Engagement, Solution Development, Project Life Cycle Management, Team Collaboration, Stakeholder Communication, Requirements Gathering, Project Management"
