university_name,university_domain,program_name,course_id,course_name,description,credits,level,verified_url,skills
University of Cambridge,cam.ac.uk,Computer Science,Databases,Databases,"This course introduces basic concepts for database systems as
  seen from the perspective of application designers. That is, the
  focus is on the abstractions supported by database management
  systems and not on how those abstractions are implemented.
The database world is currently undergoing swift and dramatic
  transformations largely driven by Internet-oriented applications
  and services. Today many more options are available to database
  application developers than in the past and so it is becoming
  increasingly difficult to sort fact from fiction. The course
  attempts to cut through the fog with a practical approach that
  emphasises engineering tradeoffs that underpin these recent
  developments and also guide our selection of “the right tool for
  the job.”
This course covers three approaches. First, the traditional
  mainstay of the database industry -- the relational approach --
  is described with emphasis on eliminating logical redundancy in
  data. Then two representatives of recent trends are presented --
  graph-oriented and document-oriented databases. The lectures are
  supported with two Help and Tick sessions, where students gain
  hands-on experience and guidance with the Assessed Exercises
  (ticks).",,undergraduate,https://www.cl.cam.ac.uk/teaching/2425/Databases/,"Database Management Systems, Relational Databases, Graph-Oriented Databases, Document-Oriented Databases, Data Modeling, Logical Redundancy Elimination, Database Design, Engineering Tradeoffs"
University of Cambridge,cam.ac.uk,Computer Science,DigElec,Digital Electronics,"The aims of this course are to present the principles of
  combinational and sequential digital logic design and
  optimisation at a gate level. The use of n and p channel MOSFETs
  for building logic gates is also introduced.
Topics
Introduction.
Semiconductors to computers.
    Logic variables. Examples of simple logic. Logic gates. Boolean
    algebra. De Morgan’s theorem.
Logic minimisation.
Truth tables and
    normal forms. Karnaugh maps. Quine-McCluskey method.
Binary adders.
Half adder, full adder,
    ripple carry adder, fast carry generation.
Combinational logic design: further
    considerations.
Multilevel logic. Gate propagation
    delay. An introduction to timing diagrams. Hazards and hazard
    elimination. Other ways to implement combinational logic.
Introduction to practical classes.
Prototyping box. Breadboard and Dual in line (DIL) packages.
    Wiring.
Sequential logic.
Memory elements. RS
    latch. Transparent D latch. Master-slave D flip-flop. T and JK
    flip-flops. Setup and hold times.
Sequential logic.
Counters: Ripple and
    synchronous. Shift registers. System timing - setup time
    constraint, clock skew, metastability.
Synchronous State Machines.
Moore and
    Mealy finite state machines (FSMs). Reset and self starting.
    State transition diagrams. Elimination of redundant states -
    row matching and state equivalence/implication table.
Further state machines.
State assignment:
    sequential, sliding, shift register, one hot. Implementation of
    FSMs.
Introduction to microprocessors.
Microarchitecture, fetch, register access, memory access,
    branching, execution time.
Electronics, Devices and Circuits.
Current
    and voltage, conductors/insulators/semiconductors, resistance,
    basic circuit theory, the potential divider. Solving non-linear
    circuits. P-N junction (forward and reverse bias), N and p
    channel MOSFETs (operation and characteristics) and n-MOSFET
    logic, e.g., n-MOSFET inverter. Power consumption ",,undergraduate,https://www.cl.cam.ac.uk/teaching/2425/DigElec/,"Combinational Logic Design, Sequential Logic Design, Digital Logic Design, MOSFETs, Logic Gates, Boolean Algebra, De Morgan’s Theorem, Logic Minimisation, Truth Tables, Karnaugh Maps, Quine-McCluskey Method, Binary Adders, Half Adders, Full Adders, Ripple Carry Adders, Fast Carry Generation, Multilevel Logic, Gate Propagation Delay, Timing Diagrams, Hazard Elimination, Prototyping, Breadboarding, Dual In-line Packages, RS Latches, D Latches, Master-slave D Flip-flops, T Flip-flops, JK Flip-flops, Setup and Hold Times, Ripple Counters, Synchronous Counters, Shift Registers, Clock Skew, Metastability, Finite State Machines, Moore State Machines, Mealy State Machines, State Transition Diagrams, State Assignment, Microarchitecture, Circuit Theory, Potential Divider, Non-linear Circuit Analysis, P-N Junctions, Power Consumption Analysis"
University of Cambridge,cam.ac.uk,Computer Science,DiscMath,Discrete Mathematics,"The course aims to introduce the mathematics of discrete
  structures, showing it as an essential tool for computer science
  that can be clever and beautiful.",,undergraduate,https://www.cl.cam.ac.uk/teaching/2425/DiscMath/,"Discrete Mathematics, Discrete Structures"
University of Cambridge,cam.ac.uk,Computer Science,FoundsCS,Foundations of Computer Science,"The main aim of this course is to present the basic principles
  of programming. As the introductory course of the Computer
  Science Tripos, it caters for students from all backgrounds. To
  those who have had no programming experience, it will be
  comprehensible; to those experienced in languages such as C, it
  will attempt to correct any bad habits that they have learnt.
A further aim is to introduce the principles of data
  structures and algorithms. The course will emphasise the
  algorithmic side of programming, focusing on problem-solving
  rather than on hardware-level bits and bytes. Accordingly it will
  present basic algorithms for sorting, searching, etc., and
  discuss their efficiency using
O
-notation. Worked
  examples (such as polynomial arithmetic) will demonstrate how
  algorithmic ideas can be used to build efficient
  applications.
The course will use a functional language (OCaml). OCaml is
  particularly appropriate for inexperienced programmers, since a
  faulty program cannot crash and OCaml’s unobtrusive type system
  captures many program faults before execution. The course will
  present the elements of functional programming, such as curried
  and higher-order functions. But it will also introduce
  traditional (procedural) programming, such as assignments, arrays
  and references.",,undergraduate,https://www.cl.cam.ac.uk/teaching/2425/FoundsCS/,"OCaml, Functional programming, Curried functions, Higher-order functions, Procedural programming, Assignments, Arrays, References, Data structures, Algorithms, Sorting algorithms, Searching algorithms, Algorithmic analysis, Big O notation"
University of Cambridge,cam.ac.uk,Computer Science,Graphics,Introduction to Graphics,"To introduce the necessary background, the basic algorithms,
  and the applications of computer graphics and graphics
  hardware.",,undergraduate,https://www.cl.cam.ac.uk/teaching/2425/Graphics/,"Computer Graphics, Graphics Hardware, Algorithms"
University of Cambridge,cam.ac.uk,Computer Science,OOProg,Object-Oriented Programming,"The goal of this course is to provide students with an
  understanding of Object-Oriented Programming. Concepts are
  demonstrated in multiple languages, but the primary language is
  Java.
Lecture syllabus
Types, Objects and Classes
Moving from
    functional to imperative. Functions, methods. Control flow.
    values, variables and types. Primitive Types. Classes as custom
    types. Objects vs Classes. Class definition, constructors.
    Static data and methods.
Designing Classes
Identifying classes. UML
    class diagrams. Modularity. Encapsulation/data hiding.
    Immutability. Access modifiers. Parameterised types
    (Generics).
Pointers, References and Memory
Pointers
    and references. Reference types in Java. The call stack. The
    heap. Iteration and recursion. Pass-by-value and
    pass-by-reference.
Inheritance
Inheritance. Casting.
    Shadowing. Overloading. Overriding. Abstract Methods and
    Classes.
Polymorphism and Multiple Inheritance
Polymorphism in ML and Java. Multiple inheritance. Interfaces
    in Java.
Lifecycle of an Object
Constructors and
    chaining. Destructors. Finalizers. Garbage Collection:
    reference counting, tracing.
Java Collections and Object Comparison
Java Collection interface. Key classes. Collections class.
    Iteration options and the use of Iterator. Comparing primitives
    and objects. Operator overloading.
Error Handling
Types of errors.
    Limitations of return values. Deferred error handling.
    Exceptions. Custom exceptions. Checked vs unchecked.
    Inappropriate use of exceptions. Assertions.
DesignLanguage evolution
Need for
    languages to evolve. Generics in Java. Type erasure.
    Introduction to Java 8: Lambda functions, functions as values,
    method references, streams.
Design Patterns
Introduction to design
    patterns. Open-closed principle. Examples of Singleton,
    Decorator, State, Composite, Strategy, Observer. [2
    lectures]",,undergraduate,https://www.cl.cam.ac.uk/teaching/2425/OOProg/,"Object-Oriented Programming, Java, UML class diagrams, Encapsulation, Immutability, Access modifiers, Generics, Pointers, References, Call stack, Heap, Iteration, Recursion, Pass-by-value, Pass-by-reference, Inheritance, Casting, Shadowing, Overloading, Overriding, Abstract methods, Abstract classes, Polymorphism, Multiple inheritance, Interfaces, Constructors, Destructors, Finalizers, Garbage collection, Reference counting, Tracing, Java Collections, Iterator, Operator overloading, Error handling, Exceptions, Custom exceptions, Checked exceptions, Unchecked exceptions, Assertions, Lambda functions, Method references, Streams, Design patterns, Open-closed principle, Singleton pattern, Decorator pattern, State pattern, Composite pattern, Strategy pattern, Observer pattern, Functional programming, Primitive types, Static methods, Class definition"
University of Cambridge,cam.ac.uk,Computer Science,SciComp,Scientific Computing,"This course is a hands-on introduction to using computers to
  investigate scientific models and data.",,undergraduate,https://www.cl.cam.ac.uk/teaching/2425/SciComp/,"Scientific Modeling, Data Analysis, Computational Science"
University of Cambridge,cam.ac.uk,Computer Science,Algorithm1,Algorithms 1,"The aim of this course is to provide an introduction to
  computer algorithms and data structures, with an emphasis on
  foundational material.",,undergraduate,https://www.cl.cam.ac.uk/teaching/2425/Algorithm1/,"Algorithms, Data Structures"
University of Cambridge,cam.ac.uk,Computer Science,Algorithm2,Algorithms 2,"The aim of this course is to provide an introduction to
  computer algorithms and data structures, with an emphasis on
  foundational material.",,undergraduate,https://www.cl.cam.ac.uk/teaching/2425/Algorithm2/,"Algorithms, Data Structures"
University of Cambridge,cam.ac.uk,Computer Science,MLRD,Machine Learning and Real-world Data,"This course introduces students to machine learning algorithms
  as used in real-world applications, and to the experimental
  methodology necessary to perform statistical analysis of
  large-scale data from unpredictable processes. Students will
  perform 3 extended practicals, as follows:
Statistical classification: Determining movie review
    sentiment using Naive Bayes;
Sequence Analysis: Hidden Markov Modelling and its
    application to a task from biology (predicting protein
    interactions with a cell membrane);
Analysis of social networks, including detection of cliques
    and central nodes.",,undergraduate,https://www.cl.cam.ac.uk/teaching/2425/MLRD/,"Machine Learning, Statistical Analysis, Naive Bayes, Hidden Markov Model, Social Network Analysis, Clique Detection, Central Node Detection, Protein Interaction Prediction"
University of Cambridge,cam.ac.uk,Computer Science,OpSystems,Operating Systems,"The overall aim of this course is to provide a general
  understanding of the structure and key functions of the operating
  system. Case studies will be used to illustrate and reinforce
  fundamental concepts.",,undergraduate,https://www.cl.cam.ac.uk/teaching/2425/OpSystems/,"Operating Systems, Process Management, Memory Management, File Systems, Concurrency, Scheduling, System Architecture"
University of Cambridge,cam.ac.uk,Computer Science,IntDesign,Interaction Design,"The aim of this course is to provide an introduction to
  interaction design, with an emphasis on understanding and
  experiencing the user-centred design process, from conducting
  user research and requirements development to implementation and
  evaluation, while understanding the background to human-computer
  interaction.",,undergraduate,https://www.cl.cam.ac.uk/teaching/2425/IntDesign/,"Interaction Design, User-Centred Design, User Research, Requirements Development, Implementation, Evaluation, Human-Computer Interaction (HCI)"
University of Cambridge,cam.ac.uk,Computer Science,IntroProb,Introduction to Probability,"This course provides an elementary introduction to probability
  and statistics with applications. Probability theory and the
  related field of statistical inference provide the foundations
  for analysing and making sense of data. The focus of this course
  is to introduce the language and core concepts of probability
  theory. The course will also cover some applications of
  statistical inference and algorithms in order to equip students
  with the ability to represent problems using these concepts and
  analyse the data within these principles.",,undergraduate,https://www.cl.cam.ac.uk/teaching/2425/IntroProb/,"Probability, Statistics, Probability Theory, Statistical Inference, Data Analysis, Algorithms"
University of Cambridge,cam.ac.uk,Computer Science,SWSecEng,Software and Security Engineering,"This course aims to introduce students to software and
  security engineering, and in particular to the problems of
  building large systems, safety-critical systems and systems that
  must withstand attack by capable opponents. Case histories of
  failure are used to illustrate what can go wrong,
  while current software and security engineering practice is
  studied as a guide to how failures can be avoided.",,undergraduate,https://www.cl.cam.ac.uk/teaching/2425/SWSecEng/,"Software Engineering, Security Engineering, Large-Scale Systems, Safety-Critical Systems, Cybersecurity, Failure Analysis"
University of Cambridge,cam.ac.uk,Computer Science,ConcDisSys,Concurrent and Distributed Systems,"This course considers two closely related topics, Concurrent
  Systems and Distributed Systems, over 16 lectures. The aim of the
  first half of the course is to introduce concurrency control
  concepts and their implications for system design and
  implementation. The aims of the latter half of the course are to
  study the fundamental characteristics of distributed systems,
  including their models and architectures; the implications for
  software design; some of the techniques that have been used to
  build them; and the resulting details of good distributed
  algorithms and applications.",,undergraduate,https://www.cl.cam.ac.uk/teaching/2425/ConcDisSys/,"Concurrency Control, Distributed Systems Modeling, Distributed Systems Architecture, Software Design, Distributed Algorithms, Distributed Applications Development, System Implementation"
University of Cambridge,cam.ac.uk,Computer Science,DataSci,Data Science,"This course introduces fundamental tools for describing and
  reasoning about data. There are two themes: designing probability
  models to describe systems; and drawing conclusions based on data
  generated by such systems.",,undergraduate,https://www.cl.cam.ac.uk/teaching/2425/DataSci/,"Probability Modeling, Statistical Inference, Data Analysis, Statistical Modeling"
University of Cambridge,cam.ac.uk,Computer Science,ECAD+Arch,ECAD and Architecture Practical Classes,"The aims of this course are to enable students to apply the
  concepts learned in the Computer Design course. In particular a
  web based tutor is used to introduce the SystemVerilog hardware
  description language, while the remaining practical classes will
  then allow students to implement the design of components in this
  language.
Practical Classes
Web tutor
The first class uses a web based
    tutor to rapidly teach the SystemVerilog language.
FPGA design flow
Test driven hardware
    development for FPGA including an embedded processor and
    peripherals [3 classes]
Embedded system implementation
Embedded
    system implementation on FPGA [3-4 classes]",,undergraduate,https://www.cl.cam.ac.uk/teaching/2425/ECAD+Arch/,"SystemVerilog, FPGA design flow, Test-Driven Development, Embedded Systems, Peripheral Design"
University of Cambridge,cam.ac.uk,Computer Science,EconLaw,"Economics, Law and Ethics","This course aims to give students an introduction to some
  basic concepts in economics, law and ethics.",,undergraduate,https://www.cl.cam.ac.uk/teaching/2425/EconLaw/,"Economics, Law, Tech Ethics"
University of Cambridge,cam.ac.uk,Computer Science,FGraphics,Further Graphics,"The course introduces fundamental concepts of modern graphics
  pipelines.",,undergraduate,https://www.cl.cam.ac.uk/teaching/2425/FGraphics/,"Graphics Pipelines, Computer Graphics, Rendering Pipelines"
University of Cambridge,cam.ac.uk,Computer Science,FJava,Further Java,"The goal of this course is to provide students with the
  ability to understand the advanced programming features available
  in the Java programming language, completing the coverage of the
  language started in the Programming in Java course. The course is
  designed to accommodate students with diverse programming
  backgrounds; consequently Java is taught from first principles in
  a practical class setting where students can work at their own
  pace from a course handbook.",,undergraduate,https://www.cl.cam.ac.uk/teaching/2425/FJava/,"Java, Java Programming"
University of Cambridge,cam.ac.uk,Computer Science,IntComArch,Introduction to Computer Architecture,"The aims of this course are to introduce a hardware
  description language (SystemVerilog) and computer architecture
  concepts in order to design computer systems. The parallel
  ECAD+Arch practical classes will allow students to apply the
  concepts taught in lectures.",,undergraduate,https://www.cl.cam.ac.uk/teaching/2425/IntComArch/,"SystemVerilog, Computer Architecture, Computer System Design, ECAD"
University of Cambridge,cam.ac.uk,Computer Science,ProgC,Programming in C and C++,"This course aims
to provide a solid introduction to programming in C and to
    provide an overview of the principles and constraints that
    affect the way in which the C programming language has been
    designed and is used;
to introduce the key additional features of C++.",,undergraduate,https://www.cl.cam.ac.uk/teaching/2425/ProgC/,"C, C++, Object-Oriented Programming, Procedural Programming"
University of Cambridge,cam.ac.uk,Computer Science,Semantics,Semantics of Programming Languages,"The aim of this course is to introduce the structural,
  operational approach to programming language semantics. It will
  show how to specify the meaning of typical programming language
  constructs, in the context of language design, and how to reason
  formally about semantic properties of programs.",,undergraduate,https://www.cl.cam.ac.uk/teaching/2425/Semantics/,"Operational Semantics, Structural Semantics, Programming Language Design, Formal Reasoning, Language Specification, Semantic Analysis"
University of Cambridge,cam.ac.uk,Computer Science,UnixTools,Unix Tools,"This video-lecture course gives students who have already
  basic Unix/Linux experience some additional practical
  software-engineering knowledge: how to use the shell and related
  tools as an efficient working environment, how to automate
  routine tasks, and how version-control and automated-build tools
  can help to avoid confusion and accidents, especially when
  working in teams. These are essential skills, both in industrial
  software development and student projects.",,undergraduate,https://www.cl.cam.ac.uk/teaching/2425/UnixTools/,"Unix, Linux, Shell Scripting, Command-line Tools, Automation, Version Control, Build Automation, Software Engineering, Team Collaboration"
University of Cambridge,cam.ac.uk,Computer Science,CompConstr,Compiler Construction,"This course aims to cover the main concepts associated with
  implementing compilers for programming languages. We use a
  running example called SLANG (a Small LANGuage) inspired by the
  languages described in 1B Semantics. A toy compiler (written in
  ML) is provided, and students are encouraged to extend it in
  various ways.",,undergraduate,https://www.cl.cam.ac.uk/teaching/2425/CompConstr/,"Compiler Implementation, Programming Language Semantics, ML (Programming Language)"
University of Cambridge,cam.ac.uk,Computer Science,CompTheory,Computation Theory,"The aim of this course is to introduce several apparently
  different formalisations of the informal notion of algorithm; to
  show that they are equivalent; and to use them to demonstrate
  that there are uncomputable functions and algorithmically
  undecidable problems.",,undergraduate,https://www.cl.cam.ac.uk/teaching/2425/CompTheory/,"Turing machines, Lambda calculus, Recursive function theory, Undecidability proofs, Halting problem, Reduction techniques, Computability theory, Church-Turing thesis, Formal language theory, Automata theory"
University of Cambridge,cam.ac.uk,Computer Science,CompNet,Computer Networking,"The aim of this course is to introduce key concepts and
  principles of computer networks. The course will use a top-down
  approach to study the Internet and its protocol stack. Instances
  of architecture, protocol, application-examples will include
  email, web and media-streaming. We will cover communications
  services (e.g., TCP/IP) required to support such network
  applications. The implementation and deployment of communications
  services in practical networks: including wired and wireless LAN
  environments, will be followed by a discussion of issues of
  network-management. Throughout the course, the Internet’s
  architecture and protocols will be used as the primary examples
  to illustrate the fundamental principles of computer
  networking.",,undergraduate,https://www.cl.cam.ac.uk/teaching/2425/CompNet/,"TCP/IP, Network Architecture, Protocol Stack, Wired LAN, Wireless LAN, Network Management, Email, Web, Media Streaming"
University of Cambridge,cam.ac.uk,Computer Science,FHCI,Further Human–Computer Interaction,"This aim of this course is to provide an introduction to the
  theoretical foundations of Human Computer Interaction, and an
  understanding of how these can be applied to the design of
  complex technologies.",,undergraduate,https://www.cl.cam.ac.uk/teaching/2425/FHCI/,"Human-Computer Interaction, Theoretical Foundations of HCI, Design of Complex Technologies"
University of Cambridge,cam.ac.uk,Computer Science,LogicProof,Logic and Proof,"This course will teach logic, especially the predicate
  calculus. It will present the basic principles and definitions,
  then describe a variety of different formalisms and algorithms
  that can be used to solve problems in logic. Putting logic into
  the context of Computer Science, the course will show how the
  programming language Prolog arises from the automatic proof
  method known as resolution. It will introduce topics that are
  important in mechanical verification, such as binary decision
  diagrams (BDDs), SAT solvers and modal logic.",,undergraduate,https://www.cl.cam.ac.uk/teaching/2425/LogicProof/,"Logic, Predicate Calculus, Formalisms, Algorithms, Computer Science, Prolog, Automatic Proof Methods, Resolution, Mechanical Verification, Binary Decision Diagrams (BDDs), SAT Solvers, Modal Logic"
University of Cambridge,cam.ac.uk,Computer Science,Prolog,Prolog,"The aim of this course is to introduce programming in the
  Prolog language. Prolog encourages a different programming style
  to Java or ML and particular focus is placed on programming to
  solve real problems that are suited to this style. Practical
  experimentation with the language is strongly encouraged.",,undergraduate,https://www.cl.cam.ac.uk/teaching/2425/Prolog/,"Prolog, Java, ML, Logic Programming"
University of Cambridge,cam.ac.uk,Computer Science,ArtInt,Artificial Intelligence,"The aim of this course is to provide an introduction to some
  fundamental issues and algorithms in artificial intelligence
  (AI). The course approaches AI from an algorithmic, computer
  science-centric perspective; relatively little reference is made
  to the complementary perspectives developed within psychology,
  neuroscience or elsewhere. The course aims to provide some
  fundamental tools and algorithms required to produce AI systems
  able to exhibit limited human-like abilities, particularly in the
  form of problem solving by search, game-playing, representing and
  reasoning with knowledge, planning, and learning.",,undergraduate,https://www.cl.cam.ac.uk/teaching/2425/ArtInt/,"Artificial Intelligence, Algorithms, Computer Science, Problem Solving, Search Algorithms, Game AI, Knowledge Representation, Knowledge Reasoning, AI Planning, Machine Learning"
University of Cambridge,cam.ac.uk,Computer Science,Complexity,Complexity Theory,"The aim of the course is to introduce the theory of
  computational complexity. The course will explain measures of the
  complexity of problems and of algorithms, based on time and space
  used on abstract models. Important complexity classes will be
  defined, and the notion of completeness established through a
  thorough study of NP-completeness. Applications to cryptography
  will be considered.",,undergraduate,https://www.cl.cam.ac.uk/teaching/2425/Complexity/,"Computational Complexity Theory, Complexity Classes, NP-Completeness, Time Complexity Analysis, Space Complexity Analysis, Cryptography"
University of Cambridge,cam.ac.uk,Computer Science,CySecurity,Cybersecurity,"In today’s digital society, computer security is vital for
  commercial competitiveness, national security and privacy of
  individuals. Protection against both criminal and state-sponsored
  attacks will need a large cohort of skilled individuals with an
  understanding of the principles of security and with practical
  experience of the application of these principles. We want you to
  become one of them. In this adversarial game, to defeat the bad
  guys, the good guys have to be at least as skilled at them.
  Therefore this course has a strong foundation of becoming
  proficient at actual attacks. A theoretical understanding is of
  course necessary, but without some practice the bad guys will run
  circles around the good guys. In 12 hours I can’t bring you from
  zero to the stage where you can invent new attacks and
  countermeasures, but at least by practicing and dissecting common
  attacks (akin to “studying the classics”) I’ll give you a feeling
  for the kind of adversarial thinking that is required in this
  field. Large portions of this course are hands-on: you will need
  to acquire the relevant skills rather than just reading about it.
  The recommended course textbook will be especially helpful to
  those with no prior low-level hacking experience.",,undergraduate,https://www.cl.cam.ac.uk/teaching/2425/CySecurity/,"Penetration Testing, Vulnerability Assessment, Exploit Development, Reverse Engineering, Malware Analysis, Network Traffic Analysis, Packet Capture, Wireshark, Nmap, Metasploit, Kali Linux, Assembly Language, Buffer Overflow Exploitation, Shellcode Writing, Cryptographic Protocols, Secure Coding Practices, Threat Modeling, Incident Response, Digital Forensics, Ethical Hacking"
University of Cambridge,cam.ac.uk,Computer Science,ForModLang,Formal Models of Language,"This course studies formal models of language and considers
  how they might be relevant to the processing and acquisition of
  natural languages. The course will extend knowledge of formal
  language theory; introduce several new grammars; and use concepts
  from information theory to describe natural language.",,undergraduate,https://www.cl.cam.ac.uk/teaching/2425/ForModLang/,"Formal Language Theory, Grammar Design, Information Theory, Natural Language Processing, Computational Linguistics, Syntax Analysis, Semantic Analysis"
University of Cambridge,cam.ac.uk,Computer Science,Bioinfo,Bioinformatics,"This course focuses on algorithms used in Bioinformatics and
  System Biology. Most of the algorithms are general and can be
  applied in other fields on multidimensional and noisy data. All
  the necessary biological terms and concepts useful for the course
  and the examination will be given in the lectures. The most
  important software implementing the described algorithms will be
  demonstrated.",,undergraduate,https://www.cl.cam.ac.uk/teaching/2425/Bioinfo/,"Bioinformatics, Systems Biology, Algorithms, Multidimensional Data Analysis, Noisy Data Processing, Computational Biology"
University of Cambridge,cam.ac.uk,Computer Science,Business,Business Studies,"How to start and run a computer company; the aims of this
  course are to introduce students to all the things that go to
  making a successful project or product other than just the
  programming. The course will survey some of the issues that
  students are likely to encounter in the world of commerce and
  that need to be considered when setting up a new computer
  company.
See also Business Seminars in the Easter Term.",,undergraduate,https://www.cl.cam.ac.uk/teaching/2425/Business/,"Product Management, Project Management, Entrepreneurship, Business Strategy, Intellectual Property (IP)"
University of Cambridge,cam.ac.uk,Computer Science,DenotSem,Denotational Semantics,"The aims of this course are to introduce domain theory and
  denotational semantics, and to show how they provide a
  mathematical basis for reasoning about the behaviour of
  programming languages.",,undergraduate,https://www.cl.cam.ac.uk/teaching/2425/DenotSem/,"Domain Theory, Denotational Semantics, Programming Language Theory, Mathematical Reasoning"
University of Cambridge,cam.ac.uk,Computer Science,InfoTheory,Information Theory,"This course introduces the principles and applications of
  information theory: how information is measured in terms of
  probability and various entropies, how these are used to
  calculate the capacity of communication channels, with or without
  noise, and to measure how much random variables reveal about each
  other. Coding schemes including error correcting codes are
  studied along with data compression, spectral analysis,
  transforms, and wavelet coding. Applications of information
  theory are reviewed, from astrophysics to pattern
  recognition.",,undergraduate,https://www.cl.cam.ac.uk/teaching/2425/InfoTheory/,"Information Theory, Entropy Calculation, Channel Capacity, Error-Correcting Codes, Data Compression, Spectral Analysis, Fourier Transform, Wavelet Transform, Wavelet Coding, Probability Theory, Pattern Recognition, Communication Theory, Coding Theory"
University of Cambridge,cam.ac.uk,Computer Science,TeX+Julia,LaTeX and Julia,"Introduction to two widely-used languages for typesetting
  dissertations and scientific publications, for prototyping
  numerical algorithms and to visualize results.",,undergraduate,https://www.cl.cam.ac.uk/teaching/2425/TeX+Julia/,"LaTeX, Python"
University of Cambridge,cam.ac.uk,Computer Science,PrincComm,Principles of Communications,"This course aims to provide a detailed understanding of the
  underlying principles for how communications systems operate.
  Practical examples (from wired and wireless communications, the
  Internet, and other communications systems) are used to
  illustrate the principles.",,undergraduate,https://www.cl.cam.ac.uk/teaching/2425/PrincComm/,
University of Cambridge,cam.ac.uk,Computer Science,Types,Types,"The aim of this course is to show by example how type systems
  for programming languages can be defined and their properties
  developed, using techniques that were introduced in the
  Part IB course on
Semantics of Programming
  Languages
. The emphasis is on type systems for functional
  languages and their connection to constructive logic.",,undergraduate,https://www.cl.cam.ac.uk/teaching/2425/Types/,"Type Systems, Programming Languages, Semantics of Programming Languages, Functional Programming, Constructive Logic"
University of Cambridge,cam.ac.uk,Computer Science,AAI,Affective Artificial Intelligence,"Affective Artificial Intelligence (Affective AI) aims to imbue
  machines with social and emotional intelligence (EQ). More
  specifically, Affective AI aims to create artificially
  intelligent systems and machines that can recognize, interpret,
  process, and simulate human social signals and behaviours,
  expressions, and emotions, to enhance human-AI interaction and
  communication.
To achieve this goal, Affective AI draws upon various
  scientific disciplines, including machine learning, computer
  vision, speech / natural language / signal processing, psychology
  and cognitive science, and ethics and social sciences.
Affective AI has direct applications in and implications for
  the design of innovative interactive technology (e.g.,
  interaction with chat bots, virtual agents, robots), single and
  multi-user smart environments ( e.g., in-car/ virtual / augmented
  / mixed reality, serious games), public speaking and cognitive
  training, and clinical and biomedical studies (e.g., autism,
  depression, pain).
The aim of this module is to impart knowledge and ability
  needed to make informed choices of models, data, and machine
  learning techniques for sensing, recognition, and generation of
  affective and social behaviour (e.g., smile, frown, head
  nodding/shaking, agreement/disagreement) in order to create
  Affectively intelligent AI systems, with a consideration for
  various ethical issues (e.g., privacy, bias) arising from the
  real-world deployment of these systems.",,undergraduate,https://www.cl.cam.ac.uk/teaching/2425/AAI/,"Affective Artificial Intelligence, Machine Learning, Computer Vision, Speech Processing, Natural Language Processing, Signal Processing, Cognitive Science, Tech Ethics, Interaction Design, Chatbots, Virtual Agents, Robotics, Virtual Reality, Augmented Reality, Mixed Reality, Serious Games, Public Speaking, Biomedical Studies, Social Signal Processing, Emotion Recognition, Data Privacy, Algorithmic Bias, Behavioral Modeling"
University of Cambridge,cam.ac.uk,Computer Science,CAT,Category Theory,"Category theory provides a unified treatment of mathematical
  properties and constructions that can be expressed in terms of
  'morphisms' between structures. It gives a precise framework for
  comparing one branch of mathematics (organized as a category)
  with another and for the transfer of problems in one area to
  another. Since its origins in the 1940s motivated by connections
  between algebra and geometry, category theory has been applied to
  diverse fields, including computer science, logic and
  linguistics. This course introduces the basic notions of category
  theory: adjunction, natural transformation, functor and category.
  We will use category theory to organize and develop the kinds of
  structure that arise in models and semantics for logics and
  programming languages.",,undergraduate,https://www.cl.cam.ac.uk/teaching/2425/CAT/,"Category Theory, Logic, Programming Language Semantics, Functors, Mathematical Modeling, Algebra, Geometry"
University of Cambridge,cam.ac.uk,Computer Science,DSP,Digital Signal Processing,"This course teaches basic signal-processing principles
  necessary to understand many modern high-tech systems, with
  examples from audio processing, image coding, radio
  communication, radar, and software-defined radio. Students will
  gain practical experience from numerical experiments in
  programming assignments (in Julia, MATLAB or NumPy).",,undergraduate,https://www.cl.cam.ac.uk/teaching/2425/DSP/,"Signal Processing, Audio Processing, Image Coding, Radio Communication, Radar, Software-Defined Radio, Julia, MATLAB, NumPy"
University of Cambridge,cam.ac.uk,Computer Science,MVP,Machine Visual Perception,"This course aims at introducing the theoretical foundations
  and practical techniques for machine perception, the capability
  of computers to interpret data resulting from sensor
  measurements. The course will teach the fundamentals and modern
  techniques of machine perception, i.e. reconstructing the real
  world starting from sensor measurements with a focus on machine
  perception for visual data. The topics covered will be
  image/geometry representations for machine perception, semantic
  segmentation, object detection and recognition, geometry capture,
  appearance modeling and acquisition, motion detection and
  estimation, human-in-the-loop machine perception, select topics
  in applied machine perception.
Machine perception/computer vision is a rapidly expanding area
  of research with real-world applications. An understanding of
  machine perception is also important for robotics, interactive
  graphics (especially AR/VR), applied machine learning, and
  several other fields and industries. This course will provide a
  fundamental understanding of and practical experience with the
  relevant techniques.
Learning outcomes
Students will understand the theoretical underpinnings of
    the modern machine perception techniques for reconstructing
    models of reality starting from an incomplete and imperfect
    view of reality.
Students will be able to apply machine perception theory to
    solve practical problems, e.g. classification of images,
    geometry capture.
Students will gain an understanding of which machine
    perception techniques are appropriate for different tasks and
    scenarios.
Students will have hands-on experience with some of these
    techniques via developing a functional machine perception
    system in their projects.
Students will have practical experience with the current
    prominent machine perception frameworks.",,undergraduate,https://www.cl.cam.ac.uk/teaching/2425/MVP/,"image/geometry representations, semantic segmentation, object detection, object recognition, geometry capture, appearance modeling, appearance acquisition, motion detection, motion estimation, human-in-the-loop machine perception, applied machine perception, machine perception frameworks"
University of Cambridge,cam.ac.uk,Computer Science,NLP,Natural Language Processing,"This course introduces the fundamental techniques of natural
  language processing. It aims to explain the potential and the
  main limitations of these techniques. Some current research
  issues are introduced and some current and potential applications
  discussed and evaluated. Students will also be introduced to
  practical experimentation in natural language processing.",,undergraduate,https://www.cl.cam.ac.uk/teaching/2425/NLP/,"Natural Language Processing, Text Preprocessing, Tokenization, Part-of-Speech Tagging, Named Entity Recognition, Syntactic Parsing, Sentiment Analysis, Topic Modeling, Word Embeddings, Language Modeling"
University of Cambridge,cam.ac.uk,Computer Science,AdComArch,Advanced Computer Architecture,"This course examines the techniques and underlying principles
  that are used to design high-performance computers and
  processors. Particular emphasis is placed on understanding the
  trade-offs involved when making design decisions at the
  architectural level. A range of processor architectures are
  explored and contrasted. In each case we examine their merits and
  limitations and how ultimately the ability to scale performance
  is restricted.",,undergraduate,https://www.cl.cam.ac.uk/teaching/2425/AdComArch/,"Computer Architecture, Processor Design, High-Performance Computing, Architectural Trade-off Analysis, Scalability Analysis, Performance Optimization, Hardware Design"
University of Cambridge,cam.ac.uk,Computer Science,Crypto,Cryptography,"This course provides an overview of basic modern cryptographic
  techniques and covers essential concepts that users of
  cryptographic standards need to understand to achieve their
  intended security goals.",,undergraduate,https://www.cl.cam.ac.uk/teaching/2425/Crypto/,"Cryptography, Cryptographic Standards, Cybersecurity"
University of Cambridge,cam.ac.uk,Computer Science,ECommerce,E-Commerce,"This course aims to give students an outline of the issues
  involved in setting up an e-commerce site.",,undergraduate,https://www.cl.cam.ac.uk/teaching/2425/ECommerce/,E-commerce
University of Cambridge,cam.ac.uk,Computer Science,MLBayInfer,Machine Learning and Bayesian Inference,"The Part 1B course
Artificial Intelligence
introduced
  simple neural networks for supervised learning, and logic-based
  methods for knowledge representation and reasoning. This course
  has two aims. First, to provide a rigorous introduction to
  machine learning, moving beyond the supervised case and
  ultimately presenting state-of-the-art methods. Second, to
  provide an introduction to the wider area of probabilistic
  methods for representing and reasoning with knowledge.",,undergraduate,https://www.cl.cam.ac.uk/teaching/2425/MLBayInfer/,"Neural Networks, Supervised Learning, Machine Learning, Logic-Based Methods, Knowledge Representation, Reasoning, Probabilistic Methods"
University of Cambridge,cam.ac.uk,Computer Science,OptComp,Optimising Compilers,"The aims of this course are to introduce the principles of
  program optimisation and related issues in decompilation. The
  course will cover optimisations of programs at the abstract
  syntax, flowgraph and target-code level. It will also examine how
  related techniques can be used in the process of
  decompilation.",,undergraduate,https://www.cl.cam.ac.uk/teaching/2425/OptComp/,"Program Optimization, Decompilation, Abstract Syntax, Flowgraph, Target-Code Optimization"
University of Cambridge,cam.ac.uk,Computer Science,QuantComp,Quantum Computing,"The principal aim of the course is to introduce students to
  the basics of the quantum model of computation. The model will be
  used to study algorithms for searching, factorisation and quantum
  chemistry as well as other important topics in quantum
  information such as cryptography and super-dense coding. Issues
  in the complexity of computation will also be explored. A second
  aim of the course is to introduce student to near-term quantum
  computing. To this end, error-correction and adiabatic quantum
  computing are studied.",,undergraduate,https://www.cl.cam.ac.uk/teaching/2425/QuantComp/,"Quantum Model of Computation, Quantum Algorithms, Search Algorithms, Factorization Algorithms, Quantum Chemistry, Quantum Cryptography, Superdense Coding, Computational Complexity, Quantum Error Correction, Adiabatic Quantum Computing"
University of Cambridge,cam.ac.uk,Computer Science,CC,Cloud Computing,"This module aims to teach students the fundamentals of Cloud
  Computing covering topics such as virtualization, data centres,
  cloud resource management, cloud storage and popular cloud
  applications including batch and data stream processing. Emphasis
  is given on the different backend technologies to build and run
  efficient clouds and the way clouds are used by applications to
  realise computing on demand. The course will include practical
  tutorials on cloud infrastructure technologies. Students will be
  assessed via a Cloud-based coursework project.",,undergraduate,https://www.cl.cam.ac.uk/teaching/2425/CC/,"Cloud Computing, Virtualization, Data Center Management, Cloud Resource Management, Cloud Storage, Batch Processing, Data Stream Processing, Cloud Infrastructure, Backend Technologies, Distributed Systems, Computing on Demand"
University of Cambridge,cam.ac.uk,Computer Science,CSM,Computer Systems Modelling,"The aims of this course are to introduce the concepts and
  principles of mathematical modelling
and simulation, with particular emphasis on using queuing
  theory and control theory for understanding the behaviour of
  computer and communications systems.",,undergraduate,https://www.cl.cam.ac.uk/teaching/2425/CSM/,"Mathematical Modeling, Simulation, Queuing Theory, Control Theory, Computer Systems, Communication Systems"
University of Cambridge,cam.ac.uk,Computer Science,CE,Computing Education,"This module considers various aspects of the teaching and
  learning of computer science in school, including practical
  experience, and provides an introduction to the field of
  computing education research. It is offered by the
Raspberry Pi Computing
  Education Research Centre
, part of the Department of Computer
  Science and Technology, in conjunction with local schools in the
  Cambridge area. Students will have the opportunity to observe,
  plan and deliver a lesson, and explore the teaching of computing
  in a secondary education setting. The lesson taught will be on a
  topic within the computing/computer science curriculum in England
  but will be negotiated with the teacher mentoring the school
  placement. In the sessions in the Department, students will be
  introduced to elements of pedagogy and assessment alongside
  current issues in computing education. The course can also serve
  as a useful introduction to research in computing education for
  those interested in this area. Assessment will include lesson
  planning, presentations, an in-person viva and a 3000-word report
  which will include evidence of engagement with relevant research
  underpinning the lessons and activities undertaken. An
  information session relating to the module will be available in
  the preceding Easter Term. The arrangement of school placements
  and DBS checks will be carried out in Michaelmas Term, so
  students should be prepared to engage in these preparatory
  activities.",,undergraduate,https://www.cl.cam.ac.uk/teaching/2425/CE/,"Computing Education Research, Pedagogy, Lesson Planning, Educational Assessment, Oral Presentations, Academic Writing, Research Methods"
University of Cambridge,cam.ac.uk,Computer Science,MH,Mobile Health,"The course aims to explore how wearable and mobile systems
  sensors can be used to gather data relevant to understand health,
  how the data can be analysed with advanced signal processing and
  machine learning and the performance of these systems in terms of
  diagnostics and disease progression detection.",,undergraduate,https://www.cl.cam.ac.uk/teaching/2425/MH/,"Wearable Systems, Mobile Systems, Sensor Data Acquisition, Health Data Analysis, Advanced Signal Processing, Machine Learning, Diagnostic Performance Evaluation, Disease Progression Detection"
University of Cambridge,cam.ac.uk,Computer Science,MSP,Multicore Semantics and Programming,"In recent years multiprocessors have become ubiquitous, but
  building reliable concurrent systems with good performance
  remains very challenging. The aim of this module is to introduce
  some of the theory and the practice of concurrent programming,
  from hardware memory models and the design of high-level
  programming languages to the correctness and performance
  properties of concurrent algorithms.",,undergraduate,https://www.cl.cam.ac.uk/teaching/2425/MSP/,"Concurrent Programming, Hardware Memory Models, High-Level Programming Language Design, Concurrent Algorithm Correctness, Performance Analysis, Multiprocessor Systems, Reliable Concurrent Systems"
University of Cambridge,cam.ac.uk,Computer Science,BusSeminrs,Business Studies Seminars,"This course is a series of seminars by former members and
  friends of the Laboratory about their real-world experiences of
  starting and running high technology companies. It is a follow on
  to the Business Studies course in the Michaelmas Term. It
  provides practical examples and case studies, and the opportunity
  to network with and learn from actual entrepreneurs.",,undergraduate,https://www.cl.cam.ac.uk/teaching/2425/BusSeminrs/,"Entrepreneurship, Startup Management, Business Development, Fundraising, Pitching, Networking, Case Study Analysis, Product Management, Business Model Design, Market Validation, Financial Planning, Intellectual Property Management"
University of Cambridge,cam.ac.uk,Computer Science,HLog+ModC,Hoare Logic and Model Checking,"The course introduces two verification methods, Hoare Logic
  and Temporal Logic, and uses them to formally specify and verify
  imperative programs and systems.
The first aim is to introduce Hoare logic for a simple
  imperative language and then to show how it can be used to
  formally specify programs (along with discussion of soundness and
  completeness), and also how to use it in a mechanised program
  verifier.
The second aim is to introduce model checking: to show how
  temporal models can be used to represent systems, how temporal
  logic can describe the behaviour of systems, and finally to
  introduce model-checking algorithms to determine whether
  properties hold, and to find counter-examples.
Current research trends also will be outlined.",,undergraduate,https://www.cl.cam.ac.uk/teaching/2425/HLog+ModC/,"Hoare Logic, Temporal Logic, Formal Specification, Formal Verification, Imperative Programming, Soundness, Completeness, Mechanised Program Verification, Model Checking, Temporal Models, Model-Checking Algorithms, Algorithm Design, Systems Analysis"
University of Edinburgh,ed.ac.uk,Informatics,INFR10052,Algorithms and Data Structures,"The course aims to provide general techniques for the design of efficient algorithms and, in parallel, develop appropriate mathematical tools for analysing their performance. In this, it broadens and deepens the study of algorithms and data structures initiated in INF2. The focus is on algorithms, more than data structures. Along the way, problem solving skills are exercised and developed.

Introductory concepts
Review of CS2. Models of computation; time and space complexity; upper and lower bounds, big-O and big-Omega notation; average and worst case analysis.
Divide and conquer
Matrix multiplication: Strassen's algorithm; the discrete Fourier transform (DFT), the fast Fourier transform (FFT). Expressing the runtime of a recursive algorithm as a recurrence relation; solving recurrence relations.
Sorting
Quicksort and its analysis; worst-case, best-case and average-case.
Data structures: Disjoint sets
The ""disjoint sets'' (union-find) abstract data type: specification and implementations as lists and trees. Union-by-rank, path-compression, etc., ""heuristics''. Applications to finding minimum spanning trees.
Dynamic programming
Introduction to the technique; examples: Matrix-chain multiplication, Longest common subsequences.
Graph/Network algorithms
Network flow, Max-flow/min-cut theorem, Ford-Fulkerson algorithm.
Geometric algorithms
Convex hull of a set of points (in 2-d).
Relevant QAA Computing Curriculum Sections: Data Structures and Algorithms",10,undergraduate,https://www.drps.ed.ac.uk/25-26/dpt/cxinfr10052.htm,"Algorithm Design, Algorithm Analysis, Models of Computation, Time Complexity, Space Complexity, Big-O Notation, Big-Omega Notation, Divide and Conquer, Strassen's Algorithm, Discrete Fourier Transform (DFT), Fast Fourier Transform (FFT), Recurrence Relations, Quicksort, Disjoint Sets, Union-Find, Union-by-rank, Path-compression, Minimum Spanning Trees, Dynamic Programming, Matrix-chain Multiplication, Longest Common Subsequences, Network Flow, Max-flow/min-cut Theorem, Ford-Fulkerson Algorithm, Geometric Algorithms, Convex Hull, Data Structures, Problem Solving"
University of Edinburgh,ed.ac.uk,Informatics,INFR10076,Computer Architecture and Design,"In this course you will learn how to design a computer and understand the performance characteristics of computers. You will first acquire a working knowledge of digital design, through the Verilog Hardware Description Language, along with a good theoretical grounding in the design of the key components of a microprocessor. You will have an opportunity to learn, both theoretically and practically, how the Quantitative Approach to computer architecture enables computer architects to analyse and optimize microprocessors to maximize performance. Along the way you will design real hardware, and later in the course you will apply your recently-acquired knowledge of quantitative computer architecture to analyse the resulting system and optimize its performance.

The aim of this course is to give students a comparatively deep understanding of computer architecture, to an intermediate level, together with a solid understanding of techniques used to design the logical building blocks from which a computer is constructed. We consider an intermediate level in computer architecture to extend up to the point where students have a good understanding of instruction set architecture, single-issue in-order pipelined execution of instructions, superscalar out-of-order execution, and the memory hierarchies required by those processors. Within a processor, we explore the principles and practice of arithmetic and logic unit design, of the caches from which memory hierarchies are constructed, and the memory and logic gate technologies from which computers are constructed. Throughout the course, there is a strong emphasis on the Quantitative Approach to computer architecture; this informs not only the theoretical topics but also the practical assignments, which always embody some element of the quantitative approach.
The philosophy of this course is that learning about computer architecture is particularly effective if reinforced by implementing key aspects of processor design, in real hardware when feasible, but also at higher levels of abstraction using simulated systems. This approach has been used very effectively in the previous Computer Design and Computer Architecture courses, and feedback often cites the value placed on the lab exercises by students.
Outline Contents
Fundamentals
Review of logic design and implementation technologies; from simple combinational logic to state machines for sequential circuits; logic design using Verilog and introduction to FPGAs.
Register Transfer Level design principles; registers, clocks, timing budgets, setup and hold margins, clock skew, clock-domain crossing and synchronization, metastability.
Quantitative computer architecture; performance evaluation methods and metrics, principles of high-performance design.
Processor Architecture
Instruction Set Architecture (ISA) design; instruction set classes, registers, memory addressing. RISC vs CISC, how the ISA supports high-level languages, quantitative approach to ISA design. Example      ISAs (e.g. MIPS, RISC-V). ISA requirements for embedded systems.
Pipelined processor design; pipeline hazards and interlocks, control prediction techniques and their usage.
Out-of-order execution; scoreboards, reservation stations, register renaming, quantitative analysis of performance.
Computer Arithmetic and ALU Design
Introduction to binary arithmetic functions; fixed-point addition, subtraction, multiplication and division.
Advanced techniques in computer arithmetic; carry-look ahead adders, parallel-prefix adders, Booth-coded multipliers, Wallace and Dadda trees, sub-word parallelism, fractional fixed-point multiply-        accumulate operations.
Floating-point computations; IEEE standard, floating-point addition and multiplication, high-performance fused-multiply-add architectures.
Memory System Design
Memory hierarchies; review of principles, quantitative analysis of memory hierarchy performance; exploring the design space of cache parameters.
Cache coherence in multi-core architectures; protocols and implementation techniques.
Main memory design; Interfacing between processor and memory, synchronous and asynchronous bus protocols.
Error detection and correction schemes; parity, Hamming codes, SECDED.",20,undergraduate,https://www.drps.ed.ac.uk/25-26/dpt/cxinfr10076.htm,"Computer Design, Performance Analysis, Digital Design, Verilog, Hardware Description Language (HDL), Microprocessor Design, Computer Architecture, Instruction Set Architecture (ISA), Pipelined Execution, Out-of-Order Execution, Superscalar Architecture, Memory Hierarchy Design, ALU Design, Cache Design, Logic Design, Combinational Logic, State Machines, Sequential Circuits, FPGAs, Register Transfer Level (RTL) Design, Timing Analysis, Clock Synchronization, RISC, CISC, MIPS, RISC-V, Control Prediction, Register Renaming, Computer Arithmetic, Fixed-Point Arithmetic, Floating-Point Computations, Memory System Design, Cache Coherence, Multi-Core Architectures, Bus Protocols, Error Detection and Correction, Hamming Codes, SECDED, Performance Optimization"
University of Edinburgh,ed.ac.uk,Informatics,INFR10054,Computational Cognitive Science,"This course aims to introduce students to the basic concepts and methodology needed to implement and analyse computational models of cognition. It considers the fundamental issues of using a computational approach to explore and model cognition. In particular, we explore the way that computational models relate to, are tested against, and illuminate psychological theories and data.
The course will introduce both symbolic and subsymbolic modelling methodologies, and provide practical experience with implementing models. The symbolic part will focus on cognitive architectures,while the subsymbolic part will introduce probabilistic models.

- An introduction/review of the idea of computational approaches to studying cognition; the mind as information-processing system; Marr's levels of analysis (computational, algorithmic, implementation).
- The general motivations underlying the computational modelling of cognition, and different kinds of questions that can be answered (e.g., why do cognitive processes behave as they do, or what algorithms might be used to carry out this behaviour? What kinds of information are used, or how is this information processed/integrated over time?)
- Mechanistic/algorithmic approaches and issues addressed by these approaches: parallel versus serial processing, flow of information, timing effects.
- Rational/probabilistic approaches and issues addressed by these approaches: adaptation to the environment, behaviour under uncertainty, learning, timing effects.
- General issues: top-down versus bottom-up processing, online processing, integration of multiple sources of information.
- Methodology and issues in the development and evaluation of cognitive models: Which psychological data are relevant? What predictions are made by a model? How could these be tested?
- Modelling techniques: in the assignments, students will experiment with both symbolic (rulebased) and subsymbolic (probabilistic) cognitive models.
- Example models: in a number of areas we will look at the theories proposed and different ways of modelling them. Areas discussed will include several of the following: language processing, reasoning, memory, high-level vision, categorization. Specific models will be introduced and analysed with regard to relevant psychological data.",10,undergraduate,https://www.drps.ed.ac.uk/25-26/dpt/cxinfr10054.htm,"Rule-based modeling, Probabilistic modeling, Cognitive architectures, Marr's levels of analysis, Parallel processing, Serial processing, Information flow analysis, Timing effects modeling, Adaptive behavior modeling, Uncertainty reasoning, Bayesian inference, Top-down processing, Bottom-up processing, Online processing, Multi-source integration, Model development, Model evaluation, Psychological data analysis, Prediction generation, Hypothesis testing, Experimental design, Research methods, Technical writing, Academic writing, Oral presentation, Statistical modeling, Simulation, Algorithm design, Knowledge representation, Symbolic AI, Subsymbolic AI"
University of Edinburgh,ed.ac.uk,Informatics,INFR10077,Computing in the Classroom,"This course will give fourth year students the opportunity to make a positive contribution to the local community by sharing the knowledge of Informatics with school pupils and teachers. They will work with teachers to design appropriate teaching material and practical projects for computing education in schools, communicate effectively with young people and instil in them passion for computing disciplines, and support them in developing skills necessary in an increasingly digital society. Students will gain a critical understanding of the theory and practice of computer science pedagogy as appropriate for different stages of school learners. In addition, studying this course will enable students to develop a range of communication and organisational skills in a high pressure but supported real world setting.
The course offers an in-depth, sustained experience in the classroom to students contemplating a career in education.

Students will contribute to the teaching of computer science and data science in primary / secondary / special schools in Scotland. This could include a diverse range of activities including creating online materials, teaching classes online, developing software to support live events, and where appropriate, visiting classrooms. They will be supported by primary and secondary teachers and by academic mentors from the School of Informatics and School of Education.
The aim of the course is for the students to design and deliver a project based on discussions with academic staff and classroom teachers, analysis of the appropriate school curricula, assessment of pupil's interests, and feedback received from an academic mentor. Students will receive formative feedback from an academic mentor based on observation notes and reflective writing recorded throughout the year.
Course topics include:
* Computer science in schools curricula in Scotland and other countries
* Good practice in computer science pedagogy research evidence
* Effective teaching techniques
* Giving and receiving feedback
* Lesson planning
* Child protection and appropriate measures for risk management (e.g. infection control)",20,undergraduate,https://www.drps.ed.ac.uk/25-26/dpt/cxinfr10077.htm,"Software development, Data science, Research methods, Technical writing, Oral presentations"
University of Edinburgh,ed.ac.uk,Informatics,INFR10074,Computer Communications and Networks,"This is a comprehensive first course in Computer Communications and Networks, focusing on fundamental concepts, principles and techniques. The course will introduce basic networking concepts, including: protocol, network architecture, reference models, layering, service, interface, multiplexing, switching and standards. An overview of digital communication from the perspective of computer networking will also be provided.
Topics covered in this course include: Internet (TCP/IP) architecture and protocols, network applications, congestion/flow/error control, routing and internetworking, data link protocols, error detection and correction, channel allocation and multiple access protocols, communication media and selected topics in wireless and data centre networks. It will cover recent advances in network control and management architectures by introducing the concepts of software-defined networking (SDN) and network (function) virtualisation.
Students taking this course will gain hands-

* Introduction to Computer Networking and the Internet
* Digital Communication Basics
* The Application Layer with comprehensive treatment of networked applications (incl. multimedia data and applications)
* The Transport Layer
* The Network Layer
* The Data Link Layer
* The Medium Access Control Sub-Layer
* The Physical Layer
* Software-defined networking (SDN)
* Network virtualisation and network function virtualisation (NFV)
* Network management
* Introduction to data centre and wireless networks
* Overview and selected aspects of network security",20,undergraduate,https://www.drps.ed.ac.uk/25-26/dpt/cxinfr10074.htm,"Computer Networking, Network Protocols, TCP/IP, Network Architecture, Reference Models, Layering, Multiplexing, Switching, Standards, Digital Communication, Network Applications, Congestion Control, Flow Control, Error Control, Routing, Internetworking, Data Link Protocols, Error Detection and Correction, Channel Allocation, Multiple Access Protocols, Communication Media, Wireless Networks, Data Centre Networks, Software-Defined Networking (SDN), Network Virtualization, Network Function Virtualization (NFV), Network Management, Network Security"
University of Edinburgh,ed.ac.uk,Informatics,INFR08034,Understanding Society with Big Data: Computational Social Science,"This course introduces the fundamentals of computational social science, focusing on how to study social phenomena and human behaviour through the analysis of big social data, such as social media datasets.
The course does not involve any coding (programming). It is highly practical, providing students with hands-on experience in social data analysis, including textual, network, and statistical analysis, using user-friendly tools provided during the course. It is designed for students from diverse disciplines, including but not limited to Informatics, Social and Political Science, Business, and Philosophy, Psychology and Language Sciences. Students will apply their learning by completing a final project in small, cross-disciplinary groups, integrating different perspectives to address real-world social science questions.

The principal aim of the course is to teach how to conduct a computational social science project by introducing all the necessary components: formulating questions, collecting data, designing experiments, employing methods of artificial intelligence and text analysis and considerations of bias, fairness and ethical implications.
Indicative list of topics:
Fundamentals of Social Science
Quantitative and Qualitative Concepts
Data Types and Collection Methods
Data Cleaning and Preprocessing
Ethics and Fairness in Computational Social Science
Data Visualization
Network Analysis
Text Analysis for Social ScienceMachine Learning Tools for Social Science
The course will be taught through a mix of lectures, where new content will be introduced, and labs and tutorials where you will get hands-on experience putting these concepts into practice.",20,undergraduate,https://www.drps.ed.ac.uk/25-26/dpt/cxinfr08034.htm,"Computational Social Science, Big Data Analytics, Social Media Data Analysis, Quantitative Research, Qualitative Research, Data Collection, Data Cleaning, Data Preprocessing, Data Visualization, Network Analysis, Text Analysis, Machine Learning, Artificial Intelligence, Research Methods, Tech Ethics, Algorithmic Fairness, Experimental Design"
University of Edinburgh,ed.ac.uk,Informatics,INFR10065,Compiling Techniques,"This course describes the phases of a modern programming language compiler with an emphasis on widely-used techniques. The course project will require students to implement a complete compiler from scratch for a simple programming language, targeting a real machine assembly such as RISC-V.
Students will also learn about implementing a compiler pass in a real compiler framework.

* Introduction: structure of a compiler
* Lexical analysis: tokens, regular expressions, Lex
* Parsing: context-free grammars, predictive and LR parsing
* Abstract syntax: semantic actions, abstract parse trees
* Semantic analysis: symbol tables, bindings, type-checking
* Stack frames: representation and abstraction
* Intermediate code: representation trees, translation
* Basic blocks and traces: canonical trees and conditional branches
* Instruction selection: algorithms for selection, RISC and CISC
* Liveness analysis: solution of dataflow equations
* Register allocation: colouring by simplification, coalescing
* Real assembly language: ARM, MIPS, or RISC-V
* Advanced Topics may include: automatic parallelisation, popular open-source compilers: GCC, LLVM, MLIR",20,undergraduate,https://www.drps.ed.ac.uk/25-26/dpt/cxinfr10065.htm,"Compiler Design, Compiler Construction, Compiler Implementation, RISC-V Assembly, ARM Assembly, MIPS Assembly, Lexical Analysis, Regular Expressions, Lex, Parsing, Context-Free Grammars, Predictive Parsing, LR Parsing, Abstract Syntax Trees, Semantic Analysis, Type-Checking, Stack Frames, Intermediate Representation, Basic Blocks, Instruction Selection, RISC, CISC, Liveness Analysis, Dataflow Analysis, Register Allocation, Graph Coloring, Automatic Parallelization, GCC, LLVM, MLIR"
University of Edinburgh,ed.ac.uk,Informatics,INFR08031,Discrete Mathematics and Probability,"The first part of this course covers fundamental topics in discrete mathematics that underlie many areas of computer science and presents standard mathematical reasoning and proof techniques such as proof by induction. The second part of this course covers discrete and continuous probability theory, including standard definitions and commonly used distributions and their applications.

The course will cover roughly the following topics:
Block 1: Discrete Mathematics
- Logical equivalences, conditional statements, predicates and quantifiers
- Methods of proof using properties of integers, rational numbers and divisibility
- Set theory, properties of functions and relations, cardinality
- Sequences, sums and products, Induction and Recursion
- Modular arithmetic, primes, greatest common divisors and their applications
- Introductory graph topics
Block 2: Probability Theory
- Counting techniques: product rule, permutations, combinations
- Axioms of probability, sample space, events, De Morgan's Law
- Joint and conditional probability, independence, chain rule, law of total probability, Bayes' Theorem
- Random variables, expectation, variance, covariance
- Common discrete and continuous distributions (e.g., Bernoulli, binomial, Poisson, uniform, exponential, normal)
- Central limit Theorem",20,undergraduate,https://www.drps.ed.ac.uk/25-26/dpt/cxinfr08031.htm,"Discrete Mathematics, Proof by Induction, Set Theory, Functions and Relations, Cardinality, Sequences, Sums, Products, Recursion, Modular Arithmetic, Number Theory, Graph Theory, Probability Theory, Counting Techniques, Permutations, Combinations, Axioms of Probability, Sample Space, Events, De Morgan's Law, Joint Probability, Conditional Probability, Independence, Chain Rule, Law of Total Probability, Bayes' Theorem, Random Variables, Expectation, Variance, Covariance, Bernoulli Distribution, Binomial Distribution, Poisson Distribution, Uniform Distribution, Exponential Distribution, Normal Distribution, Central Limit Theorem"
University of Edinburgh,ed.ac.uk,Informatics,INFR09053,Entrepreneurship and Innovation Project,"The Entrepreneurship and Innovation Project course enables Informatics students to approach real life problems with an entrepreneurial perspective, through developing their ability to apply disciplinary knowledge, resources and academic skills. The teaching environment for the EIP course will be in-person, face-to-face, and involve guided collaborative teamwork sessions, guest lecturers, and continuous feedback. Teaching will be delivered in a way that enables students to build on their entrepreneurial knowledge each week through formal and informal interactions with the course organiser.

The Entrepreneurship and Innovation Project covers three levels of cognitive domains (Knowledge, Comprehension, and Application): it exposes the enrolled students to entrepreneurial knowledge, and then teaches them how to explain and represent their new knowledge through applying it to constructing a solution to a problem that they have identified. Students will be assessed on their ability to develop and execute a semester-long entrepreneurial project. Each individual in the team will be required to reflect on/provide a personal perspective of the effectiveness of their teamwork through regular blog posts. Like a real-life business with co-founders, the EIP course requires students face and address challenges as a team.
Student teams will be provided with formative assessment throughout the semester on the basis of their contributions to regular reflective exercises, which evaluate their progress on collaboratively planning for and presenting a group business plan as their final project. All students will be required to attend weekly business planning workshops, which will guide students on how to research for and populate sections of their business plans that will be assessed as a summative portfolio of each team's collaborative learning journey throughout the semester. Weekly class attendance and effective team work are both essential in order for students to get a good grade for EIP.
The EIP course provides students with an opportunity to define and engage with an entrepreneurial project that they can continue pursue beyond the 1-semester of the EIP course delivery.
The course organiser of EIP will provide students with a guided learning pathway, which enables the teaching team to get to know the individual teams 'intimately' through the semester, so as to offer them individualised/team-specific feedback within the context of the larger learning outcomes and with regard to the components of the business plan that are assessed for a final team and individual grade.",20,undergraduate,https://www.drps.ed.ac.uk/25-26/dpt/cxinfr09053.htm,"Entrepreneurial Project Management, Business Plan Development, Team Collaboration, Reflective Blogging, Oral Presentation Skills, Research Methods, Technical Writing, Academic Writing, Product Management, Human-Computer Interaction (HCI), UI/UX Design, Intellectual Property (IP), Patent Law, Tech Ethics"
University of Edinburgh,ed.ac.uk,Informatics,INFR10061,Elements of Programming Languages,"Programming languages are unique forms of communication that play a dual role: not only as ways for programmers to instruct machines, but as ways for programmers to talk to each other about computation. Paradoxically, they are among the most permanent features of the computing landscape (Fortran, for example, is still widely used 60 years since its invention), and among the most energetic and innovative, with new programming languages introduced every few months, often aiming to simplify Web programming, parallel, or distributed computing.
Although few computer scientists will ever design a new, general-purpose language like Java or C++, all computer scientists need the ability to learn new languages quickly, recognise and use (or avoid misusing) common language features, and even design new domain-specific languages for restricted problem domains. The design of programming languages involves many subtle choices and tradeoffs among performance, convenience, and elegance.
This course co

* Abstract syntax and name-binding; Lexical vs. dynamic scope
* Modelling programming language features using inference rules
* Interpreters as a way of defining and exploring language features
* Domain specific languages, translators, and pragmatics of language processing
* A selection of topics illustrated by case studies from current or historically important language designs:
- data structures: pairs/record types; variant/union types; recursion
- abstracting data: overloading; generics; ad hoc vs. parametric polymorphism
- control structures: goto, loops, case/switch, exceptions
- abstracting control: procedure call/return; function types; continuations
- design dimensions: eager vs. lazy evaluation; purity vs. side-effects; state
- object-oriented features: objects, classes, interfaces, subtyping, (multiple) inheritance
* Advanced topics/guest lectures on concurrent, parallel, distributed programming, security, or verification (linking to UG4 year courses)",10,undergraduate,https://www.drps.ed.ac.uk/25-26/dpt/cxinfr10061.htm,"Abstract Syntax, Name Binding, Lexical Scope, Dynamic Scope, Inference Rule Modelling, Interpreter Design, Domain-Specific Language Design, Translator Construction, Pragmatics of Language Processing, Pairs/Record Types, Variant/Union Types, Recursion, Overloading, Generics, Ad Hoc Polymorphism, Parametric Polymorphism, Goto, Loops, Case/Switch Constructs, Exception Handling, Procedure Call/Return, Function Types, Continuations, Eager Evaluation, Lazy Evaluation, Purity, Side-Effects Management, State Management, Object-Oriented Programming, Classes, Interfaces, Subtyping, Multiple Inheritance, Concurrent Programming, Parallel Programming, Distributed Programming, Programming Language Security, Formal Verification"
University of Edinburgh,ed.ac.uk,Informatics,INFR10078,Foundations of Natural Language Processing,"This course covers some of the foundations of natural language processing (NLP) and equips students for more advanced NLP courses in year 4. We focus on what makes automatic processing of language unique and challenging: its statistical properties, complex structure, and pervasive ambiguity. We cover a range of architectures and algorithms for NLP. The course starts with simple models for text classification and generation. We will then discuss neural models to represent the meaning of words and model language, such as Recurrent Neural Networks and Transformers.
Students will gain insight into the technology behind contemporary Large Language Models, including pre-training and supervised fine-tuning techniques. As part of the course, we will also introduce methodological and ethical considerations (e.g., evaluation, data collection, algorithmic bias) that are important for working in the field.

The course will first introduce simple and interpretable models, such as n-gram and bag-of-words models and logistic regression, to illustrate a range of NLP tasks (language modelling, classification, and generation), as well as the basic framework for NLP experiments (training, evaluation, baselines). We will also introduce classic approaches to predicting linguistic representations (HMMs and PCFGs).
Next, we will cover neural architectures for NLP (such as Multi-Layer Perceptrons, Recurrent Neural Networks, and Transformers), which are more opaque and data-hungry, but also achieve better performance on NLP tasks.
Finally, we will discuss the framework of transfer learning, which leverages large amounts of unsupervised data, and the training pipeline for Large Language Models.
Throughout the course, we will introduce concepts and findings from linguistics as a way to understand the challenges of this type of data. We will discuss the strengths and weaknesses of different approaches, including both technical and ethical challenges (such as bias and interpretability). We will illustrate how NLP models can be used for specific applications (e.g., translation and summarisation).",20,undergraduate,https://www.drps.ed.ac.uk/25-26/dpt/cxinfr10078.htm,"Natural Language Processing, Statistical Modeling, Text Classification, Text Generation, Neural Networks, Recurrent Neural Networks, Transformers, Large Language Models, Pre-training, Supervised Fine-tuning, Algorithmic Bias, N-gram Models, Bag-of-words Models, Logistic Regression, Language Modelling, Hidden Markov Models, Probabilistic Context-Free Grammars, Multi-Layer Perceptrons, Transfer Learning, Unsupervised Learning, Tech Ethics, Data Collection, Model Evaluation"
University of Edinburgh,ed.ac.uk,Informatics,INFR09051,Informatics Large Practical,"The Informatics Large Practical exposes students to the problems that arise with the design and implementation of large-scale software systems, and to methods of coping with such problems.
Students will gain experience in how to:
- Schedule their work load
- Design clearly and coherently structured systems
- Discover and use relevant technical information
- Implement a large-scale software system
- Design and run experiments and tests
- Analyse and report results
- Present their work in a clear and concise way.

The Informatics Large Practical gives students experience in developing a non-trivial software system and presenting on the end product. In this way, the practical provides an introduction to the issues and requirements of the more demanding fourth-year project. In particular, the student gains practical experience of:
- Reading technical material and identifying the important content
- Identifying and formalising project requirements
- Identifying computational problems and inventing algorithmic solutions
- Constructing a detailed design which does not over-commit to implementation detail
- Implementing and testing a software application which realises the design
- Experimenting with the implementation to explore the solutions to the computational problems
- Creating a video presentation of work done, which acts as a basis for the oral examination
- Managing a software project using a source-code repository",20,undergraduate,https://www.drps.ed.ac.uk/25-26/dpt/cxinfr09051.htm,"Software Engineering, Software Architecture, Software Design, Software Implementation, Software Testing, Experimental Design, Data Analysis, Technical Reporting, Oral Presentations, Technical Research, Requirements Engineering, Requirements Analysis, Algorithms, Version Control, Project Management, Video Presentation"
University of Edinburgh,ed.ac.uk,Informatics,INFR08020,Informatics 1 - Cognitive Science,"This course is designed as a first introduction to Cognitive Science. It will provide a selective but representative overview of the subject, suitable for all interested students, including students on the Cognitive Science degrees and external students.
The aim of the lecturing team is to present a unified view of the field, based on a computational approach to analysing cognition. The material is organized by cognitive function (e.g., language, vision), rather than by subdiscipline (e.g., psychology, neuroscience).
The course covers language, vision, memory, control and action, and reasoning and generalization. All topics will be presented from a computational point of view, and this perspective will be reinforced by lab sessions in which students implement simple cognitive models.

The syllabus covers the following topics.
They are listed separately here, but in some cases they will be presented in an interleaved fashion:
1. Language
- cognitive instinct or cognitive technology?
- linguistic representations: productivity and reuse
- Connectionist and Bayesian models of language
- language acquisition: speech segmentation and word learning
- categorization and models of word meaning
2. Reasoning and generalization
- inductive reasoning
- fallacies and (ir)rationality
- models of abstraction and generalisation
- theory formation and the origins of knowledge
3. Fundamentals of cognitive neuroscience
- basic brain anatomy and function
- experimental techniques to record brain activity
- simple models of neurons
4. Vision
- the anatomy of vision, neural correlates of visual perception
- comparison of biological and artificial visual systems
5. Memory and Attention
- types of memory, memory impairments
- computational models of memory
6. Actions and behaviour
- reinforcement learning
Note that this course is intended to give a high-level introduction to the topics listed; subsequent courses (e.g., Computational Cognitive Science) will then provide a more detailed coverage.",20,undergraduate,https://www.drps.ed.ac.uk/25-26/dpt/cxinfr08020.htm,"Computational Modeling, Cognitive Modeling, Connectionist Modeling, Bayesian Modeling, Speech Segmentation, Inductive Reasoning, Computer Vision, Reinforcement Learning, Neural Modeling"
University of Edinburgh,ed.ac.uk,Informatics,INFR08025,Informatics 1 - Introduction to Computation,"An introduction to concepts of programming, using a functional programming language, and to concepts of computation and specification using finite-state systems and propositional logic. These provide examples of the logical ideas of syntax and semantics and the computational ideas of structure and behaviour. Students learn to specify, model and solve small-scale problems succinctly and at an abstract level.

An introduction to concepts of programming, using the Haskell functional programming language, and to concepts of computation and specification, using finite-state machines and propositional logic. The use of sets, functions and relations to describe models of logic and computation. Programming using functions and data structures, including lists and trees, equational reasoning, case analysis, recursion, higher-order functions, algebraic and abstract data types. Finite-state machines as a basic model of computation: deterministic and non-deterministic automata; regular expressions; acceptors; structured design of finite state machines. Propositional logic: truth tables; satisfiability; deduction. Applications from different areas will be used to illustrate and motivate the material.",20,undergraduate,https://www.drps.ed.ac.uk/25-26/dpt/cxinfr08025.htm,"Haskell, functional programming, finite-state machines, propositional logic, set theory, functions, relations, lists, trees, equational reasoning, case analysis, recursion, higher-order functions, algebraic data types, abstract data types, deterministic automata, non-deterministic automata, regular expressions, finite state machine design, truth tables, satisfiability, deduction"
University of Edinburgh,ed.ac.uk,Informatics,INFR08029,Informatics 1 - Object Oriented Programming,"This course presents a conceptual and practical introduction to object oriented programming and software engineering practices, exemplified by Java. As well as providing a grounding in the use of Java, the course will cover general principles of programming in imperative and object oriented frameworks. After completing the course successfully, students will be able to develop programs that support experimentation, simulation and exploration in other parts of the Informatics curriculum (e.g. the capacity to implement, test and observe a particular algorithm).

An introduction to the concepts of programming and software engineering using an object oriented programming language.",20,undergraduate,https://www.drps.ed.ac.uk/25-26/dpt/cxinfr08029.htm,"Java, Object-Oriented Programming, Imperative Programming, Software Engineering, Algorithm Design, Testing, Simulation, Experimentation"
University of Edinburgh,ed.ac.uk,Informatics,INFR08030,Informatics 2 - Foundations of Data Science,"This course introduces students to a core set of knowledge, skills, and ways of thinking that are needed for data science. It brings together several strands: mathematical and computational techniques from statistics and machine learning; practical work with toolchains for data wrangling, analysis, and presentation; critical thinking and writing skills needed to evaluate and present claims; and case studies prompting discussion of the real world implications of data science.

The course will be delivered through a combination of lectures, workshops, and practical labs; students will be expected to complete both pencil-and-paper and programming-based exercises on their own time as well as during workshops and scheduled labs. Students will complete a data science project to assess their practical and writing skills. Technical topics in the course will be covered in three sections, with indicative topics listed below. Practical aspects of these will use a Python-based ecosystem.
1. Data wrangling and exploratory data analysis
- Working with tabular data
- Descriptive statistics and visualisation
- Linear regression and correlation
- Clustering
2. Supervised machine learning
- Classification
- More on linear regression; logistic regression
- Generalization and regularization
3. Statistical inference
- Randomness, simulation and sampling
- Confidence intervals, law of large numbers
- Randomized studies, hypothesis testing
Interleaved with these topics will be topics focusing on real-world implications (often using case studies), critical thinking, working and writing skills. These may be introduced in lecture but will often include a workshop discussion and/or peer review of written work. Indicative topics include:
A. Implications:
- Where does data come from? (Sample bias, data licensing and privacy issues)
- Visualisation: misleading plots, accessible design
- Machine learning: algorithmic bias and discrimination
B. Thinking, working, and writing:
- Claims and evidence: what can we conclude; analysis of errors
- Reproducibility; programming ""notebooks"" vs modular code
- Scientific communication; structure of a lab report
- Reading and critique of data science articles",20,undergraduate,https://www.drps.ed.ac.uk/25-26/dpt/cxinfr08030.htm,"Python, data wrangling, exploratory data analysis, tabular data handling, descriptive statistics, data visualization, linear regression, correlation analysis, clustering, classification, logistic regression, regularization, generalization, simulation, sampling, confidence interval estimation, hypothesis testing, randomized controlled trials, critical thinking, scientific writing, reproducibility, Jupyter notebooks, modular code, lab report writing, reading and critiquing data science articles, claims and evidence evaluation, error analysis, sample bias assessment, data licensing, privacy awareness, misleading plot detection, accessible design, algorithmic bias detection, discrimination mitigation"
University of Edinburgh,ed.ac.uk,Informatics,INFR08026,Informatics 2 - Introduction to Algorithms and Data Structures,"This course provides a formal and practical introduction to the algorithms and data structures that underlie all areas of computation. It aims to provide students with a toolbox of standard algorithms and data structures, as well as the skills to analyse both the theoretical complexity of algorithms and their practical behaviour. Both written and programming exercises will be used, with examples from all areas of Informatics.

This course is an important foundation for all areas of Informatics.
It runs for the full year (10 credits in each semester), with approximately 15 lectures per semester. A mixture of tutorials and labs will be used to reinforce both mathematical and practical knowledge of algorithms and data structures, including differences between theoretical and empirical analysis.
Students' ability to implement and empirically analyse algorithms will be assessed via practical coursework, with an exam to assess other aspects of the course (knowledge and choice of existing algorithms and data structures, theoretical analysis, algorithmic strategies, and applications).
The following is an indicative list of topics covered:
Asymptotic notation and algorithmic analysis
Sequential data structures (lists, stacks, queues)
Basic and more advanced sorting algorithms
Tree data structures, heaps and priority queues
Hashing and dictionaries
Graphs and graph algorithms
Dynamic programming
The classes P and NP
Throughout, different specific algorithms and algorithmic strategies (such as divide-and-conquer, greedy, recursive backtracking, dynamic programming) will be introduced using real-world examples.",20,undergraduate,https://www.drps.ed.ac.uk/25-26/dpt/cxinfr08026.htm,"Algorithms, Data Structures, Asymptotic Notation, Algorithmic Analysis, Sequential Data Structures, Lists, Stacks, Queues, Sorting Algorithms, Tree Data Structures, Heaps, Priority Queues, Hashing, Dictionaries, Graphs, Graph Algorithms, Dynamic Programming, P vs NP, Divide-and-Conquer, Greedy Algorithms, Recursive Backtracking, Empirical Analysis, Theoretical Complexity Analysis"
University of Edinburgh,ed.ac.uk,Informatics,INFR08032,Informatics 2 - Software Engineering and Professional Practice,"Software Engineering and Professional Practice teaches the practice of small team software development in modern society, equipping students to participate in a start-up, modern tech company or a software-dependent research team.
Students will gain experience developing a software system from scratch, using some of the key tools of the trade: analysing requirements, designing and implementing new features, testing, version control.
Professional aspects of Software Engineering - its legal, ethical and social environment, including issues of privacy, security, equality, democracy and intellectual property - will be approached through lectures and some practical work.

As students enter this course they team up in groups of 3-4 to develop a small-scale software system from scratch using an iterative waterfall process. Over the course of the semester, they consider an incomplete specification to derive and analyse requirements, design their solution from a static and dynamic perspective using UML diagrams, construct and test their solution in Java. There is room for interpretation, creativity, and some of the requirements change along the way. Moreover, there are technical, professional and ethical issues surrounding the problem at hand, on which students will need to reflect.
Included in the experience will be use of industry standard tools for software development (integrated development environments, version control, issue tracking), and key elements of modern development practice, such as code review, peer review, and pair programming.
As students engage in this practical work, the course will contextualise it against the broader themes, both of large-scale software engineering and its academic literature, and of today's urgent professional issues: the legal, ethical and social context in which software and its authors exist. Guest lecturers will speak on technical topics, but also on topics such as privacy, security, equality, democracy and intellectual property - some of which will have a direct impact on students' practical work.",20,undergraduate,https://www.drps.ed.ac.uk/25-26/dpt/cxinfr08032.htm,"Java, Software Engineering, Requirements Analysis, Software Design, Software Testing, Version Control, Tech Ethics, Privacy, Cybersecurity, Intellectual Property (IP), Waterfall Model, UML, Integrated Development Environments (IDEs), Issue Tracking, Code Review, Peer Review, Pair Programming, Requirements Engineering"
University of Edinburgh,ed.ac.uk,Informatics,INFR08010,Informatics 2D - Reasoning and Agents,"This course focuses on approaches relating to representation, reasoning and planning for solving real world inference. The course illustrates the importance of (i) using a smart representation of knowledge such that it is conducive to efficient reasoning, and (ii) the need for exploiting task constraints for intelligent search and planning. The notion of representing action, space and time is formalized in the context of agents capable of sensing the environment and taking actions that affect the current state. There is also a strong emphasis on the ability to deal with uncertain data in real world scenarios and hence, the planning and reasoning methods are extended to include inference in probabilistic domains.

1.  Intelligent Agents: Introduction
* Nature of agents, performance measures and environments
* Wumpus World Problem : An example thread (Programming environment) setup
2. Search based Planning
* Planning as a Search Problem: In deterministic, observable, static and known environments
* Smart Searching 1: Using constraints
* Smart Searching 2: Exploiting subproblems/Memoisation
* Informed Search and Exploration for agents
3. Logical Representation and Planning
* Propositional Logic Revisited (Shortcomings)
* First Order Logic & Encoding facts/rules in FOL
* Inference Rules for Propositional & FOL Calculus
* Unification and Generalized Modus Ponens
* Resolution based Inference and directing search with it
* Knowledge representation : Using FOL to represent action, space, time -- Wumpus Example
* Situation Calculus: Representing time in plans
4. Scaling Planning for Complex Tasks
* Representing States, Goals and Actions in STRIPS
* Partial Order Planning
* Planning and Acting in the Real World
5. Acting in Uncertain (real world) Environments
* Representation with Bayes Net
* Probabilistic Reasoning in Bayes Net
* Planning under Uncertainity : Wumpus world revisited
* Probabilistic Reasoning over Time I: hidden markov models
* Probabilistic Reasoning over Time II: dynamic Bayesian networks
* Markov Decision Processes
Relevant QAA Computing Curriculum Sections:  Artificial Intelligence, Human-Computer Interaction (HCI), Intelligent Information Systems Technologies, Simulation and Modelling",20,undergraduate,https://www.drps.ed.ac.uk/25-26/dpt/cxinfr08010.htm,"Knowledge Representation, Automated Reasoning, Automated Planning, Inference, Intelligent Agents, Search Algorithms, Constraint Satisfaction, Memoization, Informed Search, Propositional Logic, First-Order Logic (FOL), Unification, Situation Calculus, STRIPS, Partial Order Planning, Bayesian Networks, Probabilistic Reasoning, Hidden Markov Models (HMM), Dynamic Bayesian Networks, Markov Decision Processes (MDP), Artificial Intelligence, Human-Computer Interaction (HCI), Simulation and Modeling"
University of Edinburgh,ed.ac.uk,Informatics,INFR10059,Introduction to Theoretical Computer Science,"This course introduces the fundamental concepts of the theory of computer science, which include some of the greatest intellectual advances of the last century: what does `computing' mean? Are all `computers' basically the same? Can we tell whether our programs are `correct' - and what does `correct' mean, anyway? Can we solve problems in reasonable time, and can we tell whether we can?
The course concentrates primarily on conceptual understanding, but adds enough detail to allow students to go on to further courses, and illustrates how the fundamental concepts are reflected throughout the discipline.

The first section of the course asks the question, what does it mean to compute? We start with the finite automata introduced in earlier years, and then generalise to pushdown automata, and show that they have more power. Next we generalize further to very simple abstract general computers, and argue they can do everything real computers can do. We then ask, can we solve every computational question? The answer, with which Turing shocked the mathematicians of the 1930s, is ""no"", with a remarkably easy but beautiful argument (introduced at the end of Inf2-IADS INFR08026). We then explore some different, but always equivalent, ways of defining ""a computer"". We finish the section by asking how we can compare the difficulty of different problems, and introduce the idea of ""reduction"" as a way of compiling one problem into another. Technically, this covers register machines, undecidability, Turing machines, and reductions.
The second section thinks about how hard it is to solve solvable problems, leading to one of the most important problems in all mathematics, and the foundation of internet security. We start by reprising Inf2-IADS INFR08026 analysis of algorithms, and then discuss the idea of classifying problems as `tractable' (easy) or `intractable' (hard). We find that the idea of algorithms whose running time grows polynomially in the problem size is a good mathematical definition of `tractable', though not always a practical one. After making this more precise, we ask what happens if we're allowed to just check all the possible answers in parallel - does this give us more problem-solving power? The question is made precise by the concept of NP, and we show that there are ""hardest"" such problems, such as the famous Travelling Salesman. Although the question is easy to ask, nobody knows how to answer it. This is P = NP - if you can solve it, you win a million dollars, and fame for as long as civilization lasts.   So far, NP problems are very hard to solve in practice, so we discuss how to deal with them. We finish the section by talking about much harder problems still. Technically, this section covers P, NP, hardness and completeness, Cook's Theorem, P = NP, and the complexity hierarchy above NP.
The third section takes brief look at a different way of seeing computation. Haskell needn't be seen as a programming language, it can be the computer itself. We'll show how the lambda-calculus (on which Haskell is based) can do all the computing our other models could, and how the halting problem was actually first solved (or rather unsolved) within lambda-calculus.",10,undergraduate,https://www.drps.ed.ac.uk/25-26/dpt/cxinfr10059.htm,"Finite Automata, Pushdown Automata, Turing Machines, Register Machines, Lambda Calculus, Haskell, Functional Programming, Algorithm Analysis, Complexity Theory, P vs NP, NP-Completeness, Cook's Theorem, Reductions, Undecidability, Computability Theory, Formal Languages, Automata Theory, Complexity Hierarchy, Proof Techniques, Correctness Proofs"
University of Edinburgh,ed.ac.uk,Informatics,INFR10051,MInf Project (Part 1),"This is the first half a major project that runs over the fourth and fifth years. It is intended to allow students to demonstrate their ability to organise and carry out a substantial piece of work. The project involves both the application of skills learnt in the past and the acquisition of new skills. Typical areas of activity will be: gathering and understanding background information; solving conceptual problems; design; implementation; experimentation and evaluation; writing up.
The project is conducted individually by the student under the supervision of a member of teaching staff. The project specification is usually provided by a member of staff, but students are also free to specify their own project. All project specifications must be approved by the Project Coordinator.
The project will normally involve the construction of an artefact, whether software, hardware, a robotic device, some other artefact incorporating computation, or some combination of these.
This first half co

Project dependent",40,undergraduate,https://www.drps.ed.ac.uk/25-26/dpt/cxinfr10051.htm,"Research Methods, Conceptual Problem Solving, System Design, Software Implementation, Hardware Implementation, Experimentation, Evaluation, Technical Writing, Project Management, Artefact Construction, Robotic Device Design"
University of Edinburgh,ed.ac.uk,Informatics,INFR10086,Machine Learning,"***This course is a replacement for Introductory Applied Machine Learning (INFR10069)***
Since the early days of AI, researchers have been interested in making computers learn, rather than simply programming them to do tasks. This is the field of machine learning.  The main area that will be discussed is supervised learning, which is concerned with learning to predict an output, given in-puts. A second area of study is unsupervised learning, where we wish to discover the structure in a set of patterns, i.e. there is no output ""teacher signal"".
The aims of the course are to develop knowledge and a critical appreciation of the various techniques covered in the syllabus, and to be able to apply, validate and refine the methods in practice.

The precise set of methods and algorithms used to illustrate and explore the main concepts will change slightly from year to year. However, the main topic headings are expected to be fairly stable.
-	 Classification and Regression:  Linear Regression, logistic regression, Bayes classifiers
-	 Expanded feature representations: Basis functions, decision trees, neural networks, kernel methods
-	 Generalization and regularization: Penalised cost functions, Bayesian prediction, under- and over-fitting
-	 Model selection and performance evaluation: Cross-validation, ROC and PR curves
-	 Ethics and machine learning: Fairness, accountability, transparency, privacy concerns
-	 Representation learning: Dimensionality reduction, clustering, feature learning
-	 More advanced methods
To support these topics we will also cover:
-	Optimization and Stochastic gradient descent
-	Practical issues: Formulating problems as machine learning, adapting methods to fit problems.  Numerical and programming issues important for machine learning.",20,undergraduate,https://www.drps.ed.ac.uk/25-26/dpt/cxinfr10086.htm,"Linear Regression, Logistic Regression, Bayes Classifiers, Decision Trees, Neural Networks, Kernel Methods, Basis Functions, Cross-validation, ROC Curves, PR Curves, Dimensionality Reduction, Clustering, Feature Learning, Stochastic Gradient Descent, Optimization, Model Selection, Performance Evaluation, Fairness, Accountability, Transparency, Privacy, Regularization, Underfitting, Overfitting, Bayesian Prediction"
University of Edinburgh,ed.ac.uk,Informatics,INFR10090,Introduction to Mobile Robotics,"A mobile robot is an integrated system comprising sensors, actuators, and software that uses the sensors and actuators to understand its surroundings and complete specific tasks. This course provides a strong grounding of the core concepts such as sensing (e.g., visual perception), state estimation (e.g., localisation and mapping) and sequential decision making. The emphasis is on the underlying mathematical concepts and algorithms as opposed to electromechanical systems design. Practical tools and simulators for developing real robotic systems will also be covered in this course.
At the end of the course, students will develop a good grounding in the core concepts, and in the design and implementation of fundamental algorithms in robotics.

This is an introductory course in robotics. We will primarily explore a probabilistic treatment of the corresponding topics, while also briefly discussing other formulations (e.g., based on logics, hybrid methods). The specific methods discussed may vary but the topics will include:
- Refresher of basic mathematical concepts in probability theory.
- Probabilistic state estimation and Bayes filters.
- Kalman filters and extensions: EKF, UKF; Particle filters.
- Sensor models and motion models.
- Basic control theory: open-loop and closed-loop control.
- Localization based on different sensors (range finders, cameras etc).
- Mapping and Simultaneous Localization and Mapping (SLAM).
- Probabilistic sequential decision making: MDP (also RL), POMDP.
- Logics for robotics; hybrid methods combining logics and probabilistic methods.
- Ethics and practical issues in robotics.",20,undergraduate,https://www.drps.ed.ac.uk/25-26/dpt/cxinfr10090.htm,"Robotics, Visual Perception, State Estimation, Localization, Mapping, Sequential Decision Making, Robotics Simulators, Probability Theory, Probabilistic Modeling, Bayes Filters, Kalman Filters, Extended Kalman Filters (EKF), Unscented Kalman Filters (UKF), Particle Filters, Sensor Modeling, Motion Modeling, Control Theory, Open-loop Control, Closed-loop Control, SLAM (Simultaneous Localization and Mapping), Markov Decision Processes (MDP), Reinforcement Learning (RL), Partially Observable Markov Decision Processes (POMDP), Formal Logic, Tech Ethics"
University of Edinburgh,ed.ac.uk,Informatics,INFR10022,Professional Issues (Level 10),"The aim of the course is to highlight and allow students to develop understanding of key aspects of the wider context in which their practice as Informatics professionals will occur.  Students will develop individual capabilities that complement the technical capacities developed elsewhere in Informatics programmes.  These include communication, reflection, reasoning and analysis skills that consider the broader ethical and social implications of their work.

The course will be structured around professional and ethical behaviour, and the wider context in which technologies are developed and deployed. Beginning with the ACM Code of Ethics and Professional Conduct, the course will consider the wider context technologies are developed within and teach students to be considerate in their role as ICT professionals.
A standard breakdown of the course can be expected to be:
- Introduction (week 1 - gives an overview of the course)
- Responsibility (2 weeks, ACM principles 1.1, 1.2, 1.4): this will cover the responsibility of computing professionals. It will explore the notion of harms in the context of complex, multi-stakeholder situations, where benefit and harm are contested.
- Personal Attributes (2 weeks, ACM principles 1.3, 1.5, 1.6 and 1.7): this will cover personal attributes and why these are important by covering a range of situations that challenge professional integrity and work out how to respond to such challenges.
- Society (3 weeks, ACM principles 3.1, 3.2, 3.6 and 3.7) this will cover the obligations of computing professionals to recognise broader social requirements on their actions, particularly in areas where decisions involve the creation of new infrastructures that will underpin the delivery of public services or they are likely to be incorporated into widely used privately-owned platforms.
- Leadership (2 weeks, ACM principles 3.3, 3.4 and 3.5) will cover leadership amongst computing professionals, the obligations on leaders to ensure their leadership is fair and benefits those who are being led. This section will include a reflection on how these materials are taught.
The course will use articles and research from the social sciences, alongside short case studies drawn from contemporary situations that illustrate how knowledge of the decision-making context influences professional conduct and decision-making. Students will develop analytical skills to identify the critical influences on professionals in a range of real-world situations.",10,undergraduate,https://www.drps.ed.ac.uk/25-26/dpt/cxinfr10022.htm,"Tech Ethics, Professional Conduct, Communication, Reasoning, Analytical Skills, Social Implications of Technology, ACM Code of Ethics, Professional Integrity, Leadership, Social Science Research Methods, Case Study Analysis, Decision-Making, ICT Professionalism"
University of Edinburgh,ed.ac.uk,Informatics,INFR10044,Honours Project (Informatics),"This is a major project and is intended to allow students to demonstrate their ability to organise and carry out a substantial piece of work. The project involves both the application of skills learnt in the past and the acquisition of new skills. Typical areas of activity will be: gathering and understanding background information; solving conceptual problems; design; implementation; experimentation and evaluation; writing up.
The project is conducted individually by the student under the supervision of a member of teaching staff. The project specification is usually provided by a member of staff, but students are also free to specify their own project. All project specifications must be approved by the Project Coordinator.
For a single honours Informatics degree, the project will normally involve the construction of an artefact, whether software, hardware, a robotic device, some other artefact incorporating computation, or some combination of these. This requirement does not necessar

Project dependent",40,undergraduate,https://www.drps.ed.ac.uk/25-26/dpt/cxinfr10044.htm,"Research Methods, Problem Solving, System Design, Implementation, Experimentation, Evaluation, Technical Writing, Academic Writing, Software Development, Hardware Development, Robotics, Computation"
University of Edinburgh,ed.ac.uk,Informatics,INFR10057,Software Testing,"This course further develops the introduction to testing in Informatics 2 - Software Engineering and Professional Practice. The course develops skills to select and apply a testing strategy and testing techniques that are appropriate to a particular development process, software system, or component. Class members will become capable users of test tools; will be able to assess the effectiveness of their testing activity; and will be able provide evidence to justify their evaluation. The course is assessed by portfolio demonstrating the achievement of the learning outcomes.
This course is based on the IEEE Software Engineering 2004 Software Testing syllabus.

Software testing is embedded in all software development processes and in recent years with the widespread adoption of DevOps and Continuous Integration, Delivery and Deployment, testing tools, automated testing, and the use of operational data in testing have become increasingly important.
The course includes the following topics:
Testing techniques and principles: Defects vs. failures, equivalence classes, boundary testing.
Types of defects.
Black-box vs. Structural testing.
Testing strategies: Unit testing, integration testing, profiling, test driven development.
State based testing; configuration testing; compatibility testing; web site testing.
Alpha, beta, and acceptance testing.
Coverage criteria.
Test instrumentation and tools.
Developing test plans.
Managing the testing process: Development Lifecycles
Problem reporting, tracking, and analysis.
Relevant QAA Computing Curriculum Sections: Software Engineering
Class members will take the development of tests for a small software project as their focus.  For students taking the Informatics Large Practical course we recommend they take the software developed there as their focus.  However, students are free to choose other software projects if they prefer.  The goal is to gain experience of the full spectrum of testing techniques, test planning, testing process and demonstrate that experience on the chosen software project.
Class members will work in groups of 10 and will be encouraged to share experience by providing comment and reviews of others work.  Weekly tutorials will be structured around different aspects of the course and the development of a portfolio describing the work done on the selected software project.
Each class member will develop an individual portfolio demonstrating they have achieved the learning outcomes of the course.   This will use work on the testing of their chosen software project as evidence, augmented by appropriate other evidence.  Acceptable kinds of evidence demonstrating achievement of the learning outcomes are diverse so part of the assessment is the design of the portfolio in advance of its construction.  There are two or three ""standard"" portfolio
designs but class members are encouraged to develop their own approaches that take account of their personal strengths and weaknesses.  Portfolio designs will include specific assessment criteria.
Each week there will be a group meeting, around 1-2 hours of recorded material covering the lecture material in the course.  Guest lectures given by a practitioner on their experience of testing in different contexts will illustrate the application of the concepts covered in the course in the development of a real-world product.",10,undergraduate,https://www.drps.ed.ac.uk/25-26/dpt/cxinfr10057.htm,"Equivalence class testing, Boundary value analysis, Black-box testing, Structural testing, Unit testing, Integration testing, Test-driven development, State-based testing, Configuration testing, Compatibility testing, Web site testing, Alpha testing, Beta testing, Acceptance testing, Coverage criteria, Test instrumentation, Test tools, Test plan development, Testing process management, Development lifecycle management, Defect reporting, Defect tracking, Defect analysis, DevOps, Continuous Integration, Continuous Delivery, Continuous Deployment, Automated testing, Operational data testing, Portfolio design, Technical writing, Academic writing, Oral presentation, Peer review, Group collaboration"
University of Edinburgh,ed.ac.uk,Informatics,INFR10067,Computer Security,"Computer Security is concerned with the protection of computer systems and their data from threats which may compromise integrity, availability, or confidentiality; the focus is on threats of a malicious nature rather than accidental. This course aims to give a broad understanding of computer security. Topics include security risks, attacks, prevention and defence methods; techniques for writing secure programs; an overview of the foundations for cryptography, security protocols and access control models.

The goal of this course is to introduce students to fundamental security concepts and offer them working knowledge of threats and counter-measures.
The topics covered in the course are:
-  Introduction:   fundamental  concepts,  access  control  models,  threat modelling.
-  Network security: basic networking concepts, DoS, Transport layer security, Link layer security, DNS attacks, Firewalls, Intrusion detection.
-  Usable  security:  basic  human  factors,  warning  design,  phishing,  authentication, device authentication.
-  Cryptography:   symmetric  ciphers,  asymmetric  ciphers,  MACs  and hash functions, digital signatures.
-  Cryptographic protocols:  identification, authentication and key agreement, SSL/TLS, anonymity protocols, TOR.
-  OS security:  OS concepts, memory and file system, access control, file permissions, memory safety, stack-based buffer overflows.
-  Malware:  viruses, trojan horses, worms, rootkits.
-  Web security: WWW basics, client-side attacks, session hijacking XSS, CSRF, defences, server-side attacks, SQL injection, RFI, LFI.",20,undergraduate,https://www.drps.ed.ac.uk/25-26/dpt/cxinfr10067.htm,"Threat modeling, Access control models, Secure coding practices, Cryptography fundamentals, Symmetric encryption, Asymmetric encryption, Message Authentication Codes (MAC), Hash functions, Digital signatures, Authentication and key agreement, SSL/TLS, Anonymity protocols, Tor network, Network security fundamentals, Denial-of-Service mitigation, Link layer security, DNS attack mitigation, Firewall configuration, Intrusion detection systems, Human factors in security, Warning design, Phishing detection, Authentication mechanisms, Device authentication, Operating system security, Memory management security, File system security, File permissions management, Memory safety techniques, Stack-based buffer overflow prevention, Malware analysis, Virus detection, Trojan horse mitigation, Worm containment, Rootkit detection, Web security fundamentals, Cross-site scripting prevention, Cross-site request forgery prevention, Session hijacking mitigation, SQL injection prevention, Remote file inclusion mitigation, Local file inclusion mitigation, Client-side attack defense, Server-side attack defense, WWW basics, Basic networking concepts, Transport layer security, Identification protocols, Key agreement protocols"
University of Edinburgh,ed.ac.uk,Informatics,INFR08027,Informatics 2C - Introduction to Computer Systems,"This course is concerned with the design, implementation and engineering of digital computer systems. It offers an introduction to the internal structure of digital computers.

The primary aim of the course is to convey an understanding of the internal structure and implementation of digital computers. To impart this knowledge, we first explain how the interface between hardware and software is typically constructed. This interface consists of several key components:
* The binary representation and manipulation of atomic data.
* The structure of a typical instruction set.
* The environment in which a program executes, and the notion of processes and virtual memory.
In addition to explaining the interface between hardware and software, this course introduces the ideas behind the hardware implementation of a processor. This consists of several further components:
* Combinational logic - how simple stateless building blocks such as adders, multiplexers and decoders can be constructed from logic elements.
* Sequential logic - how components with state, such as latches, registers, register files and memories can be constructed from logic elements.
* Processor structure - how a simple instruction set can be implemented using combinational and sequential logic components.
This course includes a brief introduction to the C programming language, which is widely used as a systems programming language.",20,undergraduate,https://www.drps.ed.ac.uk/25-26/dpt/cxinfr08027.htm,"C programming, binary representation, binary manipulation, instruction set architecture, process management, virtual memory, combinational logic design, sequential logic design, processor architecture, digital computer systems design, hardware implementation, logic gate design, adder design, multiplexer design, decoder design, latch design, register design, register file design, memory design"
University of Edinburgh,ed.ac.uk,Informatics,INFR10084,Informatics Experiential Learning (Level 10),"Informatics Experiential Learning is available only with permission to students participating in one of the School's approved IEL activities. Please see the IEL Information Page at https://uoe.sharepoint.com/sites/IEL2 for the current year's approved activities and how to apply.
This course forms part of the Student-Led Individually Created Course (SLICC) University-wide framework for self-designed experiential learning, where students reflect throughout their chosen extra-curricular experience, by the development of an e-portfolio to provide evidence of their learning. As a participating student, undertaking a SLICC will enable students to create a unique learning experience, while demonstrating their learning and academic achievement against defined learning outcomes.
This level 10 course will require students to demonstrate the development of their skills and understanding in terms of critical analysis, application, reflection, recognising and developing your skills and mindsets, an

The Informatics Experiential Learning requires students to propose, develop and manage a unique learning experience that will enable the student to evidence how they have achieved the learning outcomes of the course.
The student's self-designed learning experience is required to adhere to a defined structure that supports and enables the student to self-direct and manage their own learning experience. Within this structure however, students have limitless possibilities regarding the topic or theme, content of study and nature of their experience, provided their proposal is academically feasible and is approved by the course organiser or tutor.
Informatics Experiential Learning, for example, may be based upon a particular extra-curricular learning opportunity such as an internship, work experience, pro-bono activity, community engagement, volunteering, or study-abroad and may also focus on a theme of personal and/or professional interest such as sustainability, social responsibility, equality and cultural diversity, or a disciplinary or interdisciplinary-based research theme.
The steps in undertaking this course are as follows:
1. Identify a suitable opportunity within which to undertake your learning experience, and attend an introductory Informatics Experiential Learning workshop
2. Write your draft proposal and submit to your tutor/advisor for approval
3. Self-direct and manage your own learning experience
4. Actively and regularly reflect upon and document your experience with evidence and use that as a basis for writing your self-critical 'Interim Reflective Report', then your 'Final Reflective Report'
5. Formatively self-assess and submit your 'Final Reflective Report' for summative assessment by your tutor.
The steps identified above each require a significant amount of thought and input and will ultimately form part of a 'time-based' e-portfolio of evidence which will be used in the assessment of the Informatics Experiential Learning course.
Undertaking Informatics Experiential Learning, students will not only develop the content of their learning experience but also produce an agreed portfolio of outputs where they must evidence what they have learned and, importantly, where they demonstrate how they met the learning outcomes for the course.",20,undergraduate,https://www.drps.ed.ac.uk/25-26/dpt/cxinfr10084.htm,"Critical Analysis, Portfolio Development, Proposal Writing, Reflective Writing, Technical Writing, Project Management, Research Methods"
University of Edinburgh,ed.ac.uk,Informatics,INFR08033,Informatics Experiential Learning (Level 8),"Informatics Experiential Learning is available only with permission to students participating in one of the School's approved IEL activities. Please see the IEL Information Page at https://uoe.sharepoint.com/sites/IEL2 for the current year's approved activities and how to apply.
This course forms part of the Student-Led Individually Created Course (SLICC) University-wide framework for self-designed experiential learning, where students reflect throughout their chosen extra-curricular experience, by the development of an e-portfolio to provide evidence of their learning. As a participating student, undertaking a SLICC will enable students to create a unique learning experience, while demonstrating their learning and academic achievement against defined learning outcomes.
This level 8 course will require students to demonstrate the development of their skills and understanding in terms of critical analysis, application, reflection, recognising and developing your skills and mindsets, and

The Informatics Experiential Learning requires students to propose, develop and manage a unique learning experience that will enable the student to evidence how they have achieved the learning outcomes of the course.
The student's self-designed learning experience is required to adhere to a defined structure that supports and enables the student to self-direct and manage their own learning experience. Within this structure however, students have limitless possibilities regarding the topic or theme, content of study and nature of their experience, provided their proposal is academically feasible and is approved by the course organiser or tutor.
Informatics Experiential Learning, for example, may be based upon a particular extra-curricular learning opportunity such as an internship, work experience, pro-bono activity, community engagement, volunteering, or study-abroad and may also focus on a theme of personal and/or professional interest such as sustainability, social responsibility, equality and cultural diversity, or a disciplinary or interdisciplinary-based research theme.
The steps in undertaking this course are as follows:
1. Visit the IEL Information Page (https://uoe.sharepoint.com/sites/IEL2) to help you identify a suitable opportunity within which to undertake your learning experience. (Currently only pre-approved projects listed on the IEL Information Page are permitted.)
2. Follow the application procedure given on the IEL Information Page for the project / opportunity you are interested. Your application must be approved by the IEL tutor before you can register for this course
3. Self-direct and manage your own learning experience
4. Actively and regularly reflect upon and document your experience with evidence and use that as a basis for writing your self-critical 'Interim Reflective Report', then your 'Final Reflective Report'
5. Formatively self-assess and submit your 'Final Reflective Report' for summative assessment by your tutor.
The steps identified above each require a significant amount of thought and input and will ultimately form part of a 'time-based' e-portfolio of evidence which will be used in the assessment of the Informatics Experiential Learning course.
Undertaking Informatics Experiential Learning, students will not only develop the content of their learning experience but also produce an agreed portfolio of outputs where they must evidence what they have learned and, importantly, where they demonstrate how they met the learning outcomes for the course.",20,undergraduate,https://www.drps.ed.ac.uk/25-26/dpt/cxinfr08033.htm,"Critical Analysis, Project Management, Reflective Writing, Technical Writing, Portfolio Development, Research Methods, Professional Development"
University of Edinburgh,ed.ac.uk,Informatics,INFR10080,Introduction to Databases,"Data is one of the most important assets of any enterprise and plays a central role in many aspects of everyday life, from healthcare, to education, to commerce. In order to be turned into meaningful information that enables and supports decision making, data must be stored, maintained, processed and analysed. Database management systems are complex software programs that allow their users to perform these tasks in an efficient and reliable way. This course is an introduction to the principles underlying the design and implementation of relational databases and database management systems.

Databases encompass many areas of Computer Science, from formal logic to programming languages, from operating systems to algorithms and data structures. This course will cover in detail the main language for relational databases, SQL, which is an international standard supported by virtually all systems on the market today. It will also cover the theoretical query languages on which SQL's core is based, namely relational algebra and relational calculus. Other important topics covered during the course include normal forms, transaction processing, concurrency control, incomplete data and rudiments of query optimization.
Syllabus (core topics)
- The relational model and rudiments of SQL
- Query languages: relational algebra and calculus
- Multisets, grouping and aggregation
- Database design: constraints and normal forms
- Advanced SQL: nested queries, triggers, null values
- Transaction management: concurrent schedules, conflict-serializability, locking
- Database access from applications: using SQL in a host programming language
- Basics of indexing, query evaluation and optimisation
Syllabus (advanced topics, if time allows)
- Datalog and recursive queries
- Incomplete data and certain answers",20,undergraduate,https://www.drps.ed.ac.uk/25-26/dpt/cxinfr10080.htm,"Database Management Systems (DBMS), Relational Databases, Database Design, Formal Logic, Operating Systems, Algorithms, Data Structures, SQL, Relational Algebra, Relational Calculus, Query Languages, Database Normalization, Transaction Processing, Concurrency Control, Query Optimization, Relational Model, Data Aggregation, Database Constraints, Database Triggers, Conflict-Serializability, Database Locking, Database Indexing, Query Evaluation, Datalog, Recursive Queries"
University of Edinburgh,ed.ac.uk,Informatics,INFR10079,Operating Systems,"This course provides an introduction to the design and implementation of modern general-purpose operating systems. It concentrates on the operating system kernel with the emphasis being on concepts that lead to practical implementations. Throughout the course reference is made to a number of widely-adopted general-purpose operating systems (including Linux, Windows, and OS X) to illustrate real implementations. An educational operating system is used for the coursework.

The OS Kernel
*Micro and Monolithic kernels
*Multi-tasking, multi-user
*Interrupt handling, system calls
Process Management
*The process concept
*The thread concept
*Inter-process communication
Time Management
*CPU scheduling algorithms
Resource Management
*Synchronisation, mutual exclusion
*Semaphores, and monitors
*Deadlock prevention, avoidance, and detection
Memory Management
*The problem of allocation, protection, and sharing
*Physical and virtual memory
*Paged virtual memory
Storage Management
*Storage technologies
*File Systems
Virtualization
*Virtual Machines
*Containers
Relevant QAA Computing Curriculum Sections: Operating Systems",20,undergraduate,https://www.drps.ed.ac.uk/25-26/dpt/cxinfr10079.htm,"Microkernel design, Monolithic kernel design, Multitasking, Multi-user systems, Interrupt handling, System calls, Process management, Thread management, Inter-process communication, CPU scheduling algorithms, Synchronization, Mutual exclusion, Semaphores, Monitors, Deadlock prevention, Deadlock avoidance, Deadlock detection, Memory management, Physical memory management, Virtual memory management, Paged virtual memory, Storage management, File systems, Virtualization, Virtual machines, Containers"
University of Edinburgh,ed.ac.uk,Informatics,INFR09032,System Design Project,"The System Design Project is intended to give students practical experience of (a) building a large scale system (b) working as members of a team. The project involves applying and combining material from several courses to complete a complex design and implementation task. At the end of course each group demonstrates its implemented system and gives a formal presentation to an audience of the students, supervisors, and visitors from industry.

During this project students work in groups of about ten on the design and implementation of a complete system to solve some practical and useful problem. Each group can choose the specific task within the broad theme of 'assistive robotics',  i.e., the system should be envisioned as able to perform an autonomous task in the real world, and will develop a demonstrator (which may exist in simulation or hardware). Recent examples of projects include: a robot shopping trolley for the visually impaired; smart switches to convert any household switch to be remote controlled with an app; a robot chess opponent; robot rubbish collection and sorting; etc.
The aim is to produce a system that provides a convincing demonstration of a potential product, suitable for presentation to a client/investor. It should thus include significant development of supporting software, user interfaces, and either real or physical simulation mock-ups. These should be integrated into a complete working system, showing that core problems have been solved. There will be support for hardware construction as required, through a dedicated lab space with a wide range of equipment available, and/or through commissioning the technical support team, with a budget for equipment and support time available to each group.
Online workshops and dedicated office hours from domain experts will be available to advise and guide all aspects of the task, such as time and task management, hardware design, software libraries, interfaces, etc. Each group is assigned a mentor. The mentor's task is to advise and provide feedback on the progress of the group during the project but not to provide technical support. Groups meet with their mentors at least once a week. They also meet amongst themselves more frequently to plan and coordinate their activities. Specific demonstration points are timetabled regularly during the semester when progress will be assessed and feedback provided.
Towards the end of the semester, a day is set aside for groups to demonstrate their implemented system and to give a formal presentation of it to an audience of the students, mentors, and visitors from industry.
Relevant QAA Computing Curriculum Sections: Computer Based Systems, Systems Analysis and Design",20,undergraduate,https://www.drps.ed.ac.uk/25-26/dpt/cxinfr09032.htm,"System Design, Team Collaboration, Project Management, Hardware Construction, Embedded Systems, UI/UX Design, User Interface Design, Simulation, Hardware Design, Software Libraries, Interface Design, Time Management, Task Management, Presentation Skills, Formal Presentation, System Demonstration"
University of Warwick,warwick.ac.uk,Computer Science,CS118,Programming for Computer Scientists,"This module is a first course in computer programming.
The principal aim of this module is to introduce students to problem solving and structured and object oriented programming.
This is an indicative module outline only to give an indication of the sort of topics that may be covered. Actual sessions held may differ.
Fundamentals of programming
Introduction to programming: Programming paradigms; From Specification through Algorithms to Implementation; Program compilation and testing.
Building Elements: Preconditions and postconditions; Basic data types; Variables, identifiers and scope.
Control structures: Conditionals; Case statements and loops; Correctness issues when programming with loops.
Methods: Comparison between iteration and recursion.
Object oriented programming.
An introduction to multi-threading.
Programming with objects and classes: Complex data types; Parameter passing by reference and by value; Encapsulation.
Arrays and strings
Class inheritance: Dynamic binding; Multiple inheritance; Interfaces, abstract classes and generics.
Design, construction and testing
Program specifications
Error handling and exceptions.
Methods of testing, coding practices and basic software engineering techniques.",15,Undergraduate,https://warwick.ac.uk/fac/sci/dcs/teaching/modules/cs118/,"Object-Oriented Programming, Structured Programming, Algorithms, Program Compilation, Software Testing, Preconditions, Postconditions, Basic Data Types, Variables, Identifiers, Scope, Conditionals, Case Statements, Loops, Recursion, Iteration, Multi-threading, Encapsulation, Parameter Passing by Reference, Parameter Passing by Value, Arrays, Strings, Class Inheritance, Dynamic Binding, Multiple Inheritance, Interfaces, Abstract Classes, Generics, Error Handling, Exceptions, Coding Practices, Software Engineering Techniques, Program Specifications, Design, Construction, Testing"
University of Warwick,warwick.ac.uk,Computer Science,CS126,Design of Information Structures,"CS126 is all about data structures and how to program them.
We are interested in: basic data structures; how to mathematically analyse them; how we can program those data structures; how we can represent them efficiently; how we can reason about them (in a formal manner).
We are also interested in common algorithms that use data structures, including: searching for data; sorting data.
The module aims for students to:
gain familiarity with the specification, implementation and use of some standard abstract data types (ADTs) such as linked-lists, stacks, queues, graphs etc.
learn some standard algorithms for common tasks (such as searching and sorting) and some elementary methods of measuring the complexity, and of showing the correctness, of algorithms;
learn how to program with non-standard ADTs using an object-oriented language.
explore how ADTs can be developed with good software engineering principles.
This is an indicative module outline only to give an indication of the sort of topics that may be covered. Actual sessions held may differ.
Types and their properties: simple types in programming languages; relationship between familiar mathematical and program objects of given type. Using predicate logic to state properties of types and their operations in terms of pre- and post-conditions.
Abstract data types: specification of familiar abstract objects (eg complex numbers, sets, sequences, matrices) and their operations, comparison with their implementation using a typical	programming language. Specification and implementation of some important standard types (eg strings, stacks and queues).
Algorithms: relationship	between data	structures	and algorithms; some standard algorithms for searching, sorting and pattern matching. Elementary analysis of complexity. Reasoning about the correctness of the implementation of simple algorithms.",15,Undergraduate,https://warwick.ac.uk/fac/sci/dcs/teaching/modules/cs126/,"Linked Lists, Stacks, Queues, Graphs, Strings, Sets, Sequences, Matrices, Complex Numbers, Object-Oriented Programming, Abstract Data Types (ADTs), Algorithm Complexity Analysis, Sorting Algorithms, Searching Algorithms, Pattern Matching, Predicate Logic, Precondition Specification, Postcondition Specification, Software Engineering Principles, Type Theory, Mathematical Modeling of Types, Correctness Proofs, Algorithm Design, Data Structure Implementation, Non-standard ADTs, Standard ADTs, Formal Reasoning, Program Specification, Implementation in Object-Oriented Language"
University of Warwick,warwick.ac.uk,Computer Science,CS130,Sets and Proofs,"This module introduces some of the fundamental mathematical ideas that are used in the design and analysis of computer systems and software.  The module makes you familiar with basic concepts and notation, helps you to develop a good understanding of mathematical proofs, and enables you to apply mathematics to solving computer science problems.  The focus in the module is on discrete mathematics.
The module aims to provide students with sufficient mathematical knowledge to enable them to understand the foundations of their subject for both study purposes and later career development.  It seeks to bridge the gap in style and content between school and university mathematics, and to introduce students to the language and methods of professional mathematics.
This is an indicative module outline only to give an indication of the sort of topics that may be covered. Actual sessions held may differ.
Logic. Statements, truth values, Boolean operators, laws of propositional logic. Predicates, quantifiers, laws of predicate logic.
Sets. Connection between sets and predicates. Operations on sets. Laws of set operations.
Relations. Relation composition and inverse. Properties of relations. Equivalence relations, equivalence classes, quotient sets. Partial orders.
Functions. Properties of functions. Equinumerous sets. Countable and uncountable sets.
Graphs. Graph isomorphism. Graph connectivity. Eulerian and Hamiltonian graphs.
Mathematical induction.",15,Undergraduate,https://warwick.ac.uk/fac/sci/dcs/teaching/modules/cs130/,"Discrete Mathematics, Mathematical Proofs, Propositional Logic, Boolean Logic, Predicate Logic, Set Theory, Relation Theory, Equivalence Relations, Partial Orders, Graph Theory, Graph Isomorphism, Graph Connectivity, Eulerian Graphs, Hamiltonian Graphs, Mathematical Induction"
University of Warwick,warwick.ac.uk,Computer Science,CS131,Mathematics for Computer Scientists 2,"This module follows on from CS130 Mathematics for Computer Science 1
The module aims to provide students with sufficient mathematical knowledge to enable them to understand the foundations of their subject for both study purposes and later career development.
It seeks to bridge the gap in style and content between A-level and university mathematics, and to introduce students to the language and methods of professional mathematics.
This is an indicative module outline only to give an indication of the sort of topics that may be covered. Actual sessions held may differ.
Number Systems: integers, conversion algorithms, modular arithmetic, real numbers, axioms, complex numbers.
Linear Algebra: vectors, linear independence, subspaces, basis, dimension. Matrix algebra: linear equations, inverses, linear transformations, eigenvalues/vectors.
Sequences and Series: limit and convergence properties of sequences and series.
Calculus: Limits, continuity, differentiable functions, differentiation of inverse functions, integration, logarithms, exponentials, Taylor's theorem.",15,Undergraduate,https://warwick.ac.uk/fac/sci/dcs/teaching/modules/cs131/,"Modular Arithmetic, Conversion Algorithms, Complex Numbers, Linear Algebra, Vectors, Linear Independence, Subspaces, Basis, Dimension, Matrix Algebra, Linear Equations, Matrix Inverses, Linear Transformations, Eigenvalues, Eigenvectors, Sequences and Series, Convergence Analysis, Calculus, Limits, Continuity, Differentiable Functions, Integration, Logarithms, Exponentials, Taylor's Theorem"
University of Warwick,warwick.ac.uk,Computer Science,CS132,Computer Organisation & Architecture,"The module focuses on computer system hardware and how it is used to facilitate the execution of software, including topics such as data representation, digital logic, assembler, memory systems, I/O and microprocessor architecture.
The aim of the module is to provide students with an understanding of the functional components of a computer system and how they are organised to facilitate execution. Student will also gain a range of practical skills in the application and construction of computer components that are capable of interfacing with microprocessors.
This is an indicative module outline only to give an indication of the sort of topics that may be covered. Actual sessions held may differ.
Data Representation: Analog and digital data; number systems including number representations and conversions; binary variables including logic expressions and simpliﬁcations of binary variables; binary arithmetic, signed numbers; arithmetic structures, multiple precision arithmetic, ﬂoating point representation and manipulation.
Logic: Logic expressions, logic gates; Boolean algebra, logical expression simpliﬁcation; combinatorial logic including implementation of adders/subtractors, multiplexers/de-multiplexers, encoders/decoders; sequential logic including implementation of storage elements, registers, shift-registers; bus structures.
Assembler: Microprocessor architecture; instruction cycles, register transfer language (RTL); instruction set and addressing modes; assembly and machine code programming.
Input/Output Mechanisms: Parallel I/O; memory-mapped and programmable I/O devices, eg VIA; I/O scheduling including programmed I/O, interrupt driven I/O, direct memory access (DMA); analog I/O.
Memory systems: Motivation for memory hierarchy; devices including disk formats, hard disks, optical data storage; elementary error detection and correction.
Processor Architecture: Example combination of ALU, registers, and CPU; instruction set construction; control units including hardwired and microprogrammed control units; performance of microprocessors; RISC/CISC architectures.",15,Undergraduate,https://warwick.ac.uk/fac/sci/dcs/teaching/modules/cs132/,"Data representation, Number systems, Binary variables, Logic expressions, Binary arithmetic, Signed numbers, Multiple precision arithmetic, Floating point representation, Logic gates, Boolean algebra, Combinatorial logic, Adders/subtractors, Multiplexers/demultiplexers, Encoders/decoders, Sequential logic, Storage elements, Registers, Shift-registers, Bus structures, Microprocessor architecture, Instruction cycles, Register transfer language (RTL), Instruction set, Addressing modes, Assembly programming, Machine code programming, Parallel I/O, Memory-mapped I/O, Programmable I/O devices, I/O scheduling, Programmed I/O, Interrupt driven I/O, Direct memory access (DMA), Analog I/O, Memory hierarchy, Disk formats, Hard disks, Optical data storage, Error detection and correction, ALU, Registers, CPU, Instruction set construction, Control units, Hardwired control, Microprogrammed control, Microprocessor performance, RISC architecture, CISC architecture"
University of Warwick,warwick.ac.uk,Computer Science,CS133,Professional Skills,"The aim of this module is to introduce the key skills required of the computing professional, comprising oral and written communication, operating systems proficiency and awareness of professional aspects of computing practice.
The three components of the module address, respectively:
developing skills in summarising, quoting, paraphrasing, critical analysis, grammar, referencing  and oral presentation, and teaching writing as a process approach to composing academic papers;
giving students a basic understanding of operating systems concepts together with a working knowledge of computing systems and associated tools and applications that will subsequently be used;
introducing students to the concept of professional ethics and behaviour, the place of computers in society and the legal aspects of computing, and the importance of personal development planning.
This is an indicative module outline only to give an indication of the sort of topics that may be covered. Actual sessions held may differ.
The module will cover the following topics relating to communication skills:
writing as a process
composing effective paragraphs
paraphrasing and quoting
avoiding plagiarism
writing a summary
writing a critical analysis
decoding topics and titles
grammar
soliciting feedback on writing
writing an abstract or proposal
writing an academic paper
giving an oral presentation
together with the following topics relating to practical operating systems skills:
Files and file organisation: directories and file structures, access control and security, file formats
Operating systems: the kernel, shells, window managers, processes
Networks: communication tools and protocols, security
Command-line interfaces: processes, tools and utilities
Comparative operating systems: proprietary and open-source alternatives
Standard applications: spreadsheets, databases, presentation tools and word processors
and the following topics relating to professional aspects of computing:
Professional bodies: Historic factors leading to their creation; evolution of UK professions and the roles of typical major bodies; typical structure, organisation and functions of a professional body; constitutional powers and legal status of bodies; statutory and regulatory functions; professional standards and disciplinary powers
Commercial aspects of industry: structure of organisations
Management: Project planning and management; health and safety legislation
Legal aspects of software: Overview of UK law; Data Protection Act; Copyright Designs and Patents Act; Computer Misuse Act; Regulation of Investigatory Powers Act
Social aspects of computing
and the following topics relating to continuing professional development:
Approaches to continuing professional development
Construction of a personal development plan",15,Undergraduate,https://warwick.ac.uk/fac/sci/dcs/teaching/modules/cs133/,"Oral Presentations, Technical Writing, Academic Writing, Critical Analysis, Referencing, Operating Systems, File Systems, Access Control, Cybersecurity, Kernel, Shells, Window Managers, Processes, Networks, Communication Protocols, Command-line Interfaces, Databases, Spreadsheets, Word Processors, Tech Ethics, Project Management, Personal Development Planning, Continuing Professional Development, Data Protection Act, Copyright Designs and Patents Act, Computer Misuse Act, Regulation of Investigatory Powers Act, Intellectual Property (IP), Patent Law"
University of Warwick,warwick.ac.uk,Computer Science,CS139,Web Development Technologies,"To introduce students to contemporary technologies used for web design and development, and to equip them with the basic technical skills required to deploy such technologies. This module is only available to students based in the Computer Science Department and cannot be taken as an unusual option by external students.
To introduce students to contemporary technologies used for web design and development, and to equip them with the basic technical skills required to deploy such technologies.
This is an indicative module outline only to give an indication of the sort of topics that may be covered. Actual sessions held may differ.
Concepts in website design
Usability (user experience and user interface)
Accessibility standards (WCAG, ARIA)
Web systems (Cloud computing, PWAs, and software as a service, SaaS)
Data security
Web development technologies
Server programming languages and frameworks (e.g. Python, Flask, Jinja, Node.JS, Express.JS)
Configuration and maintenance of web servers (Full Stack development)
Client programming languages and libraries (e.g. JavaScript, jQuery, TailwindCSS, Bootstrap)
Web tookits and static site generators (e.g. Flutter/Dart, React/JSX, Mkdocs, Gatsby)
Markup languages (including HTML5, CSS, XML, JSON)",15,Undergraduate,https://warwick.ac.uk/fac/sci/dcs/teaching/modules/cs139/,"Python, Flask, Jinja, Node.js, Express.js, JavaScript, jQuery, TailwindCSS, Bootstrap, Flutter, Dart, React, JSX, Mkdocs, Gatsby, HTML5, CSS, XML, JSON, User Experience Design, User Interface Design, WCAG, ARIA, Cloud Computing, Progressive Web Apps, Software as a Service, Data Security, Full-Stack Development"
University of Warwick,warwick.ac.uk,Computer Science,CS140,Computer Security,"This module covers basic theory and practice of computer security, and comes in two parts.
Part 1: Introduction to Basic Computer Security
Part 2: Detailed Investigation of Security in Practice
This module aims to introduce this very important discipline at an introductory level. It fits very well with the aim of our degrees to equip students to become successful professionals.
This is an indicative module outline only to give an indication of the sort of topics that may be covered. Actual sessions held may differ.
First five weeks: Introduction to basic computer security. This will cover a number of important concepts in the area of security. For example a brief history, security and security threats, practical measures (eg: identification, authentication, authorization), security models, basics of cryptography, network security.
Second five weeks: Detailed investigation of security in practice. In this part of the course an area, which can be used to provide specific examples and practical exploration, will be selected for more detailed investigation. This will incorporate an introduction to some of the relevant security technologies. It is likely that the specific topic under consideration will vary from year to year. As an example, the area of secure email might be considered, investigating the challenges posed, the actual threats and attacks that have occurred, what can be done/has been done to secure email, aspects of use of cryptography in securing email, etc.",15,Undergraduate,https://warwick.ac.uk/fac/sci/dcs/teaching/modules/cs140/,"Cybersecurity, Identification, Authentication, Authorization, Security Models, Cryptography, Network Security, Threat Modeling, Attack Analysis, Secure Email"
University of Warwick,warwick.ac.uk,Computer Science,CS141,Functional Programming,"The principal aim of this module is to introduce students to the functional programming paradigm.
Students should be able to understand the differences between imperative and functional programming, apply functional programming techniques, and write programs in Haskell.
This is an indicative module outline only to give an indication of the sort of topics that may be covered. Actual sessions held may differ.
Differences between imperative and functional programming.
Functional programming basics: expressions and reduction.
Types, including parametric polymorphism.
Ad-hoc polymorphism via type classes.
Recursive and higher-order functions.
Algebraic data types.
Strict vs Lazy evaluation.
Inductive construction.
Functors, Applicatives, and Monads.
Practical Haskell programming.",15,Undergraduate,https://warwick.ac.uk/fac/sci/dcs/teaching/modules/cs141/,"Functional Programming, Imperative Programming, Haskell, Parametric Polymorphism, Ad-hoc Polymorphism, Type Classes, Recursion, Higher-Order Functions, Algebraic Data Types, Strict Evaluation, Lazy Evaluation, Inductive Construction, Functors, Applicatives, Monads"
University of Warwick,warwick.ac.uk,Computer Science,CS143,Logic and Automata,"This module introduces students to formal methods for describing and analysing the behaviour of computational systems.
To introduce students to basic connections between mathematical logic, formal languages, automata theory and verification by model checking. Students will also learn and practise proof techniques for reasoning about the limits of various computational models, including concepts such as the pumping lemma and diagonalisation.
This is an indicative module outline only to give an indication of the sort of topics that may be covered. Actual sessions held may differ.
Propositional logic and predicate logic, proofs, semantics, regular languages, finite automata, non-determinism, regular expressions, pumping lemma, closure properties, Turing-recognisable languages, Turing machines, decidability, reducibility.",15,Undergraduate,https://warwick.ac.uk/fac/sci/dcs/teaching/modules/cs143/,"Formal Methods, Mathematical Logic, Formal Languages, Automata Theory, Model Checking, Formal Verification, Proof Techniques, Pumping Lemma, Diagonalization, Propositional Logic, Predicate Logic, Formal Semantics, Regular Languages, Finite Automata, Non-determinism, Regular Expressions, Closure Properties, Turing-recognisable Languages, Turing Machines, Decidability, Reducibility"
University of Warwick,warwick.ac.uk,Computer Science,CS146,Introduction to Discrete Mathematics,"The module introduces fundamental concepts in the area of discrete mathematics
The focus of the module is on central mathematical concepts in discrete mathematics and on applications of discrete mathematics to algorithms and data structures. The module teaches mathematical and algorithmic tools, and prepares students for later, more specialized modules in their degree, offered by the Computer Science department and Warwick's Mathematics Institute. A particular emphasis is to demonstrate students how discrete mathematics can be used in modern computer science, with a particular focus on algorithmic applications.
This is an indicative module outline only to give an indication of the sort of topics that may be covered. Actual sessions held may differ.
Counting: inclusion/exclusion, binomial coefficients and Pascal's triangle, the twelvefold way (combinations, permutations, etc.), fundamental counting sequences (Catalan, Fibonacci, etc.), combinatorial proofs (""Proofs that really count"")
Elementary number theory: floors and ceilings, modular arithmetic, GCD and Euclid's algorithm, diophantine equations, Chinese remainder theorem
Partially ordered sets: posets and Hasse diagrams, chains and antichains (Dilworth, Sperner), lattices, linear extensions and topological sorting
Graph theory basics: basics, degree sequences, paths and cycles, trees, bipartite graphs, Euler tours
Asymptotic notation: Big-O, little-o, Big-Omega, little-omega, Theta etc., Master theorem
Recurrence relations: characteristic polynomials, generating functions",10,Undergraduate,https://warwick.ac.uk/fac/sci/dcs/teaching/modules/cs146/,"Inclusion-exclusion principle, Binomial coefficients, Pascal's triangle, Twelvefold way, Catalan numbers, Fibonacci numbers, Combinatorial proofs, Floor and ceiling functions, Modular arithmetic, Euclid's algorithm, Diophantine equations, Chinese remainder theorem, Partially ordered sets (posets), Hasse diagrams, Chains, Antichains, Dilworth's theorem, Sperner's theorem, Lattices, Linear extensions, Topological sorting, Graph theory, Degree sequences, Paths and cycles, Trees, Bipartite graphs, Euler tours, Asymptotic notation, Big-O notation, Little-o notation, Big-Omega notation, Little-omega notation, Theta notation, Master theorem, Recurrence relations, Characteristic polynomials, Generating functions"
University of Warwick,warwick.ac.uk,Computer Science,CS147,Discrete Mathematics and Its Applications 2,"This module is designed to introduce students to language and methods of the area of Discrete Mathematics.
The focus of the module is on basic mathematical concepts in discrete maths and on applications of discrete mathematics in algorithms and data structures. One of the aims will be to show students how discrete mathematics can be used in modem computer science (with the focus on algorithmic applications).
This is an indicative module outline only to give an indication of the sort of topics that may be covered. Actual sessions held may differ.
Big-Oh notation and its use in the analysis of algorithms.
Basic concepts from graph theory; such as trees, matchings, euler tours, colorings and cuts.
Applications of discrete probability; such as probabilistic method, random walks and entropy.",10,Undergraduate,https://warwick.ac.uk/fac/sci/dcs/teaching/modules/cs147/,"Discrete Mathematics, Big-Oh notation, Algorithm analysis, Graph theory, Trees, Matchings, Euler tours, Graph coloring, Graph cuts, Discrete probability, Probabilistic method, Random walks, Entropy, Algorithms, Data structures"
University of Warwick,warwick.ac.uk,Computer Science,CS241,Operating Systems and Computer Networks,"To introduce the fundamental concepts of modern day operating systems and computer networks.
To introduce the fundamental concepts of modern day operating systems and computer networks.
This is an indicative module outline only to give an indication of the sort of topics that may be covered. Actual sessions held may differ.
50% of the module is on operating systems, and 50% is on computer networks.
Topics on operating systems include functions of operating systems and computer networks, system interfaces, process management, concurrency, low level IPC, high level IPC, deadlock detection and recovery, and memory management.
Topics on networks include models of communication (TCP IP protocol stack), LANs (topologies, polling, CSMA systems, Ethernet, bridging, switching), WANs (topologies, packet / circuit switching, routing algorithms, ), client-server systems, socket programming, network management issues (performance, security, monitoring), UDP, TCP reliable data transfer, flow control, congestion control, IP addressing, Internet routing algorithms",15,Undergraduate,https://warwick.ac.uk/fac/sci/dcs/teaching/modules/cs241/,"Operating Systems, Process Management, Concurrency, Low-Level IPC, High-Level IPC, Deadlock Detection and Recovery, Memory Management, System Interfaces, TCP/IP Protocol Stack, LAN Topologies, CSMA Systems, Ethernet, Bridging, Switching, WAN Topologies, Packet Switching, Circuit Switching, Routing Algorithms, Client-Server Systems, Socket Programming, Network Management, UDP, TCP, Flow Control, Congestion Control, IP Addressing, Internet Routing Algorithms"
University of Warwick,warwick.ac.uk,Computer Science,CS249,Digital Communications and Signal Processing,"The aim of the module is to acquaint students with the principles and practice of digital communications - from the fundamental basis of communication to how signals are represented and processed.
This module is only available to students in the second year of their degree and is not available as an unusual option to students in other years of study.
The aim of the module is to acquaint students with the principles and practice of digital communications - from the fundamental basis of communication to how signals are represented and processed.
The module develops an analytical approach to problems in communication design and operation, grounded in elements of communication theory sufficient to give students an understanding of the problems that affect its reliability and efficiency.
It introduces the theory and implementation of digital signal processing approaches, including the representation of signals in communication systems, filtering techniques and the applications of digital signal processing.
This is an indicative module outline only to give an indication of the sort of topics that may be covered. Actual sessions held may differ.
Information Sources and Coding: Information theory, coding of information for efficiency and error protection;
Data transmission: Channel characteristics, signalling methods, interference and noise, synchronisation, data compression and encryption;
Signal Representation: Representation of discrete time signals in time and frequency; z transform and Fourier representations; discrete approximation of continuous signals; sampling and quantisation; stochastic signals and noise processes;
Filtering: Analysis and synthesis of discrete time filters; finite impulse response and infinite impulse response filters; frequency response of digital filters; poles and zeros; filters for correlation and detection; matched filters;
Digital Signal Processing applications: Processing of speech signals using digital techniques.",15,Undergraduate,https://warwick.ac.uk/fac/sci/dcs/teaching/modules/cs249/,"Information theory, Error-correcting codes, Data compression, Encryption, Modulation techniques, Synchronization, Noise analysis, Digital signal processing, Discrete-time signal processing, Z-transform, Fourier transform, Sampling, Quantization, Stochastic processes, FIR filter design, IIR filter design, Frequency response analysis, Pole-zero analysis, Matched filter design, Speech signal processing"
University of Warwick,warwick.ac.uk,Computer Science,CS254,Algorithmic Graph Theory,"This module is concerned with studying properties of graphs and digraphs from an algorithmic perspective. This module is only available to students in the second year of their degree and is not available as an unusual option to students in other years of study.
This module is concerned with studying properties of graphs and digraphs from an algorithmic perspective. The focus is on understanding basic properties of graphs that can be used to design efficient algorithms. The problems considered will be typically motivated by algorithmic/computer science/IT applications.
This is an indicative module outline only to give an indication of the sort of topics that may be covered. Actual sessions held may differ.
Typical topics include the following. Introduction to graphs: undirected graphs, directed graphs, weighted graphs, graph representation and special classes of graphs (trees, planar graphs etc.). Applications of graphs (in telecommunications, networking etc.). Basic algorithmic techniques for graph problems: graph traversals (DFS and BFS), topological sorting, Euler tours. Further algorithmic problems on graphs: minimum spanning trees, shortest path problems, matching problems. Planar graphs and their properties. Euler's formula, planar separator theorem and their algorithmic applications. Further optimization problems on graphs including graph colouring and graph questions in distributed systems. Discussing practical applications of graphs and efficient algorithms for such practical problems. Approximation algorithms and heuristic algorithms. Applications to searching in massive graphs (e.g. page ranking); use of structural properties and algebraic properties.",15,Undergraduate,https://warwick.ac.uk/fac/sci/dcs/teaching/modules/cs254/,"Graph Theory, Algorithms, Data Structures, Depth-First Search (DFS), Breadth-First Search (BFS), Topological Sorting, Euler Tours, Minimum Spanning Trees, Shortest Path Algorithms, Matching Algorithms, Planar Separator Theorem, Graph Coloring, Distributed Systems, Approximation Algorithms, Heuristic Algorithms, PageRank, Algebraic Graph Theory, Networking"
University of Warwick,warwick.ac.uk,Computer Science,CS255,Artificial Intelligence,"This module will introduce the foundational concepts in artificial intelligence. This module is only available to students in the second year of their degree and is not available as an unusual option or to students in other years of study.
This module will introduce the foundational concepts in artificial intelligence. Specifically, it will provide a broad coverage of rational agency, search techniques, knowledge representation and planning, constraint satisfaction problem solving, supervised and unsupervised machine learning, reinforcement learning, and Bayesian approaches to artificial intelligence.
This is an indicative module outline only to give an indication of the sort of topics that may be covered. Actual sessions held may differ.
Introduction
Rational Agents
Uninformed and Heuristic Search
Constraint Satisfaction Problems and Local Search
Adversarial Search
Knowledge Representation and Planning
Supervised Machine Learning
Bayesian AI
Unsupervised Machine Learning
Reinforcement Learning",15,Undergraduate,https://warwick.ac.uk/fac/sci/dcs/teaching/modules/cs255/,"Artificial Intelligence, Rational Agents, Heuristic Search, Uninformed Search, Constraint Satisfaction Problems, Local Search, Adversarial Search, Knowledge Representation, Automated Planning, Supervised Machine Learning, Bayesian AI, Unsupervised Machine Learning, Reinforcement Learning"
University of Warwick,warwick.ac.uk,Computer Science,CS257,Advanced Computer Architecture,"The module aims to provide students with a fundamental knowledge of computer hardware and computer systems, with an emphasis on system design and performance.
There is a prerequisite of CS132 Computer Organisation and Architecture.
This module is only available to students in the second year of their degree and is not available as an unusual option to students in other years of study.
The module aims to provide students with a fundamental knowledge of computer hardware and computer systems, with an emphasis on system design and performance. The module concentrates on the principles underlying systems organisation, issues in computer system design, and contrasting implementations of modern systems. The module is central to the aims of the Computing Systems degree course, for which it is core.
This is an indicative module outline only to give an indication of the sort of topics that may be covered. Actual sessions held may differ.
Context for modem computer systems engineering, including:
Dimensions for the classification of computer systems
Persistent trends in embedded systems
Forms of parallelism, Performance evaluation
Architectural Developments
Advanced topics in memory systems, for example:
Interleaved memory - structure, performance
Virtual memory - utilisation, locality of reference, performance
Paged memory - structure, challenges, address translation, optimisation
Cache memory - structure, performance, implementation, optimisation.
Advanced topics in processor architecture, possibly including:
CPU control issues
Instruction sequencing and clock cycle grouping
Instruction-level parallelism - data dependency, exploitation, measurement
Branch predication and speculative execution
Micro-operations and control signals - relationship, control signal generation, hardware design consideration, implementations, microprogrammed control
Principles of Pipelining - instruction pipelines, hazards, pipeline analysis
Thread-level parallelism - multithreading to improve uniprocessor throughput, common approaches, granularity issues, thread scheduling, measurement
Forms of multithreading - block, interleaved, and simultaneous
Principles of superscalar processors - structure, performance, evaluation
Parallel computer organisation, for example:
Classifications of parallelism
SIMD architectures - vector computation, SIMD instruction set extensions
MIMD architectures - cache coherence, cache restriction, broadcast-based cache writes, snoop bus, directory coherence, MESI, models of consistency
Processor interconnection - principles of processor interconnection, network topologies, implementations, properties, performance, cost
Multicore systems - structure, performance, complexity, power consumption, memory utilisation, software development issues for multicore systems
Data-level parallelism - motivation, challenges, applications
Manycore architecture - motivations and persistent trends, GPUs, future architectures, software development issues for manycore systems
Multiprocessor systems - processor coupling, symmetric multiprocessors, clustered resources, high-performance systems, performance benchmarking, software development issues for multiprocessor systems
I/O and secondary storage, possibly including:
I/O techniques - polling variants, interrupts, direct memory access
I/O channels - structures, latency and bandwidth issues, standards - RAID systems - organisation, performance-cost trade-offs
Storage area networks - motivation, organisation, control, performance issues.",15,Undergraduate,https://warwick.ac.uk/fac/sci/dcs/teaching/modules/cs257/,"Computer hardware fundamentals, System design, Performance evaluation, Embedded systems, Parallelism, Interleaved memory, Virtual memory, Paged memory, Cache memory, CPU control, Instruction sequencing, Instruction-level parallelism, Branch predication, Speculative execution, Micro-operations, Control signal generation, Pipelining, Thread-level parallelism, Multithreading, Superscalar processors, SIMD architectures, MIMD architectures, Cache coherence, MESI protocol, Processor interconnection, Network topologies, Multicore systems, Data-level parallelism, Manycore architecture, GPUs, Multiprocessor systems, Symmetric multiprocessors, Clustered resources, Performance benchmarking, I/O techniques, Polling, Interrupts, Direct memory access (DMA), I/O channels, RAID systems, Storage area networks"
University of Warwick,warwick.ac.uk,Computer Science,CS258,Database Systems,"This module studies Data Base Management Systems (DBMSs): the science and technology for organising and retrieving large amounts of structures data efficiently. It presents in depth the Relational Model and the declarative language SQL and explains how it can be used  to define and interrogate databases. It also shows how to access databases from procedural programs (such as Java or C++). It discusses the formal underpinnings of Relational Databases, and Relational Algebra and Relational Calculus and how to optimally define the Database using relations/tables. Finally, it also discusses issues pertaining to security and object relation mapping.
This module studies Data Base Management Systems (DBMSs): the science and technology for organising and retrieving large amounts of structures data efficiently. It presents in depth the Relational Model and the declarative language SQL and explains how it can be used  to define and interrogate databases. It also shows how to access databases from procedural programs (such as Java or C++). It discusses the formal underpinnings of Relational Databases, and Relational Algebra and Relational Calculus and how to optimally define the Database using relations/tables. Finally, it also discusses issues pertaining to security and object relation mapping.
This is an indicative module outline only to give an indication of the sort of topics that may be covered. Actual sessions held may differ.
Overview of databases and database management systems
The Relational Model and Relational DBMSs
The SQL declarative Programming Language
Programming DBs - using SQL from procedural programming languages such as Java and C
Theoretical underpinnings: Normalisation theory, Relational Algebra and Relational Calculus
Security and Object Relation Mapping",15,Undergraduate,https://warwick.ac.uk/fac/sci/dcs/teaching/modules/cs258/,"SQL, Java, C++, Relational Model, Relational Algebra, Relational Calculus, Normalisation, Database Security, Object-Relational Mapping"
University of Warwick,warwick.ac.uk,Computer Science,CS259,Formal Languages,"The module introduces methods used to describe and reason about formal languages (such as programming languages).
This module is only available to students in the second year of their degree and is not available as an unusual option to students in other years of study.
The module presents a classification of formal languages (Chomsky hierarchy) and techniques for locating languages within it (closure properties, pumping lemmas). Automata models corresponding to various levels of the Chomsky hierarchy are discussed along with the fundamental notion of computability. These concepts are central to computer science.
This is an indicative module outline only to give an indication of the sort of topics that may be covered. Actual sessions held may differ.
Regular languages: finite automata, non-determinism, regular expressions, pumping lemma, non-regular languages, minimisation, translations between automata and regular expressions, closure properties
Context-free languages: context-free grammars, ambiguity, Chomsky normal form, pushdown automata, pumping lemma, translations between automata and grammars, closure properties
Introduction to lexical analysis and parsing
Turing-recognisable languages: Turing machines, Church-Turing thesis, decidability, reducibility, the halting problem",15,Undergraduate,https://warwick.ac.uk/fac/sci/dcs/teaching/modules/cs259/,"Finite Automata, Non-determinism, Regular Expressions, Pumping Lemma, Context-Free Grammars, Ambiguity, Chomsky Normal Form, Pushdown Automata, Lexical Analysis, Parsing, Turing Machines, Church-Turing Thesis, Decidability, Reducibility, Halting Problem, Closure Properties, Chomsky Hierarchy, Automata Models, Computability Theory"
University of Warwick,warwick.ac.uk,Computer Science,CS260,Algorithms,"Data structures and algorithms are fundamental to programming and to understand computation. The purpose of this module is to provide students with a coherent introduction to techniques for using data structures and some basic algorithms, and with the tools for applying these techniques to computational problems.
Teaching and	learning methods include lectures and reading materials which describe algorithmic techniques and applications of these techniques to specific problems. Problem sheets give students opportunities to practice problem solving.
This is an indicative module outline only to give an indication of the sort of topics that may be covered. Actual sessions held may differ.
Basics of algorithm analysis.
Elementary graph algorithms.
Greedy algorithms.
Divide-and-conquer algorithms.
Dynamic programming.
Network flows.
NP and computational intractability.",15,Undergraduate,https://warwick.ac.uk/fac/sci/dcs/teaching/modules/cs260/,"Data structures, Algorithms, Algorithm analysis, Graph algorithms, Greedy algorithms, Divide-and-conquer algorithms, Dynamic programming, Network flows, NP and computational intractability"
University of Warwick,warwick.ac.uk,Computer Science,CS261,Software Engineering,"The aim of the module is to provide students with a theoretical understanding and practical experience of current best practice in software engineering.
This module is only available to students in the second year of their degree and is not available as an unusual option to students in other years of study.
The aim of the module is to provide students with a theoretical understanding and practical experience of current best practice in software engineering. The module concentrates on the application of software engineering principles to the development of a significant software system, with an emphasis on design quality, technical evaluation, team working and project management.
This is an indicative module outline only to give an indication of the sort of topics that may be covered. Actual sessions held may differ.
Topic areas addressed are software development processes, feasibility and requirements analysis, modelling and design, implementation and design patterns, testing and analysis, maintenance and evolution. Each area will be covered from a theoretical and practical perspective, with a particular emphasis on concepts such as:
Object oriented modelling and design: objects, classes, inheritance, polymorphism, aggregation, abstract classes.
Formal notations for expressing issues relating to the analysis, design and implementation of
systems,	including classes,	objects, sequences,	packages, collaborations, activities, system
states and components.
Classical	software	engineering	principles,	including software	processes, waterfall	model,
software life cycles, cost-estimation, safety critical systems, software testing and maintenance.
Human computer interaction: human information processing models and memory, learning and skill acquisition; interaction styles; the graphical user interface; task analysis and user centred design; evaluation techniques.
Techniques relating to the elicitation of requirements, including issues in process engineering, user-centred design and customer management.
Architectural design and implementation technology selection, including the application of design patterns and frameworks for system design.
Levels of system and performance testing, including unit, integration, system and user / acceptance testing.
Software process issues relating system documentation, evolution and maintenance.",15,Undergraduate,https://warwick.ac.uk/fac/sci/dcs/teaching/modules/cs261/,"Software Engineering, Software Development Processes, Requirements Analysis, Object-Oriented Modelling, Object-Oriented Design, Inheritance, Polymorphism, Aggregation, Abstract Classes, Design Patterns, Software Architecture, Waterfall Model, Software Life Cycles, Cost-Estimation, Safety Critical Systems, Software Testing, Unit Testing, Integration Testing, System Testing, User Acceptance Testing, Software Maintenance, Software Evolution, System Documentation, Technical Evaluation, Human-Computer Interaction (HCI), Graphical User Interface (GUI), Task Analysis, User-Centred Design, Project Management, Team Working, Requirements Elicitation, Customer Management, Process Engineering"
University of Warwick,warwick.ac.uk,Computer Science,CS262,Logic and Verification,"To give students an understanding of the basics of mathematical logic, and its applications to specifying and verifying computing systems.
This module is only available to students in the second year of their degree and is not available as an unusual option to students in other years of study.
To give students an understanding of the basics of mathematical logic, and its applications to specifying and verifying computing systems. Algorithms and proof calculi for verification, as well as associated tools, will be studied. Theory and practice relating to reliability of systems form a vital part of computer science.
This is an indicative module outline only to give an indication of the sort of topics that may be covered. Actual sessions held may differ.
Propositional logic: proofs, semantics, normal forms, SAT solvers.
Predicate logic: proofs, semantics.
Specifying and modelling software.
Verification by model checking.
Proof calculi for program verification.",15,Undergraduate,https://warwick.ac.uk/fac/sci/dcs/teaching/modules/cs262/,"Mathematical Logic, Formal Verification, Proof Theory, Proof Calculi, System Reliability, Propositional Logic, Normal Forms, SAT Solvers, Predicate Logic, Software Specification, Software Modeling, Model Checking, Program Verification"
University of Warwick,warwick.ac.uk,Computer Science,CS263,Cyber Security,"This module introduces students to several key aspects of cyber security as well as spreading awareness of the current cyber security landscape and threat actors.
The module provides students with a good understanding of technical aspects of cyber security to help them, among other things,  to identify vulnerabilities and weaknesses in computer systems, networks, and applications.
This module also underlines  the importance of risk assessment, compliance, and contingency planning to help upper management make the right decisions in order to manage risks, protect sensitive data, and minimise legal and financial consequences in case of a data breach.
This is an indicative module outline only to give an indication of the sort of topics that may be covered. Actual sessions held may differ.
This module covers both technical and non-technical aspects of cyber security.
After a brief introduction to the field of cyber security, students should learn more about the below topics.
Penetration testing using Kali Linux
Web application testing
Fuzzing
Social engineering attacks
Open Source Intelligence techniques
Program security
Threat modelling
Governance, risk management, compliance
Risk assessment
Contingency planning
Note that all labs can be performed on the DCS machines where several Virtual Machines (VMs) have been installed for this purpose.",15,Undergraduate,https://warwick.ac.uk/fac/sci/dcs/teaching/modules/cs263/,"Penetration testing, Kali Linux, Web application testing, Fuzzing, Social engineering, Open Source Intelligence, Program security, Threat modeling, Governance, Risk management, Compliance, Risk assessment, Contingency planning, Vulnerability assessment, Network security, Application security"
University of Warwick,warwick.ac.uk,Computer Science,CS266,Data Analytics,"This module provides a gateway for students to understand the fundamental principles, techniques, and tools that underpin the practice of data analytics, empowering them to make decisions based on analytical insights. It also serves as a valuable resource for students undertaking their 3rd-year projects, particularly those delving into the realms of machine learning and data mining.
This module aims to provide students, regardless of their prior experience, with the necessary skills and knowledge to navigate the data analytics landscape. Students will learn how to gain insights from large and complicated data using statistical and machine learning methods, optimisation techniques, and predictive models. These acquired skills will be directly applicable to solving real-world data-driven problems, enhancing their comprehension of data analytics concepts, and preparing them effectively for their 3rd-year projects.
This is an indicative module outline only to give an indication of the sort of topics that may be covered. Actual sessions held may differ.
Data analytic tools (e.g. AutoML, Python, R, SQL, R, Tableau, Excel)
Data cleaning, data visualisation
Time series, spatial-temporal learning, trajectory, and data flow analysis
Anomaly, fraud, and malware detection
Uncertain data (e.g. probabilistic data, fuzzy data), anonymization, differential privacy
Graph data, representation learning, frequent pattern mining, link analysis
Big data analytics, data streams, map-reduce, Hadoop, spark
Reinforcement learning, transfer learning, federated learning (optional)",15,Undergraduate,https://warwick.ac.uk/fac/sci/dcs/teaching/modules/cs266/,"AutoML, Python, R, SQL, Tableau, Excel, Data cleaning, Data visualization, Time series analysis, Spatial-temporal learning, Trajectory analysis, Data flow analysis, Anomaly detection, Fraud detection, Malware detection, Probabilistic data handling, Fuzzy data handling, Anonymization, Differential privacy, Graph data analysis, Representation learning, Frequent pattern mining, Link analysis, Big data analytics, Data streams, MapReduce, Hadoop, Spark, Reinforcement learning, Transfer learning, Federated learning, Statistical methods, Machine learning methods, Optimization techniques, Predictive modeling"
University of Warwick,warwick.ac.uk,Computer Science,CS275,Probability and Statistics,"The module provides a systematic and fully fledged introduction into Probability and Statistics topics, which are particularly relevant for Computer Scientists.
Module web page
This module aims to provide the necessary background into Probability and Statistics which is essential for many Year 3 and 4 modules.
This is an indicative module outline only to give an indication of the sort of topics that may be covered. Actual sessions held may differ.
Foundations of Probability based on Measurable Sets
Conditional Probability (Chain Rule, Independence, Law of Total Probability, Bayes’ Rule)
Discrete Random Variables (Moments, Sums, Independence, Common Examples)
Continuous Random Variables (Density Functions, Independence, Sums, Moments, Common Examples)
Conditional Distributions and Expectations
Multiple Random Variables (Joint and Marginal Distributions, Covariance and Correlation)
Law of Large Numbers, Central Limit Theorem
Markov Chains (Chapman-Kolmogorov Equations, Classification of States, Classification of Chains, Stationarity Distribution, Limit Theorems)
Poisson Process
Random Samples (Generating from PDFs)
Frequentist vs Bayesian Statistics
Estimation (MLE, MAP)
Confidence and Prediction Intervals
Hypothesis Testing",15,Undergraduate,https://warwick.ac.uk/fac/sci/dcs/teaching/modules/cs275/,"Probability Theory, Statistics, Conditional Probability, Bayes' Rule, Law of Total Probability, Chain Rule, Independence, Discrete Random Variables, Continuous Random Variables, Probability Density Functions, Moments, Joint Distributions, Marginal Distributions, Covariance, Correlation, Law of Large Numbers, Central Limit Theorem, Markov Chains, Chapman-Kolmogorov Equations, Classification of States, Stationary Distribution, Poisson Process, Random Sampling, Frequentist Statistics, Bayesian Statistics, Maximum Likelihood Estimation (MLE), Maximum A Posteriori (MAP), Confidence Intervals, Prediction Intervals, Hypothesis Testing, Measurable Sets, Conditional Expectation, Sums of Random Variables"
University of Warwick,warwick.ac.uk,Computer Science,CS276,Principles of Video Game Development,"The video game industry is now larger than the film and music industries combined, and there are over 3 billion gamers worldwide. Video games serve as a source of artistic and creative expression for developers and players alike.
In this module, students can gain a well-founded appreciation for what goes into making a video game, from ideation and creative computing through to systems design and marketing. They will have the opportunity to learn about industry roles and, through assessed work, design their own video games from beginning to end.
This module is available to second-year students with whose home department is Computer Science only. Availability is limited and first-come-first-served according to a pre-registration process to be undertaken before the end of the previous academic year.
Students will learn the fundamentals of designing and developing video games from the ground up. This includes a full view of the component parts of video game development, such as: design and ideation; the use of digital assets (graphics, audio, text); engineering concerns and system design and architecture; the psychology of play; and selected topics in human-computer interaction.
This is an indicative module outline only to give an indication of the sort of topics that may be covered. Actual sessions held may differ.
Topics covered in this module may include: algorithmic techniques for video games (applications of AI; procedural generation); the psychology of play (""game feel""); video game engineering (the entity-component-system architecture); human-computer interaction as applied to games (incl. inclusive and accessible computing); the video game development life cycle (ideation; rapid prototyping; publishing); and the use of game development frameworks.",15,Undergraduate,https://warwick.ac.uk/fac/sci/dcs/teaching/modules/cs276/,"Procedural Generation, AI Applications, Entity-Component-System Architecture, Human-Computer Interaction, Inclusive Computing, Accessible Computing, Rapid Prototyping, Game Development Frameworks, Digital Asset Creation, System Design, Software Architecture, Game Design, Ideation, Marketing, Video Game Engineering, Algorithmic Techniques, Psychology of Play, Game Feel, Creative Computing, Video Game Development Life Cycle"
University of Warwick,warwick.ac.uk,Computer Science,CS301,Complexity of Algorithms,"CS301 Complexity of Algorithms
To learn the notions of the complexity of algorithms and the complexity of computational problems. To learn various models of computation. To understand what makes some computational problems harder than others. To understand how to deal with hard/intractable problems.
This is an indicative module outline only to give an indication of the sort of topics that may be covered. Actual sessions held may differ.
In this module, the notions of complexity of algorithms and of computational problems will be
studied. Students will learn	how to design efficient algorithms for reducing computational
problems to one another, what makes an algorithm efficient, and what makes a problem hard (so that it has no fast algorithm).
Various models of computation	will be discussed,	in particular, the models of classical deterministic	computations, non-deterministic computations, and also of randomized computations, and approximation algorithms. Furthermore, parallel computations and on-line computations might be presented.
Some part of the module will be devoted to the discussion of what makes some computational problems harder than others, how to classify well-defined computational problems into levels of hardness, and how to deal with problems that are hard and intractable.",15,Undergraduate,https://warwick.ac.uk/fac/sci/dcs/teaching/modules/cs301/,"Computational Complexity Theory, Algorithm Design, Models of Computation, Deterministic Computation, Non-deterministic Computation, Randomized Algorithms, Approximation Algorithms, Parallel Computing, Online Algorithms, Reductions (Complexity), Intractability"
University of Warwick,warwick.ac.uk,Computer Science,CS310,Computer Science Project,"The third year project is an extended, individual piece of work which forms a core element of the Computer Science degree. Students choose a topic and find a supervisor in the summer term of their second year.
This module is not available to students from other departments.
To provide experience of undertaking a significant individual research or development exercise from conception through to design, execution and delivery.
This is an indicative module outline only to give an indication of the sort of topics that may be covered. Actual sessions held may differ.
Students select a project during the third term of their second year by submitting an outline of the proposed project and finding an academic member of staff to supervise it. The Project Specification, which outlines the project plan, is submitted during the first term. The written Progress Report on the current state of the project is submitted early in the second term for 15% credit (combined with the Project Specification). The Final Report, which is a detailed written report of the project, is submitted during the Easter break, with a plan submitted to the supervisor near the end of the second term. The student will take part in the Viva, which is a short presentation and extended question and answer session, early in the third term. The Final Report and Viva, together, are worth 75% of the module credit. The student will submit a short document, worth 10%, describing how they have managed their project, at the same time as the Final Report. This module is primarily not a taught module, but a major design and development exercise for the student carried out under supervision.",30,Undergraduate,https://warwick.ac.uk/fac/sci/dcs/teaching/modules/cs310/,"Research Methods, Technical Writing, Academic Writing, Oral Presentations, Project Management, Software Design, Software Development"
University of Warwick,warwick.ac.uk,Computer Science,CS313,Mobile Robotics,"The main aim of the module is to provide an understanding of the fundamental principles of mobile robotics and related concepts. The module introduces various algorithms and data structures for safe navigation of a mobile robot, and covers some techniques for equipping the robot with an intelligent vision system.
The main aim of the module is to provide an understanding of the fundamental principles of mobile robotics and related concepts. The module introduces various algorithms and data structures for safe navigation of a mobile robot, and covers some techniques for equipping the robot with an intelligent vision system.
This is an indicative module outline only to give an indication of the sort of topics that may be covered. Actual sessions held may differ.
Introduction to mobile robots
Sensors
State Estimation
Discrete Filter
Linear Gaussian Filter
Non-parametric Filters
Mapping
SLAM
Motion Planning",15,Undergraduate,https://warwick.ac.uk/fac/sci/dcs/teaching/modules/cs313/,"Mobile Robotics, Algorithms, Data Structures, Sensors, State Estimation, Discrete Filter, Linear Gaussian Filter, Non-parametric Filters, Mapping, SLAM, Motion Planning, Computer Vision"
University of Warwick,warwick.ac.uk,Computer Science,CS324,Computer Graphics,"This course is a solid introduction to computer graphics, from how we see, display devices, and how computer graphics are generated by modern graphics processing units (GPUs).
With plenty of visual examples and demos, the lectures covers, step-by-step:
the graphic generation process and viewing geometry
three-dimensional objects,
parametric representations such as spline curves and surfaces,
display lists and drawing primitives
rasterisation onto a two-dimensional frame-buffer
On the way, we look at how realism is achieved by the clever use of texture-mapping and the approximation of lighting and shading, including shadow generation. We also look at ray-casting techniques, global illumination and volume rendering.
The course will assume you have some background in vector and linear algebra.
Graphical	presentation	of models of the physical world is an important aspect of current and future applications of computers. Students are introduced to the basic concepts of manipulating and modelling objects in 2D, 3D and 4D.
Techniques are introduced for realistically visualising models of objects in ways that exploit our visual senses.
This is an indicative module outline only to give an indication of the sort of topics that may be covered. Actual sessions held may differ.
Topics covered include:
Graphics hardware
Rendering processes
Computational geometry of 2 and 3 dimensions
Modelling and projection of 3 dimensional structures
Spatial data structures
Colour and texture
Ray tracing
'Fractal' processes in graphics
Demonstrations of graphics features will be given during the module.",15,Undergraduate,https://warwick.ac.uk/fac/sci/dcs/teaching/modules/cs324/,"Computer Graphics, GPU Programming, Vector Algebra, Linear Algebra, 3D Modeling, Spline Curves, Spline Surfaces, Display Lists, Drawing Primitives, Rasterisation, Texture Mapping, Lighting and Shading, Shadow Generation, Ray Casting, Global Illumination, Volume Rendering, Graphics Hardware, Rendering Processes, Computational Geometry, 2D Geometry, 3D Geometry, Modelling and Projection, Spatial Data Structures, Colour Theory, Ray Tracing, Fractal Graphics"
University of Warwick,warwick.ac.uk,Computer Science,CS325,Compiler Design,"A compiler is a program that can read a program in one language - the source language -
and translate it into an equivalent program in another language - the target language
The module will provide a through introduction to the principles of compiler design, with an emphasis on general solutions to common problems as well as techniques for putting the extensive theory into practice.
This is an indicative module outline only to give an indication of the sort of topics that may be covered. Actual sessions held may differ.
Languages and Grammars: regular expressions, context-free grammars, BNF.
Parsing: top-down and bottom-up techniques.
Semantic Analysis: attribute grammars, translation schemes, type inference, symbol tables. Code Generation: run-time environment, intermediate code, register allocation, optimization. Programming Paradigms: issues in the compilation of imperative, functional, and object-oriented languages",15,Undergraduate,https://warwick.ac.uk/fac/sci/dcs/teaching/modules/cs325/,"Compiler design, Regular expressions, Context-free grammars, BNF, Top-down parsing, Bottom-up parsing, Attribute grammars, Translation schemes, Type inference, Symbol tables, Run-time environment, Intermediate code, Register allocation, Optimization, Imperative language compilation, Functional language compilation, Object-oriented language compilation, Semantic analysis, Code generation"
University of Warwick,warwick.ac.uk,Computer Science,CS331,Neural Computing,"This module provides an introduction to the theory and implementation of neural networks and an understanding of the important computational neural network architecture and methodology. It aims to give students sufficient knowledge to enable employment or postgraduate study involving neural networks.
This module provides an introduction to the theory and implementation of neural networks, both biological and artificial. It aims to give students sufficient knowledge to enable employment or postgraduate study involving neural networks.
This is an indicative module outline only to give an indication of the sort of topics that may be covered. Actual sessions held may differ.
Introduction: What Is a Neural Network; AI and Neural Computing; Three Types of Learning Paradigms; Transfer Learning; Pre-Stage: Making Your Own Neural Network from Scratch: The Tools You Will Need; Demo: Creating a Neural Network for Live Image Classification
Biological Neural Networks:  Biological Neuron Structure and Function; Action Potential; Synaptic Transmission; A Brief History of Neural Nets & Deep Learning; Comparison between Biological and  Artificial Neural Networks; Basic Principles of Artificial Neural Networks; Different Types of Neural Networks;
Single-Layer Perceptron: McCulloch-Pitts Neuron; Definition of Perceptron; Weights, Bias, Node, Activation Functions; Perceptron Case Study: Digital Number Recognition; Mimic Logic Operations (AND, OR, NOT); XOR Linear Inseparability Problem; Perceptron Learning Rule; Demo: Implementing MP Neuron using MATLAB
Multi-Layer Forward Propagation: Representation of Multi-Layer Neural Networks; Predicting Multi-Layer Neural Network Output; Common Nonlinear Activation Functions; How to Choose an Activation Function for Your Model; Forward Propagation for Deep Neural Networks; Vectorisation; Demo: Recognise Seven-Segment Numerals
Using Perceptron
Loss Function & Gradient Descent: Different Loss Functions (e.g., MAE, MSE, Cross Entropy Loss); 1D & 2D Forms of Gradient Descent Methods; Variations of Gradient Descent (e.g., Momentum, RMSProp, Adam); Saddle Points; Gradient Descent vs. Newton Method; Stochastic & Mini-Batch Gradient Descent;
Backpropagation: Computation Graph; Matrix Calculus Revisited; Backpropagation in Logistic Regression; Backpropagation in Multi-Layered NNs; Vanishing Gradient Problems
Overfitting & Regularization: Bias and Variance; What is Regularization; How does Regularization help in Reducing Overfitting; Different Regularization Techniques (e.g. Lasso & Ridge  Regularization, Dropout, Data Augmentation, Early Stopping)
Recurrent Neural Network: Sequence Model; One-hot Representation; Forward and Backward Propagations; Different Types of Recurrent Neural Networks; Elman and Jordan Networks; Bidirectional Recurrent Neural Network; Vanishing & Exploding Gradient Problems; Gated Recurrent Units (GRU); Long Short-Term Memory Networks (LSTM); Time Series Analysis (optional)
Graph Neural Networks (GNNs): Basics of Graph Mining; Google PageRank; Pairwise Similarity Model (e.g., SimRank, Penetrating-Rank, RoleSim); Convolutional Neural Network; Graph Embedding; Node2vec (optional); GNN Applications in NLP (optional);",15,Undergraduate,https://warwick.ac.uk/fac/sci/dcs/teaching/modules/cs331/,"Neural Networks, Artificial Neural Networks, Biological Neural Networks, Deep Learning, Single-Layer Perceptron, McCulloch-Pitts Neuron, Activation Functions, Digital Number Recognition, Perceptron Learning Rule, MATLAB, Multi-Layer Forward Propagation, Vectorisation, Loss Functions, Mean Absolute Error (MAE), Mean Squared Error (MSE), Cross Entropy Loss, Gradient Descent, Momentum, RMSProp, Adam, Newton Method, Stochastic Gradient Descent, Mini-Batch Gradient Descent, Backpropagation, Computation Graph, Matrix Calculus, Logistic Regression, Vanishing Gradient Problem, Overfitting, Regularization, Lasso Regularization, Ridge Regularization, Dropout, Data Augmentation, Early Stopping, Recurrent Neural Networks, Sequence Models, One-hot Representation, Elman Networks, Jordan Networks, Bidirectional Recurrent Neural Networks, Exploding Gradient Problem, Gated Recurrent Units (GRU), Long Short-Term Memory (LSTM), Time Series Analysis, Graph Neural Networks, Graph Mining, Google PageRank, SimRank, Penetrating-Rank, RoleSim, Convolutional Neural Networks, Graph Embedding, Node2vec, Natural Language Processing (NLP), Image Classification, Transfer Learning"
University of Warwick,warwick.ac.uk,Computer Science,CS342,Machine Learning,"This module aims to provide students with an in-depth introduction to two main- areas of Machine Learning: supervised and unsupervised learning.
The module covers the main models and algorithms for regression, classification, clustering, and probabilistic classification.  Topics such as linear and logistic regression, regularisation, probabilistic (Bayesian) inference, SVMs,  neural networks, clustering, and dimensionality reduction are covered.  The module primarily uses the Python programming language and assumes familiarity with linear algebra, probability theory, and programming in Python.
This is an indicative module outline only to give an indication of the sort of topics that may be covered. Actual sessions held may differ.
Intro to Supervised/Unsupervised Learning
Decision Trees
Linear regression: regularization, linear classifiers
Logistic Regression, multi-class logistic regression,  Support Vector Machines
Feature selection latent factor models (PCA)
Clustering (k-means, soft k-means)
Ensemble methods such as Random Forest,  AdaBoost, and XGBoost
Probabilistic methods (Bayesian view)
Model evaluation and model selection
Introduction to neural networks
Autoencoders",15,Undergraduate,https://warwick.ac.uk/fac/sci/dcs/teaching/modules/cs342/,"Machine Learning, Supervised Learning, Unsupervised Learning, Regression, Classification, Clustering, Probabilistic Classification, Linear Regression, Logistic Regression, Regularization, Bayesian Inference, Support Vector Machines (SVM), Neural Networks, Dimensionality Reduction, Python, Linear Algebra, Probability Theory, Decision Trees, Multi-class Logistic Regression, Feature Selection, Latent Factor Models, Principal Component Analysis (PCA), K-means Clustering, Soft K-means, Ensemble Methods, Random Forest, AdaBoost, XGBoost, Model Evaluation, Model Selection, Autoencoders"
University of Warwick,warwick.ac.uk,Computer Science,CS344,Discrete Mathematics Project,"The third year project is an extended, individual piece of work which forms a core element of the Discrete Mathematics degree. Students choose a topic and find a supervisor in the summer term of their second year.
This module is not available to sutdents from other departments.
To provide experience of undertaking a significant individual research or development exercise from conception through to design, execution and delivery.
This is an indicative module outline only to give an indication of the sort of topics that may be covered. Actual sessions held may differ.
Students select a project during the third term of their second year by submitting an outline of the proposed project and finding an academic member of staff to supervise it. The Project Specification, which outlines the project plan, is submitted during the first term. The written Progress Report on the current state of the project is submitted early in the second term for 15% credit (combined with the Project Specification). The Final Report, which is a detailed written report of the project, is submitted during the Easter break, with a plan submitted to the supervisor near the end of the second term. The student will take part in the Viva, which is a short presentation and extended question and answer session, early in the third term. The Final Report and Viva, together, are worth 75% of the module credit. The student will submit a short document, worth 10%, describing how they have managed their project, at the same time as the Final Report. This module is primarily not a taught module, but a major design and development exercise for the student carried out under supervision.",30,Undergraduate,https://warwick.ac.uk/fac/sci/dcs/teaching/modules/cs344/,"Discrete Mathematics, Research Methods, Project Management, Technical Writing, Academic Writing, Oral Presentations, System Design"
University of Warwick,warwick.ac.uk,Computer Science,CS345,Sensor Networks and Mobile Data Communications,"CS345 Sensor Networks and Mobile Data Communication.
The aim of the module is to equip students with a fundamental understanding of sensor network and mobile ad hoc networks, including the domains in which associated technologies have been applied. The emphasis of the module is on the efficiency and practicality of protocols in sensor networks and ad hoc mobile networks.
This is an indicative module outline only to give an indication of the sort of topics that may be covered. Actual sessions held may differ.
Motivation and applications
System architecture and Sensors
Media access control protocols- TDMA, duty cycling, SMAC, XMAC, CSMA/CA, RTS/CTS
Routing: directed diffusion, communication patterns, proactive/reactive/hybrid ad hoc routing, geographic routing
Energy efficiency in sensor networks: duty-cycling, clustering, topology control
Delay tolerant networks- optimistic routing, social net-based routing
Mobility models
WiFi Sensing, Channel state information representation, multipath propagation
Signal enhancement and denoising, frequency analysis
Applied Machine Learning and Pattern Recognition
Applications: WiFi based human behaviour modelling",15,Undergraduate,https://warwick.ac.uk/fac/sci/dcs/teaching/modules/cs345/,"Sensor Networks, Mobile Ad Hoc Networks, TDMA, duty cycling, SMAC, XMAC, CSMA/CA, RTS/CTS, Directed Diffusion, communication patterns, proactive routing, reactive routing, hybrid ad hoc routing, geographic routing, Energy efficiency, clustering, topology control, Delay tolerant networks, optimistic routing, social net-based routing, Mobility models, WiFi Sensing, Channel state information representation, multipath propagation, Signal enhancement, denoising, frequency analysis, Machine Learning, Pattern Recognition, WiFi based human behaviour modelling"
University of Warwick,warwick.ac.uk,Computer Science,CS346,Advanced Databases,"This module builds on the CS258 Database Systems module to provide a theoretical explanation of how queries are processed by Database Management Systems, and how such techniques can be extended to working with Big Data.
The aim of the module is to introduce students to current techniques, methods and results from the active field of database systems and data management. Typical topics include query planning and optimisation; transaction processing and concurrency control; big management; data warehousing and OLAP; theory of databases.
This is an indicative module outline only to give an indication of the sort of topics that may be covered. Actual sessions held may differ.
The topics will be drawn from core conceptual topics in advanced databases, and current ideas in database systems. This will be drawn from:
Refresher on databases and modelling
Relational algebra, tuple relational calculus, SQL, and equivalences between them
Query planning, evaluation and optimisation
Transaction processing, concurrency, ACID rules, OLTP
Online analytical processing (OLAP), data warehouses
Data storage and indexing, B-trees and hashing
NoSQL to relax ACID rules; consistency, availability, partition tolerance
Parallel databases, hardware and software
Big data, MapReduce, PigLatin
Special purpose databases, e.g. temporal, spatial, or multimedia databases",15,Undergraduate,https://warwick.ac.uk/fac/sci/dcs/teaching/modules/cs346/,"Query planning, Query optimization, Transaction processing, Concurrency control, ACID, OLTP, OLAP, Data warehousing, Relational algebra, Tuple relational calculus, SQL, B-trees, Hashing, NoSQL, Consistency, Availability, Partition tolerance, Parallel databases, MapReduce, PigLatin, Temporal databases, Spatial databases, Multimedia databases, Data modeling, Data storage, Big data"
University of Warwick,warwick.ac.uk,Computer Science,CS347,Fault Tolerant Systems,"The module concentrates on the principles and technologies that can be applied in the design, development and measurement of fault tolerance under varied assumptions. You will have the opportunity to analyse, design and write software based on state-of-the-art approaches in dependable systems.
The aim of the module is to provide you with a knowledge of advanced issues and concepts in the design, implementation and evaluation of fault-tolerant systems.
This is an indicative module outline only to give an indication of the sort of topics that may be covered. Actual sessions held may differ.
General: Fault, error, failure, fault transformation process. Implications of coverage on dependability, specifications, methods to achieve dependability.
Middleware: Protocols for synchronous distributed systems (leader election, consensus, clock synchronisation, Byzantine agreement and FDIR).
Protocols and abstractions for asynchronous distributed systems, including logical and vector clocks, broadcast (best-effort, unordered reliable, ordered reliable), failure detectors, global predicate detection in fault-free and faulty systems.",15,Undergraduate,https://warwick.ac.uk/fac/sci/dcs/teaching/modules/cs347/,"Fault Tolerance, Dependable Systems, Fault Analysis, Error Handling, Failure Analysis, Fault Transformation Process, Dependability Modeling, Specification Techniques, Middleware Protocols, Synchronous Distributed Systems Protocols, Leader Election Algorithms, Consensus Algorithms, Clock Synchronization, Byzantine Agreement, Failure Detection and Recovery (FDIR), Asynchronous Distributed Systems, Logical Clocks, Vector Clocks, Best-Effort Broadcast, Unordered Reliable Broadcast, Ordered Reliable Broadcast, Failure Detectors, Global Predicate Detection"
University of Warwick,warwick.ac.uk,Computer Science,CS348,Social Informatics,"The aim is to combine perspectives and methods of enquiry drawn from disciplines such as Psychology and Sociology with the tools, techniques and technologies of Computer Science to create an approach to of digital systems' design and innovation that is both relevant and practical.
The aim is to combine perspectives and methods of enquiry drawn from disciplines such as Psychology and Sociology with the tools, techniques and technologies of Computer Science to create an approach to of digital systems' design and innovation that is both relevant and practical.
This is an indicative module outline only to give an indication of the sort of topics that may be covered. Actual sessions held may differ.
Background: development and scope of social informatics; practical goals.
Understanding individual behaviour: perception, memory and action.
Modelling human interactions with digital systems.
Design methodologies and notations.
Techniques and technologies: dialogue styles, information visualisation.
Designer-user relations: iteration, prototyping.
Evaluation: formative and summative; performance and learnability.
Mobile computing and devices: novel interfaces; ubiquitous computing.
Organisational factors: understanding the workplace; resistance; security; dependability.
Innovation processes at scale: social shaping of IT, actor-network theory, co-production.",15,Undergraduate,https://warwick.ac.uk/fac/sci/dcs/teaching/modules/cs348/,"Human-Computer Interaction (HCI), User Experience Design, Interaction Design, Prototyping, Iterative Design, Information Visualization, Dialogue Design, Mobile Computing, Ubiquitous Computing, Social Informatics, Actor-Network Theory, Co-production, Perception Modeling, Memory Modeling, Action Modeling, Formative Evaluation, Summative Evaluation, Performance Evaluation, Learnability Evaluation, Organizational Analysis, Workplace Understanding, Resistance Management, Security Assessment, Dependability Engineering, Innovation Process Management, Social Shaping of IT"
University of Warwick,warwick.ac.uk,Computer Science,CS349,Principles of Programming Languages,"The module introduces students to fundamental concepts underpinning programming languages and to reasoning about program behaviour.
Understanding the foundations for formal descriptions of programming languages. Relating abstract concepts in the design of programming languages with real languages in use and pragmatic considerations. Exposure to a variety of languages through presentations by peers and evidence from literature surveys.
This is an indicative module outline only to give an indication of the sort of topics that may be covered. Actual sessions held may differ.
Scope and binding, untyped programming, type systems, type inference, evaluation relations, higher-order types, references, control operators, subtyping, recursive types, polymorphism.",15,Undergraduate,https://warwick.ac.uk/fac/sci/dcs/teaching/modules/cs349/,"Programming Language Design, Formal Descriptions of Programming Languages, Reasoning about Program Behavior, Scope and Binding, Untyped Programming, Type Systems, Type Inference, Evaluation Relations, Higher-order Types, References, Control Operators, Subtyping, Recursive Types, Polymorphism, Oral Presentations, Literature Surveys, Research Methods"
University of Warwick,warwick.ac.uk,Computer Science,CS350,Data Science Project,"The third year project is an extended, individual piece of work which forms a core element of the Data Science degree. Students choose a topic and find a supervisor in the summer term of their second year.
This module is only available to Data Science students, and students on other degrees in the Department of Statistics or other departments are not permitted to take it.
To provide experience of undertaking a significant individual research or development exercise from conception through to design, execution and delivery.
This is an indicative module outline only to give an indication of the sort of topics that may be covered. Actual sessions held may differ.
Students select a project during the third term of their second year by submitting an outline of the proposed project and finding an academic member of staff to supervise it. The Project Specification, which outlines the project plan, is submitted during the first term. The written Progress Report on the current state of the project is submitted early in the second term for 15% credit (combined with the Project Specification). The Final Report, which is a detailed written report of the project, is submitted during the Easter break, with a plan submitted to the supervisor near the end of the second term. The student will take part in the Viva, which is a short presentation and extended question and answer session, early in the third term. The Final Report and Viva, together, are worth 75% of the module credit. The student will submit a short document, worth 10%, describing how they have managed their project, at the same time as the Final Report. This module is primarily not a taught module, but a major design and development exercise for the student carried out under supervision.",30,Undergraduate,https://warwick.ac.uk/fac/sci/dcs/teaching/modules/cs350/,"Project Management, Technical Writing, Academic Writing, Oral Presentation, Research Methods, Data Analysis, Statistical Modeling"
University of Warwick,warwick.ac.uk,Computer Science,CS351,Computer Systems Engineering Project,"The third year project is an extended, individual piece of work which forms a core element of the Computer Systems Engineering degree. Students choose a topic and find a supervisor in the summer term of their second year.
This module is not available to students from other departments.
To provide experience of undertaking a significant individual research or development exercise from conception through to design, execution and delivery.
This is an indicative module outline only to give an indication of the sort of topics that may be covered. Actual sessions held may differ.
Students select a project during the third term of their second year by submitting an outline of the proposed project and finding an academic member of staff to supervise it. The Project Specification, which outlines the project plan, is submitted during the first term. The written Progress Report on the current state of the project is submitted early in the second term for 15% credit (combined with the Project Specification). The Final Report, which is a detailed written report of the project, is submitted during the Easter break, with a plan submitted to the supervisor near the end of the second term. The student will take part in the Viva, which is a short presentation and extended question and answer session, early in the third term. The Final Report and Viva, together, are worth 75% of the module credit. The student will submit a short document, worth 10%, describing how they have managed their project, at the same time as the Final Report. This module is primarily not a taught module, but a major design and development exercise for the student carried out under supervision.",30,Undergraduate,https://warwick.ac.uk/fac/sci/dcs/teaching/modules/cs351/,"Project Management, Research Methods, Technical Writing, Academic Writing, Oral Presentations"
University of Warwick,warwick.ac.uk,Computer Science,CS352,Project Management for Computer Scientists,"Almost everything we do as computer scientists is packaged into a ""project"", often full of risk and uncertainty, yet we are expected to plan and forecast to deliver fully-featured high-quality products on time and within budget.  In this module you will learn practical techniques to manage projects, you will hear from industry experts,  and you will work as a team to develop a project of your own.
The aims of the module are to make students into effective project managers. The module will:
Equip students with the knowledge and practical skills required to manage projects;
Examine a range of well established project management techniques, from 'traditional' to modern;
Provide a link to computer science “in the real world”, sharing in the practical experiences of industry experts
This is an indicative module outline only to give an indication of the sort of topics that may be covered. Actual sessions held may differ.
Students will develop robust project management techniques, including: defining measurable project objectives; identifying and engaging stakeholders; managing scope, schedule and budget; making forecasts and measuring success; risk categorisation and mitigation.
This module will cover a range of well established project management methodologies, frameworks and philosophies, including: PRINCE2, PMI (PMBOK), Waterfall, Scrum and Agile, Kanban and Lean.",15,Undergraduate,https://warwick.ac.uk/fac/sci/dcs/teaching/modules/cs352/,"Project Management, Risk Management, Stakeholder Management, Scope Management, Schedule Management, Budget Management, Forecasting, Success Measurement, Risk Categorisation, Risk Mitigation, PRINCE2, PMBOK, Waterfall, Scrum, Agile, Kanban, Lean, Team Collaboration, Objective Setting"
University of Warwick,warwick.ac.uk,Computer Science,CS355,Digital Forensics,"In this module, you will learn about the scientific techniques used to collect probative facts from digital data often in relation to cyberphysical crime.
The module will focus on a subfield of digital forensics that involves analysing image and video data for forensic purposes. This subfield (digital image forensics) is getting increasingly important since digital cameras and sophisticated photo editing softwares have become commonplace. Advanced machine learning methods are now capable of generating fake images and videos that can easily fool humans. Image forensic experts develop and use computational techniques to identify photo forgery, detect image sources and collect crime-related evidences from image data.
This is an indicative module outline only to give an indication of the sort of topics that may be covered. Actual sessions held may differ.
The module will deal with core concepts and enabling methodologies in multimedia-based digital
forensics.	It	will	also	examine	current	applications,	and	address	theoretical	and	practical
challenges. More specifically the syllabus will cover:
Methodologies and standards for acquisition and processing in digital forensics
Modalities of device fingerprints
Extraction and representation of device fingerprints
Enhancement of device fingerprints
Source device identification based on device fingerprints
Content/device linking based on device fingerprints
Content integrity verification based on device fingerprints
Source-oriented image/video clustering based on device fingerprints
Digital content hashing
Data hiding
Digital watermarking for copyright protection
Digital watermarking for content authentication
Steganography
Steganalysis
Counter-forensics and counter-counter-forensics",15,Undergraduate,https://warwick.ac.uk/fac/sci/dcs/teaching/modules/cs355/,"Digital Image Forensics, Video Forensics, Machine Learning, Photo Forgery Detection, Image Source Identification, Device Fingerprint Extraction, Device Fingerprint Enhancement, Source Device Identification, Content/Device Linking, Content Integrity Verification, Image/Video Clustering, Digital Hashing, Data Hiding, Digital Watermarking for Copyright Protection, Digital Watermarking for Content Authentication, Steganography, Steganalysis, Counter-forensics, Counter-counter-forensics, Forensic Acquisition and Processing Standards, Multimedia Forensics, Forensic Methodologies, Evidence Collection from Multimedia, Image Authentication, Video Authentication"
University of Warwick,warwick.ac.uk,Computer Science,CS356,Approximation and Randomised Algorithms,"The module aims to introduce students to the area of approximation and randomised algorithms, which often provide a simple and viable alternative to standard algorithms.
Students will learn the mathematical foundations underpinning the design and analysis of such algorithms.
This is an indicative module outline only to give an indication of the sort of topics that may be covered. Actual sessions held may differ.
Linearity of expectation, moments and deviations, coupon collector's problem
Chernoff bounds and its applications
Balls into bins, hashing, Bloom filters
The probabilistic method, derandomization using conditional expectations
Markov chains and random walks
LP duality, relaxations, integrality gaps, dual fitting analysis of the greedy algorithm for set
cover.
-The primal dual method: Set cover, steiner forest
Deterministic rounding of LPs: Set cover, the generalized assignment problem
Randomized rounding of LPs: Set cover, facility location
Multiplicative weight update method: Approximately solving packing/covering LPs
If time permits, more topics can be covered such as Tail inequalities for martingales, SDP based algorithms, local search algorithms, PTAS for Euclidean TSP, metric embeddings, hardness of approximation, online algorithms or streaming.",15,Undergraduate,https://warwick.ac.uk/fac/sci/dcs/teaching/modules/cs356/,"Approximation Algorithms, Randomized Algorithms, Algorithm Design, Algorithm Analysis, Probability Theory, Chernoff Bounds, Hashing, Bloom Filters, Probabilistic Method, Derandomization, Markov Chains, Random Walks, Linear Programming (LP), LP Duality, LP Relaxation, Greedy Algorithms, Set Cover Problem, Primal-Dual Method, Steiner Forest Problem, Deterministic Rounding, Generalized Assignment Problem, Randomized Rounding, Facility Location Problem, Multiplicative Weight Update Method, Martingales, Semidefinite Programming (SDP), Local Search Algorithms, Polynomial-Time Approximation Scheme (PTAS), Traveling Salesperson Problem (TSP), Metric Embeddings, Hardness of Approximation, Online Algorithms, Streaming Algorithms"
University of Warwick,warwick.ac.uk,Computer Science,CS357,Responsible Computing,"This module is designed to provide students with a comprehensive understanding of responsible computing, focusing on ethical considerations and best practices in the use and development of technology. The course will cover topics such as the societal impact of computing, ethical considerations of software development and the key considerations of emerging technologies. Students will engage in discussions, case studies, and hands-on activities to explore the ethical implications of technology and develop strategies for responsible computing.
The module aims to provide students with the knowledge, frameworks and confidence needed to engage in the complex conversations that occur around emerging technologies and the use of computer science within society. By the end of the module, students should be aware of key ethical issues within the field of computer science and be capable of evaluating and critiquing technology based case studies in an ethical context.
This is an indicative module outline only to give an indication of the sort of topics that may be covered. Actual sessions held may differ.
Ethics vs morality
Social context of computing
Professional ethics & codes of conduct
Sustainability
Software issues, including risks and liabilities
Data privacy & security
Algorithmic bias
Governance
The digital divide, democracy and work
Decolonising Computer Science
The Internet of Things
Mobile communications and ecosystems
Online communities
Augmented and virtual reality technologies
Artificial Intelligence
Generative Artificial Intelligence
Computer crime investigations and the use of biometrics
Responsible Research and Innovation
Ethical aspects of emerging and converging technologies",15,Undergraduate,https://warwick.ac.uk/fac/sci/dcs/teaching/modules/cs357/,"Tech Ethics, Software Development Ethics, Case Study Analysis, Professional Ethics, Sustainable Computing, Software Risk Management, Software Liability, Data Privacy, Cybersecurity, Algorithmic Bias, AI Ethics, IT Governance, Internet of Things (IoT), Mobile Communications, Augmented Reality (AR), Virtual Reality (VR), Artificial Intelligence (AI), Generative AI, Digital Forensics, Computer Crime Investigation, Biometrics, Research Ethics, Responsible Research and Innovation (RRI)"
University of Warwick,warwick.ac.uk,Computer Science,CS359,Computational Social Choice,"Computational Social Choice (COMSOC) addresses problems at the interface of social choice theory and computer science. Social choice theory is the formal study of collective decision-making processes, an important example of which are voting rules. We discuss concepts from social choice theory and investigate axiomatic and computational aspects.
In this module, we study collective decision making from a mathematical and algorithmic perspective. We formally model situations in which the preferences of agents (or voters) need to be aggregated into a collective choice.
Key questions include:
What does it mean to make rational choices?
Which formal properties should an aggregation function satisfy?
Which of these properties can be satisfied simultaneously?
How difficult is it to compute collective choices?
How can we achieve the ideal of proportional representation?
We will address all these questions formally, by means of mathematical definitions and theorems. A key role will be played by the axiomatic method.
This is an indicative module outline only to give an indication of the sort of topics that may be covered. Actual sessions held may differ.
Specific topics include: choice theory, Arrow's impossibility result, restricted domains of preferences, approval voting, scoring rules (plurality, Borda, etc.), Kemeny's rule, tournament solutions, strategic voting, multiwinner elections, apportionment methods, and proportional representation.",15,Undergraduate,https://warwick.ac.uk/fac/sci/dcs/teaching/modules/cs359/,"Mathematical Modeling, Axiomatic Method, Formal Proof Writing, Theorem Proving, Algorithmic Analysis, Computational Complexity, Voting Theory, Social Choice Theory, Preference Aggregation, Strategic Voting Analysis, Multiwinner Election Analysis, Apportionment Methods, Proportional Representation Analysis, Research Methods, Technical Writing, Oral Presentations"
University of Warwick,warwick.ac.uk,Computer Science,CS402,High Performance Computing,"The module provides a solid foundation in High Performance Computing (HPC) and its role in science and engineering.
The module provides a solid foundation in High Performance Computing (HPC) and its role in science and engineering. The aim of the module is to study the fundamental techniques for developing HPC applications, the commonly used HPC platforms, the methods for measuring, assessing and analysing the performance of HPC applications, and the role of administration, workload and resource management in an HPC management software. The students will be introduced to the issues related to the use of HPC techniques in solving large scientific problems.
This is an indicative module outline only to give an indication of the sort of topics that may be covered. Actual sessions held may differ.
Fundamental concepts in High Performance Computing.
Shared memory programming (OpenMP).
Message passing programming (MPI).
GPU programming.
Parallel decomposition.
Performance measurement and analysis.
High performance I/O.
High performance networking.
High Performance Computing systems.
Typical scientific applications.",15,Undergraduate,https://warwick.ac.uk/fac/sci/dcs/teaching/modules/cs402/,"High Performance Computing, OpenMP, MPI, GPU programming, Parallel decomposition, Performance measurement and analysis, High-performance I/O, High-performance networking, HPC systems"
University of Warwick,warwick.ac.uk,Computer Science,CS404,Agent Based Systems,"Agent-based systems offer a new paradigm for computer science, based around a strong theoretical foundation and with a large number of practical deployed applications.
Module web page
This module will provide a context for agent-based systems in terms of the recent and developing computing landscape of distributed information and processing resources, and will describe fundamental techniques and systems, illustrating them with real-world applications.
This is an indicative module outline only to give an indication of the sort of topics that may be covered. Actual sessions held may differ.
Overview: definitions of agents, distributed AI and agents, intelligent agents, multi-agent systems, cooperation, agent application areas.
Logic-based agents: actions, goals and strategies.
Decision-making agents: expected utility and decisions.
Game-theoretic agents: equilibria and rationality.
Learning-agents: Markov Decision Processes, policy approximation and opponent modelling.
Social-agents: Cooperative decision-making, matching and networks.",15,Undergraduate,https://warwick.ac.uk/fac/sci/dcs/teaching/modules/cs404/,"Agent-based systems, Distributed AI, Intelligent agents, Multi-agent systems, Logic-based agents, Decision-making agents, Game-theoretic agents, Markov Decision Processes, Policy approximation, Opponent modeling, Cooperative decision-making, Matching, Networks, Expected utility, Equilibrium analysis, Rationality modeling"
University of Warwick,warwick.ac.uk,Computer Science,CS407,Group Project,"CS407 - The group project is intended to give students experience of team project work, similar to that which might be expected of them in a working environment, demanding management and problem-solving skills as well as individual initiative.
The project will be in response to the needs of a ""customer"" who will normally be an industrial partner, or may alternatively be an academic, and will be closely involved in the specification and running of the project. The themes for such projects will offer more scope for interdisciplinary and collaborative activities than a typical third year project, requiring a mature knowledge of computer science and its applications.
This is an indicative module outline only to give an indication of the sort of topics that may be covered. Actual sessions held may differ.
The topics of the group projects are up to students and their supervisors and may be drawn from any area in Computer Science. Topics of the lectures focus on key skills in software engineering, such as:
Version control
Testing and continuous integration
Build systems and package management
Containerisation/development
Writing for Computer Science
These topics will be illustrated using relevant, current technologies.",30,Undergraduate,https://warwick.ac.uk/fac/sci/dcs/teaching/modules/cs407/,"Version Control, Testing, Continuous Integration, Build Systems, Package Management, Containerisation, Technical Writing, Team Collaboration, Problem Solving, Project Management"
University of Warwick,warwick.ac.uk,Computer Science,CS409,Algorithmic Game Theory,"The focus of the module is on algorithmic and computational complexity aspects of game-theoretic models.
To familiarise students with formal methods of strategic interaction, as studied in game theory. One of the aims will be to give a flavour of current research and most recent advances in the field of algorithmic game theory.
This is an indicative module outline only to give an indication of the sort of topics that may be covered. Actual sessions held may differ.
Game models: Strategic form, extensive form, games of incomplete information (eg auctions), succinct representations, market equilibria, network games, co-operative games;
Solution concepts: Nash equilibria, subgame perfection, correlated equilibria, Bayesian equilibria, core and Shapley value;
Quality of equilibria: Price of anarchy, price of stability, fairness;
Finding equilibria: Linear programming algorithms, Lemke-Howson algorithm, finding all equilibria;
Complexity results: Efficient algorithms, NP-completeness of decision problems relating to set of equilibria, PPAD-completeness;
Some parts of the module will be research-led, so some topics will vary from year to year.",15,Undergraduate,https://warwick.ac.uk/fac/sci/dcs/teaching/modules/cs409/,"Algorithmic Game Theory, Computational Complexity, Game Theory, Strategic Form Games, Extensive Form Games, Auction Theory, Market Equilibria, Network Games, Cooperative Games, Nash Equilibria, Subgame Perfect Equilibrium, Correlated Equilibria, Bayesian Equilibria, Core (Game Theory), Shapley Value, Price of Anarchy, Price of Stability, Linear Programming, Lemke-Howson Algorithm, Algorithms, NP-Completeness, PPAD-Completeness, Research Methods"
University of Warwick,warwick.ac.uk,Computer Science,CS412,Formal Systems Development,"This module uses formal techniques to explore the specification, design and implementation of computer systems. It will cover more advanced features of specification and introduce data and functional refinement, considering how a system design may be modified in a variety of practical ways. Refining the specification to code is an important step in the software life-cycle. This module presents both the theoretical basis for this and practical means of refinement from system specification to program code.
To study methods for designing, analysing and programming complex computing systems.
This is an indicative module outline only to give an indication of the sort of topics that may be covered. Actual sessions held may differ.
Revision of sets, relations, functions and sequences.
Revision of basic specification skills.
Introduction to development tool:
Basic syntax;
Introduction to the AMN approach;
Examples and use of tool;
Case studies;
Data refinement:
Refinement;
Relations and nondeterminism;
Simulations.
Functional Refinement;
Review of refinement concepts using the Guarded Command Language;
Implementation through refinement;
Throughout the course there will be an emphasis on tool support;
We would also hope to include a speaker/s from industry in the course teaching (perhaps for the case studies).",15,Undergraduate,https://warwick.ac.uk/fac/sci/dcs/teaching/modules/cs412/,"Formal Methods, System Specification, System Design, Data Refinement, Functional Refinement, Program Refinement, Set Theory, Discrete Mathematics, Abstract Machine Notation (AMN), Nondeterminism, Simulation, Guarded Command Language (GCL), Software Life-cycle"
University of Warwick,warwick.ac.uk,Computer Science,CS413,Image and Video Analysis,"The course will enable computer science undergraduates to apply their mathematical knowledge and understanding of algorithms to problems in image and video processing: from preprocessing, to quantitation, video compression and video interpretation. The methods have numerous applications e.g. in medicine, biology, robotics (computer vision), surveillance, security, biometrics, database searching, TV and entertainment.
The module aims to teach the fundamentals of digital image processing, image and video analysis. In particular, it will present the mathematics and algorithms that underlie image analysis techniques such as filtering, denoising, edge detection, feature detection, tracking and 3D reconstruction. It will also present how these tools are used in algorithms image and video segmentation, motion estimation, stereo reconstruction, video denoising and
video analysis, object detection and recognition, and standards for video compression and communication.
This is an indicative module outline only to give an indication of the sort of topics that may be covered. Actual sessions held may differ.
Introduction to Human visual perception;
Image sampling and quantization;
Filtering by convolution and correlation: blurring, sharpening, edge detection;
Colour models and contrast processing;
Histograms and basic statistical models of images;
Information and entropy;
Discrete Fourier transforms and Discrete Cosine Transforms for filtering, coding, correlation and motion estimation;
Image Pyramids for analysis and image compression;
Image and video segmentation and texture models;
Algorithms for boundary and region segmentation from images and video;
Optical flow techniques for motion estimation and tracking;
Pinhole camera models and stereo and 3D reconstruction, including the principles image stitching and augmented reality;
Feature detection and object recognition in images;
Neural-networks for image analysis and end-to-end learning: from fully-connected networks to convolutional neural networks;
Programming image and video analysis methods in Python + associated libraries, OpenCV and Keras.",15,Undergraduate,https://warwick.ac.uk/fac/sci/dcs/teaching/modules/cs413/,"Image sampling, Quantization, Filtering by convolution, Filtering by correlation, Blurring, Sharpening, Edge detection, Colour models, Contrast processing, Histograms, Statistical models of images, Information theory, Entropy, Discrete Fourier Transform, Discrete Cosine Transform, Image pyramids, Image segmentation, Video segmentation, Texture models, Boundary segmentation, Region segmentation, Optical flow, Motion estimation, Tracking, Pinhole camera model, Stereo reconstruction, 3D reconstruction, Image stitching, Augmented reality, Feature detection, Object recognition, Neural networks, Fully-connected networks, Convolutional neural networks, Python, OpenCV, Keras"
University of Warwick,warwick.ac.uk,Computer Science,CS416,Optimisation Methods,"At	their core, many real-world problems involve optimisation problems that are complex and challenging, and they require principled mathematical and algorithmic solutions. Companies such as Google and Facebook use powerful algorithmic primitives such as gradient descent to solve a host of challenging problems. These primitives in turn are based on a beautiful mathematical theory developed in the context of convex and discrete optimisation, especially in the era of modern machine learning.
The aim is	to learn the mathematical and algorithmic foundations underpinning optimization problems that are ubiquitous in applications in machine learning, data analysis, and scientific computing.
There are several interrelated aims of this module:
(1) to expose students to optimisation methods that have found significant applications in machine learning
(2) to develop a toolkit of mathematical methods that can be used to tackle real-world problems
(3) to rigorously analyse these methods.
This is an indicative module outline only to give an indication of the sort of topics that may be covered. Actual sessions held may differ.
Some of the following topics will be discussed. The selection of topics may vary from year to year.
Convex optimisation methods and their applications in machine learning.
Gradient descent, Stochastic Gradient Descent.
Newton's methods, adaptive methods.
Constrained optimization, KKT condition.
Projected gradient descent.
Typical applications in machine learning, e.g., least squares and linear regression, over-parameterization, min-max optimization, edge of stability.",15,Undergraduate,https://warwick.ac.uk/fac/sci/dcs/teaching/modules/cs416/,"Convex optimization, Gradient descent, Stochastic Gradient Descent, Newton's method, Adaptive methods, Constrained optimization, KKT conditions, Projected gradient descent, Least squares, Linear regression, Over-parameterization, Min-max optimization, Edge of stability"
University of Warwick,warwick.ac.uk,Computer Science,CS418,Advanced Topics in Algorithms and Complexity,"The module aims to introduce students to modern techniques, methods, and results from the rapidly developing field of algorithms and complexity. The main topic may change year to year.
Students will learn the algorithmic, mathematical, and probabilistic foundations underpinning modern design and analysis algorithms.
This is an indicative module outline only to give an indication of the sort of topics that may be covered. Actual sessions held may differ.
This is an advanced module covering a range of topics in algorithms and complexity, as well as some of the most recent developments in the field.
Typical topics include a mixture of:
Foundations of learning algorithms and their limitations.
Probabilistic techniques, probabilistic algorithms and the power of randomness in computation.
Algebraic methods in algorithm design.
Concrete computational models, such as decision trees, CNF's, and Boolean circuits, and their connections to learning algorithms, satisfiability algorithms, and complexity theory.
Parallel algorithms and the limits of parallel computation.",15,Undergraduate,https://warwick.ac.uk/fac/sci/dcs/teaching/modules/cs418/,"Algorithms, Complexity Theory, Learning Algorithms, Probabilistic Algorithms, Algebraic Methods, Decision Trees, CNF, Boolean Circuits, Satisfiability Algorithms, Parallel Algorithms, Randomized Algorithms, Mathematical Foundations, Probabilistic Techniques"
University of Warwick,warwick.ac.uk,Computer Science,CS419,Quantum Computing,"Quantum computing is an interdisciplinary field that lies at the intersection of computer science, mathematics, and physics. This computational paradigm relies on principles of quantum mechanics, such as superposition and entanglement, to obtain powerful algorithms.
This module aims to provide a self-contained, comprehensive introduction to quantum computing, focusing on the design and analysis of quantum algorithms, as well as covering topics in quantum information and quantum cryptography, such as: quantum teleportation, quantum money, and post-quantum cryptography.
This is an indicative module outline only to give an indication of the sort of topics that may be covered. Actual sessions held may differ.
Quantum computing — motivation, foundations, and prominent applications.
Review of linear algebra in the context of quantum information, Dirac’s bracket notation, limitation of classical algorithms.
The four postulates of quantum mechanics, qubits, quantum gates and circuits.
Basic quantum algorithms I — Deutsch’s algorithm, analysing quantum algorithms, and implementing quantum circuits via QISKIT.
Basic quantum algorithms II — Simon’s problem and the Bernstein -Vazirani algorithm.
Grover’s quantum search algorithm, the BBBV Theorem, and applications of Grover’s algorithm.
RSA, and Shor’s integer factorisation algorithm.
Introduction to quantum cryptography (post-quantum security, quantum key distribution).
Introduction to quantum information (superdense coding, nocloning theorem, quantum teleportation) Applications (quantum money, the Elitzur-Vaidman bomb).",15,Undergraduate,https://warwick.ac.uk/fac/sci/dcs/teaching/modules/cs419/,"Quantum Algorithm Design, Quantum Circuit Implementation, Linear Algebra for Quantum Information, Dirac Notation, QISKIT, Shor's Algorithm, Grover's Algorithm, Deutsch's Algorithm, Simon's Problem, Bernstein-Vazirani Algorithm, Quantum Cryptography, Post-Quantum Cryptography, Quantum Key Distribution, Quantum Teleportation, Superdense Coding, No-Cloning Theorem, Quantum Money, Elitzur-Vaidman Bomb, RSA, Quantum Gates, Qubit Manipulation, Quantum Mechanics Foundations, Superposition, Entanglement, Quantum Information Theory, Quantum Mechanics Postulates"
University of Warwick,warwick.ac.uk,Computer Science,CS424,Computational Biology,"The module will cover topics on the acquisition of and analysis of large-scale data generated in biomedical sciences, particularly DNA/RNA sequences, live cell microscopy and multi-gigapixel pathology images. Students will be introduced to how these data are acquired, modern machine learning methods to process the data, and computational modelling approaches to help us better understand the complex phenomena underpinning biological processes. The module will be taught following an ""algorithmic approach,"" demonstrating that addressing problems in computational biology requires a diverse range of theoretical concepts and algorithms, making it an exciting and rapidly evolving field for computer scientists.
The module is designed to develop student research skills in the broad area of computational biology.
This is an indicative module outline only to give an indication of the sort of topics that may be covered. Actual sessions held may differ.
Molecular biology fundamentals;
Sequence alignments;
Phylogenetic Trees;
Dimensionality reduction and clustering;
Live cell microscopy fundamentals;
Image based modelling of single cell dynamics;
Overview of mathematical modelling techniques and their application: Ordinary differential equations, stochastic differential equations, Monte Carlo methods
Introduction to tissue imaging and computational pathology;
Whole-slide image (WSI) handling and processing;
Recognising various kinds of cells in cancerous WSIs;
Advanced research topics in computational biology;",15,Undergraduate,https://warwick.ac.uk/fac/sci/dcs/teaching/modules/cs424/,"Machine Learning, Computational Modelling, Sequence Alignments, Phylogenetic Trees, Dimensionality Reduction, Clustering, Ordinary Differential Equations, Stochastic Differential Equations, Monte Carlo Methods, Computational Pathology, Whole-slide Image Processing, Image Based Modelling, Algorithms, Research Methods, Live Cell Microscopy, Tissue Imaging, Statistical Modeling"
University of Warwick,warwick.ac.uk,Computer Science,CS430,Foundations of Data Analytics,"Students will study techniques for how to go from raw data to a deeper understanding of the patterns and structures within the data, to support making predictions and decision making.
To understand the foundational skills in data analytics, including preparing and working with data; abstracting and modeling an analytic question; and	using tools from statistics, learning and mining to address the question
This is an indicative module outline only to give an indication of the sort of topics that may be covered. Actual sessions held may differ.
Data Analytics involves being about to go from raw data to a deeper understanding of the patterns and structures within the data, to support making predictions and decision making. The course will cover a number of topic, including:
Introduction to analytics, case studies - How analytics is used in practice. Examples of successful analytics work from companies such as Google, Facebook, Kaggle, and Netflix. Suggestions for the course project.
Basic tools: command line tools, plotting tools, programming tools - The wide variety of tools available to work with data, including unix/linux command line tools for data manipulation (sorting, counting, reformatting, aggregating, joining); tools such as gnuplot for displaying and visualizing data; advanced programming tools such as Perl and Python for powerful data manipulation.
Statistics: Probability recap, distributions, significance tests, R - The tools from statistics for understanding distributions and probability (means, variance, tail bounds). Hypothesis testing for determining the significance of an observation, and the R system for working with statistical data.
Database: Data quality, data cleaning, Relational data, SQL, NoSQL - Problems found in realistic data: errors, missing values, lack of consistency, and techniques for addressing them. The relational data model, and the SQL language for expressing queries. The NoSQL movement, and the systems evolving around it.
Regression: linear regression, least squares, logistic regression - Predicting new data values via regression models. Simple linear regression over low dimensional data, regression for higher dimensional data via least squares optimization, logistic regression for categoric data.
Matrices: Linear Algebra, SVD, PCA - Matrices to represent relations between data, and necessary linear algerbraic operations on matrices. Approximately representing matrices by decompositions (Singular Value Decomposition and Principal Components Analysis). Application to the netflix prize.
Clustering: hierarchical, k-means, k-center - Finding clusters in data via different approaches. Choosing distance metrics. Different clustering approaches: hierarchical agglomerative clustering, k-means (Lloyd's algorithm), k-center approximations. Relative merits of each method.
Classification: Trees, NB, Support Vector Machines, Kernel Trick - Building models to classify new data instances. Decision tree approaches and Naive Bayes classifiers. The Support Vector Machines model and use of Kernels to produce separable data and non-linear classification boundaries. The Weka toolkit.
Data Structures: Bloom Filters, Sketches, Summaries - Data structures to scale analytics to big data and data streams. The Bloom filter to represent large set values. Sketch data structures for more complex data analysis, and other summary data structures.
Data Sharing: Privacy, Anonymization, Risks - The ethics and risks of sharing data on individuals. Technologies for anonymizing data: k-anonymity, and differential privacy.
Graphs: Social Network Analysis, metrics, relational learning - Graph representations of data, with applications to social network data. Measurements of centrality and importance. Recommendations in social networks, and inference via relational learning.",15,Undergraduate,https://warwick.ac.uk/fac/sci/dcs/teaching/modules/cs430/,"Data Analytics, Data Preparation, Data Modeling, Statistics, Data Mining, Unix, Linux, Command Line Tools, Data Visualization, gnuplot, Perl, Python, Probability, Probability Distributions, Significance Testing, Hypothesis Testing, R, Data Quality, Data Cleaning, Relational Databases, SQL, NoSQL, Linear Regression, Least Squares Optimization, Logistic Regression, Linear Algebra, Singular Value Decomposition (SVD), Principal Component Analysis (PCA), Hierarchical Clustering, k-means Clustering, k-center Clustering, Distance Metrics, Decision Trees, Naive Bayes, Support Vector Machines (SVM), Kernel Trick, Weka, Data Structures, Bloom Filters, Sketch Data Structures, Big Data, Data Streams, Data Privacy, Data Anonymization, k-anonymity, Differential Privacy, Tech Ethics, Graph Theory, Social Network Analysis, Relational Learning, Centrality Measures"
University of Warwick,warwick.ac.uk,Computer Science,CS435,Advanced Computer Security,"The module aims to provide students with a thorough grounding in computer security from a system wide perspective, including language-based security, operating system security and network security, and to provide an enhanced and detailed understanding of selected advanced topics of current importance, such as quantum cryptography, proof-carrying code, etc.
The module aims to provide students with a thorough grounding in computer security from a system wide perspective, including language-based security, operating system security and network security, and to provide an enhanced and detailed understanding of selected advanced topics of current importance, such as quantum cryptography, proof-carrying code, etc.
This is an indicative module outline only to give an indication of the sort of topics that may be covered. Actual sessions held may differ.
Threats and Security policy models.
Security automata, edit automata
Network security: Firewall design.
Distributed system security.
Fair exchange.
Bitcoin.
Source location privacy.",15,Undergraduate,https://warwick.ac.uk/fac/sci/dcs/teaching/modules/cs435/,"Language-based security, Operating system security, Network security, Quantum cryptography, Proof-carrying code, Security policy models, Security automata, Edit automata, Firewall design, Distributed system security, Fair exchange, Bitcoin, Source location privacy"
University of Warwick,warwick.ac.uk,Computer Science,CS904,Computational Biology,"The module will cover topics on the acquisition of and analysis of large-scale data generated in biomedical sciences, particularly DNA/RNA sequences, live cell microscopy and multi-gigapixel pathology images. Students will be introduced to how these data are acquired, modern machine learning methods to process the data, and computational modelling approaches to help us better understand the complex phenomena underpinning biological processes. The module will be taught following an ""algorithmic approach,"" demonstrating that addressing problems in computational biology requires a diverse range of theoretical concepts and algorithms, making it an exciting and rapidly evolving field for computer scientists. The students will learn using deep learning models for analysis of multi-gigapixel images. Therefore, basic understanding of image processing concepts will be required.
The module is designed to develop student research skills in the broad area of computational biology.
This is an indicative module outline only to give an indication of the sort of topics that may be covered. Actual sessions held may differ.
Molecular biology fundamentals;
Sequence alignments;
Phylogenetic Trees;
Dimensionality reduction and clustering;
Live cell microscopy fundamentals;
Image based modelling of single cell dynamics;
Overview of mathematical modelling techniques and their application: Ordinary differential equations, stochastic differential equations, Monte Carlo methods
Introduction to tissue imaging and computational pathology;
Whole-slide image (WSI) handling
WSI processing using machine learning and deep learning algorithms;
Recognising various kinds of cells in cancerous WSIs;
Advanced research topics in computational biology;",15,Undergraduate,https://warwick.ac.uk/fac/sci/dcs/teaching/modules/cs904/,"DNA sequence analysis, RNA sequence analysis, Large-scale biomedical data acquisition, Machine learning, Deep learning, Image processing, Computational modelling, Sequence alignment, Phylogenetic tree construction, Dimensionality reduction, Clustering, Live cell microscopy, Image-based modelling of single cell dynamics, Ordinary differential equations, Stochastic differential equations, Monte Carlo methods, Whole-slide image handling, WSI processing using machine learning, WSI processing using deep learning, Cancerous WSI cell recognition, Computational biology, Research skills, Molecular biology fundamentals, Computational pathology, Tissue imaging"
University of Warwick,warwick.ac.uk,Computer Science,CS907,Dissertation Project,"The dissertation is intended to give students the opportunity to consolidate the knowledge that they have acquired during the first half of the MSc, and to undertake a research led project. Students are expected to carry out a significant development exercise, either in the form of a research project or a knowledge transfer project that is applying recent research and the advanced topics taught in the first half of the course.
The aim of your dissertation is to give you the opportunity to consolidate the knowledge that you have gained during the taught component of your MSc through a research-led project. You are expected to carry out a significant development exercise, either in the form of a research project or a knowledge transfer project that applies the topics taught in your course. The project will require strong project management skills, problem-solving abilities, and self directed study. Although not a requirement, there is scope for industrial involvement in dissertation projects, and this is encouraged. The dissertation also provides opportunity for interdisciplinary work, again building on the the modules taught earlier in the course, and will require students to demonstrate a mature knowledge of computer science and its applications.
This is an indicative module outline only to give an indication of the sort of topics that may be covered. Actual sessions held may differ.
The research interests of staff members, as typically represented by (but not restricted to) the modules in the taught component of the MSc, will be the major source of dissertation topics. A degree of industrial input and involvement will be encouraged, and can be facilitated through existing academic-industrial collaborations or by addressing specific topics that are of interest to industrial partners. The dissertation project will be prefaced by CS908 Research Methods covering issues of project management, planning, literature seach, and general research skills. All projects will be closely supervised by academics with ongoing feedback and guidance at all stages of the project from the conception to completion.",60,Undergraduate,https://warwick.ac.uk/fac/sci/dcs/teaching/modules/cs907/,"Project Management, Planning, Literature Search, Research Skills, Problem Solving, Self-directed Study, Technical Writing, Oral Presentations, Thesis/Academic Writing, Industrial Collaboration, Interdisciplinary Work, Knowledge Transfer, Software Development"
University of Warwick,warwick.ac.uk,Computer Science,CS908,Research Methods,"The module aims to facilitate students' acquisition of a range of research methods, ensure that students are aware of the legal framework within which research is conducted, and that students are sensitive to the social and ethical issues which affect Computer Science research.
The module will assist students in the various stages involved in undertaking a substantial research project, covering: researching and choosing a topic, finding a supervisor, writing a research proposal, narrowing the scope of the project, planning, researching, writing and finally submitting their dissertation. The module's overall aim is to offer an intellectually challenging and supportive environment which allows students to develop their research and communication skills in the context of undertaking a research project of their choice.
This is an indicative module outline only to give an indication of the sort of topics that may be covered. Actual sessions held may differ.
Introduction to research methods
Use of secondary sources
Critique
Round-table research discussion
Academic writing
Writing research proposals",15,Undergraduate,https://warwick.ac.uk/fac/sci/dcs/teaching/modules/cs908/,"Research Methods, Academic Writing, Technical Writing, Thesis Writing, Oral Presentation, Research Ethics, Intellectual Property, Patent Law, Use of Secondary Sources, Critique, Research Proposal Writing, Discussion Facilitation"
University of Warwick,warwick.ac.uk,Computer Science,CS909,Machine Learning Algorithms and Practice,"Data Mining.
Understanding of the value of data mining in solving real-world problems;
Understanding of foundational concepts underlying data mining;
Understanding of algorithms commonly used in data mining tools;
Ability to apply data mining tools to real-world problems.
This is an indicative module outline only to give an indication of the sort of topics that may be covered. Actual sessions held may differ.
Introduction to machine learning, basic concepts and motivation;
Data pre-processing and basic data transformations;
Regression models (linear regression, logistical regression);
Classification: linear discriminants, SVMs, other classifiers such as decision trees and forests;
Model evaluation, bias-variance trade-off;
Ensemble methods: boosting, bagging & random forests;
Dimensionality reduction: Principal Component Analysis (PCA), T-distributed Stochastic Neighbour Embedding (t-SNE/UMAP);
Introduction to deep learning, backpropagation, gradient descent;
Convolutional neural networks;
Word embeddings;
Sequence-to-sequence models, Residual Neural Networks;
Attention mechanisms and memory networks;
Language processing;
Unsupervised deep learning and generative models;
Learning Strategies such as Transfer learning, etc.",15,Undergraduate,https://warwick.ac.uk/fac/sci/dcs/teaching/modules/cs909/,"Data Mining, Machine Learning, Data Pre-processing, Data Transformation, Linear Regression, Logistic Regression, Classification, Linear Discriminant Analysis, Support Vector Machines (SVM), Decision Trees, Random Forests, Model Evaluation, Bias-Variance Trade-off, Ensemble Methods, Boosting, Bagging, Dimensionality Reduction, Principal Component Analysis (PCA), t-SNE, UMAP, Deep Learning, Backpropagation, Gradient Descent, Convolutional Neural Networks (CNN), Word Embeddings, Sequence-to-Sequence Models, Residual Neural Networks (ResNet), Attention Mechanisms, Memory Networks, Natural Language Processing (NLP), Unsupervised Learning, Generative Models, Transfer Learning"
University of Warwick,warwick.ac.uk,Computer Science,CS910,Foundations of Data Analytics,"Students will study techniques for how to go from raw data to a deeper understanding of the patterns and structures within the data, to support making predictions and decision making.
To understand the foundational skills in data analytics, including preparing and working with data; abstracting and modeling an analytic question; and	using tools from statistics, learning and mining to address the question
This is an indicative module outline only to give an indication of the sort of topics that may be covered. Actual sessions held may differ.
Data Analytics involves being about to go from raw data to a deeper understanding of the patterns and structures within the data, to support making predictions and decision making. The course will cover a number of topic, including:
Introduction to analytics, case studies - How analytics is used in practice. Examples of successful analytics work from companies such as Google, Facebook, Kaggle, and Netflix. Suggestions for the course project.
Basic tools: command line tools, plotting tools, programming tools - The wide variety of tools available to work with data, including unix/linux command line tools for data manipulation (sorting, counting, reformatting, aggregating, joining); tools such as gnuplot for displaying and visualizing data; advanced programming tools such as Perl and Python for powerful data manipulation.
Statistics: Probability recap, distributions, significance tests, R - The tools from statistics for understanding distributions and probability (means, variance, tail bounds). Hypothesis testing for determining the significance of an observation, and the R system for working with statistical data.
Database: Data quality, data cleaning, Relational data, SQL, NoSQL - Problems found in realistic data: errors, missing values, lack of consistency, and techniques for addressing them. The relational data model, and the SQL language for expressing queries. The NoSQL movement, and the systems evolving around it.
Regression: linear regression, least squares, logistic regression - Predicting new data values via regression models. Simple linear regression over low dimensional data, regression for higher dimensional data via least squares optimization, logistic regression for categoric data.
Matrices: Linear Algebra, SVD, PCA - Matrices to represent relations between data, and necessary linear algerbraic operations on matrices. Approximately representing matrices by decompositions (Singular Value Decomposition and Principal Components Analysis). Application to the netflix prize.
Clustering: hierarchical, k-means, k-center - Finding clusters in data via different approaches. Choosing distance metrics. Different clustering approaches: hierarchical agglomerative clustering, k-means (Lloyd's algorithm), k-center approximations. Relative merits of each method.
Classification: Trees, NB, Support Vector Machines, Kernel Trick - Building models to classify new data instances. Decision tree approaches and Naive Bayes classifiers. The Support Vector Machines model and use of Kernels to produce separable data and non-linear classification boundaries. The Weka toolkit.
Data Structures: Bloom Filters, Sketches, Summaries - Data structures to scale analytics to big data and data streams. The Bloom filter to represent large set values. Sketch data structures for more complex data analysis, and other summary data structures.
Data Sharing: Privacy, Anonymization, Risks - The ethics and risks of sharing data on individuals. Technologies for anonymizing data: k-anonymity, and differential privacy.
Graphs: Social Network Analysis, metrics, relational learning - Graph representations of data, with applications to social network data. Measurements of centrality and importance. Recommendations in social networks, and inference via relational learning.",15,Undergraduate,https://warwick.ac.uk/fac/sci/dcs/teaching/modules/cs910/,"Python, Perl, R, SQL, NoSQL, Unix/Linux command line, gnuplot, Weka, linear regression, least squares, logistic regression, Singular Value Decomposition, Principal Component Analysis, hierarchical clustering, k-means, k-center, decision trees, Naive Bayes, Support Vector Machines, Kernel Trick, Bloom filter, sketches, summaries, k-anonymity, differential privacy, Social Network Analysis, graph centrality, relational learning, probability, distributions, significance tests, hypothesis testing, means, variance, tail bounds, data cleaning, data manipulation, data aggregation, data joining, data quality, data visualization"
University of Warwick,warwick.ac.uk,Computer Science,CS912,Sensor Networks and Mobile Data Communications,"CS912 Sensor Networks and Mobile Data Communication.
The aim of the module is to equip students with a fundamental understanding of sensor networks and mobile ad hoc networks, including the domains in which associated technologies have been applied. The emphasis of the module is on the efficiency and practicality of such protocols in sensor networks and ad hoc mobile networks.
This is an indicative module outline only to give an indication of the sort of topics that may be covered. Actual sessions held may differ.
Content includes:
Motivation and applications
System architecture and Sensors
Media access control protocols- TDMA, duty cycling, SMAC, XMAC, CSMA/CA, RTS/CTS
Routing: directed diffusion, communication patterns, proactive/reactive/hybrid ad hoc routing, geographic routing
Energy efficiency in sensor networks: duty-cycling, clustering, topology control
Delay tolerant networks- optimistic routing, social net-based routing
Mobility models
WiFi Sensing, Channel state information representation, multipath propagation
Signal enhancement and denoising, frequency analysis
Applied Machine Learning and Pattern Recognition
Applications: WiFi based human behaviour modelling",15,Undergraduate,https://warwick.ac.uk/fac/sci/dcs/teaching/modules/cs912/,"Sensor Networks, Mobile Ad Hoc Networks, System Architecture, Sensors, Media Access Control Protocols, TDMA, Duty Cycling, SMAC, XMAC, CSMA/CA, RTS/CTS, Routing Protocols, Directed Diffusion, Geographic Routing, Energy Efficiency, Clustering, Topology Control, Delay Tolerant Networks, Mobility Models, WiFi Sensing, Channel State Information, Multipath Propagation, Signal Enhancement, Denoising, Frequency Analysis, Applied Machine Learning, Pattern Recognition, Human Behaviour Modelling"
University of Warwick,warwick.ac.uk,Computer Science,CS913,Dissertation Project in Data Analytics,"The dissertation is intended to give students the opportunity to consolidate the knowledge that they have acquired during the first half of the MSc, and to undertake a research led project. Students are expected to carry out a significant development exercise, either in the form of a research project or a knowledge transfer project that is applying recent research and the advanced topics taught in the first half of the course.
The aim of your dissertation is to give you the opportunity to consolidate the knowledge that you have gained during the taught component of your MSc through a research-led project. You are expected to carry out a significant development exercise, either in the form of a research project or a knowledge transfer project that applies the topics taught in your course.  The project will require strong project management skills, problem-solving abilities, and self directed study. Although not a requirement, there is scope for industrial involvement in dissertation projects, and this is encouraged. The dissertation also provides opportunity for interdisciplinary work, again building on the the modules taught earlier in the course, and will require students to demonstrate a mature knowledge of computer science and its applications.
This is an indicative module outline only to give an indication of the sort of topics that may be covered. Actual sessions held may differ.
The research interests of staff members, as typically represented (but not restricted to) the modules taught in the first six months of the MSc, will be the major source of dissertation topics. A degree of industrial input and involvement will be encouraged, and can be facilitated through existing academic-industrial collaborations or by addressing specific topics that are of interest to industrial partners. The dissertation project will be prefaced by introductory workshops on issues of project management and planning. All projects will be closely supervised by academics with ongoing feedback and guidance at all stages of the project from the conception to completion.",60,Undergraduate,https://warwick.ac.uk/fac/sci/dcs/teaching/modules/cs913/,"Project Management, Problem Solving, Self-Directed Study, Research Methods, Technical Writing, Academic Writing, Oral Presentation, Interdisciplinary Collaboration, Knowledge Transfer, Project Planning, Industrial Collaboration"
University of Warwick,warwick.ac.uk,Computer Science,CS915,Advanced Computer Security,"The module aims to provide students with a thorough grounding in computer security from a system wide perspective, including language-based security, operating system security and network security, and to provide an enhanced and detailed understanding of selected advanced topics of current importance, such as quantum cryptography, proof-carrying code, etc.
The module aims to provide students with a thorough grounding in computer security from a system wide perspective, including language-based security, operating system security and network security, and to provide an enhanced and detailed understanding of selected advanced topics of current importance, such as quantum cryptography, proof-carrying code, etc.
This is an indicative module outline only to give an indication of the sort of topics that may be covered. Actual sessions held may differ.
Threats and Security policy models.
Security automata, edit automata
Network security: Firewall design.
Distributed system security.
Fair exchange.
Bitcoin.
Source location privacy.",15,Undergraduate,https://warwick.ac.uk/fac/sci/dcs/teaching/modules/cs915/,"Cybersecurity, Cryptography, Network Security, Operating System Security, Language-Based Security, Quantum Cryptography, Proof-Carrying Code, Threat Modeling, Security Policy Modeling, Security Automata, Edit Automata, Firewall Design, Distributed System Security, Fair Exchange, Bitcoin, Source Location Privacy"
University of Warwick,warwick.ac.uk,Computer Science,CS916,Social Informatics,"The aim is to combine perspectives and methods of enquiry drawn from disciplines such as Psychology and Sociology with the tools, techniques and technologies of Computer Science to create an approach to of digital systems' design and innovation that is both relevant and practical.
The aim is to combine perspectives and methods of enquiry drawn from disciplines such as Psychology and Sociology with the tools, techniques and technologies of Computer Science to create an approach to of digital systems' design and innovation that is both relevant and practical.
This is an indicative module outline only to give an indication of the sort of topics that may be covered. Actual sessions held may differ.
Background: development and scope of social informatics; practical goals.
Understanding individual behaviour: perception, memory and action.
Modelling human interaction with digital systems.
Design methodologies and notations.
Techniques and technologies: dialogue styles, information visualisation.
Designer-user relations: iteration, prototyping.
Evaluation: formative and summative; performance and learnability.
Mobile computing and devices: novel interfaces; ubiquitous computing.
Organisational factors: understanding the workplace; resistance; dependability.
Innovation processes at scale: social shaping of IT, actor-network theory, co-production.",15,Undergraduate,https://warwick.ac.uk/fac/sci/dcs/teaching/modules/cs916/,"Social Informatics, Digital Systems Design, Human-Computer Interaction (HCI), User Modeling, Interaction Design, Design Methodologies, Information Visualization, Prototyping, Iterative Design, Usability Testing, Formative Evaluation, Summative Evaluation, Mobile Computing, Ubiquitous Computing, Interface Design, Actor-Network Theory, Innovation Management"
University of Warwick,warwick.ac.uk,Computer Science,CS917,Foundations of Computing,"The aim of the module is to equip students with a grounding in foundations	of computing,	to	enable	students from a wider background to confidently undertake a taught masters programme in advanced computing topics.
The aim of the module is to equip students with a grounding in foundations	of computing,	to	enable	students from a wider background to confidently undertake a taught masters programme in advanced computing topics.
This is an indicative module outline only to give an indication of the sort of topics that may be covered. Actual sessions held may differ.
-Computational Mathematics and Statistical Methods (logic, sets, probability and hypothesis testing)
-Programming and Data Structures (procedural and object oriented programming, using appropriate data structures)
-Algorithms and Complexity (analysis of algorithms, searching and sorting algorithms and calculation best, worst and average case complexities)",15,Undergraduate,https://warwick.ac.uk/fac/sci/dcs/teaching/modules/cs917/,"Logic, Set Theory, Probability, Hypothesis Testing, Procedural Programming, Object-Oriented Programming, Data Structures, Algorithms, Analysis of Algorithms, Searching Algorithms, Sorting Algorithms, Computational Complexity"
University of Warwick,warwick.ac.uk,Computer Science,CS918,Natural Language Processing,"Knowledge of the fundamental principles of natural language processing.
The aim of the module is to equip students with a fundamental understanding of automated methods for processing linguistic data in textual form (natural language processing) from different  sources (newswire, web, social media, academic publications) and associated challenges. The module will also provide students with the skills to analyse textual data and familiarise them with state of the art tools and applications.
This is an indicative module outline only to give an indication of the sort of topics that may be covered. Actual sessions held may differ.
The module will address core methodologies in natural language processing and related tools and will proceed to examine current applications.  The syllabus may cover:
Regular expressions, word tokenisation, stemming, sentence segmentation
N-grams and language models
Part-of-Speech Tagging
Hidden Markov Models and Maximum Entropy Models
Semantics: Lexical Semantics, Distributional Semantics, Word Sense Disambiguation and Vector Space Models
Text classification
Sentiment analysis
Information Extraction: Named Entity Recognition, Relation Extraction
Syntactic Parsing
Semantic Parsing
Question Answering and Summarisation
Recommender systems",15,Undergraduate,https://warwick.ac.uk/fac/sci/dcs/teaching/modules/cs918/,"Natural Language Processing, Regular Expressions, Word Tokenisation, Stemming, Sentence Segmentation, N-grams, Language Modeling, Part-of-Speech Tagging, Hidden Markov Models, Maximum Entropy Models, Lexical Semantics, Distributional Semantics, Word Sense Disambiguation, Vector Space Models, Text Classification, Sentiment Analysis, Information Extraction, Named Entity Recognition, Relation Extraction, Syntactic Parsing, Semantic Parsing, Question Answering, Text Summarisation, Recommender Systems"
University of Warwick,warwick.ac.uk,Computer Science,CS922,High Performance Computing,"The module provides a solid foundation in High Performance Computing (HPC) and its role in science and engineering.
The module provides a solid foundation in High Performance Computing (HPC) and its role in science and engineering. The aim of the module is to study the fundamental techniques for developing HPC applications, the commonly used HPC platforms, the methods for measuring, assessing and analysing the performance of HPC applications, and the role of administration, workload and resource management in an HPC management software. The students will be introduced to the issues related to the use of HPC techniques in solving large scientific problems.
This is an indicative module outline only to give an indication of the sort of topics that may be covered. Actual sessions held may differ.
Fundamental concepts in High Performance Computing.
Shared memory programming (OpenMP).
Message passing programming (MPI).
GPU programming.
Parallel decomposition.
Performance measurement and analysis.
High performance I/O.
High performance networking.
High Performance Computing systems.
Typical scientific applications.",15,Undergraduate,https://warwick.ac.uk/fac/sci/dcs/teaching/modules/cs922/,"High Performance Computing, OpenMP, MPI, GPU programming, Parallel decomposition, Performance measurement, Performance analysis, High performance I/O, High performance networking, HPC systems, Scientific applications"
University of Warwick,warwick.ac.uk,Computer Science,CS924,Agent Based Systems,"Agent-based systems offer a new paradigm for computer science, based around a strong theoretical foundation and with a large number of practical deployed applications.
Module web page
This module will provide a context for agent-based systems in terms of the recent and developing computing landscape of distributed information and processing resources, and will describe fundamental techniques and systems, illustrating them with real-world applications.
This is an indicative module outline only to give an indication of the sort of topics that may be covered. Actual sessions held may differ.
Overview: definitions of agents, distributed AI and agents, intelligent agents, multi-agent systems, cooperation, agent application areas.
Logic-based agents: actions, goals and strategies.
Decision-making agents: expected utility and decisions.
Game-theoretic agents: equilibria and rationality.
Learning-agents: Markov Decision Processes, policy approximation and opponent modelling.
Social-agents: Cooperative decision-making, matching and networks.",15,Undergraduate,https://warwick.ac.uk/fac/sci/dcs/teaching/modules/cs924/,"Agent-based systems, Distributed AI, Intelligent agents, Multi-agent systems, Cooperation modeling, Logic-based agents, Action planning, Goal formulation, Strategy development, Decision-making under uncertainty, Expected utility theory, Game theory, Equilibrium analysis, Rationality concepts, Markov Decision Processes, Policy approximation, Opponent modeling, Cooperative decision-making, Matching theory, Network analysis"
University of Warwick,warwick.ac.uk,Computer Science,CS929,Algorithmic Game Theory,"The focus of the module is on algorithmic and computational complexity aspects of game-theoretic models.
To familiarise students with formal methods of strategic interaction, as studied in game theory. One of the aims will be to give a flavour of current research and most recent advances in the field of algorithmic game theory.
This is an indicative module outline only to give an indication of the sort of topics that may be covered. Actual sessions held may differ.
Game models: Strategic form, extensive form, games of incomplete information (eg auctions), succinct representations, market equilibria, network games, co-operative games;
Solution concepts: Nash equilibria, subgame perfection, correlated equilibria, Bayesian equilibria, core and Shapley value;
Quality of equilibria: Price of anarchy, price of stability, fairness;
Finding equilibria: Linear programming algorithms, Lemke-Howson algorithm, finding all equilibria;
Complexity results: Efficient algorithms, NP-completeness of decision problems relating to set of equilibria, PPAD-completeness;
Some parts of the module will be research-led, so some topics will vary from year to year.",15,Undergraduate,https://warwick.ac.uk/fac/sci/dcs/teaching/modules/cs929/,"Algorithmic Game Theory, Computational Complexity, Formal Methods, Game Theory, Auction Theory, Market Equilibria, Network Games, Cooperative Games, Nash Equilibria, Subgame Perfection, Correlated Equilibria, Bayesian Equilibria, Shapley Value, Price of Anarchy, Price of Stability, Linear Programming, Lemke-Howson Algorithm, Algorithms, NP-Completeness, PPAD-Completeness, Research Methods"
University of Warwick,warwick.ac.uk,Computer Science,CS932,Formal Systems Development,"This module uses formal techniques to explore the specification, design and implementation of computer systems. It will cover more advanced features of specification and introduce data and functional refinement, considering how a system design may be modified in a variety of practical ways. Refining the specification to code is an important step in the software life-cycle. This module presents both the theoretical basis for this and practical means of refinement from system specification to program code.
To study methods for designing, analysing and programming complex computing systems.
This is an indicative module outline only to give an indication of the sort of topics that may be covered. Actual sessions held may differ.
Revision of sets, relations, functions and sequences.
Revision of basic specification skills.
Introduction to development tool:
Basic syntax;
Introduction to the AMN approach;
Examples and use of tool;
Case studies;
Data refinement:
Refinement;
Relations and nondeterminism;
Simulations.
Functional Refinement;
Review of refinement concepts using the Guarded Command Language;
Implementation through refinement;
Throughout the course there will be an emphasis on tool support;
We would also hope to include a speaker/s from industry in the course teaching (perhaps for the case studies).",15,Undergraduate,https://warwick.ac.uk/fac/sci/dcs/teaching/modules/cs932/,"Formal Methods, System Specification, System Design, Data Refinement, Functional Refinement, Program Refinement, Formal Verification, Set Theory, Discrete Mathematics, Abstract Machine Notation (AMN), Nondeterminism, Simulation, Guarded Command Language (GCL), Software Implementation"
University of Warwick,warwick.ac.uk,Computer Science,CS933,Image and Video Analysis,"The course will enable computer science undergraduates to apply their mathematical knowledge and understanding of algorithms to problems in image and video processing: from preprocessing, to quantitation, video compression and video interpretation. The methods have numerous applications e.g. in medicine, biology, robotics (computer vision), surveillance, security, biometrics, database searching, TV and entertainment.
The module aims to teach the fundamentals of digital image processing, image and video analysis. In particular, it will present the mathematics and algorithms that underlie image analysis techniques such as filtering, denoising, edge detection, feature detection, tracking and 3D reconstruction. It will also present how these tools are used in algorithms image and video segmentation, motion estimation, stereo reconstruction, video denoising and
video analysis, object detection and recognition, and standards for video compression and communication.
This is an indicative module outline only to give an indication of the sort of topics that may be covered. Actual sessions held may differ.
Introduction to Human visual perception;
Image sampling and quantization;
Filtering by convolution and correlation: blurring, sharpening, edge detection;
Colour models and contrast processing;
Histograms and basic statistical models of images;
Information and entropy;
Discrete Fourier transforms and Discrete Cosine Transforms for filtering, coding, correlation and motion estimation;
Image Pyramids for analysis and image compression;
Image and video segmentation and texture models;
Algorithms for boundary and region segmentation from images and video;
Optical flow techniques for motion estimation and tracking;
Pinhole camera models and stereo and 3D reconstruction, including the principles image stitching and augmented reality;
Feature detection and object recognition in images;
Neural-networks for image analysis and end-to-end learning: from fully-connected networks to convolutional neural networks;
Programming image and video analysis methods in Python + associated libraries, OpenCV and Keras.",15,Undergraduate,https://warwick.ac.uk/fac/sci/dcs/teaching/modules/cs933/,"Python, OpenCV, Keras, Convolutional Neural Networks, Fully-connected Neural Networks, Discrete Fourier Transform, Discrete Cosine Transform, Image Sampling, Image Quantization, Convolution, Correlation, Edge Detection, Blurring, Sharpening, Colour Models, Contrast Processing, Histograms, Statistical Modeling, Information Theory, Entropy, Image Pyramids, Image Segmentation, Video Segmentation, Texture Models, Boundary Segmentation, Region Segmentation, Optical Flow, Motion Estimation, Tracking, Pinhole Camera Model, Stereo Vision, 3D Reconstruction, Image Stitching, Augmented Reality, Feature Detection, Object Recognition, Neural Networks, End-to-End Learning, Video Compression, Video Communication Standards"
University of Warwick,warwick.ac.uk,Computer Science,CS938,CS938 - Advanced Topics in Algorithms and Complexity,"The module aims to introduce students to modern techniques, methods, and results from the rapidly developing field of algorithms and complexity. The main topic may change year to year.
Students will learn the algorithmic, mathematical, and probabilistic foundations underpinning modern design and analysis algorithms.
This is an indicative module outline only to give an indication of the sort of topics that may be covered. Actual sessions held may differ.
This is an advanced module covering a range of topics in algorithms and complexity, as well as some of the most recent developments in the field.
Typical topics include a mixture of:
Foundations of learning algorithms and their limitations.
Probabilistic techniques, probabilistic algorithms and the power of randomness in computation.
Algebraic methods in algorithm design.
Concrete computational models, such as decision trees, CNF's, and Boolean circuits, and their connections to learning algorithms, satisfiability algorithms, and complexity theory.
Parallel algorithms and the limits of parallel computation.",15,Undergraduate,https://warwick.ac.uk/fac/sci/dcs/teaching/modules/cs938/,"Probabilistic techniques, Probabilistic algorithms, Algebraic methods, Decision trees, CNF, Boolean circuits, Learning algorithms, Satisfiability algorithms, Complexity theory, Parallel algorithms, Randomized algorithms, Mathematical foundations, Algorithmic foundations, Algorithm design and analysis"
University of Warwick,warwick.ac.uk,Computer Science,CS939,Quantum Computing,"Quantum computing is an interdisciplinary field that lies at the intersection of computer science, mathematics, and physics. This computational paradigm relies on principles of quantum mechanics, such as superposition and entanglement, to obtain powerful algorithms.
This module aims to provide a self-contained, comprehensive introduction to quantum computing, focusing on the design and analysis of quantum algorithms, as well as covering topics in quantum information and quantum cryptography, such as: quantum teleportation, quantum money, and post-quantum cryptography.
This is an indicative module outline only to give an indication of the sort of topics that may be covered. Actual sessions held may differ.
Quantum computing — motivation, foundations, and prominent applications.
Review of linear algebra in the context of quantum information, Dirac’s bracket notation, limitation of classical algorithms.
The four postulates of quantum mechanics, qubits, quantum gates and circuits.
Basic quantum algorithms I — Deutsch’s algorithm, analysing quantum algorithms, and implementing quantum circuits via QISKIT.
Basic quantum algorithms II — Simon’s problem and the Bernstein -Vazirani algorithm.
Grover’s quantum search algorithm, the BBBV Theorem, and applications of Grover’s algorithm.
RSA, and Shor’s integer factorisation algorithm.
Introduction to quantum cryptography (post-quantum security, quantum key distribution).
Introduction to quantum information (superdense coding, nocloning theorem, quantum teleportation) Applications (quantum money, the Elitzur-Vaidman bomb).",15,Undergraduate,https://warwick.ac.uk/fac/sci/dcs/teaching/modules/cs939/,"Quantum Computing, Quantum Algorithms, Quantum Information, Quantum Cryptography, Linear Algebra, Dirac Notation, Quantum Gate Design, Quantum Circuit Design, QISKIT, Deutsch's Algorithm, Simon's Problem, Bernstein-Vazirani Algorithm, Grover's Algorithm, BBBV Theorem, Shor's Algorithm, RSA Cryptography, Post-Quantum Cryptography, Quantum Key Distribution, Superdense Coding, No-Cloning Theorem, Quantum Teleportation, Quantum Money, Elitzur-Vaidman Bomb"
