university,program,module,description,skills,url,level,duration,entry_requirements
National University of Singapore (NUS),Computer Science,CS1010 Programming Methodology,"This module covers programming methodology, part of the Computer Science programme at National University of Singapore (NUS). Students explore core theoretical and applied aspects, building competencies for professional practice.","Core programming methodology concepts, theoretical framework application, analytical problem-solving, academic research skills, practical programming methodology implementation",https://nusmods.com/modules/CS1010,Undergraduate,4 Credits / 1 Semester,A-Level: H2 Mathematics. Polytechnic Diploma GPA ≥ 3.5. IELTS 6.0+.
National University of Singapore (NUS),Computer Science,CS1231 Discrete Structures,"This module covers discrete structures, part of the Computer Science programme at National University of Singapore (NUS). Students explore core theoretical and applied aspects, building competencies for professional practice.","Core discrete structures concepts, theoretical framework application, analytical problem-solving, academic research skills, practical discrete structures implementation",https://nusmods.com/modules/CS1231,Undergraduate,4 Credits / 1 Semester,A-Level: H2 Mathematics. Polytechnic Diploma GPA ≥ 3.5. IELTS 6.0+.
National University of Singapore (NUS),Computer Science,MA1521 Calculus for Computing,"Covers differential and integral calculus, series, and multivariable calculus for engineering and science applications.","Differentiation, integration, limit evaluation, partial derivatives, optimisation techniques",https://nusmods.com/modules/MA1521,Undergraduate,4 Credits / 1 Semester,A-Level: H2 Mathematics. Polytechnic Diploma GPA ≥ 3.5. IELTS 6.0+.
National University of Singapore (NUS),Computer Science,MA1522 Linear Algebra for Computing,"Covers vector spaces, matrix operations, eigenvalues, and SVD foundational for machine learning and optimisation.","Matrix factorisation, eigenvalue computation, vector space analysis, linear transformation, gradient optimisation",https://nusmods.com/modules/MA1522,Undergraduate,4 Credits / 1 Semester,A-Level: H2 Mathematics. Polytechnic Diploma GPA ≥ 3.5. IELTS 6.0+.
National University of Singapore (NUS),Computer Science,ST2334 Probability and Statistics,"Covers random variables, distributions, Bayes theorem, expectation, and limit theorems with engineering applications.","Probability modelling, Bayesian inference, Monte Carlo simulation, hypothesis testing, stochastic analysis",https://nusmods.com/modules/ST2334,Undergraduate,4 Credits / 1 Semester,A-Level: H2 Mathematics. Polytechnic Diploma GPA ≥ 3.5. IELTS 6.0+.
National University of Singapore (NUS),Computer Science,CS2030S Programming Methodology II,"This module covers programming methodology ii, part of the Computer Science programme at National University of Singapore (NUS). Students explore core theoretical and applied aspects, building competencies for professional practice.","Core programming methodology ii concepts, theoretical framework application, analytical problem-solving, academic research skills, practical programming methodology ii implementation",https://nusmods.com/modules/CS2030S,Undergraduate,4 Credits / 1 Semester,A-Level: H2 Mathematics. Polytechnic Diploma GPA ≥ 3.5. IELTS 6.0+.
National University of Singapore (NUS),Computer Science,CS2040S Data Structures and Algorithms,"Covers fundamental data organisation techniques including arrays, linked lists, stacks, queues, trees, heaps, and hash tables. Students analyse time and space complexity and apply structures to solve real computational problems.","Array manipulation, linked list operations, binary tree traversal, hash table design, stack and queue implementation",https://nusmods.com/modules/CS2040S,Undergraduate,4 Credits / 1 Semester,A-Level: H2 Mathematics. Polytechnic Diploma GPA ≥ 3.5. IELTS 6.0+.
National University of Singapore (NUS),Computer Science,CS2100 Computer Organisation,"This module covers computer organisation, part of the Computer Science programme at National University of Singapore (NUS). Students explore core theoretical and applied aspects, building competencies for professional practice.","Core computer organisation concepts, theoretical framework application, analytical problem-solving, academic research skills, practical computer organisation implementation",https://nusmods.com/modules/CS2100,Undergraduate,4 Credits / 1 Semester,A-Level: H2 Mathematics. Polytechnic Diploma GPA ≥ 3.5. IELTS 6.0+.
National University of Singapore (NUS),Computer Science,CS2102 Database Systems,"Examines relational database design, SQL querying, normalisation theory, transaction management, and indexing strategies.","SQL query writing, ER diagram design, normalisation, transaction management, index optimisation",https://nusmods.com/modules/CS2102,Undergraduate,4 Credits / 1 Semester,A-Level: H2 Mathematics. Polytechnic Diploma GPA ≥ 3.5. IELTS 6.0+.
National University of Singapore (NUS),Computer Science,CS2103T Software Engineering,"Covers the full SDLC from requirements through design, implementation, testing, and maintenance, emphasising agile methods.","Requirements documentation, UML modelling, agile sprint planning, integration testing, Git version control",https://nusmods.com/modules/CS2103T,Undergraduate,4 Credits / 1 Semester,A-Level: H2 Mathematics. Polytechnic Diploma GPA ≥ 3.5. IELTS 6.0+.
National University of Singapore (NUS),Computer Science,CS2106 Introduction to Operating Systems,"Analyses process scheduling, memory management, file systems, and I/O handling with practical implementation labs.","Process scheduling, memory allocation, file system design, deadlock detection, system call programming",https://nusmods.com/modules/CS2106,Undergraduate,4 Credits / 1 Semester,A-Level: H2 Mathematics. Polytechnic Diploma GPA ≥ 3.5. IELTS 6.0+.
National University of Singapore (NUS),Computer Science,CS2109S Introduction to AI and Machine Learning,"Covers supervised learning, unsupervised learning, model evaluation, regularisation, and neural network fundamentals for predictive modelling.","Supervised model training, cross-validation, feature engineering, clustering algorithms, neural network design",https://nusmods.com/modules/CS2109S,Undergraduate,4 Credits / 1 Semester,A-Level: H2 Mathematics. Polytechnic Diploma GPA ≥ 3.5. IELTS 6.0+.
National University of Singapore (NUS),Computer Science,CS3230 Design and Analysis of Algorithms,"Introduces algorithm design paradigms including divide and conquer, dynamic programming, greedy methods, and backtracking. Students prove correctness and analyse Big-O complexity.","Algorithm complexity analysis, divide and conquer design, dynamic programming, greedy implementation, correctness proof writing",https://nusmods.com/modules/CS3230,Undergraduate,4 Credits / 1 Semester,A-Level: H2 Mathematics. Polytechnic Diploma GPA ≥ 3.5. IELTS 6.0+.
National University of Singapore (NUS),Computer Science,CS3210 Parallel Computing,"This module covers parallel computing, part of the Computer Science programme at National University of Singapore (NUS). Students explore core theoretical and applied aspects, building competencies for professional practice.","Core parallel computing concepts, theoretical framework application, analytical problem-solving, academic research skills, practical parallel computing implementation",https://nusmods.com/modules/CS3210,Undergraduate,4 Credits / 1 Semester,A-Level: H2 Mathematics. Polytechnic Diploma GPA ≥ 3.5. IELTS 6.0+.
National University of Singapore (NUS),Computer Science,CS3240 Interaction Design,"This module covers interaction design, part of the Computer Science programme at National University of Singapore (NUS). Students explore core theoretical and applied aspects, building competencies for professional practice.","Core interaction design concepts, theoretical framework application, analytical problem-solving, academic research skills, practical interaction design implementation",https://nusmods.com/modules/CS3240,Undergraduate,4 Credits / 1 Semester,A-Level: H2 Mathematics. Polytechnic Diploma GPA ≥ 3.5. IELTS 6.0+.
National University of Singapore (NUS),Computer Science,CS4243 Computer Vision and Pattern Recognition,"Covers image processing, feature extraction, object detection, and segmentation using classical and deep learning methods.","Image preprocessing, CNN classification, YOLO object detection, semantic segmentation, feature extraction",https://nusmods.com/modules/CS4243,Undergraduate,4 Credits / 1 Semester,A-Level: H2 Mathematics. Polytechnic Diploma GPA ≥ 3.5. IELTS 6.0+.
National University of Singapore (NUS),Computer Science,CS4246 AI Planning and Decision Making,"This module covers ai planning and decision making, part of the Computer Science programme at National University of Singapore (NUS). Students explore core theoretical and applied aspects, building competencies for professional practice.","Core ai planning and decision making concepts, theoretical framework application, analytical problem-solving, academic research skills, practical ai planning and decision making implementation",https://nusmods.com/modules/CS4246,Undergraduate,4 Credits / 1 Semester,A-Level: H2 Mathematics. Polytechnic Diploma GPA ≥ 3.5. IELTS 6.0+.
National University of Singapore (NUS),Computer Science,CS4248 Natural Language Processing,"Covers tokenisation, language models, sentiment analysis, NER, and transformer-based models such as BERT.","Text preprocessing, language model evaluation, sentiment classification, NER extraction, BERT fine-tuning",https://nusmods.com/modules/CS4248,Undergraduate,4 Credits / 1 Semester,A-Level: H2 Mathematics. Polytechnic Diploma GPA ≥ 3.5. IELTS 6.0+.
National University of Singapore (NUS),Computer Science,CS4226 Internet Architecture,"This module covers internet architecture, part of the Computer Science programme at National University of Singapore (NUS). Students explore core theoretical and applied aspects, building competencies for professional practice.","Core internet architecture concepts, theoretical framework application, analytical problem-solving, academic research skills, practical internet architecture implementation",https://nusmods.com/modules/CS4226,Undergraduate,4 Credits / 1 Semester,A-Level: H2 Mathematics. Polytechnic Diploma GPA ≥ 3.5. IELTS 6.0+.
National University of Singapore (NUS),Computer Science,CS4224 Distributed Databases,"Examines relational database design, SQL querying, normalisation theory, transaction management, and indexing strategies.","SQL query writing, ER diagram design, normalisation, transaction management, index optimisation",https://nusmods.com/modules/CS4224,Undergraduate,4 Credits / 1 Semester,A-Level: H2 Mathematics. Polytechnic Diploma GPA ≥ 3.5. IELTS 6.0+.
National University of Singapore (NUS),Business Analytics,BT1101 Introduction to Business Analytics,"This module covers introduction to business analytics, part of the Business Analytics programme at National University of Singapore (NUS). Students explore core theoretical and applied aspects, building competencies for professional practice.","Core introduction to business analytics concepts, theoretical framework application, analytical problem-solving, academic research skills, practical introduction to business analytics implementation",https://nusmods.com/modules/BT1101,Undergraduate,4 Credits / 1 Semester,GCE A-Level or Polytechnic Diploma. IELTS 6.0–6.5+.
National University of Singapore (NUS),Business Analytics,ST1131 Introduction to Statistics,"This module covers introduction to statistics, part of the Business Analytics programme at National University of Singapore (NUS). Students explore core theoretical and applied aspects, building competencies for professional practice.","Core introduction to statistics concepts, theoretical framework application, analytical problem-solving, academic research skills, practical introduction to statistics implementation",https://nusmods.com/modules/ST1131,Undergraduate,4 Credits / 1 Semester,GCE A-Level or Polytechnic Diploma. IELTS 6.0–6.5+.
National University of Singapore (NUS),Business Analytics,BT2101 Operations and Technology Management,"Covers planning, organising, leading, and controlling including strategy, change management, and organisational behaviour.","Strategic planning, team leadership, change management, performance measurement, stakeholder analysis",https://nusmods.com/modules/BT2101,Undergraduate,4 Credits / 1 Semester,GCE A-Level or Polytechnic Diploma. IELTS 6.0–6.5+.
National University of Singapore (NUS),Business Analytics,BT2102 Data Management and Visualisation,"Covers planning, organising, leading, and controlling including strategy, change management, and organisational behaviour.","Strategic planning, team leadership, change management, performance measurement, stakeholder analysis",https://nusmods.com/modules/BT2102,Undergraduate,4 Credits / 1 Semester,GCE A-Level or Polytechnic Diploma. IELTS 6.0–6.5+.
National University of Singapore (NUS),Business Analytics,BT2103 Analytical Models in Business,"This module covers analytical models in business, part of the Business Analytics programme at National University of Singapore (NUS). Students explore core theoretical and applied aspects, building competencies for professional practice.","Core analytical models in business concepts, theoretical framework application, analytical problem-solving, academic research skills, practical analytical models in business implementation",https://nusmods.com/modules/BT2103,Undergraduate,4 Credits / 1 Semester,GCE A-Level or Polytechnic Diploma. IELTS 6.0–6.5+.
National University of Singapore (NUS),Business Analytics,BT3102 Machine Learning for Business,"Covers supervised learning, unsupervised learning, model evaluation, regularisation, and neural network fundamentals for predictive modelling.","Supervised model training, cross-validation, feature engineering, clustering algorithms, neural network design",https://nusmods.com/modules/BT3102,Undergraduate,4 Credits / 1 Semester,GCE A-Level or Polytechnic Diploma. IELTS 6.0–6.5+.
National University of Singapore (NUS),Business Analytics,BT3103 Application Systems Development,"This module covers application systems development, part of the Business Analytics programme at National University of Singapore (NUS). Students explore core theoretical and applied aspects, building competencies for professional practice.","Core application systems development concepts, theoretical framework application, analytical problem-solving, academic research skills, practical application systems development implementation",https://nusmods.com/modules/BT3103,Undergraduate,4 Credits / 1 Semester,GCE A-Level or Polytechnic Diploma. IELTS 6.0–6.5+.
National University of Singapore (NUS),Business Analytics,BT4015 Geospatial Analytics,"This module covers geospatial analytics, part of the Business Analytics programme at National University of Singapore (NUS). Students explore core theoretical and applied aspects, building competencies for professional practice.","Core geospatial analytics concepts, theoretical framework application, analytical problem-solving, academic research skills, practical geospatial analytics implementation",https://nusmods.com/modules/BT4015,Undergraduate,4 Credits / 1 Semester,GCE A-Level or Polytechnic Diploma. IELTS 6.0–6.5+.
National University of Singapore (NUS),Business Analytics,BT4016 Fraud Analytics,"This module covers fraud analytics, part of the Business Analytics programme at National University of Singapore (NUS). Students explore core theoretical and applied aspects, building competencies for professional practice.","Core fraud analytics concepts, theoretical framework application, analytical problem-solving, academic research skills, practical fraud analytics implementation",https://nusmods.com/modules/BT4016,Undergraduate,4 Credits / 1 Semester,GCE A-Level or Polytechnic Diploma. IELTS 6.0–6.5+.
National University of Singapore (NUS),Business Analytics,BT4211 Data-Driven Marketing,"Explores market segmentation, consumer behaviour, product development, pricing strategy, and digital marketing channels.","Market segmentation, consumer analysis, brand positioning, marketing mix optimisation, digital strategy",https://nusmods.com/modules/BT4211,Undergraduate,4 Credits / 1 Semester,GCE A-Level or Polytechnic Diploma. IELTS 6.0–6.5+.
National University of Singapore (NUS),Business Analytics,BT4221 Big Data Techniques,"Covers Hadoop, Apache Spark, real-time stream processing, and NoSQL storage for large-scale data pipelines.","Spark DataFrame programming, HDFS management, Kafka streaming, NoSQL querying, ETL pipeline design",https://nusmods.com/modules/BT4221,Undergraduate,4 Credits / 1 Semester,GCE A-Level or Polytechnic Diploma. IELTS 6.0–6.5+.
National University of Singapore (NUS),Business Analytics,BT4222 Mining Web Data,"Covers full-stack web development including front-end frameworks, RESTful APIs, authentication, and database integration.","HTML/CSS/JavaScript, REST API design, React or Vue.js, backend frameworks, database integration",https://nusmods.com/modules/BT4222,Undergraduate,4 Credits / 1 Semester,GCE A-Level or Polytechnic Diploma. IELTS 6.0–6.5+.
National University of Singapore (NUS),Business Analytics,BT4240 Machine Learning for Finance,"Covers supervised learning, unsupervised learning, model evaluation, regularisation, and neural network fundamentals for predictive modelling.","Supervised model training, cross-validation, feature engineering, clustering algorithms, neural network design",https://nusmods.com/modules/BT4240,Undergraduate,4 Credits / 1 Semester,GCE A-Level or Polytechnic Diploma. IELTS 6.0–6.5+.
National University of Singapore (NUS),Information Systems,IS1108 Digital Ethics and Data Privacy,"This module covers digital ethics and data privacy, part of the Information Systems programme at National University of Singapore (NUS). Students explore core theoretical and applied aspects, building competencies for professional practice.","Core digital ethics and data privacy concepts, theoretical framework application, analytical problem-solving, academic research skills, practical digital ethics and data privacy implementation",https://nusmods.com/modules/IS1108,Undergraduate,4 Credits / 1 Semester,GCE A-Level or Polytechnic Diploma. IELTS 6.0–6.5+.
National University of Singapore (NUS),Information Systems,IS2101 Business and Technical Communication,"This module covers business and technical communication, part of the Information Systems programme at National University of Singapore (NUS). Students explore core theoretical and applied aspects, building competencies for professional practice.","Core business and technical communication concepts, theoretical framework application, analytical problem-solving, academic research skills, practical business and technical communication implementation",https://nusmods.com/modules/IS2101,Undergraduate,2 Credits / 1 Semester,GCE A-Level or Polytechnic Diploma. IELTS 6.0–6.5+.
National University of Singapore (NUS),Information Systems,IS2102 Software Engineering,"Covers the full SDLC from requirements through design, implementation, testing, and maintenance, emphasising agile methods.","Requirements documentation, UML modelling, agile sprint planning, integration testing, Git version control",https://nusmods.com/modules/IS2102,Undergraduate,4 Credits / 1 Semester,GCE A-Level or Polytechnic Diploma. IELTS 6.0–6.5+.
National University of Singapore (NUS),Information Systems,IS2103 Enterprise Systems Development,"This module covers enterprise systems development, part of the Information Systems programme at National University of Singapore (NUS). Students explore core theoretical and applied aspects, building competencies for professional practice.","Core enterprise systems development concepts, theoretical framework application, analytical problem-solving, academic research skills, practical enterprise systems development implementation",https://nusmods.com/modules/IS2103,Undergraduate,4 Credits / 1 Semester,GCE A-Level or Polytechnic Diploma. IELTS 6.0–6.5+.
National University of Singapore (NUS),Information Systems,IS3106 Enterprise Systems Interface Design and Administration,"This module covers enterprise systems interface design and administration, part of the Information Systems programme at National University of Singapore (NUS). Students explore core theoretical and applied aspects, building competencies for professional practice.","Core enterprise systems interface design and administration concepts, theoretical framework application, analytical problem-solving, academic research skills, practical enterprise systems interface design and administration implementation",https://nusmods.com/modules/IS3106,Undergraduate,4 Credits / 1 Semester,GCE A-Level or Polytechnic Diploma. IELTS 6.0–6.5+.
National University of Singapore (NUS),Information Systems,IS4241 Social Media Network Analysis,"This module covers social media network analysis, part of the Information Systems programme at National University of Singapore (NUS). Students explore core theoretical and applied aspects, building competencies for professional practice.","Core social media network analysis concepts, theoretical framework application, analytical problem-solving, academic research skills, practical social media network analysis implementation",https://nusmods.com/modules/IS4241,Undergraduate,4 Credits / 1 Semester,GCE A-Level or Polytechnic Diploma. IELTS 6.0–6.5+.
National University of Singapore (NUS),Information Systems,IS4250 Healthcare Informatics,"This module covers healthcare informatics, part of the Information Systems programme at National University of Singapore (NUS). Students explore core theoretical and applied aspects, building competencies for professional practice.","Core healthcare informatics concepts, theoretical framework application, analytical problem-solving, academic research skills, practical healthcare informatics implementation",https://nusmods.com/modules/IS4250,Undergraduate,4 Credits / 1 Semester,GCE A-Level or Polytechnic Diploma. IELTS 6.0–6.5+.
National University of Singapore (NUS),Information Systems,IS4261 Data Analytics and Business Value,"This module covers data analytics and business value, part of the Information Systems programme at National University of Singapore (NUS). Students explore core theoretical and applied aspects, building competencies for professional practice.","Core data analytics and business value concepts, theoretical framework application, analytical problem-solving, academic research skills, practical data analytics and business value implementation",https://nusmods.com/modules/IS4261,Undergraduate,4 Credits / 1 Semester,GCE A-Level or Polytechnic Diploma. IELTS 6.0–6.5+.
National University of Singapore (NUS),Information Systems,IS3150 Cybersecurity Management,"Covers cryptography, authentication, network security, secure coding, and ethical hacking fundamentals.","Cryptographic protocols, penetration testing, vulnerability scanning, secure coding practices, incident response",https://nusmods.com/modules/IS3150,Undergraduate,4 Credits / 1 Semester,GCE A-Level or Polytechnic Diploma. IELTS 6.0–6.5+.
National University of Singapore (NUS),Information Systems,IS4151 Principles of Digital Forensics,"This module covers principles of digital forensics, part of the Information Systems programme at National University of Singapore (NUS). Students explore core theoretical and applied aspects, building competencies for professional practice.","Core principles of digital forensics concepts, theoretical framework application, analytical problem-solving, academic research skills, practical principles of digital forensics implementation",https://nusmods.com/modules/IS4151,Undergraduate,4 Credits / 1 Semester,GCE A-Level or Polytechnic Diploma. IELTS 6.0–6.5+.
National University of Singapore (NUS),Computer Engineering,EE2026 Digital Design,"This module covers digital design, part of the Computer Engineering programme at National University of Singapore (NUS). Students explore core theoretical and applied aspects, building competencies for professional practice.","Core digital design concepts, theoretical framework application, analytical problem-solving, academic research skills, practical digital design implementation",https://nusmods.com/modules/EE2026,Undergraduate,4 Credits / 1 Semester,A-Level: H2 Mathematics + H2 Physics. Polytechnic EE Diploma.
National University of Singapore (NUS),Computer Engineering,EE2211 Introduction to Machine Learning,"Covers supervised learning, unsupervised learning, model evaluation, regularisation, and neural network fundamentals for predictive modelling.","Supervised model training, cross-validation, feature engineering, clustering algorithms, neural network design",https://nusmods.com/modules/EE2211,Undergraduate,4 Credits / 1 Semester,A-Level: H2 Mathematics + H2 Physics. Polytechnic EE Diploma.
National University of Singapore (NUS),Computer Engineering,CG2028 Computer Organisation and Architecture,"This module covers computer organisation and architecture, part of the Computer Engineering programme at National University of Singapore (NUS). Students explore core theoretical and applied aspects, building competencies for professional practice.","Core computer organisation and architecture concepts, theoretical framework application, analytical problem-solving, academic research skills, practical computer organisation and architecture implementation",https://nusmods.com/modules/CG2028,Undergraduate,2 Credits / 1 Semester,A-Level: H2 Mathematics + H2 Physics. Polytechnic EE Diploma.
National University of Singapore (NUS),Computer Engineering,CG2111A Engineering Principles and Practice I,"This module covers engineering principles and practice i, part of the Computer Engineering programme at National University of Singapore (NUS). Students explore core theoretical and applied aspects, building competencies for professional practice.","Core engineering principles and practice i concepts, theoretical framework application, analytical problem-solving, academic research skills, practical engineering principles and practice i implementation",https://nusmods.com/modules/CG2111A,Undergraduate,4 Credits / 1 Semester,A-Level: H2 Mathematics + H2 Physics. Polytechnic EE Diploma.
National University of Singapore (NUS),Computer Engineering,EE3331C Feedback Control Systems,"Studies feedback control systems, PID controllers, stability analysis, and state-space methods.","PID controller tuning, stability analysis, Bode plot interpretation, state-space modelling, digital control design",https://nusmods.com/modules/EE3331C,Undergraduate,4 Credits / 1 Semester,A-Level: H2 Mathematics + H2 Physics. Polytechnic EE Diploma.
National University of Singapore (NUS),Computer Engineering,CG4002 Computer Engineering Capstone,"This module covers computer engineering capstone, part of the Computer Engineering programme at National University of Singapore (NUS). Students explore core theoretical and applied aspects, building competencies for professional practice.","Core computer engineering capstone concepts, theoretical framework application, analytical problem-solving, academic research skills, practical computer engineering capstone implementation",https://nusmods.com/modules/CG4002,Undergraduate,8 Credits / 1 Semester,A-Level: H2 Mathematics + H2 Physics. Polytechnic EE Diploma.
National University of Singapore (NUS),Data Science and Analytics,DSA1101 Introduction to Data Science,"This module covers introduction to data science, part of the Data Science and Analytics programme at National University of Singapore (NUS). Students explore core theoretical and applied aspects, building competencies for professional practice.","Core introduction to data science concepts, theoretical framework application, analytical problem-solving, academic research skills, practical introduction to data science implementation",https://nusmods.com/modules/DSA1101,Undergraduate,4 Credits / 1 Semester,A-Level: H2 Mathematics. Strong analytical background. IELTS 6.0+.
National University of Singapore (NUS),Data Science and Analytics,ST2131 Probability,"Covers random variables, distributions, Bayes theorem, expectation, and limit theorems with engineering applications.","Probability modelling, Bayesian inference, Monte Carlo simulation, hypothesis testing, stochastic analysis",https://nusmods.com/modules/ST2131,Undergraduate,4 Credits / 1 Semester,A-Level: H2 Mathematics. Strong analytical background. IELTS 6.0+.
National University of Singapore (NUS),Data Science and Analytics,ST2132 Mathematical Statistics,"This module covers mathematical statistics, part of the Data Science and Analytics programme at National University of Singapore (NUS). Students explore core theoretical and applied aspects, building competencies for professional practice.","Core mathematical statistics concepts, theoretical framework application, analytical problem-solving, academic research skills, practical mathematical statistics implementation",https://nusmods.com/modules/ST2132,Undergraduate,4 Credits / 1 Semester,A-Level: H2 Mathematics. Strong analytical background. IELTS 6.0+.
National University of Singapore (NUS),Data Science and Analytics,DSA3101 Data Science in Practice,"This module covers data science in practice, part of the Data Science and Analytics programme at National University of Singapore (NUS). Students explore core theoretical and applied aspects, building competencies for professional practice.","Core data science in practice concepts, theoretical framework application, analytical problem-solving, academic research skills, practical data science in practice implementation",https://nusmods.com/modules/DSA3101,Undergraduate,4 Credits / 1 Semester,A-Level: H2 Mathematics. Strong analytical background. IELTS 6.0+.
National University of Singapore (NUS),Data Science and Analytics,ST3248 Statistical Machine Learning,"Covers supervised learning, unsupervised learning, model evaluation, regularisation, and neural network fundamentals for predictive modelling.","Supervised model training, cross-validation, feature engineering, clustering algorithms, neural network design",https://nusmods.com/modules/ST3248,Undergraduate,4 Credits / 1 Semester,A-Level: H2 Mathematics. Strong analytical background. IELTS 6.0+.
National University of Singapore (NUS),Data Science and Analytics,CS4211 Formal Methods for Software Engineering,"Covers the full SDLC from requirements through design, implementation, testing, and maintenance, emphasising agile methods.","Requirements documentation, UML modelling, agile sprint planning, integration testing, Git version control",https://nusmods.com/modules/CS4211,Undergraduate,4 Credits / 1 Semester,A-Level: H2 Mathematics. Strong analytical background. IELTS 6.0+.
National University of Singapore (NUS),Data Science and Analytics,DSA4212 Optimisation for Large Scale Data Analysis,"This module covers optimisation for large scale data analysis, part of the Data Science and Analytics programme at National University of Singapore (NUS). Students explore core theoretical and applied aspects, building competencies for professional practice.","Core optimisation for large scale data analysis concepts, theoretical framework application, analytical problem-solving, academic research skills, practical optimisation for large scale data analysis implementation",https://nusmods.com/modules/DSA4212,Undergraduate,4 Credits / 1 Semester,A-Level: H2 Mathematics. Strong analytical background. IELTS 6.0+.
National University of Singapore (NUS),Data Science and Analytics,DSA4213 Big Data Systems,"Covers Hadoop, Apache Spark, real-time stream processing, and NoSQL storage for large-scale data pipelines.","Spark DataFrame programming, HDFS management, Kafka streaming, NoSQL querying, ETL pipeline design",https://nusmods.com/modules/DSA4213,Undergraduate,4 Credits / 1 Semester,A-Level: H2 Mathematics. Strong analytical background. IELTS 6.0+.
National University of Singapore (NUS),Data Science and Analytics,DSA4266 Sense-making Case Analysis,"This module covers sense-making case analysis, part of the Data Science and Analytics programme at National University of Singapore (NUS). Students explore core theoretical and applied aspects, building competencies for professional practice.","Core sense-making case analysis concepts, theoretical framework application, analytical problem-solving, academic research skills, practical sense-making case analysis implementation",https://nusmods.com/modules/DSA4266,Undergraduate,4 Credits / 1 Semester,A-Level: H2 Mathematics. Strong analytical background. IELTS 6.0+.
Nanyang Technological University (NTU),Computer Science,SC1003 Introduction to Computational Thinking and Programming,"This module covers introduction to computational thinking and programming, part of the Computer Science programme at Nanyang Technological University (NTU). Students explore core theoretical and applied aspects, building competencies for professional practice.","Core introduction to computational thinking and programming concepts, theoretical framework application, analytical problem-solving, academic research skills, practical introduction to computational thinking and programming implementation",https://www.ntu.edu.sg/,Undergraduate,3 Credits / 1 Semester,A-Level: H2 Mathematics. Polytechnic Diploma GPA ≥ 3.5. IELTS 6.0+.
Nanyang Technological University (NTU),Computer Science,MH1812 Discrete Mathematics,"Introduces logic, set theory, combinatorics, graph theory, and proof techniques essential for computer science.","Formal proof writing, graph theory application, combinatorial counting, Boolean logic, mathematical induction",https://www.ntu.edu.sg/,Undergraduate,3 Credits / 1 Semester,A-Level: H2 Mathematics. Polytechnic Diploma GPA ≥ 3.5. IELTS 6.0+.
Nanyang Technological University (NTU),Computer Science,MH2500 Probability and Introduction to Statistics,"Covers random variables, distributions, Bayes theorem, expectation, and limit theorems with engineering applications.","Probability modelling, Bayesian inference, Monte Carlo simulation, hypothesis testing, stochastic analysis",https://www.ntu.edu.sg/,Undergraduate,3 Credits / 1 Semester,A-Level: H2 Mathematics. Polytechnic Diploma GPA ≥ 3.5. IELTS 6.0+.
Nanyang Technological University (NTU),Computer Science,SC2001 Algorithm Design and Analysis,"Introduces algorithm design paradigms including divide and conquer, dynamic programming, greedy methods, and backtracking. Students prove correctness and analyse Big-O complexity.","Algorithm complexity analysis, divide and conquer design, dynamic programming, greedy implementation, correctness proof writing",https://www.ntu.edu.sg/,Undergraduate,3 Credits / 1 Semester,A-Level: H2 Mathematics. Polytechnic Diploma GPA ≥ 3.5. IELTS 6.0+.
Nanyang Technological University (NTU),Computer Science,SC2005 Operating Systems,"Analyses process scheduling, memory management, file systems, and I/O handling with practical implementation labs.","Process scheduling, memory allocation, file system design, deadlock detection, system call programming",https://www.ntu.edu.sg/,Undergraduate,3 Credits / 1 Semester,A-Level: H2 Mathematics. Polytechnic Diploma GPA ≥ 3.5. IELTS 6.0+.
Nanyang Technological University (NTU),Computer Science,SC2006 Software Engineering,"Covers the full SDLC from requirements through design, implementation, testing, and maintenance, emphasising agile methods.","Requirements documentation, UML modelling, agile sprint planning, integration testing, Git version control",https://www.ntu.edu.sg/,Undergraduate,3 Credits / 1 Semester,A-Level: H2 Mathematics. Polytechnic Diploma GPA ≥ 3.5. IELTS 6.0+.
Nanyang Technological University (NTU),Computer Science,SC2207 Introduction to Databases,"Examines relational database design, SQL querying, normalisation theory, transaction management, and indexing strategies.","SQL query writing, ER diagram design, normalisation, transaction management, index optimisation",https://www.ntu.edu.sg/,Undergraduate,3 Credits / 1 Semester,A-Level: H2 Mathematics. Polytechnic Diploma GPA ≥ 3.5. IELTS 6.0+.
Nanyang Technological University (NTU),Computer Science,SC3000 Artificial Intelligence,"Explores search algorithms, knowledge representation, planning, and reasoning under uncertainty.","Heuristic search, Bayesian reasoning, propositional logic, constraint satisfaction, decision tree construction",https://www.ntu.edu.sg/,Undergraduate,3 Credits / 1 Semester,A-Level: H2 Mathematics. Polytechnic Diploma GPA ≥ 3.5. IELTS 6.0+.
Nanyang Technological University (NTU),Computer Science,CE4074 Deep Learning,"Covers CNNs, RNNs, attention mechanisms, and transformers applied to computer vision and NLP tasks using modern frameworks.","CNN design, RNN sequence modelling, transformer fine-tuning, PyTorch/TensorFlow, transfer learning",https://www.ntu.edu.sg/,Undergraduate,3 Credits / 1 Semester,A-Level: H2 Mathematics. Polytechnic Diploma GPA ≥ 3.5. IELTS 6.0+.
Nanyang Technological University (NTU),Computer Science,SC3020 Database System Principles,"Examines relational database design, SQL querying, normalisation theory, transaction management, and indexing strategies.","SQL query writing, ER diagram design, normalisation, transaction management, index optimisation",https://www.ntu.edu.sg/,Undergraduate,3 Credits / 1 Semester,A-Level: H2 Mathematics. Polytechnic Diploma GPA ≥ 3.5. IELTS 6.0+.
Nanyang Technological University (NTU),Computer Science,SC4001 Code Security,"This module covers code security, part of the Computer Science programme at Nanyang Technological University (NTU). Students explore core theoretical and applied aspects, building competencies for professional practice.","Core code security concepts, theoretical framework application, analytical problem-solving, academic research skills, practical code security implementation",https://www.ntu.edu.sg/,Undergraduate,3 Credits / 1 Semester,A-Level: H2 Mathematics. Polytechnic Diploma GPA ≥ 3.5. IELTS 6.0+.
Nanyang Technological University (NTU),Computer Science,CE3003 Digital Image Processing,"This module covers digital image processing, part of the Computer Science programme at Nanyang Technological University (NTU). Students explore core theoretical and applied aspects, building competencies for professional practice.","Core digital image processing concepts, theoretical framework application, analytical problem-solving, academic research skills, practical digital image processing implementation",https://www.ntu.edu.sg/,Undergraduate,3 Credits / 1 Semester,A-Level: H2 Mathematics. Polytechnic Diploma GPA ≥ 3.5. IELTS 6.0+.
Nanyang Technological University (NTU),Computer Science,SC4010 Apply Cryptography,"This module covers apply cryptography, part of the Computer Science programme at Nanyang Technological University (NTU). Students explore core theoretical and applied aspects, building competencies for professional practice.","Core apply cryptography concepts, theoretical framework application, analytical problem-solving, academic research skills, practical apply cryptography implementation",https://www.ntu.edu.sg/,Undergraduate,3 Credits / 1 Semester,A-Level: H2 Mathematics. Polytechnic Diploma GPA ≥ 3.5. IELTS 6.0+.
Nanyang Technological University (NTU),Computer Science,SC4043 Natural Language Processing,"Covers tokenisation, language models, sentiment analysis, NER, and transformer-based models such as BERT.","Text preprocessing, language model evaluation, sentiment classification, NER extraction, BERT fine-tuning",https://www.ntu.edu.sg/,Undergraduate,3 Credits / 1 Semester,A-Level: H2 Mathematics. Polytechnic Diploma GPA ≥ 3.5. IELTS 6.0+.
Nanyang Technological University (NTU),Computer Science,CE3002 Computer Networks,"Studies OSI and TCP/IP network architectures, routing, switching, HTTP, DNS, and network security protocols.","TCP/IP configuration, routing protocol analysis, socket programming, network security evaluation, Wireshark analysis",https://www.ntu.edu.sg/,Undergraduate,3 Credits / 1 Semester,A-Level: H2 Mathematics. Polytechnic Diploma GPA ≥ 3.5. IELTS 6.0+.
Nanyang Technological University (NTU),Computer Science,CZ4052 Cloud Computing,"Examines IaaS/PaaS/SaaS models with AWS/Azure/GCP hands-on, containerisation, and serverless computing.","Cloud provisioning, Docker containerisation, Kubernetes orchestration, serverless functions, cost optimisation",https://www.ntu.edu.sg/,Undergraduate,3 Credits / 1 Semester,A-Level: H2 Mathematics. Polytechnic Diploma GPA ≥ 3.5. IELTS 6.0+.
Nanyang Technological University (NTU),Computer Science,CZ3007 Compiler Techniques,"This module covers compiler techniques, part of the Computer Science programme at Nanyang Technological University (NTU). Students explore core theoretical and applied aspects, building competencies for professional practice.","Core compiler techniques concepts, theoretical framework application, analytical problem-solving, academic research skills, practical compiler techniques implementation",https://www.ntu.edu.sg/,Undergraduate,3 Credits / 1 Semester,A-Level: H2 Mathematics. Polytechnic Diploma GPA ≥ 3.5. IELTS 6.0+.
Nanyang Technological University (NTU),Data Science and Artificial Intelligence,MH3510 Regression Analysis,"This module covers regression analysis, part of the Data Science and Artificial Intelligence programme at Nanyang Technological University (NTU). Students explore core theoretical and applied aspects, building competencies for professional practice.","Core regression analysis concepts, theoretical framework application, analytical problem-solving, academic research skills, practical regression analysis implementation",https://www.ntu.edu.sg/,Undergraduate,3 Credits / 1 Semester,A-Level: H2 Mathematics. Strong analytical background. IELTS 6.0+.
Nanyang Technological University (NTU),Data Science and Artificial Intelligence,CE4042 Natural Language Processing,"Covers tokenisation, language models, sentiment analysis, NER, and transformer-based models such as BERT.","Text preprocessing, language model evaluation, sentiment classification, NER extraction, BERT fine-tuning",https://www.ntu.edu.sg/,Undergraduate,3 Credits / 1 Semester,A-Level: H2 Mathematics. Strong analytical background. IELTS 6.0+.
Nanyang Technological University (NTU),Data Science and Artificial Intelligence,CE4048 Computational Intelligence,"This module covers computational intelligence, part of the Data Science and Artificial Intelligence programme at Nanyang Technological University (NTU). Students explore core theoretical and applied aspects, building competencies for professional practice.","Core computational intelligence concepts, theoretical framework application, analytical problem-solving, academic research skills, practical computational intelligence implementation",https://www.ntu.edu.sg/,Undergraduate,3 Credits / 1 Semester,A-Level: H2 Mathematics. Strong analytical background. IELTS 6.0+.
Nanyang Technological University (NTU),Data Science and Artificial Intelligence,CE4068 Practical Data Science,"This module covers practical data science, part of the Data Science and Artificial Intelligence programme at Nanyang Technological University (NTU). Students explore core theoretical and applied aspects, building competencies for professional practice.","Core practical data science concepts, theoretical framework application, analytical problem-solving, academic research skills, practical practical data science implementation",https://www.ntu.edu.sg/,Undergraduate,3 Credits / 1 Semester,A-Level: H2 Mathematics. Strong analytical background. IELTS 6.0+.
Nanyang Technological University (NTU),Data Science and Artificial Intelligence,CB4021 Bioinformatics Algorithms,"Introduces algorithm design paradigms including divide and conquer, dynamic programming, greedy methods, and backtracking. Students prove correctness and analyse Big-O complexity.","Algorithm complexity analysis, divide and conquer design, dynamic programming, greedy implementation, correctness proof writing",https://www.ntu.edu.sg/,Undergraduate,3 Credits / 1 Semester,A-Level: H2 Mathematics. Strong analytical background. IELTS 6.0+.
Nanyang Technological University (NTU),Data Science and Artificial Intelligence,CZ4078 Machine Reasoning,"This module covers machine reasoning, part of the Data Science and Artificial Intelligence programme at Nanyang Technological University (NTU). Students explore core theoretical and applied aspects, building competencies for professional practice.","Core machine reasoning concepts, theoretical framework application, analytical problem-solving, academic research skills, practical machine reasoning implementation",https://www.ntu.edu.sg/,Undergraduate,3 Credits / 1 Semester,A-Level: H2 Mathematics. Strong analytical background. IELTS 6.0+.
Nanyang Technological University (NTU),Data Science and Artificial Intelligence,CZ4041 Machine Learning,"Covers supervised learning, unsupervised learning, model evaluation, regularisation, and neural network fundamentals for predictive modelling.","Supervised model training, cross-validation, feature engineering, clustering algorithms, neural network design",https://www.ntu.edu.sg/,Undergraduate,3 Credits / 1 Semester,A-Level: H2 Mathematics. Strong analytical background. IELTS 6.0+.
Nanyang Technological University (NTU),Computer Engineering,CZ1007 Data Structures,"Covers fundamental data organisation techniques including arrays, linked lists, stacks, queues, trees, heaps, and hash tables. Students analyse time and space complexity and apply structures to solve real computational problems.","Array manipulation, linked list operations, binary tree traversal, hash table design, stack and queue implementation",https://www.ntu.edu.sg/,Undergraduate,3 Credits / 1 Semester,A-Level: H2 Mathematics + H2 Physics. Polytechnic EE Diploma.
Nanyang Technological University (NTU),Computer Engineering,CZ1115 Introduction to Data Science and AI,"This module covers introduction to data science and ai, part of the Computer Engineering programme at Nanyang Technological University (NTU). Students explore core theoretical and applied aspects, building competencies for professional practice.","Core introduction to data science and ai concepts, theoretical framework application, analytical problem-solving, academic research skills, practical introduction to data science and ai implementation",https://www.ntu.edu.sg/,Undergraduate,3 Credits / 1 Semester,A-Level: H2 Mathematics + H2 Physics. Polytechnic EE Diploma.
Nanyang Technological University (NTU),Computer Engineering,EE8084 Emerging Technologies,"This module covers emerging technologies, part of the Computer Engineering programme at Nanyang Technological University (NTU). Students explore core theoretical and applied aspects, building competencies for professional practice.","Core emerging technologies concepts, theoretical framework application, analytical problem-solving, academic research skills, practical emerging technologies implementation",https://www.ntu.edu.sg/,Undergraduate,3 Credits / 1 Semester,A-Level: H2 Mathematics + H2 Physics. Polytechnic EE Diploma.
Nanyang Technological University (NTU),Computer Engineering,CE2001 Algorithms,"Introduces algorithm design paradigms including divide and conquer, dynamic programming, greedy methods, and backtracking. Students prove correctness and analyse Big-O complexity.","Algorithm complexity analysis, divide and conquer design, dynamic programming, greedy implementation, correctness proof writing",https://www.ntu.edu.sg/,Undergraduate,3 Credits / 1 Semester,A-Level: H2 Mathematics + H2 Physics. Polytechnic EE Diploma.
Nanyang Technological University (NTU),Computer Engineering,CE2004 Probability and Statistics for Computing,"Covers random variables, distributions, Bayes theorem, expectation, and limit theorems with engineering applications.","Probability modelling, Bayesian inference, Monte Carlo simulation, hypothesis testing, stochastic analysis",https://www.ntu.edu.sg/,Undergraduate,3 Credits / 1 Semester,A-Level: H2 Mathematics + H2 Physics. Polytechnic EE Diploma.
Nanyang Technological University (NTU),Computer Engineering,CE2006 Software Engineering,"Covers the full SDLC from requirements through design, implementation, testing, and maintenance, emphasising agile methods.","Requirements documentation, UML modelling, agile sprint planning, integration testing, Git version control",https://www.ntu.edu.sg/,Undergraduate,3 Credits / 1 Semester,A-Level: H2 Mathematics + H2 Physics. Polytechnic EE Diploma.
Nanyang Technological University (NTU),Computer Engineering,CE2007 Microprocessors and Interfacing,"This module covers microprocessors and interfacing, part of the Computer Engineering programme at Nanyang Technological University (NTU). Students explore core theoretical and applied aspects, building competencies for professional practice.","Core microprocessors and interfacing concepts, theoretical framework application, analytical problem-solving, academic research skills, practical microprocessors and interfacing implementation",https://www.ntu.edu.sg/,Undergraduate,3 Credits / 1 Semester,A-Level: H2 Mathematics + H2 Physics. Polytechnic EE Diploma.
Nanyang Technological University (NTU),Computer Engineering,CE3005 Computer Networks,"Studies OSI and TCP/IP network architectures, routing, switching, HTTP, DNS, and network security protocols.","TCP/IP configuration, routing protocol analysis, socket programming, network security evaluation, Wireshark analysis",https://www.ntu.edu.sg/,Undergraduate,3 Credits / 1 Semester,A-Level: H2 Mathematics + H2 Physics. Polytechnic EE Diploma.
Nanyang Technological University (NTU),Computer Engineering,CE3007 Computer Architecture,"This module covers computer architecture, part of the Computer Engineering programme at Nanyang Technological University (NTU). Students explore core theoretical and applied aspects, building competencies for professional practice.","Core computer architecture concepts, theoretical framework application, analytical problem-solving, academic research skills, practical computer architecture implementation",https://www.ntu.edu.sg/,Undergraduate,3 Credits / 1 Semester,A-Level: H2 Mathematics + H2 Physics. Polytechnic EE Diploma.
Nanyang Technological University (NTU),Computer Engineering,CE3109 Embedded Software and Systems,"Covers microcontroller architecture, bare-metal and RTOS programming, hardware interfaces, and low-power design.","C programming for microcontrollers, interrupt handling, SPI/I2C interfaces, real-time task scheduling, power optimisation",https://www.ntu.edu.sg/,Undergraduate,3 Credits / 1 Semester,A-Level: H2 Mathematics + H2 Physics. Polytechnic EE Diploma.
Nanyang Technological University (NTU),Computer Engineering,CE4010 Designing for the Internet of Things,"Introduces microcontroller programming, RTOS, sensor integration, and IoT system design with cloud connectivity.","Microcontroller programming, RTOS configuration, sensor integration, MQTT communication, IoT cloud platforms",https://www.ntu.edu.sg/,Undergraduate,3 Credits / 1 Semester,A-Level: H2 Mathematics + H2 Physics. Polytechnic EE Diploma.
Nanyang Technological University (NTU),Computer Engineering,CZ4031 Database System Principles,"Examines relational database design, SQL querying, normalisation theory, transaction management, and indexing strategies.","SQL query writing, ER diagram design, normalisation, transaction management, index optimisation",https://www.ntu.edu.sg/,Undergraduate,3 Credits / 1 Semester,A-Level: H2 Mathematics + H2 Physics. Polytechnic EE Diploma.
Nanyang Technological University (NTU),Computer Engineering,CE4052 Cloud Computing,"Examines IaaS/PaaS/SaaS models with AWS/Azure/GCP hands-on, containerisation, and serverless computing.","Cloud provisioning, Docker containerisation, Kubernetes orchestration, serverless functions, cost optimisation",https://www.ntu.edu.sg/,Undergraduate,3 Credits / 1 Semester,A-Level: H2 Mathematics + H2 Physics. Polytechnic EE Diploma.
Nanyang Technological University (NTU),Business,AB1201 Financial Management,"Covers planning, organising, leading, and controlling including strategy, change management, and organisational behaviour.","Strategic planning, team leadership, change management, performance measurement, stakeholder analysis",https://www.ntu.edu.sg/,Undergraduate,3 Credits / 1 Semester,GCE A-Level or Polytechnic Diploma. IELTS 6.0–6.5+.
Nanyang Technological University (NTU),Business,AB1202 Statistics and Analysis,"This module covers statistics and analysis, part of the Business programme at Nanyang Technological University (NTU). Students explore core theoretical and applied aspects, building competencies for professional practice.","Core statistics and analysis concepts, theoretical framework application, analytical problem-solving, academic research skills, practical statistics and analysis implementation",https://www.ntu.edu.sg/,Undergraduate,3 Credits / 1 Semester,GCE A-Level or Polytechnic Diploma. IELTS 6.0–6.5+.
Nanyang Technological University (NTU),Business,AB1401 Business Strategy,"This module covers business strategy, part of the Business programme at Nanyang Technological University (NTU). Students explore core theoretical and applied aspects, building competencies for professional practice.","Core business strategy concepts, theoretical framework application, analytical problem-solving, academic research skills, practical business strategy implementation",https://www.ntu.edu.sg/,Undergraduate,3 Credits / 1 Semester,GCE A-Level or Polytechnic Diploma. IELTS 6.0–6.5+.
Nanyang Technological University (NTU),Business,AB2201 Foundations of Marketing,"Explores market segmentation, consumer behaviour, product development, pricing strategy, and digital marketing channels.","Market segmentation, consumer analysis, brand positioning, marketing mix optimisation, digital strategy",https://www.ntu.edu.sg/,Undergraduate,3 Credits / 1 Semester,GCE A-Level or Polytechnic Diploma. IELTS 6.0–6.5+.
Nanyang Technological University (NTU),Business,AB2301 Financial Accounting,"Introduces financial and managerial accounting including double-entry bookkeeping, financial statement preparation, and cost accounting.","Double-entry bookkeeping, balance sheet preparation, income statement analysis, CVP analysis, ratio interpretation",https://www.ntu.edu.sg/,Undergraduate,3 Credits / 1 Semester,GCE A-Level or Polytechnic Diploma. IELTS 6.0–6.5+.
Nanyang Technological University (NTU),Business,AB2401 Organisational Behaviour,"This module covers organisational behaviour, part of the Business programme at Nanyang Technological University (NTU). Students explore core theoretical and applied aspects, building competencies for professional practice.","Core organisational behaviour concepts, theoretical framework application, analytical problem-solving, academic research skills, practical organisational behaviour implementation",https://www.ntu.edu.sg/,Undergraduate,3 Credits / 1 Semester,GCE A-Level or Polytechnic Diploma. IELTS 6.0–6.5+.
Nanyang Technological University (NTU),Business,AB2501 Operations Management,"Covers planning, organising, leading, and controlling including strategy, change management, and organisational behaviour.","Strategic planning, team leadership, change management, performance measurement, stakeholder analysis",https://www.ntu.edu.sg/,Undergraduate,3 Credits / 1 Semester,GCE A-Level or Polytechnic Diploma. IELTS 6.0–6.5+.
Nanyang Technological University (NTU),Business,AB3301 Corporate Finance,"This module covers corporate finance, part of the Business programme at Nanyang Technological University (NTU). Students explore core theoretical and applied aspects, building competencies for professional practice.","Core corporate finance concepts, theoretical framework application, analytical problem-solving, academic research skills, practical corporate finance implementation",https://www.ntu.edu.sg/,Undergraduate,3 Credits / 1 Semester,GCE A-Level or Polytechnic Diploma. IELTS 6.0–6.5+.
Nanyang Technological University (NTU),Business,AB3401 Human Resource Management,"Covers recruitment, performance management, training, compensation, and employment law.","Recruitment design, performance appraisal, training needs analysis, compensation benchmarking, HR policy formulation",https://www.ntu.edu.sg/,Undergraduate,3 Credits / 1 Semester,GCE A-Level or Polytechnic Diploma. IELTS 6.0–6.5+.
Nanyang Technological University (NTU),Business,AB4301 Investment Analysis,"Examines equities, bonds, derivatives, portfolio construction, and performance evaluation.","Security valuation, portfolio construction, derivative pricing, performance attribution, factor model application",https://www.ntu.edu.sg/,Undergraduate,3 Credits / 1 Semester,GCE A-Level or Polytechnic Diploma. IELTS 6.0–6.5+.
Nanyang Technological University (NTU),Business,AB4311 International Finance,"This module covers international finance, part of the Business programme at Nanyang Technological University (NTU). Students explore core theoretical and applied aspects, building competencies for professional practice.","Core international finance concepts, theoretical framework application, analytical problem-solving, academic research skills, practical international finance implementation",https://www.ntu.edu.sg/,Undergraduate,3 Credits / 1 Semester,GCE A-Level or Polytechnic Diploma. IELTS 6.0–6.5+.
Nanyang Technological University (NTU),Business,AB4401 Strategic Management,"Covers planning, organising, leading, and controlling including strategy, change management, and organisational behaviour.","Strategic planning, team leadership, change management, performance measurement, stakeholder analysis",https://www.ntu.edu.sg/,Undergraduate,3 Credits / 1 Semester,GCE A-Level or Polytechnic Diploma. IELTS 6.0–6.5+.
Nanyang Technological University (NTU),Business,AB4601 Entrepreneurship and Venture Initiation,Guides students from opportunity recognition through business model development and lean startup methodology.,"Business model canvas, lean startup, market validation, investor pitch, financial forecasting",https://www.ntu.edu.sg/,Undergraduate,3 Credits / 1 Semester,GCE A-Level or Polytechnic Diploma. IELTS 6.0–6.5+.
Nanyang Technological University (NTU),Electrical and Electronic Engineering,EE1001 Fundamentals of EEE,"This module covers fundamentals of eee, part of the Electrical and Electronic Engineering programme at Nanyang Technological University (NTU). Students explore core theoretical and applied aspects, building competencies for professional practice.","Core fundamentals of eee concepts, theoretical framework application, analytical problem-solving, academic research skills, practical fundamentals of eee implementation",https://www.ntu.edu.sg/,Undergraduate,3 Credits / 1 Semester,A-Level: H2 Mathematics + H2 Physics. IELTS 6.0+.
Nanyang Technological University (NTU),Electrical and Electronic Engineering,EE2001 Circuit Analysis,"Studies electrical circuit analysis using KVL/KCL, Thevenin/Norton theorems, AC phasors, and transient analysis.","KVL/KCL application, Thevenin equivalent circuit, AC phasor analysis, transient response, circuit simulation",https://www.ntu.edu.sg/,Undergraduate,3 Credits / 1 Semester,A-Level: H2 Mathematics + H2 Physics. IELTS 6.0+.
Nanyang Technological University (NTU),Electrical and Electronic Engineering,EE2002 Analogue Electronics,"Covers semiconductor physics, diode and transistor circuits, op-amps, and digital logic design.","Diode circuit analysis, transistor biasing, op-amp circuit design, digital logic implementation, circuit simulation",https://www.ntu.edu.sg/,Undergraduate,3 Credits / 1 Semester,A-Level: H2 Mathematics + H2 Physics. IELTS 6.0+.
Nanyang Technological University (NTU),Electrical and Electronic Engineering,EE2003 Computer Engineering,"This module covers computer engineering, part of the Electrical and Electronic Engineering programme at Nanyang Technological University (NTU). Students explore core theoretical and applied aspects, building competencies for professional practice.","Core computer engineering concepts, theoretical framework application, analytical problem-solving, academic research skills, practical computer engineering implementation",https://www.ntu.edu.sg/,Undergraduate,3 Credits / 1 Semester,A-Level: H2 Mathematics + H2 Physics. IELTS 6.0+.
Nanyang Technological University (NTU),Electrical and Electronic Engineering,EE2004 Semiconductor Fundamentals,"This module covers semiconductor fundamentals, part of the Electrical and Electronic Engineering programme at Nanyang Technological University (NTU). Students explore core theoretical and applied aspects, building competencies for professional practice.","Core semiconductor fundamentals concepts, theoretical framework application, analytical problem-solving, academic research skills, practical semiconductor fundamentals implementation",https://www.ntu.edu.sg/,Undergraduate,3 Credits / 1 Semester,A-Level: H2 Mathematics + H2 Physics. IELTS 6.0+.
Nanyang Technological University (NTU),Electrical and Electronic Engineering,EE2010 Systems and Control,"Studies feedback control systems, PID controllers, stability analysis, and state-space methods.","PID controller tuning, stability analysis, Bode plot interpretation, state-space modelling, digital control design",https://www.ntu.edu.sg/,Undergraduate,3 Credits / 1 Semester,A-Level: H2 Mathematics + H2 Physics. IELTS 6.0+.
Nanyang Technological University (NTU),Electrical and Electronic Engineering,EE3002 Microelectronics,"Covers semiconductor physics, diode and transistor circuits, op-amps, and digital logic design.","Diode circuit analysis, transistor biasing, op-amp circuit design, digital logic implementation, circuit simulation",https://www.ntu.edu.sg/,Undergraduate,3 Credits / 1 Semester,A-Level: H2 Mathematics + H2 Physics. IELTS 6.0+.
Nanyang Technological University (NTU),Electrical and Electronic Engineering,EE3004 Power Electronics and Drives,"Covers semiconductor physics, diode and transistor circuits, op-amps, and digital logic design.","Diode circuit analysis, transistor biasing, op-amp circuit design, digital logic implementation, circuit simulation",https://www.ntu.edu.sg/,Undergraduate,3 Credits / 1 Semester,A-Level: H2 Mathematics + H2 Physics. IELTS 6.0+.
Nanyang Technological University (NTU),Electrical and Electronic Engineering,EE3008 Principles of Communications,"This module covers principles of communications, part of the Electrical and Electronic Engineering programme at Nanyang Technological University (NTU). Students explore core theoretical and applied aspects, building competencies for professional practice.","Core principles of communications concepts, theoretical framework application, analytical problem-solving, academic research skills, practical principles of communications implementation",https://www.ntu.edu.sg/,Undergraduate,3 Credits / 1 Semester,A-Level: H2 Mathematics + H2 Physics. IELTS 6.0+.
Nanyang Technological University (NTU),Electrical and Electronic Engineering,EE4001 Final Year Project,"This module covers final year project, part of the Electrical and Electronic Engineering programme at Nanyang Technological University (NTU). Students explore core theoretical and applied aspects, building competencies for professional practice.","Core final year project concepts, theoretical framework application, analytical problem-solving, academic research skills, practical final year project implementation",https://www.ntu.edu.sg/,Undergraduate,8 Credits / 1 Semester,A-Level: H2 Mathematics + H2 Physics. IELTS 6.0+.
Nanyang Technological University (NTU),Electrical and Electronic Engineering,EE4035 Smart Grid,"This module covers smart grid, part of the Electrical and Electronic Engineering programme at Nanyang Technological University (NTU). Students explore core theoretical and applied aspects, building competencies for professional practice.","Core smart grid concepts, theoretical framework application, analytical problem-solving, academic research skills, practical smart grid implementation",https://www.ntu.edu.sg/,Undergraduate,3 Credits / 1 Semester,A-Level: H2 Mathematics + H2 Physics. IELTS 6.0+.
Nanyang Technological University (NTU),Electrical and Electronic Engineering,EE4040 Machine Learning for Signal Processing,"Covers Fourier transforms, FIR/IIR filtering, and spectral analysis for communications and audio applications.","Fourier transform application, FIR/IIR filter design, spectrum analysis, sampling theorem, noise reduction",https://www.ntu.edu.sg/,Undergraduate,3 Credits / 1 Semester,A-Level: H2 Mathematics + H2 Physics. IELTS 6.0+.
Nanyang Technological University (NTU),Electrical and Electronic Engineering,EE4040 Deep Learning,"Covers CNNs, RNNs, attention mechanisms, and transformers applied to computer vision and NLP tasks using modern frameworks.","CNN design, RNN sequence modelling, transformer fine-tuning, PyTorch/TensorFlow, transfer learning",https://www.ntu.edu.sg/,Undergraduate,3 Credits / 1 Semester,A-Level: H2 Mathematics + H2 Physics. IELTS 6.0+.
Singapore Management University (SMU),Computer Science,CS101 Computational Thinking,"This module covers computational thinking, part of the Computer Science programme at Singapore Management University (SMU). Students explore core theoretical and applied aspects, building competencies for professional practice.","Core computational thinking concepts, theoretical framework application, analytical problem-solving, academic research skills, practical computational thinking implementation",https://www.smu.edu.sg/,Undergraduate,5 Credits / 1 Semester,A-Level: H2 Mathematics. Polytechnic Diploma GPA ≥ 3.5. IELTS 6.0+.
Singapore Management University (SMU),Computer Science,CS102 Programming Methodology,"This module covers programming methodology, part of the Computer Science programme at Singapore Management University (SMU). Students explore core theoretical and applied aspects, building competencies for professional practice.","Core programming methodology concepts, theoretical framework application, analytical problem-solving, academic research skills, practical programming methodology implementation",https://www.smu.edu.sg/,Undergraduate,5 Credits / 1 Semester,A-Level: H2 Mathematics. Polytechnic Diploma GPA ≥ 3.5. IELTS 6.0+.
Singapore Management University (SMU),Computer Science,CS201 Data Structures and Algorithms,"Covers fundamental data organisation techniques including arrays, linked lists, stacks, queues, trees, heaps, and hash tables. Students analyse time and space complexity and apply structures to solve real computational problems.","Array manipulation, linked list operations, binary tree traversal, hash table design, stack and queue implementation",https://www.smu.edu.sg/,Undergraduate,5 Credits / 1 Semester,A-Level: H2 Mathematics. Polytechnic Diploma GPA ≥ 3.5. IELTS 6.0+.
Singapore Management University (SMU),Computer Science,CS202 Linear Algebra,"Covers vector spaces, matrix operations, eigenvalues, and SVD foundational for machine learning and optimisation.","Matrix factorisation, eigenvalue computation, vector space analysis, linear transformation, gradient optimisation",https://www.smu.edu.sg/,Undergraduate,5 Credits / 1 Semester,A-Level: H2 Mathematics. Polytechnic Diploma GPA ≥ 3.5. IELTS 6.0+.
Singapore Management University (SMU),Computer Science,CS203 Probability and Statistics,"Covers random variables, distributions, Bayes theorem, expectation, and limit theorems with engineering applications.","Probability modelling, Bayesian inference, Monte Carlo simulation, hypothesis testing, stochastic analysis",https://www.smu.edu.sg/,Undergraduate,5 Credits / 1 Semester,A-Level: H2 Mathematics. Polytechnic Diploma GPA ≥ 3.5. IELTS 6.0+.
Singapore Management University (SMU),Computer Science,CS301 Design and Analysis of Algorithms,"Introduces algorithm design paradigms including divide and conquer, dynamic programming, greedy methods, and backtracking. Students prove correctness and analyse Big-O complexity.","Algorithm complexity analysis, divide and conquer design, dynamic programming, greedy implementation, correctness proof writing",https://www.smu.edu.sg/,Undergraduate,5 Credits / 1 Semester,A-Level: H2 Mathematics. Polytechnic Diploma GPA ≥ 3.5. IELTS 6.0+.
Singapore Management University (SMU),Computer Science,CS302 Operating Systems,"Analyses process scheduling, memory management, file systems, and I/O handling with practical implementation labs.","Process scheduling, memory allocation, file system design, deadlock detection, system call programming",https://www.smu.edu.sg/,Undergraduate,5 Credits / 1 Semester,A-Level: H2 Mathematics. Polytechnic Diploma GPA ≥ 3.5. IELTS 6.0+.
Singapore Management University (SMU),Computer Science,CS303 Networks,"This module covers networks, part of the Computer Science programme at Singapore Management University (SMU). Students explore core theoretical and applied aspects, building competencies for professional practice.","Core networks concepts, theoretical framework application, analytical problem-solving, academic research skills, practical networks implementation",https://www.smu.edu.sg/,Undergraduate,5 Credits / 1 Semester,A-Level: H2 Mathematics. Polytechnic Diploma GPA ≥ 3.5. IELTS 6.0+.
Singapore Management University (SMU),Computer Science,CS304 Database Management Systems,"Covers planning, organising, leading, and controlling including strategy, change management, and organisational behaviour.","Strategic planning, team leadership, change management, performance measurement, stakeholder analysis",https://www.smu.edu.sg/,Undergraduate,5 Credits / 1 Semester,A-Level: H2 Mathematics. Polytechnic Diploma GPA ≥ 3.5. IELTS 6.0+.
Singapore Management University (SMU),Computer Science,CS305 Software Engineering,"Covers the full SDLC from requirements through design, implementation, testing, and maintenance, emphasising agile methods.","Requirements documentation, UML modelling, agile sprint planning, integration testing, Git version control",https://www.smu.edu.sg/,Undergraduate,5 Credits / 1 Semester,A-Level: H2 Mathematics. Polytechnic Diploma GPA ≥ 3.5. IELTS 6.0+.
Singapore Management University (SMU),Computer Science,CS401 Machine Learning,"Covers supervised learning, unsupervised learning, model evaluation, regularisation, and neural network fundamentals for predictive modelling.","Supervised model training, cross-validation, feature engineering, clustering algorithms, neural network design",https://www.smu.edu.sg/,Undergraduate,5 Credits / 1 Semester,A-Level: H2 Mathematics. Polytechnic Diploma GPA ≥ 3.5. IELTS 6.0+.
Singapore Management University (SMU),Computer Science,CS402 Big Data Analytics,"Covers Hadoop, Apache Spark, real-time stream processing, and NoSQL storage for large-scale data pipelines.","Spark DataFrame programming, HDFS management, Kafka streaming, NoSQL querying, ETL pipeline design",https://www.smu.edu.sg/,Undergraduate,5 Credits / 1 Semester,A-Level: H2 Mathematics. Polytechnic Diploma GPA ≥ 3.5. IELTS 6.0+.
Singapore Management University (SMU),Computer Science,CS403 Natural Language Processing,"Covers tokenisation, language models, sentiment analysis, NER, and transformer-based models such as BERT.","Text preprocessing, language model evaluation, sentiment classification, NER extraction, BERT fine-tuning",https://www.smu.edu.sg/,Undergraduate,5 Credits / 1 Semester,A-Level: H2 Mathematics. Polytechnic Diploma GPA ≥ 3.5. IELTS 6.0+.
Singapore Management University (SMU),Computer Science,CS404 Cloud Computing,"Examines IaaS/PaaS/SaaS models with AWS/Azure/GCP hands-on, containerisation, and serverless computing.","Cloud provisioning, Docker containerisation, Kubernetes orchestration, serverless functions, cost optimisation",https://www.smu.edu.sg/,Undergraduate,5 Credits / 1 Semester,A-Level: H2 Mathematics. Polytechnic Diploma GPA ≥ 3.5. IELTS 6.0+.
Singapore Management University (SMU),Computer Science,CS405 Information Security,"Studies access control, authentication, cryptography, network defence, and security policy for enterprise environments.","Access control design, public key cryptography, firewall configuration, security policy writing, risk assessment",https://www.smu.edu.sg/,Undergraduate,5 Credits / 1 Semester,A-Level: H2 Mathematics. Polytechnic Diploma GPA ≥ 3.5. IELTS 6.0+.
Singapore Management University (SMU),Software Engineering,SE201 Requirements Engineering,"This module covers requirements engineering, part of the Software Engineering programme at Singapore Management University (SMU). Students explore core theoretical and applied aspects, building competencies for professional practice.","Core requirements engineering concepts, theoretical framework application, analytical problem-solving, academic research skills, practical requirements engineering implementation",https://www.smu.edu.sg/,Undergraduate,5 Credits / 1 Semester,A-Level: H2 Mathematics. Polytechnic Diploma in IT/Engineering.
Singapore Management University (SMU),Software Engineering,SE202 Software Design and Architecture,"This module covers software design and architecture, part of the Software Engineering programme at Singapore Management University (SMU). Students explore core theoretical and applied aspects, building competencies for professional practice.","Core software design and architecture concepts, theoretical framework application, analytical problem-solving, academic research skills, practical software design and architecture implementation",https://www.smu.edu.sg/,Undergraduate,5 Credits / 1 Semester,A-Level: H2 Mathematics. Polytechnic Diploma in IT/Engineering.
Singapore Management University (SMU),Software Engineering,SE203 Software Testing and Quality Assurance,"This module covers software testing and quality assurance, part of the Software Engineering programme at Singapore Management University (SMU). Students explore core theoretical and applied aspects, building competencies for professional practice.","Core software testing and quality assurance concepts, theoretical framework application, analytical problem-solving, academic research skills, practical software testing and quality assurance implementation",https://www.smu.edu.sg/,Undergraduate,5 Credits / 1 Semester,A-Level: H2 Mathematics. Polytechnic Diploma in IT/Engineering.
Singapore Management University (SMU),Software Engineering,SE204 Project Management for Software,"Covers project planning, execution, monitoring, and closure using agile and waterfall methodologies.","Gantt scheduling, risk management, agile sprint planning, stakeholder communication, cost variance analysis",https://www.smu.edu.sg/,Undergraduate,5 Credits / 1 Semester,A-Level: H2 Mathematics. Polytechnic Diploma in IT/Engineering.
Singapore Management University (SMU),Software Engineering,SE301 Mobile Application Development,"Covers Android and iOS app development including UI design, data persistence, API consumption, and app store deployment.","Android/iOS UI design, REST API consumption, local storage, push notifications, app publishing",https://www.smu.edu.sg/,Undergraduate,5 Credits / 1 Semester,A-Level: H2 Mathematics. Polytechnic Diploma in IT/Engineering.
Singapore Management University (SMU),Software Engineering,SE302 Web Application Development,"Covers full-stack web development including front-end frameworks, RESTful APIs, authentication, and database integration.","HTML/CSS/JavaScript, REST API design, React or Vue.js, backend frameworks, database integration",https://www.smu.edu.sg/,Undergraduate,5 Credits / 1 Semester,A-Level: H2 Mathematics. Polytechnic Diploma in IT/Engineering.
Singapore Management University (SMU),Software Engineering,SE303 Agile Software Development,"This module covers agile software development, part of the Software Engineering programme at Singapore Management University (SMU). Students explore core theoretical and applied aspects, building competencies for professional practice.","Core agile software development concepts, theoretical framework application, analytical problem-solving, academic research skills, practical agile software development implementation",https://www.smu.edu.sg/,Undergraduate,5 Credits / 1 Semester,A-Level: H2 Mathematics. Polytechnic Diploma in IT/Engineering.
Singapore Management University (SMU),Software Engineering,SE304 DevOps and CI/CD,"This module covers devops and ci/cd, part of the Software Engineering programme at Singapore Management University (SMU). Students explore core theoretical and applied aspects, building competencies for professional practice.","Core devops and ci/cd concepts, theoretical framework application, analytical problem-solving, academic research skills, practical devops and ci/cd implementation",https://www.smu.edu.sg/,Undergraduate,5 Credits / 1 Semester,A-Level: H2 Mathematics. Polytechnic Diploma in IT/Engineering.
Singapore Management University (SMU),Software Engineering,SE401 Distributed Systems,"This module covers distributed systems, part of the Software Engineering programme at Singapore Management University (SMU). Students explore core theoretical and applied aspects, building competencies for professional practice.","Core distributed systems concepts, theoretical framework application, analytical problem-solving, academic research skills, practical distributed systems implementation",https://www.smu.edu.sg/,Undergraduate,5 Credits / 1 Semester,A-Level: H2 Mathematics. Polytechnic Diploma in IT/Engineering.
Singapore Management University (SMU),Software Engineering,SE402 Microservices Architecture,"This module covers microservices architecture, part of the Software Engineering programme at Singapore Management University (SMU). Students explore core theoretical and applied aspects, building competencies for professional practice.","Core microservices architecture concepts, theoretical framework application, analytical problem-solving, academic research skills, practical microservices architecture implementation",https://www.smu.edu.sg/,Undergraduate,5 Credits / 1 Semester,A-Level: H2 Mathematics. Polytechnic Diploma in IT/Engineering.
Singapore Management University (SMU),Software Engineering,SE403 Blockchain Applications,"This module covers blockchain applications, part of the Software Engineering programme at Singapore Management University (SMU). Students explore core theoretical and applied aspects, building competencies for professional practice.","Core blockchain applications concepts, theoretical framework application, analytical problem-solving, academic research skills, practical blockchain applications implementation",https://www.smu.edu.sg/,Undergraduate,5 Credits / 1 Semester,A-Level: H2 Mathematics. Polytechnic Diploma in IT/Engineering.
Singapore Management University (SMU),Software Engineering,SE404 Senior Capstone,"This module covers senior capstone, part of the Software Engineering programme at Singapore Management University (SMU). Students explore core theoretical and applied aspects, building competencies for professional practice.","Core senior capstone concepts, theoretical framework application, analytical problem-solving, academic research skills, practical senior capstone implementation",https://www.smu.edu.sg/,Undergraduate,10 Credits / 1 Semester,A-Level: H2 Mathematics. Polytechnic Diploma in IT/Engineering.
Singapore Management University (SMU),Information Systems,IS101 Enterprise IT Systems,"This module covers enterprise it systems, part of the Information Systems programme at Singapore Management University (SMU). Students explore core theoretical and applied aspects, building competencies for professional practice.","Core enterprise it systems concepts, theoretical framework application, analytical problem-solving, academic research skills, practical enterprise it systems implementation",https://www.smu.edu.sg/,Undergraduate,5 Credits / 1 Semester,GCE A-Level or Polytechnic Diploma. IELTS 6.0–6.5+.
Singapore Management University (SMU),Information Systems,IS201 Enterprise Systems Development,"This module covers enterprise systems development, part of the Information Systems programme at Singapore Management University (SMU). Students explore core theoretical and applied aspects, building competencies for professional practice.","Core enterprise systems development concepts, theoretical framework application, analytical problem-solving, academic research skills, practical enterprise systems development implementation",https://www.smu.edu.sg/,Undergraduate,5 Credits / 1 Semester,GCE A-Level or Polytechnic Diploma. IELTS 6.0–6.5+.
Singapore Management University (SMU),Information Systems,IS202 Business Analytics,"This module covers business analytics, part of the Information Systems programme at Singapore Management University (SMU). Students explore core theoretical and applied aspects, building competencies for professional practice.","Core business analytics concepts, theoretical framework application, analytical problem-solving, academic research skills, practical business analytics implementation",https://www.smu.edu.sg/,Undergraduate,5 Credits / 1 Semester,GCE A-Level or Polytechnic Diploma. IELTS 6.0–6.5+.
Singapore Management University (SMU),Information Systems,IS203 IS Strategy and Management,"Covers planning, organising, leading, and controlling including strategy, change management, and organisational behaviour.","Strategic planning, team leadership, change management, performance measurement, stakeholder analysis",https://www.smu.edu.sg/,Undergraduate,5 Credits / 1 Semester,GCE A-Level or Polytechnic Diploma. IELTS 6.0–6.5+.
Singapore Management University (SMU),Information Systems,IS301 Digital Innovation and Design,"This module covers digital innovation and design, part of the Information Systems programme at Singapore Management University (SMU). Students explore core theoretical and applied aspects, building competencies for professional practice.","Core digital innovation and design concepts, theoretical framework application, analytical problem-solving, academic research skills, practical digital innovation and design implementation",https://www.smu.edu.sg/,Undergraduate,5 Credits / 1 Semester,GCE A-Level or Polytechnic Diploma. IELTS 6.0–6.5+.
Singapore Management University (SMU),Information Systems,IS302 IT Governance and Cybersecurity,"Covers cryptography, authentication, network security, secure coding, and ethical hacking fundamentals.","Cryptographic protocols, penetration testing, vulnerability scanning, secure coding practices, incident response",https://www.smu.edu.sg/,Undergraduate,5 Credits / 1 Semester,GCE A-Level or Polytechnic Diploma. IELTS 6.0–6.5+.
Singapore Management University (SMU),Information Systems,IS303 Data Analytics,"This module covers data analytics, part of the Information Systems programme at Singapore Management University (SMU). Students explore core theoretical and applied aspects, building competencies for professional practice.","Core data analytics concepts, theoretical framework application, analytical problem-solving, academic research skills, practical data analytics implementation",https://www.smu.edu.sg/,Undergraduate,5 Credits / 1 Semester,GCE A-Level or Polytechnic Diploma. IELTS 6.0–6.5+.
Singapore Management University (SMU),Information Systems,IS304 Enterprise Architecture,"This module covers enterprise architecture, part of the Information Systems programme at Singapore Management University (SMU). Students explore core theoretical and applied aspects, building competencies for professional practice.","Core enterprise architecture concepts, theoretical framework application, analytical problem-solving, academic research skills, practical enterprise architecture implementation",https://www.smu.edu.sg/,Undergraduate,5 Credits / 1 Semester,GCE A-Level or Polytechnic Diploma. IELTS 6.0–6.5+.
Singapore Management University (SMU),Information Systems,IS401 AI for Business,"This module covers ai for business, part of the Information Systems programme at Singapore Management University (SMU). Students explore core theoretical and applied aspects, building competencies for professional practice.","Core ai for business concepts, theoretical framework application, analytical problem-solving, academic research skills, practical ai for business implementation",https://www.smu.edu.sg/,Undergraduate,5 Credits / 1 Semester,GCE A-Level or Polytechnic Diploma. IELTS 6.0–6.5+.
Singapore Management University (SMU),Information Systems,IS402 Blockchain Technology,"This module covers blockchain technology, part of the Information Systems programme at Singapore Management University (SMU). Students explore core theoretical and applied aspects, building competencies for professional practice.","Core blockchain technology concepts, theoretical framework application, analytical problem-solving, academic research skills, practical blockchain technology implementation",https://www.smu.edu.sg/,Undergraduate,5 Credits / 1 Semester,GCE A-Level or Polytechnic Diploma. IELTS 6.0–6.5+.
Singapore Management University (SMU),Information Systems,IS403 Digital Transformation,"This module covers digital transformation, part of the Information Systems programme at Singapore Management University (SMU). Students explore core theoretical and applied aspects, building competencies for professional practice.","Core digital transformation concepts, theoretical framework application, analytical problem-solving, academic research skills, practical digital transformation implementation",https://www.smu.edu.sg/,Undergraduate,5 Credits / 1 Semester,GCE A-Level or Polytechnic Diploma. IELTS 6.0–6.5+.
Singapore Management University (SMU),Information Systems,IS404 IS Capstone,"This module covers is capstone, part of the Information Systems programme at Singapore Management University (SMU). Students explore core theoretical and applied aspects, building competencies for professional practice.","Core is capstone concepts, theoretical framework application, analytical problem-solving, academic research skills, practical is capstone implementation",https://www.smu.edu.sg/,Undergraduate,10 Credits / 1 Semester,GCE A-Level or Polytechnic Diploma. IELTS 6.0–6.5+.
Singapore Management University (SMU),Business Administration,BUS101 Business Law,"Introduces legal principles, contract formation, tort liability, and legal reasoning through case analysis.","Legal case analysis, contract elements, tort assessment, statutory interpretation, legal research",https://www.smu.edu.sg/,Undergraduate,5 Credits / 1 Semester,A-Level or Polytechnic Diploma. IELTS 6.0+.
Singapore Management University (SMU),Business Administration,ACC101 Introductory Financial Accounting,"Introduces financial and managerial accounting including double-entry bookkeeping, financial statement preparation, and cost accounting.","Double-entry bookkeeping, balance sheet preparation, income statement analysis, CVP analysis, ratio interpretation",https://www.smu.edu.sg/,Undergraduate,5 Credits / 1 Semester,A-Level or Polytechnic Diploma. IELTS 6.0+.
Singapore Management University (SMU),Business Administration,FIN101 Finance,"This module covers finance, part of the Business Administration programme at Singapore Management University (SMU). Students explore core theoretical and applied aspects, building competencies for professional practice.","Core finance concepts, theoretical framework application, analytical problem-solving, academic research skills, practical finance implementation",https://www.smu.edu.sg/,Undergraduate,5 Credits / 1 Semester,A-Level or Polytechnic Diploma. IELTS 6.0+.
Singapore Management University (SMU),Business Administration,MKTG101 Marketing,"Explores market segmentation, consumer behaviour, product development, pricing strategy, and digital marketing channels.","Market segmentation, consumer analysis, brand positioning, marketing mix optimisation, digital strategy",https://www.smu.edu.sg/,Undergraduate,5 Credits / 1 Semester,A-Level or Polytechnic Diploma. IELTS 6.0+.
Singapore Management University (SMU),Business Administration,OM101 Operations Management,"Covers planning, organising, leading, and controlling including strategy, change management, and organisational behaviour.","Strategic planning, team leadership, change management, performance measurement, stakeholder analysis",https://www.smu.edu.sg/,Undergraduate,5 Credits / 1 Semester,A-Level or Polytechnic Diploma. IELTS 6.0+.
Singapore Management University (SMU),Business Administration,OB101 Organisational Behaviour,"This module covers organisational behaviour, part of the Business Administration programme at Singapore Management University (SMU). Students explore core theoretical and applied aspects, building competencies for professional practice.","Core organisational behaviour concepts, theoretical framework application, analytical problem-solving, academic research skills, practical organisational behaviour implementation",https://www.smu.edu.sg/,Undergraduate,5 Credits / 1 Semester,A-Level or Polytechnic Diploma. IELTS 6.0+.
Singapore Management University (SMU),Business Administration,ECON201 Microeconomics,Analyses individual and firm behaviour and national economic systems with policy implications.,"Supply-demand analysis, elasticity calculation, game theory, GDP interpretation, fiscal policy assessment",https://www.smu.edu.sg/,Undergraduate,5 Credits / 1 Semester,A-Level or Polytechnic Diploma. IELTS 6.0+.
Singapore Management University (SMU),Business Administration,ACCT201 Managerial Accounting,"Introduces financial and managerial accounting including double-entry bookkeeping, financial statement preparation, and cost accounting.","Double-entry bookkeeping, balance sheet preparation, income statement analysis, CVP analysis, ratio interpretation",https://www.smu.edu.sg/,Undergraduate,5 Credits / 1 Semester,A-Level or Polytechnic Diploma. IELTS 6.0+.
Singapore Management University (SMU),Business Administration,FIN301 Corporate Finance,"This module covers corporate finance, part of the Business Administration programme at Singapore Management University (SMU). Students explore core theoretical and applied aspects, building competencies for professional practice.","Core corporate finance concepts, theoretical framework application, analytical problem-solving, academic research skills, practical corporate finance implementation",https://www.smu.edu.sg/,Undergraduate,5 Credits / 1 Semester,A-Level or Polytechnic Diploma. IELTS 6.0+.
Singapore Management University (SMU),Business Administration,MKTG301 Consumer Behaviour,"This module covers consumer behaviour, part of the Business Administration programme at Singapore Management University (SMU). Students explore core theoretical and applied aspects, building competencies for professional practice.","Core consumer behaviour concepts, theoretical framework application, analytical problem-solving, academic research skills, practical consumer behaviour implementation",https://www.smu.edu.sg/,Undergraduate,5 Credits / 1 Semester,A-Level or Polytechnic Diploma. IELTS 6.0+.
Singapore Management University (SMU),Business Administration,STR401 Strategic Management,"Covers planning, organising, leading, and controlling including strategy, change management, and organisational behaviour.","Strategic planning, team leadership, change management, performance measurement, stakeholder analysis",https://www.smu.edu.sg/,Undergraduate,5 Credits / 1 Semester,A-Level or Polytechnic Diploma. IELTS 6.0+.
Singapore Management University (SMU),Business Administration,FIN401 Investment Analysis,"Examines equities, bonds, derivatives, portfolio construction, and performance evaluation.","Security valuation, portfolio construction, derivative pricing, performance attribution, factor model application",https://www.smu.edu.sg/,Undergraduate,5 Credits / 1 Semester,A-Level or Polytechnic Diploma. IELTS 6.0+.
Singapore Management University (SMU),Business Administration,MKTG401 Digital Marketing,"Covers SEO, SEM, social media, content marketing, analytics, and marketing automation.","SEO/SEM optimisation, social media strategy, content marketing, Google Analytics, marketing automation",https://www.smu.edu.sg/,Undergraduate,5 Credits / 1 Semester,A-Level or Polytechnic Diploma. IELTS 6.0+.
Singapore Management University (SMU),Business Administration,ENT401 Entrepreneurship,Guides students from opportunity recognition through business model development and lean startup methodology.,"Business model canvas, lean startup, market validation, investor pitch, financial forecasting",https://www.smu.edu.sg/,Undergraduate,5 Credits / 1 Semester,A-Level or Polytechnic Diploma. IELTS 6.0+.
Singapore Management University (SMU),Accountancy,ACCT101 Financial Accounting,"Introduces financial and managerial accounting including double-entry bookkeeping, financial statement preparation, and cost accounting.","Double-entry bookkeeping, balance sheet preparation, income statement analysis, CVP analysis, ratio interpretation",https://www.smu.edu.sg/,Undergraduate,5 Credits / 1 Semester,GCE A-Level or Polytechnic Diploma. IELTS 6.0–6.5+.
Singapore Management University (SMU),Accountancy,ACCT102 Cost and Management Accounting,"Introduces financial and managerial accounting including double-entry bookkeeping, financial statement preparation, and cost accounting.","Double-entry bookkeeping, balance sheet preparation, income statement analysis, CVP analysis, ratio interpretation",https://www.smu.edu.sg/,Undergraduate,5 Credits / 1 Semester,GCE A-Level or Polytechnic Diploma. IELTS 6.0–6.5+.
Singapore Management University (SMU),Accountancy,ACCT201 Intermediate Financial Accounting,"Introduces financial and managerial accounting including double-entry bookkeeping, financial statement preparation, and cost accounting.","Double-entry bookkeeping, balance sheet preparation, income statement analysis, CVP analysis, ratio interpretation",https://www.smu.edu.sg/,Undergraduate,5 Credits / 1 Semester,GCE A-Level or Polytechnic Diploma. IELTS 6.0–6.5+.
Singapore Management University (SMU),Accountancy,ACCT202 Advanced Financial Accounting,"Introduces financial and managerial accounting including double-entry bookkeeping, financial statement preparation, and cost accounting.","Double-entry bookkeeping, balance sheet preparation, income statement analysis, CVP analysis, ratio interpretation",https://www.smu.edu.sg/,Undergraduate,5 Credits / 1 Semester,GCE A-Level or Polytechnic Diploma. IELTS 6.0–6.5+.
Singapore Management University (SMU),Accountancy,ACCT203 Accounting Information Systems,"Introduces financial and managerial accounting including double-entry bookkeeping, financial statement preparation, and cost accounting.","Double-entry bookkeeping, balance sheet preparation, income statement analysis, CVP analysis, ratio interpretation",https://www.smu.edu.sg/,Undergraduate,5 Credits / 1 Semester,GCE A-Level or Polytechnic Diploma. IELTS 6.0–6.5+.
Singapore Management University (SMU),Accountancy,ACCT301 Auditing and Assurance,"This module covers auditing and assurance, part of the Accountancy programme at Singapore Management University (SMU). Students explore core theoretical and applied aspects, building competencies for professional practice.","Core auditing and assurance concepts, theoretical framework application, analytical problem-solving, academic research skills, practical auditing and assurance implementation",https://www.smu.edu.sg/,Undergraduate,5 Credits / 1 Semester,GCE A-Level or Polytechnic Diploma. IELTS 6.0–6.5+.
Singapore Management University (SMU),Accountancy,ACCT302 Corporate Reporting,"This module covers corporate reporting, part of the Accountancy programme at Singapore Management University (SMU). Students explore core theoretical and applied aspects, building competencies for professional practice.","Core corporate reporting concepts, theoretical framework application, analytical problem-solving, academic research skills, practical corporate reporting implementation",https://www.smu.edu.sg/,Undergraduate,5 Credits / 1 Semester,GCE A-Level or Polytechnic Diploma. IELTS 6.0–6.5+.
Singapore Management University (SMU),Accountancy,ACCT303 Taxation,"This module covers taxation, part of the Accountancy programme at Singapore Management University (SMU). Students explore core theoretical and applied aspects, building competencies for professional practice.","Core taxation concepts, theoretical framework application, analytical problem-solving, academic research skills, practical taxation implementation",https://www.smu.edu.sg/,Undergraduate,5 Credits / 1 Semester,GCE A-Level or Polytechnic Diploma. IELTS 6.0–6.5+.
Singapore Management University (SMU),Accountancy,ACCT304 Financial Statement Analysis,"Examines time value of money, capital budgeting, risk and return, portfolio theory, and corporate financing decisions.","DCF valuation, portfolio analysis, CAPM application, capital structure decisions, financial modelling",https://www.smu.edu.sg/,Undergraduate,5 Credits / 1 Semester,GCE A-Level or Polytechnic Diploma. IELTS 6.0–6.5+.
Singapore Management University (SMU),Accountancy,ACCT401 Advanced Auditing,"This module covers advanced auditing, part of the Accountancy programme at Singapore Management University (SMU). Students explore core theoretical and applied aspects, building competencies for professional practice.","Core advanced auditing concepts, theoretical framework application, analytical problem-solving, academic research skills, practical advanced auditing implementation",https://www.smu.edu.sg/,Undergraduate,5 Credits / 1 Semester,GCE A-Level or Polytechnic Diploma. IELTS 6.0–6.5+.
Singapore Management University (SMU),Accountancy,ACCT402 International Financial Reporting Standards,"Examines time value of money, capital budgeting, risk and return, portfolio theory, and corporate financing decisions.","DCF valuation, portfolio analysis, CAPM application, capital structure decisions, financial modelling",https://www.smu.edu.sg/,Undergraduate,5 Credits / 1 Semester,GCE A-Level or Polytechnic Diploma. IELTS 6.0–6.5+.
Singapore Management University (SMU),Accountancy,ACCT403 Forensic Accounting,"Introduces financial and managerial accounting including double-entry bookkeeping, financial statement preparation, and cost accounting.","Double-entry bookkeeping, balance sheet preparation, income statement analysis, CVP analysis, ratio interpretation",https://www.smu.edu.sg/,Undergraduate,5 Credits / 1 Semester,GCE A-Level or Polytechnic Diploma. IELTS 6.0–6.5+.
Singapore Management University (SMU),Accountancy,ACCT404 Ethics and Governance,"This module covers ethics and governance, part of the Accountancy programme at Singapore Management University (SMU). Students explore core theoretical and applied aspects, building competencies for professional practice.","Core ethics and governance concepts, theoretical framework application, analytical problem-solving, academic research skills, practical ethics and governance implementation",https://www.smu.edu.sg/,Undergraduate,5 Credits / 1 Semester,GCE A-Level or Polytechnic Diploma. IELTS 6.0–6.5+.
Singapore Management University (SMU),Accountancy,ACCT405 Accountancy Capstone,"This module covers accountancy capstone, part of the Accountancy programme at Singapore Management University (SMU). Students explore core theoretical and applied aspects, building competencies for professional practice.","Core accountancy capstone concepts, theoretical framework application, analytical problem-solving, academic research skills, practical accountancy capstone implementation",https://www.smu.edu.sg/,Undergraduate,10 Credits / 1 Semester,GCE A-Level or Polytechnic Diploma. IELTS 6.0–6.5+.
Singapore Institute of Technology (SIT),Software Engineering,INF1002 Programming Fundamentals,"This module covers programming fundamentals, part of the Software Engineering programme at Singapore Institute of Technology (SIT). Students explore core theoretical and applied aspects, building competencies for professional practice.","Core programming fundamentals concepts, theoretical framework application, analytical problem-solving, academic research skills, practical programming fundamentals implementation",https://www.singaporetech.edu.sg/,Undergraduate,4 Credits / 1 Semester,A-Level: H2 Mathematics. Polytechnic Diploma in IT/Engineering.
Singapore Institute of Technology (SIT),Software Engineering,INF1005 Mathematical Applications for IT,"This module covers mathematical applications for it, part of the Software Engineering programme at Singapore Institute of Technology (SIT). Students explore core theoretical and applied aspects, building competencies for professional practice.","Core mathematical applications for it concepts, theoretical framework application, analytical problem-solving, academic research skills, practical mathematical applications for it implementation",https://www.singaporetech.edu.sg/,Undergraduate,4 Credits / 1 Semester,A-Level: H2 Mathematics. Polytechnic Diploma in IT/Engineering.
Singapore Institute of Technology (SIT),Software Engineering,INF1008 Data Structures and Algorithms,"Covers fundamental data organisation techniques including arrays, linked lists, stacks, queues, trees, heaps, and hash tables. Students analyse time and space complexity and apply structures to solve real computational problems.","Array manipulation, linked list operations, binary tree traversal, hash table design, stack and queue implementation",https://www.singaporetech.edu.sg/,Undergraduate,4 Credits / 1 Semester,A-Level: H2 Mathematics. Polytechnic Diploma in IT/Engineering.
Singapore Institute of Technology (SIT),Software Engineering,INF1009 Object Oriented Programming,"This module covers object oriented programming, part of the Software Engineering programme at Singapore Institute of Technology (SIT). Students explore core theoretical and applied aspects, building competencies for professional practice.","Core object oriented programming concepts, theoretical framework application, analytical problem-solving, academic research skills, practical object oriented programming implementation",https://www.singaporetech.edu.sg/,Undergraduate,4 Credits / 1 Semester,A-Level: H2 Mathematics. Polytechnic Diploma in IT/Engineering.
Singapore Institute of Technology (SIT),Software Engineering,INF1015 Computing Systems and Platforms,"This module covers computing systems and platforms, part of the Software Engineering programme at Singapore Institute of Technology (SIT). Students explore core theoretical and applied aspects, building competencies for professional practice.","Core computing systems and platforms concepts, theoretical framework application, analytical problem-solving, academic research skills, practical computing systems and platforms implementation",https://www.singaporetech.edu.sg/,Undergraduate,4 Credits / 1 Semester,A-Level: H2 Mathematics. Polytechnic Diploma in IT/Engineering.
Singapore Institute of Technology (SIT),Software Engineering,INF2004 Database Systems,"Examines relational database design, SQL querying, normalisation theory, transaction management, and indexing strategies.","SQL query writing, ER diagram design, normalisation, transaction management, index optimisation",https://www.singaporetech.edu.sg/,Undergraduate,4 Credits / 1 Semester,A-Level: H2 Mathematics. Polytechnic Diploma in IT/Engineering.
Singapore Institute of Technology (SIT),Software Engineering,INF2006 Software Architecture and Design,"This module covers software architecture and design, part of the Software Engineering programme at Singapore Institute of Technology (SIT). Students explore core theoretical and applied aspects, building competencies for professional practice.","Core software architecture and design concepts, theoretical framework application, analytical problem-solving, academic research skills, practical software architecture and design implementation",https://www.singaporetech.edu.sg/,Undergraduate,4 Credits / 1 Semester,A-Level: H2 Mathematics. Polytechnic Diploma in IT/Engineering.
Singapore Institute of Technology (SIT),Software Engineering,INF2010 Object Oriented Analysis and Design,"This module covers object oriented analysis and design, part of the Software Engineering programme at Singapore Institute of Technology (SIT). Students explore core theoretical and applied aspects, building competencies for professional practice.","Core object oriented analysis and design concepts, theoretical framework application, analytical problem-solving, academic research skills, practical object oriented analysis and design implementation",https://www.singaporetech.edu.sg/,Undergraduate,4 Credits / 1 Semester,A-Level: H2 Mathematics. Polytechnic Diploma in IT/Engineering.
Singapore Institute of Technology (SIT),Software Engineering,INF2011 Emerging Technologies,"This module covers emerging technologies, part of the Software Engineering programme at Singapore Institute of Technology (SIT). Students explore core theoretical and applied aspects, building competencies for professional practice.","Core emerging technologies concepts, theoretical framework application, analytical problem-solving, academic research skills, practical emerging technologies implementation",https://www.singaporetech.edu.sg/,Undergraduate,4 Credits / 1 Semester,A-Level: H2 Mathematics. Polytechnic Diploma in IT/Engineering.
Singapore Institute of Technology (SIT),Software Engineering,INF2012 Software Testing,"This module covers software testing, part of the Software Engineering programme at Singapore Institute of Technology (SIT). Students explore core theoretical and applied aspects, building competencies for professional practice.","Core software testing concepts, theoretical framework application, analytical problem-solving, academic research skills, practical software testing implementation",https://www.singaporetech.edu.sg/,Undergraduate,4 Credits / 1 Semester,A-Level: H2 Mathematics. Polytechnic Diploma in IT/Engineering.
Singapore Institute of Technology (SIT),Software Engineering,INF3013 Cloud Architecture,"This module covers cloud architecture, part of the Software Engineering programme at Singapore Institute of Technology (SIT). Students explore core theoretical and applied aspects, building competencies for professional practice.","Core cloud architecture concepts, theoretical framework application, analytical problem-solving, academic research skills, practical cloud architecture implementation",https://www.singaporetech.edu.sg/,Undergraduate,4 Credits / 1 Semester,A-Level: H2 Mathematics. Polytechnic Diploma in IT/Engineering.
Singapore Institute of Technology (SIT),Software Engineering,INF3014 DevOps and Agile,"This module covers devops and agile, part of the Software Engineering programme at Singapore Institute of Technology (SIT). Students explore core theoretical and applied aspects, building competencies for professional practice.","Core devops and agile concepts, theoretical framework application, analytical problem-solving, academic research skills, practical devops and agile implementation",https://www.singaporetech.edu.sg/,Undergraduate,4 Credits / 1 Semester,A-Level: H2 Mathematics. Polytechnic Diploma in IT/Engineering.
Singapore Institute of Technology (SIT),Software Engineering,INF3015 Software Project Management,"Covers project planning, execution, monitoring, and closure using agile and waterfall methodologies.","Gantt scheduling, risk management, agile sprint planning, stakeholder communication, cost variance analysis",https://www.singaporetech.edu.sg/,Undergraduate,4 Credits / 1 Semester,A-Level: H2 Mathematics. Polytechnic Diploma in IT/Engineering.
Singapore Institute of Technology (SIT),Software Engineering,INF4011 Software Engineering Capstone,"Covers the full SDLC from requirements through design, implementation, testing, and maintenance, emphasising agile methods.","Requirements documentation, UML modelling, agile sprint planning, integration testing, Git version control",https://www.singaporetech.edu.sg/,Undergraduate,8 Credits / 1 Semester,A-Level: H2 Mathematics. Polytechnic Diploma in IT/Engineering.
Singapore Institute of Technology (SIT),Information Security,INF2102 Security Fundamentals,"This module covers security fundamentals, part of the Information Security programme at Singapore Institute of Technology (SIT). Students explore core theoretical and applied aspects, building competencies for professional practice.","Core security fundamentals concepts, theoretical framework application, analytical problem-solving, academic research skills, practical security fundamentals implementation",https://www.singaporetech.edu.sg/,Undergraduate,4 Credits / 1 Semester,A-Level: H2 Mathematics. Polytechnic IT Diploma. IELTS 6.0+.
Singapore Institute of Technology (SIT),Information Security,INF2103 Network Security,"This module covers network security, part of the Information Security programme at Singapore Institute of Technology (SIT). Students explore core theoretical and applied aspects, building competencies for professional practice.","Core network security concepts, theoretical framework application, analytical problem-solving, academic research skills, practical network security implementation",https://www.singaporetech.edu.sg/,Undergraduate,4 Credits / 1 Semester,A-Level: H2 Mathematics. Polytechnic IT Diploma. IELTS 6.0+.
Singapore Institute of Technology (SIT),Information Security,INF2104 Cryptography,"This module covers cryptography, part of the Information Security programme at Singapore Institute of Technology (SIT). Students explore core theoretical and applied aspects, building competencies for professional practice.","Core cryptography concepts, theoretical framework application, analytical problem-solving, academic research skills, practical cryptography implementation",https://www.singaporetech.edu.sg/,Undergraduate,4 Credits / 1 Semester,A-Level: H2 Mathematics. Polytechnic IT Diploma. IELTS 6.0+.
Singapore Institute of Technology (SIT),Information Security,INF3104 Penetration Testing,"This module covers penetration testing, part of the Information Security programme at Singapore Institute of Technology (SIT). Students explore core theoretical and applied aspects, building competencies for professional practice.","Core penetration testing concepts, theoretical framework application, analytical problem-solving, academic research skills, practical penetration testing implementation",https://www.singaporetech.edu.sg/,Undergraduate,4 Credits / 1 Semester,A-Level: H2 Mathematics. Polytechnic IT Diploma. IELTS 6.0+.
Singapore Institute of Technology (SIT),Information Security,INF3105 Digital Forensics,"This module covers digital forensics, part of the Information Security programme at Singapore Institute of Technology (SIT). Students explore core theoretical and applied aspects, building competencies for professional practice.","Core digital forensics concepts, theoretical framework application, analytical problem-solving, academic research skills, practical digital forensics implementation",https://www.singaporetech.edu.sg/,Undergraduate,4 Credits / 1 Semester,A-Level: H2 Mathematics. Polytechnic IT Diploma. IELTS 6.0+.
Singapore Institute of Technology (SIT),Information Security,INF3106 Malware Analysis,"This module covers malware analysis, part of the Information Security programme at Singapore Institute of Technology (SIT). Students explore core theoretical and applied aspects, building competencies for professional practice.","Core malware analysis concepts, theoretical framework application, analytical problem-solving, academic research skills, practical malware analysis implementation",https://www.singaporetech.edu.sg/,Undergraduate,4 Credits / 1 Semester,A-Level: H2 Mathematics. Polytechnic IT Diploma. IELTS 6.0+.
Singapore Institute of Technology (SIT),Information Security,INF3107 Secure Software Development,"This module covers secure software development, part of the Information Security programme at Singapore Institute of Technology (SIT). Students explore core theoretical and applied aspects, building competencies for professional practice.","Core secure software development concepts, theoretical framework application, analytical problem-solving, academic research skills, practical secure software development implementation",https://www.singaporetech.edu.sg/,Undergraduate,4 Credits / 1 Semester,A-Level: H2 Mathematics. Polytechnic IT Diploma. IELTS 6.0+.
Singapore Institute of Technology (SIT),Information Security,INF3108 Cloud Security,"This module covers cloud security, part of the Information Security programme at Singapore Institute of Technology (SIT). Students explore core theoretical and applied aspects, building competencies for professional practice.","Core cloud security concepts, theoretical framework application, analytical problem-solving, academic research skills, practical cloud security implementation",https://www.singaporetech.edu.sg/,Undergraduate,4 Credits / 1 Semester,A-Level: H2 Mathematics. Polytechnic IT Diploma. IELTS 6.0+.
Singapore Institute of Technology (SIT),Information Security,INF4102 Information Security Capstone,"Studies access control, authentication, cryptography, network defence, and security policy for enterprise environments.","Access control design, public key cryptography, firewall configuration, security policy writing, risk assessment",https://www.singaporetech.edu.sg/,Undergraduate,8 Credits / 1 Semester,A-Level: H2 Mathematics. Polytechnic IT Diploma. IELTS 6.0+.
Singapore Institute of Technology (SIT),ICT and Systems,INF1004 Statistics and Probability,"Covers random variables, distributions, Bayes theorem, expectation, and limit theorems with engineering applications.","Probability modelling, Bayesian inference, Monte Carlo simulation, hypothesis testing, stochastic analysis",https://www.singaporetech.edu.sg/,Undergraduate,4 Credits / 1 Semester,GCE A-Level or Polytechnic Diploma. IELTS 6.0–6.5+.
Singapore Institute of Technology (SIT),ICT and Systems,INF2001 Operating Systems,"Analyses process scheduling, memory management, file systems, and I/O handling with practical implementation labs.","Process scheduling, memory allocation, file system design, deadlock detection, system call programming",https://www.singaporetech.edu.sg/,Undergraduate,4 Credits / 1 Semester,GCE A-Level or Polytechnic Diploma. IELTS 6.0–6.5+.
Singapore Institute of Technology (SIT),ICT and Systems,INF2003 Computer Networks,"Studies OSI and TCP/IP network architectures, routing, switching, HTTP, DNS, and network security protocols.","TCP/IP configuration, routing protocol analysis, socket programming, network security evaluation, Wireshark analysis",https://www.singaporetech.edu.sg/,Undergraduate,4 Credits / 1 Semester,GCE A-Level or Polytechnic Diploma. IELTS 6.0–6.5+.
Singapore Institute of Technology (SIT),ICT and Systems,INF3001 Mobile Applications Development,"Covers Android and iOS app development including UI design, data persistence, API consumption, and app store deployment.","Android/iOS UI design, REST API consumption, local storage, push notifications, app publishing",https://www.singaporetech.edu.sg/,Undergraduate,4 Credits / 1 Semester,GCE A-Level or Polytechnic Diploma. IELTS 6.0–6.5+.
Singapore Institute of Technology (SIT),ICT and Systems,INF3002 Web Applications Development,"Covers full-stack web development including front-end frameworks, RESTful APIs, authentication, and database integration.","HTML/CSS/JavaScript, REST API design, React or Vue.js, backend frameworks, database integration",https://www.singaporetech.edu.sg/,Undergraduate,4 Credits / 1 Semester,GCE A-Level or Polytechnic Diploma. IELTS 6.0–6.5+.
Singapore Institute of Technology (SIT),ICT and Systems,INF3003 Distributed Computing,"This module covers distributed computing, part of the ICT and Systems programme at Singapore Institute of Technology (SIT). Students explore core theoretical and applied aspects, building competencies for professional practice.","Core distributed computing concepts, theoretical framework application, analytical problem-solving, academic research skills, practical distributed computing implementation",https://www.singaporetech.edu.sg/,Undergraduate,4 Credits / 1 Semester,GCE A-Level or Polytechnic Diploma. IELTS 6.0–6.5+.
Singapore Institute of Technology (SIT),ICT and Systems,INF3005 Artificial Intelligence,"Explores search algorithms, knowledge representation, planning, and reasoning under uncertainty.","Heuristic search, Bayesian reasoning, propositional logic, constraint satisfaction, decision tree construction",https://www.singaporetech.edu.sg/,Undergraduate,4 Credits / 1 Semester,GCE A-Level or Polytechnic Diploma. IELTS 6.0–6.5+.
Singapore Institute of Technology (SIT),ICT and Systems,INF3008 Big Data Analytics,"Covers Hadoop, Apache Spark, real-time stream processing, and NoSQL storage for large-scale data pipelines.","Spark DataFrame programming, HDFS management, Kafka streaming, NoSQL querying, ETL pipeline design",https://www.singaporetech.edu.sg/,Undergraduate,4 Credits / 1 Semester,GCE A-Level or Polytechnic Diploma. IELTS 6.0–6.5+.
Singapore Institute of Technology (SIT),ICT and Systems,INF4001 ICT Capstone,"This module covers ict capstone, part of the ICT and Systems programme at Singapore Institute of Technology (SIT). Students explore core theoretical and applied aspects, building competencies for professional practice.","Core ict capstone concepts, theoretical framework application, analytical problem-solving, academic research skills, practical ict capstone implementation",https://www.singaporetech.edu.sg/,Undergraduate,8 Credits / 1 Semester,GCE A-Level or Polytechnic Diploma. IELTS 6.0–6.5+.
Singapore Institute of Technology (SIT),Business Administration,BUS1002 Applied Business Communication,"This module covers applied business communication, part of the Business Administration programme at Singapore Institute of Technology (SIT). Students explore core theoretical and applied aspects, building competencies for professional practice.","Core applied business communication concepts, theoretical framework application, analytical problem-solving, academic research skills, practical applied business communication implementation",https://www.singaporetech.edu.sg/,Undergraduate,4 Credits / 1 Semester,A-Level or Polytechnic Diploma. IELTS 6.0+.
Singapore Institute of Technology (SIT),Business Administration,BUS1003 Accounting,"Introduces financial and managerial accounting including double-entry bookkeeping, financial statement preparation, and cost accounting.","Double-entry bookkeeping, balance sheet preparation, income statement analysis, CVP analysis, ratio interpretation",https://www.singaporetech.edu.sg/,Undergraduate,4 Credits / 1 Semester,A-Level or Polytechnic Diploma. IELTS 6.0+.
Singapore Institute of Technology (SIT),Business Administration,BUS1004 Microeconomics for Business,Analyses individual and firm behaviour and national economic systems with policy implications.,"Supply-demand analysis, elasticity calculation, game theory, GDP interpretation, fiscal policy assessment",https://www.singaporetech.edu.sg/,Undergraduate,4 Credits / 1 Semester,A-Level or Polytechnic Diploma. IELTS 6.0+.
Singapore Institute of Technology (SIT),Business Administration,BUS2001 Business Finance,"This module covers business finance, part of the Business Administration programme at Singapore Institute of Technology (SIT). Students explore core theoretical and applied aspects, building competencies for professional practice.","Core business finance concepts, theoretical framework application, analytical problem-solving, academic research skills, practical business finance implementation",https://www.singaporetech.edu.sg/,Undergraduate,4 Credits / 1 Semester,A-Level or Polytechnic Diploma. IELTS 6.0+.
Singapore Institute of Technology (SIT),Business Administration,BUS2002 Marketing Management,"Covers planning, organising, leading, and controlling including strategy, change management, and organisational behaviour.","Strategic planning, team leadership, change management, performance measurement, stakeholder analysis",https://www.singaporetech.edu.sg/,Undergraduate,4 Credits / 1 Semester,A-Level or Polytechnic Diploma. IELTS 6.0+.
Singapore Institute of Technology (SIT),Business Administration,BUS2003 Operations and Supply Chain Management,"Covers supply chain design, procurement, inventory management, demand forecasting, and logistics optimisation.","Inventory optimisation, demand forecasting, supplier evaluation, logistics cost analysis, risk management",https://www.singaporetech.edu.sg/,Undergraduate,4 Credits / 1 Semester,A-Level or Polytechnic Diploma. IELTS 6.0+.
Singapore Institute of Technology (SIT),Business Administration,BUS2004 Organisational Behaviour,"This module covers organisational behaviour, part of the Business Administration programme at Singapore Institute of Technology (SIT). Students explore core theoretical and applied aspects, building competencies for professional practice.","Core organisational behaviour concepts, theoretical framework application, analytical problem-solving, academic research skills, practical organisational behaviour implementation",https://www.singaporetech.edu.sg/,Undergraduate,4 Credits / 1 Semester,A-Level or Polytechnic Diploma. IELTS 6.0+.
Singapore Institute of Technology (SIT),Business Administration,BUS3001 Strategic Management,"Covers planning, organising, leading, and controlling including strategy, change management, and organisational behaviour.","Strategic planning, team leadership, change management, performance measurement, stakeholder analysis",https://www.singaporetech.edu.sg/,Undergraduate,4 Credits / 1 Semester,A-Level or Polytechnic Diploma. IELTS 6.0+.
Singapore Institute of Technology (SIT),Business Administration,BUS3002 Human Resource Management,"Covers recruitment, performance management, training, compensation, and employment law.","Recruitment design, performance appraisal, training needs analysis, compensation benchmarking, HR policy formulation",https://www.singaporetech.edu.sg/,Undergraduate,4 Credits / 1 Semester,A-Level or Polytechnic Diploma. IELTS 6.0+.
Singapore Institute of Technology (SIT),Business Administration,BUS3003 Entrepreneurship,Guides students from opportunity recognition through business model development and lean startup methodology.,"Business model canvas, lean startup, market validation, investor pitch, financial forecasting",https://www.singaporetech.edu.sg/,Undergraduate,4 Credits / 1 Semester,A-Level or Polytechnic Diploma. IELTS 6.0+.
Singapore Institute of Technology (SIT),Business Administration,BUS3004 Digital Business,"This module covers digital business, part of the Business Administration programme at Singapore Institute of Technology (SIT). Students explore core theoretical and applied aspects, building competencies for professional practice.","Core digital business concepts, theoretical framework application, analytical problem-solving, academic research skills, practical digital business implementation",https://www.singaporetech.edu.sg/,Undergraduate,4 Credits / 1 Semester,A-Level or Polytechnic Diploma. IELTS 6.0+.
Singapore Institute of Technology (SIT),Business Administration,BUS4001 Business Capstone,"This module covers business capstone, part of the Business Administration programme at Singapore Institute of Technology (SIT). Students explore core theoretical and applied aspects, building competencies for professional practice.","Core business capstone concepts, theoretical framework application, analytical problem-solving, academic research skills, practical business capstone implementation",https://www.singaporetech.edu.sg/,Undergraduate,8 Credits / 1 Semester,A-Level or Polytechnic Diploma. IELTS 6.0+.
Singapore Institute of Technology (SIT),Electrical Power Engineering,ENG1001 Engineering Mathematics,"This module covers engineering mathematics, part of the Electrical Power Engineering programme at Singapore Institute of Technology (SIT). Students explore core theoretical and applied aspects, building competencies for professional practice.","Core engineering mathematics concepts, theoretical framework application, analytical problem-solving, academic research skills, practical engineering mathematics implementation",https://www.singaporetech.edu.sg/,Undergraduate,4 Credits / 1 Semester,A-Level: H2 Mathematics + H2 Physics. IELTS 6.0+.
Singapore Institute of Technology (SIT),Electrical Power Engineering,ENG1002 Electric Circuit Analysis,"Studies electrical circuit analysis using KVL/KCL, Thevenin/Norton theorems, AC phasors, and transient analysis.","KVL/KCL application, Thevenin equivalent circuit, AC phasor analysis, transient response, circuit simulation",https://www.singaporetech.edu.sg/,Undergraduate,4 Credits / 1 Semester,A-Level: H2 Mathematics + H2 Physics. IELTS 6.0+.
Singapore Institute of Technology (SIT),Electrical Power Engineering,ENG2001 Electronics,"Covers semiconductor physics, diode and transistor circuits, op-amps, and digital logic design.","Diode circuit analysis, transistor biasing, op-amp circuit design, digital logic implementation, circuit simulation",https://www.singaporetech.edu.sg/,Undergraduate,4 Credits / 1 Semester,A-Level: H2 Mathematics + H2 Physics. IELTS 6.0+.
Singapore Institute of Technology (SIT),Electrical Power Engineering,ENG2002 Power Systems,"Covers power generation, transmission, distribution, and protection systems.","Power flow analysis, fault calculation, protection coordination, transformer design, grid stability",https://www.singaporetech.edu.sg/,Undergraduate,4 Credits / 1 Semester,A-Level: H2 Mathematics + H2 Physics. IELTS 6.0+.
Singapore Institute of Technology (SIT),Electrical Power Engineering,ENG2003 Control Systems,"Studies feedback control systems, PID controllers, stability analysis, and state-space methods.","PID controller tuning, stability analysis, Bode plot interpretation, state-space modelling, digital control design",https://www.singaporetech.edu.sg/,Undergraduate,4 Credits / 1 Semester,A-Level: H2 Mathematics + H2 Physics. IELTS 6.0+.
Singapore Institute of Technology (SIT),Electrical Power Engineering,ENG2004 Electric Machines,"This module covers electric machines, part of the Electrical Power Engineering programme at Singapore Institute of Technology (SIT). Students explore core theoretical and applied aspects, building competencies for professional practice.","Core electric machines concepts, theoretical framework application, analytical problem-solving, academic research skills, practical electric machines implementation",https://www.singaporetech.edu.sg/,Undergraduate,4 Credits / 1 Semester,A-Level: H2 Mathematics + H2 Physics. IELTS 6.0+.
Singapore Institute of Technology (SIT),Electrical Power Engineering,ENG3001 Power Electronics,"Covers semiconductor physics, diode and transistor circuits, op-amps, and digital logic design.","Diode circuit analysis, transistor biasing, op-amp circuit design, digital logic implementation, circuit simulation",https://www.singaporetech.edu.sg/,Undergraduate,4 Credits / 1 Semester,A-Level: H2 Mathematics + H2 Physics. IELTS 6.0+.
Singapore Institute of Technology (SIT),Electrical Power Engineering,ENG3002 Renewable Energy Systems,"Examines solar, wind, hydro, and bioenergy systems including resource assessment, design, and grid integration.","Solar irradiance analysis, wind turbine sizing, grid integration, energy storage, techno-economic assessment",https://www.singaporetech.edu.sg/,Undergraduate,4 Credits / 1 Semester,A-Level: H2 Mathematics + H2 Physics. IELTS 6.0+.
Singapore Institute of Technology (SIT),Electrical Power Engineering,ENG3003 Smart Grid,"This module covers smart grid, part of the Electrical Power Engineering programme at Singapore Institute of Technology (SIT). Students explore core theoretical and applied aspects, building competencies for professional practice.","Core smart grid concepts, theoretical framework application, analytical problem-solving, academic research skills, practical smart grid implementation",https://www.singaporetech.edu.sg/,Undergraduate,4 Credits / 1 Semester,A-Level: H2 Mathematics + H2 Physics. IELTS 6.0+.
Singapore Institute of Technology (SIT),Electrical Power Engineering,ENG3004 Power System Protection,"Covers power generation, transmission, distribution, and protection systems.","Power flow analysis, fault calculation, protection coordination, transformer design, grid stability",https://www.singaporetech.edu.sg/,Undergraduate,4 Credits / 1 Semester,A-Level: H2 Mathematics + H2 Physics. IELTS 6.0+.
Singapore Institute of Technology (SIT),Electrical Power Engineering,ENG4001 Electrical Engineering Capstone,"This module covers electrical engineering capstone, part of the Electrical Power Engineering programme at Singapore Institute of Technology (SIT). Students explore core theoretical and applied aspects, building competencies for professional practice.","Core electrical engineering capstone concepts, theoretical framework application, analytical problem-solving, academic research skills, practical electrical engineering capstone implementation",https://www.singaporetech.edu.sg/,Undergraduate,8 Credits / 1 Semester,A-Level: H2 Mathematics + H2 Physics. IELTS 6.0+.
Singapore Polytechnic (SP),Diploma in Information Technology,IT1001 Computational Thinking and Programming,"This module covers computational thinking and programming, part of the Diploma in Information Technology programme at Singapore Polytechnic (SP). Students explore core theoretical and applied aspects, building competencies for professional practice.","Core computational thinking and programming concepts, theoretical framework application, analytical problem-solving, academic research skills, practical computational thinking and programming implementation",https://www.sp.edu.sg/,Undergraduate,4 Credits / 1 Semester,A-Level or Polytechnic Diploma in IT. IELTS 6.0+.
Singapore Polytechnic (SP),Diploma in Information Technology,IT1002 Web Application Development,"Covers full-stack web development including front-end frameworks, RESTful APIs, authentication, and database integration.","HTML/CSS/JavaScript, REST API design, React or Vue.js, backend frameworks, database integration",https://www.sp.edu.sg/,Undergraduate,4 Credits / 1 Semester,A-Level or Polytechnic Diploma in IT. IELTS 6.0+.
Singapore Polytechnic (SP),Diploma in Information Technology,IT2001 Database Design and Development,"Examines relational database design, SQL querying, normalisation theory, transaction management, and indexing strategies.","SQL query writing, ER diagram design, normalisation, transaction management, index optimisation",https://www.sp.edu.sg/,Undergraduate,4 Credits / 1 Semester,A-Level or Polytechnic Diploma in IT. IELTS 6.0+.
Singapore Polytechnic (SP),Diploma in Information Technology,IT2002 Object-Oriented Programming,"This module covers object-oriented programming, part of the Diploma in Information Technology programme at Singapore Polytechnic (SP). Students explore core theoretical and applied aspects, building competencies for professional practice.","Core object-oriented programming concepts, theoretical framework application, analytical problem-solving, academic research skills, practical object-oriented programming implementation",https://www.sp.edu.sg/,Undergraduate,4 Credits / 1 Semester,A-Level or Polytechnic Diploma in IT. IELTS 6.0+.
Singapore Polytechnic (SP),Diploma in Information Technology,IT2003 Operating Systems and Networking,"Analyses process scheduling, memory management, file systems, and I/O handling with practical implementation labs.","Process scheduling, memory allocation, file system design, deadlock detection, system call programming",https://www.sp.edu.sg/,Undergraduate,4 Credits / 1 Semester,A-Level or Polytechnic Diploma in IT. IELTS 6.0+.
Singapore Polytechnic (SP),Diploma in Information Technology,IT2004 Software Engineering,"Covers the full SDLC from requirements through design, implementation, testing, and maintenance, emphasising agile methods.","Requirements documentation, UML modelling, agile sprint planning, integration testing, Git version control",https://www.sp.edu.sg/,Undergraduate,4 Credits / 1 Semester,A-Level or Polytechnic Diploma in IT. IELTS 6.0+.
Singapore Polytechnic (SP),Diploma in Information Technology,IT3001 Application Security,"This module covers application security, part of the Diploma in Information Technology programme at Singapore Polytechnic (SP). Students explore core theoretical and applied aspects, building competencies for professional practice.","Core application security concepts, theoretical framework application, analytical problem-solving, academic research skills, practical application security implementation",https://www.sp.edu.sg/,Undergraduate,4 Credits / 1 Semester,A-Level or Polytechnic Diploma in IT. IELTS 6.0+.
Singapore Polytechnic (SP),Diploma in Information Technology,IT3002 Cloud Computing,"Examines IaaS/PaaS/SaaS models with AWS/Azure/GCP hands-on, containerisation, and serverless computing.","Cloud provisioning, Docker containerisation, Kubernetes orchestration, serverless functions, cost optimisation",https://www.sp.edu.sg/,Undergraduate,4 Credits / 1 Semester,A-Level or Polytechnic Diploma in IT. IELTS 6.0+.
Singapore Polytechnic (SP),Diploma in Information Technology,IT3003 Mobile Application Development,"Covers Android and iOS app development including UI design, data persistence, API consumption, and app store deployment.","Android/iOS UI design, REST API consumption, local storage, push notifications, app publishing",https://www.sp.edu.sg/,Undergraduate,4 Credits / 1 Semester,A-Level or Polytechnic Diploma in IT. IELTS 6.0+.
Singapore Polytechnic (SP),Diploma in Information Technology,IT3004 Data Analytics,"This module covers data analytics, part of the Diploma in Information Technology programme at Singapore Polytechnic (SP). Students explore core theoretical and applied aspects, building competencies for professional practice.","Core data analytics concepts, theoretical framework application, analytical problem-solving, academic research skills, practical data analytics implementation",https://www.sp.edu.sg/,Undergraduate,4 Credits / 1 Semester,A-Level or Polytechnic Diploma in IT. IELTS 6.0+.
Singapore Polytechnic (SP),Diploma in Information Technology,IT3005 IT Project,"This module covers it project, part of the Diploma in Information Technology programme at Singapore Polytechnic (SP). Students explore core theoretical and applied aspects, building competencies for professional practice.","Core it project concepts, theoretical framework application, analytical problem-solving, academic research skills, practical it project implementation",https://www.sp.edu.sg/,Undergraduate,6 Credits / 1 Semester,A-Level or Polytechnic Diploma in IT. IELTS 6.0+.
Singapore Polytechnic (SP),Diploma in Business,BUS1001 Principles of Business,"This module covers principles of business, part of the Diploma in Business programme at Singapore Polytechnic (SP). Students explore core theoretical and applied aspects, building competencies for professional practice.","Core principles of business concepts, theoretical framework application, analytical problem-solving, academic research skills, practical principles of business implementation",https://www.sp.edu.sg/,Undergraduate,4 Credits / 1 Semester,GCE A-Level or Polytechnic Diploma. IELTS 6.0–6.5+.
Singapore Polytechnic (SP),Diploma in Business,BUS1002 Business Communication,"This module covers business communication, part of the Diploma in Business programme at Singapore Polytechnic (SP). Students explore core theoretical and applied aspects, building competencies for professional practice.","Core business communication concepts, theoretical framework application, analytical problem-solving, academic research skills, practical business communication implementation",https://www.sp.edu.sg/,Undergraduate,4 Credits / 1 Semester,GCE A-Level or Polytechnic Diploma. IELTS 6.0–6.5+.
Singapore Polytechnic (SP),Diploma in Business,ACC1001 Accounting Fundamentals,"Introduces financial and managerial accounting including double-entry bookkeeping, financial statement preparation, and cost accounting.","Double-entry bookkeeping, balance sheet preparation, income statement analysis, CVP analysis, ratio interpretation",https://www.sp.edu.sg/,Undergraduate,4 Credits / 1 Semester,GCE A-Level or Polytechnic Diploma. IELTS 6.0–6.5+.
Singapore Polytechnic (SP),Diploma in Business,BUS2001 Marketing Management,"Covers planning, organising, leading, and controlling including strategy, change management, and organisational behaviour.","Strategic planning, team leadership, change management, performance measurement, stakeholder analysis",https://www.sp.edu.sg/,Undergraduate,4 Credits / 1 Semester,GCE A-Level or Polytechnic Diploma. IELTS 6.0–6.5+.
Singapore Polytechnic (SP),Diploma in Business,BUS2002 Financial Management,"Covers planning, organising, leading, and controlling including strategy, change management, and organisational behaviour.","Strategic planning, team leadership, change management, performance measurement, stakeholder analysis",https://www.sp.edu.sg/,Undergraduate,4 Credits / 1 Semester,GCE A-Level or Polytechnic Diploma. IELTS 6.0–6.5+.
Singapore Polytechnic (SP),Diploma in Business,BUS2003 Operations Management,"Covers planning, organising, leading, and controlling including strategy, change management, and organisational behaviour.","Strategic planning, team leadership, change management, performance measurement, stakeholder analysis",https://www.sp.edu.sg/,Undergraduate,4 Credits / 1 Semester,GCE A-Level or Polytechnic Diploma. IELTS 6.0–6.5+.
Singapore Polytechnic (SP),Diploma in Business,BUS2004 Human Resource Management,"Covers recruitment, performance management, training, compensation, and employment law.","Recruitment design, performance appraisal, training needs analysis, compensation benchmarking, HR policy formulation",https://www.sp.edu.sg/,Undergraduate,4 Credits / 1 Semester,GCE A-Level or Polytechnic Diploma. IELTS 6.0–6.5+.
Singapore Polytechnic (SP),Diploma in Business,BUS3001 Strategic Management,"Covers planning, organising, leading, and controlling including strategy, change management, and organisational behaviour.","Strategic planning, team leadership, change management, performance measurement, stakeholder analysis",https://www.sp.edu.sg/,Undergraduate,4 Credits / 1 Semester,GCE A-Level or Polytechnic Diploma. IELTS 6.0–6.5+.
Singapore Polytechnic (SP),Diploma in Business,BUS3002 Entrepreneurship,Guides students from opportunity recognition through business model development and lean startup methodology.,"Business model canvas, lean startup, market validation, investor pitch, financial forecasting",https://www.sp.edu.sg/,Undergraduate,4 Credits / 1 Semester,GCE A-Level or Polytechnic Diploma. IELTS 6.0–6.5+.
Singapore Polytechnic (SP),Diploma in Business,BUS3003 Digital Business,"This module covers digital business, part of the Diploma in Business programme at Singapore Polytechnic (SP). Students explore core theoretical and applied aspects, building competencies for professional practice.","Core digital business concepts, theoretical framework application, analytical problem-solving, academic research skills, practical digital business implementation",https://www.sp.edu.sg/,Undergraduate,4 Credits / 1 Semester,GCE A-Level or Polytechnic Diploma. IELTS 6.0–6.5+.
Singapore Polytechnic (SP),Diploma in Business,BUS3004 Business Project,"This module covers business project, part of the Diploma in Business programme at Singapore Polytechnic (SP). Students explore core theoretical and applied aspects, building competencies for professional practice.","Core business project concepts, theoretical framework application, analytical problem-solving, academic research skills, practical business project implementation",https://www.sp.edu.sg/,Undergraduate,6 Credits / 1 Semester,GCE A-Level or Polytechnic Diploma. IELTS 6.0–6.5+.
Singapore Polytechnic (SP),Diploma in Electrical and Electronic Engineering,EEE1001 Mathematics for Engineering,"This module covers mathematics for engineering, part of the Diploma in Electrical and Electronic Engineering programme at Singapore Polytechnic (SP). Students explore core theoretical and applied aspects, building competencies for professional practice.","Core mathematics for engineering concepts, theoretical framework application, analytical problem-solving, academic research skills, practical mathematics for engineering implementation",https://www.sp.edu.sg/,Undergraduate,4 Credits / 1 Semester,A-Level: H2 Mathematics + H2 Physics. IELTS 6.0+.
Singapore Polytechnic (SP),Diploma in Electrical and Electronic Engineering,EEE1002 Circuit Analysis,"Studies electrical circuit analysis using KVL/KCL, Thevenin/Norton theorems, AC phasors, and transient analysis.","KVL/KCL application, Thevenin equivalent circuit, AC phasor analysis, transient response, circuit simulation",https://www.sp.edu.sg/,Undergraduate,4 Credits / 1 Semester,A-Level: H2 Mathematics + H2 Physics. IELTS 6.0+.
Singapore Polytechnic (SP),Diploma in Electrical and Electronic Engineering,EEE1003 Electronics 1,"Covers semiconductor physics, diode and transistor circuits, op-amps, and digital logic design.","Diode circuit analysis, transistor biasing, op-amp circuit design, digital logic implementation, circuit simulation",https://www.sp.edu.sg/,Undergraduate,4 Credits / 1 Semester,A-Level: H2 Mathematics + H2 Physics. IELTS 6.0+.
Singapore Polytechnic (SP),Diploma in Electrical and Electronic Engineering,EEE2001 Electronics 2,"Covers semiconductor physics, diode and transistor circuits, op-amps, and digital logic design.","Diode circuit analysis, transistor biasing, op-amp circuit design, digital logic implementation, circuit simulation",https://www.sp.edu.sg/,Undergraduate,4 Credits / 1 Semester,A-Level: H2 Mathematics + H2 Physics. IELTS 6.0+.
Singapore Polytechnic (SP),Diploma in Electrical and Electronic Engineering,EEE2002 Digital Systems,"This module covers digital systems, part of the Diploma in Electrical and Electronic Engineering programme at Singapore Polytechnic (SP). Students explore core theoretical and applied aspects, building competencies for professional practice.","Core digital systems concepts, theoretical framework application, analytical problem-solving, academic research skills, practical digital systems implementation",https://www.sp.edu.sg/,Undergraduate,4 Credits / 1 Semester,A-Level: H2 Mathematics + H2 Physics. IELTS 6.0+.
Singapore Polytechnic (SP),Diploma in Electrical and Electronic Engineering,EEE2003 Microcontrollers,"Studies feedback control systems, PID controllers, stability analysis, and state-space methods.","PID controller tuning, stability analysis, Bode plot interpretation, state-space modelling, digital control design",https://www.sp.edu.sg/,Undergraduate,4 Credits / 1 Semester,A-Level: H2 Mathematics + H2 Physics. IELTS 6.0+.
Singapore Polytechnic (SP),Diploma in Electrical and Electronic Engineering,EEE2004 Signals and Systems,"This module covers signals and systems, part of the Diploma in Electrical and Electronic Engineering programme at Singapore Polytechnic (SP). Students explore core theoretical and applied aspects, building competencies for professional practice.","Core signals and systems concepts, theoretical framework application, analytical problem-solving, academic research skills, practical signals and systems implementation",https://www.sp.edu.sg/,Undergraduate,4 Credits / 1 Semester,A-Level: H2 Mathematics + H2 Physics. IELTS 6.0+.
Singapore Polytechnic (SP),Diploma in Electrical and Electronic Engineering,EEE3001 Power Systems,"Covers power generation, transmission, distribution, and protection systems.","Power flow analysis, fault calculation, protection coordination, transformer design, grid stability",https://www.sp.edu.sg/,Undergraduate,4 Credits / 1 Semester,A-Level: H2 Mathematics + H2 Physics. IELTS 6.0+.
Singapore Polytechnic (SP),Diploma in Electrical and Electronic Engineering,EEE3002 Control Systems,"Studies feedback control systems, PID controllers, stability analysis, and state-space methods.","PID controller tuning, stability analysis, Bode plot interpretation, state-space modelling, digital control design",https://www.sp.edu.sg/,Undergraduate,4 Credits / 1 Semester,A-Level: H2 Mathematics + H2 Physics. IELTS 6.0+.
Singapore Polytechnic (SP),Diploma in Electrical and Electronic Engineering,EEE3003 IoT Systems,"This module covers iot systems, part of the Diploma in Electrical and Electronic Engineering programme at Singapore Polytechnic (SP). Students explore core theoretical and applied aspects, building competencies for professional practice.","Core iot systems concepts, theoretical framework application, analytical problem-solving, academic research skills, practical iot systems implementation",https://www.sp.edu.sg/,Undergraduate,4 Credits / 1 Semester,A-Level: H2 Mathematics + H2 Physics. IELTS 6.0+.
Singapore Polytechnic (SP),Diploma in Electrical and Electronic Engineering,EEE3004 Capstone Project,"This module covers capstone project, part of the Diploma in Electrical and Electronic Engineering programme at Singapore Polytechnic (SP). Students explore core theoretical and applied aspects, building competencies for professional practice.","Core capstone project concepts, theoretical framework application, analytical problem-solving, academic research skills, practical capstone project implementation",https://www.sp.edu.sg/,Undergraduate,6 Credits / 1 Semester,A-Level: H2 Mathematics + H2 Physics. IELTS 6.0+.
Singapore Polytechnic (SP),Diploma in Mechanical Engineering,ME1001 Engineering Mechanics,"Covers statics, dynamics, kinematics, and material behaviour for engineering applications.","Free body diagram, moment calculation, kinematic analysis, material stress-strain, FEA application",https://www.sp.edu.sg/,Undergraduate,4 Credits / 1 Semester,A-Level: H2 Mathematics + H2 Physics. IELTS 6.0+.
Singapore Polytechnic (SP),Diploma in Mechanical Engineering,ME1002 Engineering Drawing and Design,"This module covers engineering drawing and design, part of the Diploma in Mechanical Engineering programme at Singapore Polytechnic (SP). Students explore core theoretical and applied aspects, building competencies for professional practice.","Core engineering drawing and design concepts, theoretical framework application, analytical problem-solving, academic research skills, practical engineering drawing and design implementation",https://www.sp.edu.sg/,Undergraduate,4 Credits / 1 Semester,A-Level: H2 Mathematics + H2 Physics. IELTS 6.0+.
Singapore Polytechnic (SP),Diploma in Mechanical Engineering,ME2001 Thermodynamics,"Studies heat, work, energy conversion, entropy, and thermodynamic cycles for engineering systems.","Thermodynamic cycle analysis, entropy calculation, heat exchanger design, energy efficiency, combustion analysis",https://www.sp.edu.sg/,Undergraduate,4 Credits / 1 Semester,A-Level: H2 Mathematics + H2 Physics. IELTS 6.0+.
Singapore Polytechnic (SP),Diploma in Mechanical Engineering,ME2002 Fluid Mechanics,"Covers fluid statics, flow dynamics, viscous effects, and turbomachinery for engineering applications.","Bernoulli equation, Reynolds number analysis, pipe flow calculation, turbine design, CFD simulation",https://www.sp.edu.sg/,Undergraduate,4 Credits / 1 Semester,A-Level: H2 Mathematics + H2 Physics. IELTS 6.0+.
Singapore Polytechnic (SP),Diploma in Mechanical Engineering,ME2003 Materials Technology,"Studies crystal structures, mechanical and thermal and electrical properties, and characterisation of engineering materials.","Crystallography, tensile testing, phase diagram reading, materials selection, microstructure analysis",https://www.sp.edu.sg/,Undergraduate,4 Credits / 1 Semester,A-Level: H2 Mathematics + H2 Physics. IELTS 6.0+.
Singapore Polytechnic (SP),Diploma in Mechanical Engineering,ME2004 Manufacturing Processes,"This module covers manufacturing processes, part of the Diploma in Mechanical Engineering programme at Singapore Polytechnic (SP). Students explore core theoretical and applied aspects, building competencies for professional practice.","Core manufacturing processes concepts, theoretical framework application, analytical problem-solving, academic research skills, practical manufacturing processes implementation",https://www.sp.edu.sg/,Undergraduate,4 Credits / 1 Semester,A-Level: H2 Mathematics + H2 Physics. IELTS 6.0+.
Singapore Polytechnic (SP),Diploma in Mechanical Engineering,ME3001 Machine Design,"This module covers machine design, part of the Diploma in Mechanical Engineering programme at Singapore Polytechnic (SP). Students explore core theoretical and applied aspects, building competencies for professional practice.","Core machine design concepts, theoretical framework application, analytical problem-solving, academic research skills, practical machine design implementation",https://www.sp.edu.sg/,Undergraduate,4 Credits / 1 Semester,A-Level: H2 Mathematics + H2 Physics. IELTS 6.0+.
Singapore Polytechnic (SP),Diploma in Mechanical Engineering,ME3002 CAD/CAM,"This module covers cad/cam, part of the Diploma in Mechanical Engineering programme at Singapore Polytechnic (SP). Students explore core theoretical and applied aspects, building competencies for professional practice.","Core cad/cam concepts, theoretical framework application, analytical problem-solving, academic research skills, practical cad/cam implementation",https://www.sp.edu.sg/,Undergraduate,4 Credits / 1 Semester,A-Level: H2 Mathematics + H2 Physics. IELTS 6.0+.
Singapore Polytechnic (SP),Diploma in Mechanical Engineering,ME3003 Automation and Robotics,"Covers robot kinematics, dynamics, sensors, actuators, perception, and motion planning.","Kinematic chain modelling, sensor fusion, motion planning, ROS programming, robot simulation",https://www.sp.edu.sg/,Undergraduate,4 Credits / 1 Semester,A-Level: H2 Mathematics + H2 Physics. IELTS 6.0+.
Singapore Polytechnic (SP),Diploma in Mechanical Engineering,ME3004 Industrial Project,"This module covers industrial project, part of the Diploma in Mechanical Engineering programme at Singapore Polytechnic (SP). Students explore core theoretical and applied aspects, building competencies for professional practice.","Core industrial project concepts, theoretical framework application, analytical problem-solving, academic research skills, practical industrial project implementation",https://www.sp.edu.sg/,Undergraduate,6 Credits / 1 Semester,A-Level: H2 Mathematics + H2 Physics. IELTS 6.0+.
Singapore Polytechnic (SP),Diploma in Accountancy,ACC1002 Business Law,"Introduces legal principles, contract formation, tort liability, and legal reasoning through case analysis.","Legal case analysis, contract elements, tort assessment, statutory interpretation, legal research",https://www.sp.edu.sg/,Undergraduate,4 Credits / 1 Semester,GCE A-Level or Polytechnic Diploma. IELTS 6.0–6.5+.
Singapore Polytechnic (SP),Diploma in Accountancy,ACC2001 Financial Accounting,"Introduces financial and managerial accounting including double-entry bookkeeping, financial statement preparation, and cost accounting.","Double-entry bookkeeping, balance sheet preparation, income statement analysis, CVP analysis, ratio interpretation",https://www.sp.edu.sg/,Undergraduate,4 Credits / 1 Semester,GCE A-Level or Polytechnic Diploma. IELTS 6.0–6.5+.
Singapore Polytechnic (SP),Diploma in Accountancy,ACC2002 Management Accounting,"Introduces financial and managerial accounting including double-entry bookkeeping, financial statement preparation, and cost accounting.","Double-entry bookkeeping, balance sheet preparation, income statement analysis, CVP analysis, ratio interpretation",https://www.sp.edu.sg/,Undergraduate,4 Credits / 1 Semester,GCE A-Level or Polytechnic Diploma. IELTS 6.0–6.5+.
Singapore Polytechnic (SP),Diploma in Accountancy,ACC2003 Taxation,"This module covers taxation, part of the Diploma in Accountancy programme at Singapore Polytechnic (SP). Students explore core theoretical and applied aspects, building competencies for professional practice.","Core taxation concepts, theoretical framework application, analytical problem-solving, academic research skills, practical taxation implementation",https://www.sp.edu.sg/,Undergraduate,4 Credits / 1 Semester,GCE A-Level or Polytechnic Diploma. IELTS 6.0–6.5+.
Singapore Polytechnic (SP),Diploma in Accountancy,ACC2004 Computerised Accounting,"Introduces financial and managerial accounting including double-entry bookkeeping, financial statement preparation, and cost accounting.","Double-entry bookkeeping, balance sheet preparation, income statement analysis, CVP analysis, ratio interpretation",https://www.sp.edu.sg/,Undergraduate,4 Credits / 1 Semester,GCE A-Level or Polytechnic Diploma. IELTS 6.0–6.5+.
Singapore Polytechnic (SP),Diploma in Accountancy,ACC3001 Auditing,"This module covers auditing, part of the Diploma in Accountancy programme at Singapore Polytechnic (SP). Students explore core theoretical and applied aspects, building competencies for professional practice.","Core auditing concepts, theoretical framework application, analytical problem-solving, academic research skills, practical auditing implementation",https://www.sp.edu.sg/,Undergraduate,4 Credits / 1 Semester,GCE A-Level or Polytechnic Diploma. IELTS 6.0–6.5+.
Singapore Polytechnic (SP),Diploma in Accountancy,ACC3002 Corporate Finance,"This module covers corporate finance, part of the Diploma in Accountancy programme at Singapore Polytechnic (SP). Students explore core theoretical and applied aspects, building competencies for professional practice.","Core corporate finance concepts, theoretical framework application, analytical problem-solving, academic research skills, practical corporate finance implementation",https://www.sp.edu.sg/,Undergraduate,4 Credits / 1 Semester,GCE A-Level or Polytechnic Diploma. IELTS 6.0–6.5+.
Singapore Polytechnic (SP),Diploma in Accountancy,ACC3003 Advanced Accounting,"Introduces financial and managerial accounting including double-entry bookkeeping, financial statement preparation, and cost accounting.","Double-entry bookkeeping, balance sheet preparation, income statement analysis, CVP analysis, ratio interpretation",https://www.sp.edu.sg/,Undergraduate,4 Credits / 1 Semester,GCE A-Level or Polytechnic Diploma. IELTS 6.0–6.5+.
Singapore Polytechnic (SP),Diploma in Accountancy,ACC3004 Accounting Project,"Introduces financial and managerial accounting including double-entry bookkeeping, financial statement preparation, and cost accounting.","Double-entry bookkeeping, balance sheet preparation, income statement analysis, CVP analysis, ratio interpretation",https://www.sp.edu.sg/,Undergraduate,6 Credits / 1 Semester,GCE A-Level or Polytechnic Diploma. IELTS 6.0–6.5+.
Ngee Ann Polytechnic (NP),Diploma in Cybersecurity and Digital Forensics,CDF1001 Network Fundamentals,"This module covers network fundamentals, part of the Diploma in Cybersecurity and Digital Forensics programme at Ngee Ann Polytechnic (NP). Students explore core theoretical and applied aspects, building competencies for professional practice.","Core network fundamentals concepts, theoretical framework application, analytical problem-solving, academic research skills, practical network fundamentals implementation",https://www.np.edu.sg/,Undergraduate,4 Credits / 1 Semester,GCE A-Level or Polytechnic Diploma. IELTS 6.0–6.5+.
Ngee Ann Polytechnic (NP),Diploma in Cybersecurity and Digital Forensics,CDF1002 Programming Fundamentals,"This module covers programming fundamentals, part of the Diploma in Cybersecurity and Digital Forensics programme at Ngee Ann Polytechnic (NP). Students explore core theoretical and applied aspects, building competencies for professional practice.","Core programming fundamentals concepts, theoretical framework application, analytical problem-solving, academic research skills, practical programming fundamentals implementation",https://www.np.edu.sg/,Undergraduate,4 Credits / 1 Semester,GCE A-Level or Polytechnic Diploma. IELTS 6.0–6.5+.
Ngee Ann Polytechnic (NP),Diploma in Cybersecurity and Digital Forensics,CDF2001 Cybersecurity Fundamentals,"Covers cryptography, authentication, network security, secure coding, and ethical hacking fundamentals.","Cryptographic protocols, penetration testing, vulnerability scanning, secure coding practices, incident response",https://www.np.edu.sg/,Undergraduate,4 Credits / 1 Semester,GCE A-Level or Polytechnic Diploma. IELTS 6.0–6.5+.
Ngee Ann Polytechnic (NP),Diploma in Cybersecurity and Digital Forensics,CDF2002 Network Security,"This module covers network security, part of the Diploma in Cybersecurity and Digital Forensics programme at Ngee Ann Polytechnic (NP). Students explore core theoretical and applied aspects, building competencies for professional practice.","Core network security concepts, theoretical framework application, analytical problem-solving, academic research skills, practical network security implementation",https://www.np.edu.sg/,Undergraduate,4 Credits / 1 Semester,GCE A-Level or Polytechnic Diploma. IELTS 6.0–6.5+.
Ngee Ann Polytechnic (NP),Diploma in Cybersecurity and Digital Forensics,CDF2003 Digital Forensics,"This module covers digital forensics, part of the Diploma in Cybersecurity and Digital Forensics programme at Ngee Ann Polytechnic (NP). Students explore core theoretical and applied aspects, building competencies for professional practice.","Core digital forensics concepts, theoretical framework application, analytical problem-solving, academic research skills, practical digital forensics implementation",https://www.np.edu.sg/,Undergraduate,4 Credits / 1 Semester,GCE A-Level or Polytechnic Diploma. IELTS 6.0–6.5+.
Ngee Ann Polytechnic (NP),Diploma in Cybersecurity and Digital Forensics,CDF2004 Ethical Hacking,"This module covers ethical hacking, part of the Diploma in Cybersecurity and Digital Forensics programme at Ngee Ann Polytechnic (NP). Students explore core theoretical and applied aspects, building competencies for professional practice.","Core ethical hacking concepts, theoretical framework application, analytical problem-solving, academic research skills, practical ethical hacking implementation",https://www.np.edu.sg/,Undergraduate,4 Credits / 1 Semester,GCE A-Level or Polytechnic Diploma. IELTS 6.0–6.5+.
Ngee Ann Polytechnic (NP),Diploma in Cybersecurity and Digital Forensics,CDF2005 Cryptography,"This module covers cryptography, part of the Diploma in Cybersecurity and Digital Forensics programme at Ngee Ann Polytechnic (NP). Students explore core theoretical and applied aspects, building competencies for professional practice.","Core cryptography concepts, theoretical framework application, analytical problem-solving, academic research skills, practical cryptography implementation",https://www.np.edu.sg/,Undergraduate,4 Credits / 1 Semester,GCE A-Level or Polytechnic Diploma. IELTS 6.0–6.5+.
Ngee Ann Polytechnic (NP),Diploma in Cybersecurity and Digital Forensics,CDF3001 Cloud Security,"This module covers cloud security, part of the Diploma in Cybersecurity and Digital Forensics programme at Ngee Ann Polytechnic (NP). Students explore core theoretical and applied aspects, building competencies for professional practice.","Core cloud security concepts, theoretical framework application, analytical problem-solving, academic research skills, practical cloud security implementation",https://www.np.edu.sg/,Undergraduate,4 Credits / 1 Semester,GCE A-Level or Polytechnic Diploma. IELTS 6.0–6.5+.
Ngee Ann Polytechnic (NP),Diploma in Cybersecurity and Digital Forensics,CDF3002 Malware Analysis,"This module covers malware analysis, part of the Diploma in Cybersecurity and Digital Forensics programme at Ngee Ann Polytechnic (NP). Students explore core theoretical and applied aspects, building competencies for professional practice.","Core malware analysis concepts, theoretical framework application, analytical problem-solving, academic research skills, practical malware analysis implementation",https://www.np.edu.sg/,Undergraduate,4 Credits / 1 Semester,GCE A-Level or Polytechnic Diploma. IELTS 6.0–6.5+.
Ngee Ann Polytechnic (NP),Diploma in Cybersecurity and Digital Forensics,CDF3003 Incident Response,"This module covers incident response, part of the Diploma in Cybersecurity and Digital Forensics programme at Ngee Ann Polytechnic (NP). Students explore core theoretical and applied aspects, building competencies for professional practice.","Core incident response concepts, theoretical framework application, analytical problem-solving, academic research skills, practical incident response implementation",https://www.np.edu.sg/,Undergraduate,4 Credits / 1 Semester,GCE A-Level or Polytechnic Diploma. IELTS 6.0–6.5+.
Ngee Ann Polytechnic (NP),Diploma in Cybersecurity and Digital Forensics,CDF3004 Capstone Project,"This module covers capstone project, part of the Diploma in Cybersecurity and Digital Forensics programme at Ngee Ann Polytechnic (NP). Students explore core theoretical and applied aspects, building competencies for professional practice.","Core capstone project concepts, theoretical framework application, analytical problem-solving, academic research skills, practical capstone project implementation",https://www.np.edu.sg/,Undergraduate,6 Credits / 1 Semester,GCE A-Level or Polytechnic Diploma. IELTS 6.0–6.5+.
Ngee Ann Polytechnic (NP),Diploma in Information Technology,IT1001 Computational Thinking,"This module covers computational thinking, part of the Diploma in Information Technology programme at Ngee Ann Polytechnic (NP). Students explore core theoretical and applied aspects, building competencies for professional practice.","Core computational thinking concepts, theoretical framework application, analytical problem-solving, academic research skills, practical computational thinking implementation",https://www.np.edu.sg/,Undergraduate,4 Credits / 1 Semester,A-Level or Polytechnic Diploma in IT. IELTS 6.0+.
Ngee Ann Polytechnic (NP),Diploma in Information Technology,IT1002 Web Development,"Covers full-stack web development including front-end frameworks, RESTful APIs, authentication, and database integration.","HTML/CSS/JavaScript, REST API design, React or Vue.js, backend frameworks, database integration",https://www.np.edu.sg/,Undergraduate,4 Credits / 1 Semester,A-Level or Polytechnic Diploma in IT. IELTS 6.0+.
Ngee Ann Polytechnic (NP),Diploma in Information Technology,IT2001 Database Systems,"Examines relational database design, SQL querying, normalisation theory, transaction management, and indexing strategies.","SQL query writing, ER diagram design, normalisation, transaction management, index optimisation",https://www.np.edu.sg/,Undergraduate,4 Credits / 1 Semester,A-Level or Polytechnic Diploma in IT. IELTS 6.0+.
Ngee Ann Polytechnic (NP),Diploma in Information Technology,IT2002 Mobile Application Development,"Covers Android and iOS app development including UI design, data persistence, API consumption, and app store deployment.","Android/iOS UI design, REST API consumption, local storage, push notifications, app publishing",https://www.np.edu.sg/,Undergraduate,4 Credits / 1 Semester,A-Level or Polytechnic Diploma in IT. IELTS 6.0+.
Ngee Ann Polytechnic (NP),Diploma in Information Technology,IT2003 Cloud Computing,"Examines IaaS/PaaS/SaaS models with AWS/Azure/GCP hands-on, containerisation, and serverless computing.","Cloud provisioning, Docker containerisation, Kubernetes orchestration, serverless functions, cost optimisation",https://www.np.edu.sg/,Undergraduate,4 Credits / 1 Semester,A-Level or Polytechnic Diploma in IT. IELTS 6.0+.
Ngee Ann Polytechnic (NP),Diploma in Information Technology,IT2004 Software Engineering,"Covers the full SDLC from requirements through design, implementation, testing, and maintenance, emphasising agile methods.","Requirements documentation, UML modelling, agile sprint planning, integration testing, Git version control",https://www.np.edu.sg/,Undergraduate,4 Credits / 1 Semester,A-Level or Polytechnic Diploma in IT. IELTS 6.0+.
Ngee Ann Polytechnic (NP),Diploma in Information Technology,IT3001 Artificial Intelligence,"Explores search algorithms, knowledge representation, planning, and reasoning under uncertainty.","Heuristic search, Bayesian reasoning, propositional logic, constraint satisfaction, decision tree construction",https://www.np.edu.sg/,Undergraduate,4 Credits / 1 Semester,A-Level or Polytechnic Diploma in IT. IELTS 6.0+.
Ngee Ann Polytechnic (NP),Diploma in Information Technology,IT3002 Big Data Analytics,"Covers Hadoop, Apache Spark, real-time stream processing, and NoSQL storage for large-scale data pipelines.","Spark DataFrame programming, HDFS management, Kafka streaming, NoSQL querying, ETL pipeline design",https://www.np.edu.sg/,Undergraduate,4 Credits / 1 Semester,A-Level or Polytechnic Diploma in IT. IELTS 6.0+.
Ngee Ann Polytechnic (NP),Diploma in Information Technology,IT3003 IoT Development,"This module covers iot development, part of the Diploma in Information Technology programme at Ngee Ann Polytechnic (NP). Students explore core theoretical and applied aspects, building competencies for professional practice.","Core iot development concepts, theoretical framework application, analytical problem-solving, academic research skills, practical iot development implementation",https://www.np.edu.sg/,Undergraduate,4 Credits / 1 Semester,A-Level or Polytechnic Diploma in IT. IELTS 6.0+.
Ngee Ann Polytechnic (NP),Diploma in Information Technology,IT3004 IT Project,"This module covers it project, part of the Diploma in Information Technology programme at Ngee Ann Polytechnic (NP). Students explore core theoretical and applied aspects, building competencies for professional practice.","Core it project concepts, theoretical framework application, analytical problem-solving, academic research skills, practical it project implementation",https://www.np.edu.sg/,Undergraduate,6 Credits / 1 Semester,A-Level or Polytechnic Diploma in IT. IELTS 6.0+.
Ngee Ann Polytechnic (NP),Diploma in Business Studies,BUS1001 Introduction to Business,"This module covers introduction to business, part of the Diploma in Business Studies programme at Ngee Ann Polytechnic (NP). Students explore core theoretical and applied aspects, building competencies for professional practice.","Core introduction to business concepts, theoretical framework application, analytical problem-solving, academic research skills, practical introduction to business implementation",https://www.np.edu.sg/,Undergraduate,4 Credits / 1 Semester,GCE A-Level or Polytechnic Diploma. IELTS 6.0–6.5+.
Ngee Ann Polytechnic (NP),Diploma in Business Studies,BUS1002 Business Communication,"This module covers business communication, part of the Diploma in Business Studies programme at Ngee Ann Polytechnic (NP). Students explore core theoretical and applied aspects, building competencies for professional practice.","Core business communication concepts, theoretical framework application, analytical problem-solving, academic research skills, practical business communication implementation",https://www.np.edu.sg/,Undergraduate,4 Credits / 1 Semester,GCE A-Level or Polytechnic Diploma. IELTS 6.0–6.5+.
Ngee Ann Polytechnic (NP),Diploma in Business Studies,BUS2001 Marketing,"Explores market segmentation, consumer behaviour, product development, pricing strategy, and digital marketing channels.","Market segmentation, consumer analysis, brand positioning, marketing mix optimisation, digital strategy",https://www.np.edu.sg/,Undergraduate,4 Credits / 1 Semester,GCE A-Level or Polytechnic Diploma. IELTS 6.0–6.5+.
Ngee Ann Polytechnic (NP),Diploma in Business Studies,BUS2002 Human Resource Management,"Covers recruitment, performance management, training, compensation, and employment law.","Recruitment design, performance appraisal, training needs analysis, compensation benchmarking, HR policy formulation",https://www.np.edu.sg/,Undergraduate,4 Credits / 1 Semester,GCE A-Level or Polytechnic Diploma. IELTS 6.0–6.5+.
Ngee Ann Polytechnic (NP),Diploma in Business Studies,BUS2003 Business Finance,"This module covers business finance, part of the Diploma in Business Studies programme at Ngee Ann Polytechnic (NP). Students explore core theoretical and applied aspects, building competencies for professional practice.","Core business finance concepts, theoretical framework application, analytical problem-solving, academic research skills, practical business finance implementation",https://www.np.edu.sg/,Undergraduate,4 Credits / 1 Semester,GCE A-Level or Polytechnic Diploma. IELTS 6.0–6.5+.
Ngee Ann Polytechnic (NP),Diploma in Business Studies,BUS2004 Operations Management,"Covers planning, organising, leading, and controlling including strategy, change management, and organisational behaviour.","Strategic planning, team leadership, change management, performance measurement, stakeholder analysis",https://www.np.edu.sg/,Undergraduate,4 Credits / 1 Semester,GCE A-Level or Polytechnic Diploma. IELTS 6.0–6.5+.
Ngee Ann Polytechnic (NP),Diploma in Business Studies,BUS3001 Strategic Management,"Covers planning, organising, leading, and controlling including strategy, change management, and organisational behaviour.","Strategic planning, team leadership, change management, performance measurement, stakeholder analysis",https://www.np.edu.sg/,Undergraduate,4 Credits / 1 Semester,GCE A-Level or Polytechnic Diploma. IELTS 6.0–6.5+.
Ngee Ann Polytechnic (NP),Diploma in Business Studies,BUS3002 Entrepreneurship,Guides students from opportunity recognition through business model development and lean startup methodology.,"Business model canvas, lean startup, market validation, investor pitch, financial forecasting",https://www.np.edu.sg/,Undergraduate,4 Credits / 1 Semester,GCE A-Level or Polytechnic Diploma. IELTS 6.0–6.5+.
Ngee Ann Polytechnic (NP),Diploma in Business Studies,BUS3003 Digital Marketing,"Covers SEO, SEM, social media, content marketing, analytics, and marketing automation.","SEO/SEM optimisation, social media strategy, content marketing, Google Analytics, marketing automation",https://www.np.edu.sg/,Undergraduate,4 Credits / 1 Semester,GCE A-Level or Polytechnic Diploma. IELTS 6.0–6.5+.
Ngee Ann Polytechnic (NP),Diploma in Business Studies,BUS3004 Business Project,"This module covers business project, part of the Diploma in Business Studies programme at Ngee Ann Polytechnic (NP). Students explore core theoretical and applied aspects, building competencies for professional practice.","Core business project concepts, theoretical framework application, analytical problem-solving, academic research skills, practical business project implementation",https://www.np.edu.sg/,Undergraduate,6 Credits / 1 Semester,GCE A-Level or Polytechnic Diploma. IELTS 6.0–6.5+.
Ngee Ann Polytechnic (NP),Diploma in Accountancy,ACC1001 Financial Accounting 1,"Introduces financial and managerial accounting including double-entry bookkeeping, financial statement preparation, and cost accounting.","Double-entry bookkeeping, balance sheet preparation, income statement analysis, CVP analysis, ratio interpretation",https://www.np.edu.sg/,Undergraduate,4 Credits / 1 Semester,GCE A-Level or Polytechnic Diploma. IELTS 6.0–6.5+.
Ngee Ann Polytechnic (NP),Diploma in Accountancy,ACC1002 Business Law,"Introduces legal principles, contract formation, tort liability, and legal reasoning through case analysis.","Legal case analysis, contract elements, tort assessment, statutory interpretation, legal research",https://www.np.edu.sg/,Undergraduate,4 Credits / 1 Semester,GCE A-Level or Polytechnic Diploma. IELTS 6.0–6.5+.
Ngee Ann Polytechnic (NP),Diploma in Accountancy,ACC2001 Financial Accounting 2,"Introduces financial and managerial accounting including double-entry bookkeeping, financial statement preparation, and cost accounting.","Double-entry bookkeeping, balance sheet preparation, income statement analysis, CVP analysis, ratio interpretation",https://www.np.edu.sg/,Undergraduate,4 Credits / 1 Semester,GCE A-Level or Polytechnic Diploma. IELTS 6.0–6.5+.
Ngee Ann Polytechnic (NP),Diploma in Accountancy,ACC2002 Management Accounting,"Introduces financial and managerial accounting including double-entry bookkeeping, financial statement preparation, and cost accounting.","Double-entry bookkeeping, balance sheet preparation, income statement analysis, CVP analysis, ratio interpretation",https://www.np.edu.sg/,Undergraduate,4 Credits / 1 Semester,GCE A-Level or Polytechnic Diploma. IELTS 6.0–6.5+.
Ngee Ann Polytechnic (NP),Diploma in Accountancy,ACC2003 Taxation,"This module covers taxation, part of the Diploma in Accountancy programme at Ngee Ann Polytechnic (NP). Students explore core theoretical and applied aspects, building competencies for professional practice.","Core taxation concepts, theoretical framework application, analytical problem-solving, academic research skills, practical taxation implementation",https://www.np.edu.sg/,Undergraduate,4 Credits / 1 Semester,GCE A-Level or Polytechnic Diploma. IELTS 6.0–6.5+.
Ngee Ann Polytechnic (NP),Diploma in Accountancy,ACC2004 Computerised Accounting,"Introduces financial and managerial accounting including double-entry bookkeeping, financial statement preparation, and cost accounting.","Double-entry bookkeeping, balance sheet preparation, income statement analysis, CVP analysis, ratio interpretation",https://www.np.edu.sg/,Undergraduate,4 Credits / 1 Semester,GCE A-Level or Polytechnic Diploma. IELTS 6.0–6.5+.
Ngee Ann Polytechnic (NP),Diploma in Accountancy,ACC3001 Auditing,"This module covers auditing, part of the Diploma in Accountancy programme at Ngee Ann Polytechnic (NP). Students explore core theoretical and applied aspects, building competencies for professional practice.","Core auditing concepts, theoretical framework application, analytical problem-solving, academic research skills, practical auditing implementation",https://www.np.edu.sg/,Undergraduate,4 Credits / 1 Semester,GCE A-Level or Polytechnic Diploma. IELTS 6.0–6.5+.
Ngee Ann Polytechnic (NP),Diploma in Accountancy,ACC3002 Advanced Financial Accounting,"Introduces financial and managerial accounting including double-entry bookkeeping, financial statement preparation, and cost accounting.","Double-entry bookkeeping, balance sheet preparation, income statement analysis, CVP analysis, ratio interpretation",https://www.np.edu.sg/,Undergraduate,4 Credits / 1 Semester,GCE A-Level or Polytechnic Diploma. IELTS 6.0–6.5+.
Ngee Ann Polytechnic (NP),Diploma in Accountancy,ACC3003 Business Statistics,"This module covers business statistics, part of the Diploma in Accountancy programme at Ngee Ann Polytechnic (NP). Students explore core theoretical and applied aspects, building competencies for professional practice.","Core business statistics concepts, theoretical framework application, analytical problem-solving, academic research skills, practical business statistics implementation",https://www.np.edu.sg/,Undergraduate,4 Credits / 1 Semester,GCE A-Level or Polytechnic Diploma. IELTS 6.0–6.5+.
Ngee Ann Polytechnic (NP),Diploma in Accountancy,ACC3004 Accountancy Project,"This module covers accountancy project, part of the Diploma in Accountancy programme at Ngee Ann Polytechnic (NP). Students explore core theoretical and applied aspects, building competencies for professional practice.","Core accountancy project concepts, theoretical framework application, analytical problem-solving, academic research skills, practical accountancy project implementation",https://www.np.edu.sg/,Undergraduate,6 Credits / 1 Semester,GCE A-Level or Polytechnic Diploma. IELTS 6.0–6.5+.
Ngee Ann Polytechnic (NP),Diploma in Engineering,ENG1001 Engineering Mathematics,"This module covers engineering mathematics, part of the Diploma in Engineering programme at Ngee Ann Polytechnic (NP). Students explore core theoretical and applied aspects, building competencies for professional practice.","Core engineering mathematics concepts, theoretical framework application, analytical problem-solving, academic research skills, practical engineering mathematics implementation",https://www.np.edu.sg/,Undergraduate,4 Credits / 1 Semester,A-Level: H2 Mathematics + H2 Physics. IELTS 6.0+.
Ngee Ann Polytechnic (NP),Diploma in Engineering,ENG1002 Engineering Drawing,"This module covers engineering drawing, part of the Diploma in Engineering programme at Ngee Ann Polytechnic (NP). Students explore core theoretical and applied aspects, building competencies for professional practice.","Core engineering drawing concepts, theoretical framework application, analytical problem-solving, academic research skills, practical engineering drawing implementation",https://www.np.edu.sg/,Undergraduate,4 Credits / 1 Semester,A-Level: H2 Mathematics + H2 Physics. IELTS 6.0+.
Ngee Ann Polytechnic (NP),Diploma in Engineering,ENG2001 Mechanics of Materials,"Covers statics, dynamics, kinematics, and material behaviour for engineering applications.","Free body diagram, moment calculation, kinematic analysis, material stress-strain, FEA application",https://www.np.edu.sg/,Undergraduate,4 Credits / 1 Semester,A-Level: H2 Mathematics + H2 Physics. IELTS 6.0+.
Ngee Ann Polytechnic (NP),Diploma in Engineering,ENG2002 Manufacturing Technology,"This module covers manufacturing technology, part of the Diploma in Engineering programme at Ngee Ann Polytechnic (NP). Students explore core theoretical and applied aspects, building competencies for professional practice.","Core manufacturing technology concepts, theoretical framework application, analytical problem-solving, academic research skills, practical manufacturing technology implementation",https://www.np.edu.sg/,Undergraduate,4 Credits / 1 Semester,A-Level: H2 Mathematics + H2 Physics. IELTS 6.0+.
Ngee Ann Polytechnic (NP),Diploma in Engineering,ENG2003 Electronics,"Covers semiconductor physics, diode and transistor circuits, op-amps, and digital logic design.","Diode circuit analysis, transistor biasing, op-amp circuit design, digital logic implementation, circuit simulation",https://www.np.edu.sg/,Undergraduate,4 Credits / 1 Semester,A-Level: H2 Mathematics + H2 Physics. IELTS 6.0+.
Ngee Ann Polytechnic (NP),Diploma in Engineering,ENG2004 Instrumentation and Control,"Studies feedback control systems, PID controllers, stability analysis, and state-space methods.","PID controller tuning, stability analysis, Bode plot interpretation, state-space modelling, digital control design",https://www.np.edu.sg/,Undergraduate,4 Credits / 1 Semester,A-Level: H2 Mathematics + H2 Physics. IELTS 6.0+.
Ngee Ann Polytechnic (NP),Diploma in Engineering,ENG3001 Robotics and Automation,"Covers robot kinematics, dynamics, sensors, actuators, perception, and motion planning.","Kinematic chain modelling, sensor fusion, motion planning, ROS programming, robot simulation",https://www.np.edu.sg/,Undergraduate,4 Credits / 1 Semester,A-Level: H2 Mathematics + H2 Physics. IELTS 6.0+.
Ngee Ann Polytechnic (NP),Diploma in Engineering,ENG3002 Sustainable Engineering,"This module covers sustainable engineering, part of the Diploma in Engineering programme at Ngee Ann Polytechnic (NP). Students explore core theoretical and applied aspects, building competencies for professional practice.","Core sustainable engineering concepts, theoretical framework application, analytical problem-solving, academic research skills, practical sustainable engineering implementation",https://www.np.edu.sg/,Undergraduate,4 Credits / 1 Semester,A-Level: H2 Mathematics + H2 Physics. IELTS 6.0+.
Ngee Ann Polytechnic (NP),Diploma in Engineering,ENG3003 Engineering Project,"This module covers engineering project, part of the Diploma in Engineering programme at Ngee Ann Polytechnic (NP). Students explore core theoretical and applied aspects, building competencies for professional practice.","Core engineering project concepts, theoretical framework application, analytical problem-solving, academic research skills, practical engineering project implementation",https://www.np.edu.sg/,Undergraduate,6 Credits / 1 Semester,A-Level: H2 Mathematics + H2 Physics. IELTS 6.0+.
Temasek Polytechnic (TP),Diploma in Information Technology,ITD1001 Computational Thinking and Programming,"This module covers computational thinking and programming, part of the Diploma in Information Technology programme at Temasek Polytechnic (TP). Students explore core theoretical and applied aspects, building competencies for professional practice.","Core computational thinking and programming concepts, theoretical framework application, analytical problem-solving, academic research skills, practical computational thinking and programming implementation",https://www.tp.edu.sg/,Undergraduate,4 Credits / 1 Semester,A-Level or Polytechnic Diploma in IT. IELTS 6.0+.
Temasek Polytechnic (TP),Diploma in Information Technology,ITD1002 Database Design,"Examines relational database design, SQL querying, normalisation theory, transaction management, and indexing strategies.","SQL query writing, ER diagram design, normalisation, transaction management, index optimisation",https://www.tp.edu.sg/,Undergraduate,4 Credits / 1 Semester,A-Level or Polytechnic Diploma in IT. IELTS 6.0+.
Temasek Polytechnic (TP),Diploma in Information Technology,ITD2001 Web Application Development,"Covers full-stack web development including front-end frameworks, RESTful APIs, authentication, and database integration.","HTML/CSS/JavaScript, REST API design, React or Vue.js, backend frameworks, database integration",https://www.tp.edu.sg/,Undergraduate,4 Credits / 1 Semester,A-Level or Polytechnic Diploma in IT. IELTS 6.0+.
Temasek Polytechnic (TP),Diploma in Information Technology,ITD2002 Software Engineering,"Covers the full SDLC from requirements through design, implementation, testing, and maintenance, emphasising agile methods.","Requirements documentation, UML modelling, agile sprint planning, integration testing, Git version control",https://www.tp.edu.sg/,Undergraduate,4 Credits / 1 Semester,A-Level or Polytechnic Diploma in IT. IELTS 6.0+.
Temasek Polytechnic (TP),Diploma in Information Technology,ITD2003 Cloud Computing,"Examines IaaS/PaaS/SaaS models with AWS/Azure/GCP hands-on, containerisation, and serverless computing.","Cloud provisioning, Docker containerisation, Kubernetes orchestration, serverless functions, cost optimisation",https://www.tp.edu.sg/,Undergraduate,4 Credits / 1 Semester,A-Level or Polytechnic Diploma in IT. IELTS 6.0+.
Temasek Polytechnic (TP),Diploma in Information Technology,ITD2004 Mobile App Development,"Covers Android and iOS app development including UI design, data persistence, API consumption, and app store deployment.","Android/iOS UI design, REST API consumption, local storage, push notifications, app publishing",https://www.tp.edu.sg/,Undergraduate,4 Credits / 1 Semester,A-Level or Polytechnic Diploma in IT. IELTS 6.0+.
Temasek Polytechnic (TP),Diploma in Information Technology,ITD3001 Artificial Intelligence,"Explores search algorithms, knowledge representation, planning, and reasoning under uncertainty.","Heuristic search, Bayesian reasoning, propositional logic, constraint satisfaction, decision tree construction",https://www.tp.edu.sg/,Undergraduate,4 Credits / 1 Semester,A-Level or Polytechnic Diploma in IT. IELTS 6.0+.
Temasek Polytechnic (TP),Diploma in Information Technology,ITD3002 Big Data Analytics,"Covers Hadoop, Apache Spark, real-time stream processing, and NoSQL storage for large-scale data pipelines.","Spark DataFrame programming, HDFS management, Kafka streaming, NoSQL querying, ETL pipeline design",https://www.tp.edu.sg/,Undergraduate,4 Credits / 1 Semester,A-Level or Polytechnic Diploma in IT. IELTS 6.0+.
Temasek Polytechnic (TP),Diploma in Information Technology,ITD3003 Cybersecurity,"Covers cryptography, authentication, network security, secure coding, and ethical hacking fundamentals.","Cryptographic protocols, penetration testing, vulnerability scanning, secure coding practices, incident response",https://www.tp.edu.sg/,Undergraduate,4 Credits / 1 Semester,A-Level or Polytechnic Diploma in IT. IELTS 6.0+.
Temasek Polytechnic (TP),Diploma in Information Technology,ITD3004 Integrated Project,"This module covers integrated project, part of the Diploma in Information Technology programme at Temasek Polytechnic (TP). Students explore core theoretical and applied aspects, building competencies for professional practice.","Core integrated project concepts, theoretical framework application, analytical problem-solving, academic research skills, practical integrated project implementation",https://www.tp.edu.sg/,Undergraduate,6 Credits / 1 Semester,A-Level or Polytechnic Diploma in IT. IELTS 6.0+.
Temasek Polytechnic (TP),Diploma in Business Administration,BAD1001 Introduction to Business,"This module covers introduction to business, part of the Diploma in Business Administration programme at Temasek Polytechnic (TP). Students explore core theoretical and applied aspects, building competencies for professional practice.","Core introduction to business concepts, theoretical framework application, analytical problem-solving, academic research skills, practical introduction to business implementation",https://www.tp.edu.sg/,Undergraduate,4 Credits / 1 Semester,A-Level or Polytechnic Diploma. IELTS 6.0+.
Temasek Polytechnic (TP),Diploma in Business Administration,BAD1002 Business Mathematics,"This module covers business mathematics, part of the Diploma in Business Administration programme at Temasek Polytechnic (TP). Students explore core theoretical and applied aspects, building competencies for professional practice.","Core business mathematics concepts, theoretical framework application, analytical problem-solving, academic research skills, practical business mathematics implementation",https://www.tp.edu.sg/,Undergraduate,4 Credits / 1 Semester,A-Level or Polytechnic Diploma. IELTS 6.0+.
Temasek Polytechnic (TP),Diploma in Business Administration,BAD2001 Marketing Management,"Covers planning, organising, leading, and controlling including strategy, change management, and organisational behaviour.","Strategic planning, team leadership, change management, performance measurement, stakeholder analysis",https://www.tp.edu.sg/,Undergraduate,4 Credits / 1 Semester,A-Level or Polytechnic Diploma. IELTS 6.0+.
Temasek Polytechnic (TP),Diploma in Business Administration,BAD2002 Financial Accounting,"Introduces financial and managerial accounting including double-entry bookkeeping, financial statement preparation, and cost accounting.","Double-entry bookkeeping, balance sheet preparation, income statement analysis, CVP analysis, ratio interpretation",https://www.tp.edu.sg/,Undergraduate,4 Credits / 1 Semester,A-Level or Polytechnic Diploma. IELTS 6.0+.
Temasek Polytechnic (TP),Diploma in Business Administration,BAD2003 Human Resource Management,"Covers recruitment, performance management, training, compensation, and employment law.","Recruitment design, performance appraisal, training needs analysis, compensation benchmarking, HR policy formulation",https://www.tp.edu.sg/,Undergraduate,4 Credits / 1 Semester,A-Level or Polytechnic Diploma. IELTS 6.0+.
Temasek Polytechnic (TP),Diploma in Business Administration,BAD2004 Operations Management,"Covers planning, organising, leading, and controlling including strategy, change management, and organisational behaviour.","Strategic planning, team leadership, change management, performance measurement, stakeholder analysis",https://www.tp.edu.sg/,Undergraduate,4 Credits / 1 Semester,A-Level or Polytechnic Diploma. IELTS 6.0+.
Temasek Polytechnic (TP),Diploma in Business Administration,BAD3001 Strategic Management,"Covers planning, organising, leading, and controlling including strategy, change management, and organisational behaviour.","Strategic planning, team leadership, change management, performance measurement, stakeholder analysis",https://www.tp.edu.sg/,Undergraduate,4 Credits / 1 Semester,A-Level or Polytechnic Diploma. IELTS 6.0+.
Temasek Polytechnic (TP),Diploma in Business Administration,BAD3002 Digital Business,"This module covers digital business, part of the Diploma in Business Administration programme at Temasek Polytechnic (TP). Students explore core theoretical and applied aspects, building competencies for professional practice.","Core digital business concepts, theoretical framework application, analytical problem-solving, academic research skills, practical digital business implementation",https://www.tp.edu.sg/,Undergraduate,4 Credits / 1 Semester,A-Level or Polytechnic Diploma. IELTS 6.0+.
Temasek Polytechnic (TP),Diploma in Business Administration,BAD3003 Business Project,"This module covers business project, part of the Diploma in Business Administration programme at Temasek Polytechnic (TP). Students explore core theoretical and applied aspects, building competencies for professional practice.","Core business project concepts, theoretical framework application, analytical problem-solving, academic research skills, practical business project implementation",https://www.tp.edu.sg/,Undergraduate,6 Credits / 1 Semester,A-Level or Polytechnic Diploma. IELTS 6.0+.
Temasek Polytechnic (TP),Diploma in Engineering with Business,EBD1001 Engineering Mathematics,"This module covers engineering mathematics, part of the Diploma in Engineering with Business programme at Temasek Polytechnic (TP). Students explore core theoretical and applied aspects, building competencies for professional practice.","Core engineering mathematics concepts, theoretical framework application, analytical problem-solving, academic research skills, practical engineering mathematics implementation",https://www.tp.edu.sg/,Undergraduate,4 Credits / 1 Semester,A-Level: H2 Mathematics + H2 Physics. IELTS 6.0+.
Temasek Polytechnic (TP),Diploma in Engineering with Business,EBD1002 Circuit Analysis,"Studies electrical circuit analysis using KVL/KCL, Thevenin/Norton theorems, AC phasors, and transient analysis.","KVL/KCL application, Thevenin equivalent circuit, AC phasor analysis, transient response, circuit simulation",https://www.tp.edu.sg/,Undergraduate,4 Credits / 1 Semester,A-Level: H2 Mathematics + H2 Physics. IELTS 6.0+.
Temasek Polytechnic (TP),Diploma in Engineering with Business,EBD2001 Electronics,"Covers semiconductor physics, diode and transistor circuits, op-amps, and digital logic design.","Diode circuit analysis, transistor biasing, op-amp circuit design, digital logic implementation, circuit simulation",https://www.tp.edu.sg/,Undergraduate,4 Credits / 1 Semester,A-Level: H2 Mathematics + H2 Physics. IELTS 6.0+.
Temasek Polytechnic (TP),Diploma in Engineering with Business,EBD2002 Control Systems,"Studies feedback control systems, PID controllers, stability analysis, and state-space methods.","PID controller tuning, stability analysis, Bode plot interpretation, state-space modelling, digital control design",https://www.tp.edu.sg/,Undergraduate,4 Credits / 1 Semester,A-Level: H2 Mathematics + H2 Physics. IELTS 6.0+.
Temasek Polytechnic (TP),Diploma in Engineering with Business,EBD2003 Business Management,"Covers planning, organising, leading, and controlling including strategy, change management, and organisational behaviour.","Strategic planning, team leadership, change management, performance measurement, stakeholder analysis",https://www.tp.edu.sg/,Undergraduate,4 Credits / 1 Semester,A-Level: H2 Mathematics + H2 Physics. IELTS 6.0+.
Temasek Polytechnic (TP),Diploma in Engineering with Business,EBD2004 Project Management,"Covers project planning, execution, monitoring, and closure using agile and waterfall methodologies.","Gantt scheduling, risk management, agile sprint planning, stakeholder communication, cost variance analysis",https://www.tp.edu.sg/,Undergraduate,4 Credits / 1 Semester,A-Level: H2 Mathematics + H2 Physics. IELTS 6.0+.
Temasek Polytechnic (TP),Diploma in Engineering with Business,EBD3001 Engineering Project,"This module covers engineering project, part of the Diploma in Engineering with Business programme at Temasek Polytechnic (TP). Students explore core theoretical and applied aspects, building competencies for professional practice.","Core engineering project concepts, theoretical framework application, analytical problem-solving, academic research skills, practical engineering project implementation",https://www.tp.edu.sg/,Undergraduate,6 Credits / 1 Semester,A-Level: H2 Mathematics + H2 Physics. IELTS 6.0+.
Temasek Polytechnic (TP),Diploma in Accountancy,ACD1001 Financial Accounting 1,"Introduces financial and managerial accounting including double-entry bookkeeping, financial statement preparation, and cost accounting.","Double-entry bookkeeping, balance sheet preparation, income statement analysis, CVP analysis, ratio interpretation",https://www.tp.edu.sg/,Undergraduate,4 Credits / 1 Semester,GCE A-Level or Polytechnic Diploma. IELTS 6.0–6.5+.
Temasek Polytechnic (TP),Diploma in Accountancy,ACD1002 Business Law,"Introduces legal principles, contract formation, tort liability, and legal reasoning through case analysis.","Legal case analysis, contract elements, tort assessment, statutory interpretation, legal research",https://www.tp.edu.sg/,Undergraduate,4 Credits / 1 Semester,GCE A-Level or Polytechnic Diploma. IELTS 6.0–6.5+.
Temasek Polytechnic (TP),Diploma in Accountancy,ACD2001 Financial Accounting 2,"Introduces financial and managerial accounting including double-entry bookkeeping, financial statement preparation, and cost accounting.","Double-entry bookkeeping, balance sheet preparation, income statement analysis, CVP analysis, ratio interpretation",https://www.tp.edu.sg/,Undergraduate,4 Credits / 1 Semester,GCE A-Level or Polytechnic Diploma. IELTS 6.0–6.5+.
Temasek Polytechnic (TP),Diploma in Accountancy,ACD2002 Management Accounting,"Introduces financial and managerial accounting including double-entry bookkeeping, financial statement preparation, and cost accounting.","Double-entry bookkeeping, balance sheet preparation, income statement analysis, CVP analysis, ratio interpretation",https://www.tp.edu.sg/,Undergraduate,4 Credits / 1 Semester,GCE A-Level or Polytechnic Diploma. IELTS 6.0–6.5+.
Temasek Polytechnic (TP),Diploma in Accountancy,ACD2003 Taxation,"This module covers taxation, part of the Diploma in Accountancy programme at Temasek Polytechnic (TP). Students explore core theoretical and applied aspects, building competencies for professional practice.","Core taxation concepts, theoretical framework application, analytical problem-solving, academic research skills, practical taxation implementation",https://www.tp.edu.sg/,Undergraduate,4 Credits / 1 Semester,GCE A-Level or Polytechnic Diploma. IELTS 6.0–6.5+.
Temasek Polytechnic (TP),Diploma in Accountancy,ACD2004 Auditing,"This module covers auditing, part of the Diploma in Accountancy programme at Temasek Polytechnic (TP). Students explore core theoretical and applied aspects, building competencies for professional practice.","Core auditing concepts, theoretical framework application, analytical problem-solving, academic research skills, practical auditing implementation",https://www.tp.edu.sg/,Undergraduate,4 Credits / 1 Semester,GCE A-Level or Polytechnic Diploma. IELTS 6.0–6.5+.
Temasek Polytechnic (TP),Diploma in Accountancy,ACD3001 Advanced Accounting,"Introduces financial and managerial accounting including double-entry bookkeeping, financial statement preparation, and cost accounting.","Double-entry bookkeeping, balance sheet preparation, income statement analysis, CVP analysis, ratio interpretation",https://www.tp.edu.sg/,Undergraduate,4 Credits / 1 Semester,GCE A-Level or Polytechnic Diploma. IELTS 6.0–6.5+.
Temasek Polytechnic (TP),Diploma in Accountancy,ACD3002 Accountancy Project,"This module covers accountancy project, part of the Diploma in Accountancy programme at Temasek Polytechnic (TP). Students explore core theoretical and applied aspects, building competencies for professional practice.","Core accountancy project concepts, theoretical framework application, analytical problem-solving, academic research skills, practical accountancy project implementation",https://www.tp.edu.sg/,Undergraduate,6 Credits / 1 Semester,GCE A-Level or Polytechnic Diploma. IELTS 6.0–6.5+.
Temasek Polytechnic (TP),Diploma in Hospitality and Tourism Management,HTM1001 Introduction to Hospitality,"Covers hospitality operations including front-of-house, F and B, revenue management, and customer service.","Hospitality operations, revenue management, F and B management, customer service standards, quality control",https://www.tp.edu.sg/,Undergraduate,4 Credits / 1 Semester,A-Level or Polytechnic Diploma. IELTS 6.0+.
Temasek Polytechnic (TP),Diploma in Hospitality and Tourism Management,HTM1002 Tourism Geography,"Examines global tourism industry, destination management, tourist behaviour, sustainability, and tourism policy.","Destination analysis, tourist behaviour, sustainability planning, tourism impact assessment, policy evaluation",https://www.tp.edu.sg/,Undergraduate,4 Credits / 1 Semester,A-Level or Polytechnic Diploma. IELTS 6.0+.
Temasek Polytechnic (TP),Diploma in Hospitality and Tourism Management,HTM2001 Food and Beverage Management,"Covers planning, organising, leading, and controlling including strategy, change management, and organisational behaviour.","Strategic planning, team leadership, change management, performance measurement, stakeholder analysis",https://www.tp.edu.sg/,Undergraduate,4 Credits / 1 Semester,A-Level or Polytechnic Diploma. IELTS 6.0+.
Temasek Polytechnic (TP),Diploma in Hospitality and Tourism Management,HTM2002 Rooms Division Management,"Covers planning, organising, leading, and controlling including strategy, change management, and organisational behaviour.","Strategic planning, team leadership, change management, performance measurement, stakeholder analysis",https://www.tp.edu.sg/,Undergraduate,4 Credits / 1 Semester,A-Level or Polytechnic Diploma. IELTS 6.0+.
Temasek Polytechnic (TP),Diploma in Hospitality and Tourism Management,HTM2003 Tourism Marketing,"Explores market segmentation, consumer behaviour, product development, pricing strategy, and digital marketing channels.","Market segmentation, consumer analysis, brand positioning, marketing mix optimisation, digital strategy",https://www.tp.edu.sg/,Undergraduate,4 Credits / 1 Semester,A-Level or Polytechnic Diploma. IELTS 6.0+.
Temasek Polytechnic (TP),Diploma in Hospitality and Tourism Management,HTM3001 Events Management,"Covers planning, organising, leading, and controlling including strategy, change management, and organisational behaviour.","Strategic planning, team leadership, change management, performance measurement, stakeholder analysis",https://www.tp.edu.sg/,Undergraduate,4 Credits / 1 Semester,A-Level or Polytechnic Diploma. IELTS 6.0+.
Temasek Polytechnic (TP),Diploma in Hospitality and Tourism Management,HTM3002 Revenue Management,"Covers planning, organising, leading, and controlling including strategy, change management, and organisational behaviour.","Strategic planning, team leadership, change management, performance measurement, stakeholder analysis",https://www.tp.edu.sg/,Undergraduate,4 Credits / 1 Semester,A-Level or Polytechnic Diploma. IELTS 6.0+.
Temasek Polytechnic (TP),Diploma in Hospitality and Tourism Management,HTM3003 Hospitality Project,"Covers hospitality operations including front-of-house, F and B, revenue management, and customer service.","Hospitality operations, revenue management, F and B management, customer service standards, quality control",https://www.tp.edu.sg/,Undergraduate,6 Credits / 1 Semester,A-Level or Polytechnic Diploma. IELTS 6.0+.
Nanyang Polytechnic (NYP),Diploma in Information Technology,ITP1001 Computational Thinking and Programming,"This module covers computational thinking and programming, part of the Diploma in Information Technology programme at Nanyang Polytechnic (NYP). Students explore core theoretical and applied aspects, building competencies for professional practice.","Core computational thinking and programming concepts, theoretical framework application, analytical problem-solving, academic research skills, practical computational thinking and programming implementation",https://www.nyp.edu.sg/,Undergraduate,4 Credits / 1 Semester,A-Level or Polytechnic Diploma in IT. IELTS 6.0+.
Nanyang Polytechnic (NYP),Diploma in Information Technology,ITP1002 Database Fundamentals,"Examines relational database design, SQL querying, normalisation theory, transaction management, and indexing strategies.","SQL query writing, ER diagram design, normalisation, transaction management, index optimisation",https://www.nyp.edu.sg/,Undergraduate,4 Credits / 1 Semester,A-Level or Polytechnic Diploma in IT. IELTS 6.0+.
Nanyang Polytechnic (NYP),Diploma in Information Technology,ITP2001 Web Application Development,"Covers full-stack web development including front-end frameworks, RESTful APIs, authentication, and database integration.","HTML/CSS/JavaScript, REST API design, React or Vue.js, backend frameworks, database integration",https://www.nyp.edu.sg/,Undergraduate,4 Credits / 1 Semester,A-Level or Polytechnic Diploma in IT. IELTS 6.0+.
Nanyang Polytechnic (NYP),Diploma in Information Technology,ITP2002 Mobile Application Development,"Covers Android and iOS app development including UI design, data persistence, API consumption, and app store deployment.","Android/iOS UI design, REST API consumption, local storage, push notifications, app publishing",https://www.nyp.edu.sg/,Undergraduate,4 Credits / 1 Semester,A-Level or Polytechnic Diploma in IT. IELTS 6.0+.
Nanyang Polytechnic (NYP),Diploma in Information Technology,ITP2003 Software Design,"This module covers software design, part of the Diploma in Information Technology programme at Nanyang Polytechnic (NYP). Students explore core theoretical and applied aspects, building competencies for professional practice.","Core software design concepts, theoretical framework application, analytical problem-solving, academic research skills, practical software design implementation",https://www.nyp.edu.sg/,Undergraduate,4 Credits / 1 Semester,A-Level or Polytechnic Diploma in IT. IELTS 6.0+.
Nanyang Polytechnic (NYP),Diploma in Information Technology,ITP3001 Cloud and DevOps,"This module covers cloud and devops, part of the Diploma in Information Technology programme at Nanyang Polytechnic (NYP). Students explore core theoretical and applied aspects, building competencies for professional practice.","Core cloud and devops concepts, theoretical framework application, analytical problem-solving, academic research skills, practical cloud and devops implementation",https://www.nyp.edu.sg/,Undergraduate,4 Credits / 1 Semester,A-Level or Polytechnic Diploma in IT. IELTS 6.0+.
Nanyang Polytechnic (NYP),Diploma in Information Technology,ITP3002 Data Analytics,"This module covers data analytics, part of the Diploma in Information Technology programme at Nanyang Polytechnic (NYP). Students explore core theoretical and applied aspects, building competencies for professional practice.","Core data analytics concepts, theoretical framework application, analytical problem-solving, academic research skills, practical data analytics implementation",https://www.nyp.edu.sg/,Undergraduate,4 Credits / 1 Semester,A-Level or Polytechnic Diploma in IT. IELTS 6.0+.
Nanyang Polytechnic (NYP),Diploma in Information Technology,ITP3003 Cybersecurity,"Covers cryptography, authentication, network security, secure coding, and ethical hacking fundamentals.","Cryptographic protocols, penetration testing, vulnerability scanning, secure coding practices, incident response",https://www.nyp.edu.sg/,Undergraduate,4 Credits / 1 Semester,A-Level or Polytechnic Diploma in IT. IELTS 6.0+.
Nanyang Polytechnic (NYP),Diploma in Information Technology,ITP3004 Capstone Project,"This module covers capstone project, part of the Diploma in Information Technology programme at Nanyang Polytechnic (NYP). Students explore core theoretical and applied aspects, building competencies for professional practice.","Core capstone project concepts, theoretical framework application, analytical problem-solving, academic research skills, practical capstone project implementation",https://www.nyp.edu.sg/,Undergraduate,6 Credits / 1 Semester,A-Level or Polytechnic Diploma in IT. IELTS 6.0+.
Nanyang Polytechnic (NYP),Diploma in Artificial Intelligence and Data Analytics,AID1001 Introduction to AI and Data Science,"This module covers introduction to ai and data science, part of the Diploma in Artificial Intelligence and Data Analytics programme at Nanyang Polytechnic (NYP). Students explore core theoretical and applied aspects, building competencies for professional practice.","Core introduction to ai and data science concepts, theoretical framework application, analytical problem-solving, academic research skills, practical introduction to ai and data science implementation",https://www.nyp.edu.sg/,Undergraduate,4 Credits / 1 Semester,A-Level: H2 Mathematics. Polytechnic Diploma GPA ≥ 3.5. IELTS 6.5+.
Nanyang Polytechnic (NYP),Diploma in Artificial Intelligence and Data Analytics,AID1002 Programming with Python,"This module covers programming with python, part of the Diploma in Artificial Intelligence and Data Analytics programme at Nanyang Polytechnic (NYP). Students explore core theoretical and applied aspects, building competencies for professional practice.","Core programming with python concepts, theoretical framework application, analytical problem-solving, academic research skills, practical programming with python implementation",https://www.nyp.edu.sg/,Undergraduate,4 Credits / 1 Semester,A-Level: H2 Mathematics. Polytechnic Diploma GPA ≥ 3.5. IELTS 6.5+.
Nanyang Polytechnic (NYP),Diploma in Artificial Intelligence and Data Analytics,AID2001 Machine Learning Fundamentals,"Covers supervised learning, unsupervised learning, model evaluation, regularisation, and neural network fundamentals for predictive modelling.","Supervised model training, cross-validation, feature engineering, clustering algorithms, neural network design",https://www.nyp.edu.sg/,Undergraduate,4 Credits / 1 Semester,A-Level: H2 Mathematics. Polytechnic Diploma GPA ≥ 3.5. IELTS 6.5+.
Nanyang Polytechnic (NYP),Diploma in Artificial Intelligence and Data Analytics,AID2002 Data Visualisation,"This module covers data visualisation, part of the Diploma in Artificial Intelligence and Data Analytics programme at Nanyang Polytechnic (NYP). Students explore core theoretical and applied aspects, building competencies for professional practice.","Core data visualisation concepts, theoretical framework application, analytical problem-solving, academic research skills, practical data visualisation implementation",https://www.nyp.edu.sg/,Undergraduate,4 Credits / 1 Semester,A-Level: H2 Mathematics. Polytechnic Diploma GPA ≥ 3.5. IELTS 6.5+.
Nanyang Polytechnic (NYP),Diploma in Artificial Intelligence and Data Analytics,AID2003 Deep Learning,"Covers CNNs, RNNs, attention mechanisms, and transformers applied to computer vision and NLP tasks using modern frameworks.","CNN design, RNN sequence modelling, transformer fine-tuning, PyTorch/TensorFlow, transfer learning",https://www.nyp.edu.sg/,Undergraduate,4 Credits / 1 Semester,A-Level: H2 Mathematics. Polytechnic Diploma GPA ≥ 3.5. IELTS 6.5+.
Nanyang Polytechnic (NYP),Diploma in Artificial Intelligence and Data Analytics,AID2004 Statistical Methods,"This module covers statistical methods, part of the Diploma in Artificial Intelligence and Data Analytics programme at Nanyang Polytechnic (NYP). Students explore core theoretical and applied aspects, building competencies for professional practice.","Core statistical methods concepts, theoretical framework application, analytical problem-solving, academic research skills, practical statistical methods implementation",https://www.nyp.edu.sg/,Undergraduate,4 Credits / 1 Semester,A-Level: H2 Mathematics. Polytechnic Diploma GPA ≥ 3.5. IELTS 6.5+.
Nanyang Polytechnic (NYP),Diploma in Artificial Intelligence and Data Analytics,AID3001 Natural Language Processing,"Covers tokenisation, language models, sentiment analysis, NER, and transformer-based models such as BERT.","Text preprocessing, language model evaluation, sentiment classification, NER extraction, BERT fine-tuning",https://www.nyp.edu.sg/,Undergraduate,4 Credits / 1 Semester,A-Level: H2 Mathematics. Polytechnic Diploma GPA ≥ 3.5. IELTS 6.5+.
Nanyang Polytechnic (NYP),Diploma in Artificial Intelligence and Data Analytics,AID3002 Computer Vision,"Covers image processing, feature extraction, object detection, and segmentation using classical and deep learning methods.","Image preprocessing, CNN classification, YOLO object detection, semantic segmentation, feature extraction",https://www.nyp.edu.sg/,Undergraduate,4 Credits / 1 Semester,A-Level: H2 Mathematics. Polytechnic Diploma GPA ≥ 3.5. IELTS 6.5+.
Nanyang Polytechnic (NYP),Diploma in Artificial Intelligence and Data Analytics,AID3003 AI Project,"This module covers ai project, part of the Diploma in Artificial Intelligence and Data Analytics programme at Nanyang Polytechnic (NYP). Students explore core theoretical and applied aspects, building competencies for professional practice.","Core ai project concepts, theoretical framework application, analytical problem-solving, academic research skills, practical ai project implementation",https://www.nyp.edu.sg/,Undergraduate,6 Credits / 1 Semester,A-Level: H2 Mathematics. Polytechnic Diploma GPA ≥ 3.5. IELTS 6.5+.
Nanyang Polytechnic (NYP),Diploma in Business Administration,BAD1001 Business Fundamentals,"This module covers business fundamentals, part of the Diploma in Business Administration programme at Nanyang Polytechnic (NYP). Students explore core theoretical and applied aspects, building competencies for professional practice.","Core business fundamentals concepts, theoretical framework application, analytical problem-solving, academic research skills, practical business fundamentals implementation",https://www.nyp.edu.sg/,Undergraduate,4 Credits / 1 Semester,A-Level or Polytechnic Diploma. IELTS 6.0+.
Nanyang Polytechnic (NYP),Diploma in Business Administration,BAD2001 Marketing,"Explores market segmentation, consumer behaviour, product development, pricing strategy, and digital marketing channels.","Market segmentation, consumer analysis, brand positioning, marketing mix optimisation, digital strategy",https://www.nyp.edu.sg/,Undergraduate,4 Credits / 1 Semester,A-Level or Polytechnic Diploma. IELTS 6.0+.
Nanyang Polytechnic (NYP),Diploma in Business Administration,BAD2002 Finance,"This module covers finance, part of the Diploma in Business Administration programme at Nanyang Polytechnic (NYP). Students explore core theoretical and applied aspects, building competencies for professional practice.","Core finance concepts, theoretical framework application, analytical problem-solving, academic research skills, practical finance implementation",https://www.nyp.edu.sg/,Undergraduate,4 Credits / 1 Semester,A-Level or Polytechnic Diploma. IELTS 6.0+.
Nanyang Polytechnic (NYP),Diploma in Business Administration,BAD2003 Operations Management,"Covers planning, organising, leading, and controlling including strategy, change management, and organisational behaviour.","Strategic planning, team leadership, change management, performance measurement, stakeholder analysis",https://www.nyp.edu.sg/,Undergraduate,4 Credits / 1 Semester,A-Level or Polytechnic Diploma. IELTS 6.0+.
Nanyang Polytechnic (NYP),Diploma in Business Administration,BAD3001 Strategic Management,"Covers planning, organising, leading, and controlling including strategy, change management, and organisational behaviour.","Strategic planning, team leadership, change management, performance measurement, stakeholder analysis",https://www.nyp.edu.sg/,Undergraduate,4 Credits / 1 Semester,A-Level or Polytechnic Diploma. IELTS 6.0+.
Nanyang Polytechnic (NYP),Diploma in Business Administration,BAD3002 Digital Business,"This module covers digital business, part of the Diploma in Business Administration programme at Nanyang Polytechnic (NYP). Students explore core theoretical and applied aspects, building competencies for professional practice.","Core digital business concepts, theoretical framework application, analytical problem-solving, academic research skills, practical digital business implementation",https://www.nyp.edu.sg/,Undergraduate,4 Credits / 1 Semester,A-Level or Polytechnic Diploma. IELTS 6.0+.
Nanyang Polytechnic (NYP),Diploma in Business Administration,BAD3003 Business Project,"This module covers business project, part of the Diploma in Business Administration programme at Nanyang Polytechnic (NYP). Students explore core theoretical and applied aspects, building competencies for professional practice.","Core business project concepts, theoretical framework application, analytical problem-solving, academic research skills, practical business project implementation",https://www.nyp.edu.sg/,Undergraduate,6 Credits / 1 Semester,A-Level or Polytechnic Diploma. IELTS 6.0+.
Nanyang Polytechnic (NYP),Diploma in Cybersecurity,CYB1001 Network Fundamentals,"This module covers network fundamentals, part of the Diploma in Cybersecurity programme at Nanyang Polytechnic (NYP). Students explore core theoretical and applied aspects, building competencies for professional practice.","Core network fundamentals concepts, theoretical framework application, analytical problem-solving, academic research skills, practical network fundamentals implementation",https://www.nyp.edu.sg/,Undergraduate,4 Credits / 1 Semester,GCE A-Level or Polytechnic Diploma. IELTS 6.0–6.5+.
Nanyang Polytechnic (NYP),Diploma in Cybersecurity,CYB1002 Programming Fundamentals,"This module covers programming fundamentals, part of the Diploma in Cybersecurity programme at Nanyang Polytechnic (NYP). Students explore core theoretical and applied aspects, building competencies for professional practice.","Core programming fundamentals concepts, theoretical framework application, analytical problem-solving, academic research skills, practical programming fundamentals implementation",https://www.nyp.edu.sg/,Undergraduate,4 Credits / 1 Semester,GCE A-Level or Polytechnic Diploma. IELTS 6.0–6.5+.
Nanyang Polytechnic (NYP),Diploma in Cybersecurity,CYB2001 Security Fundamentals,"This module covers security fundamentals, part of the Diploma in Cybersecurity programme at Nanyang Polytechnic (NYP). Students explore core theoretical and applied aspects, building competencies for professional practice.","Core security fundamentals concepts, theoretical framework application, analytical problem-solving, academic research skills, practical security fundamentals implementation",https://www.nyp.edu.sg/,Undergraduate,4 Credits / 1 Semester,GCE A-Level or Polytechnic Diploma. IELTS 6.0–6.5+.
Nanyang Polytechnic (NYP),Diploma in Cybersecurity,CYB2002 Ethical Hacking,"This module covers ethical hacking, part of the Diploma in Cybersecurity programme at Nanyang Polytechnic (NYP). Students explore core theoretical and applied aspects, building competencies for professional practice.","Core ethical hacking concepts, theoretical framework application, analytical problem-solving, academic research skills, practical ethical hacking implementation",https://www.nyp.edu.sg/,Undergraduate,4 Credits / 1 Semester,GCE A-Level or Polytechnic Diploma. IELTS 6.0–6.5+.
Nanyang Polytechnic (NYP),Diploma in Cybersecurity,CYB2003 Cryptography,"This module covers cryptography, part of the Diploma in Cybersecurity programme at Nanyang Polytechnic (NYP). Students explore core theoretical and applied aspects, building competencies for professional practice.","Core cryptography concepts, theoretical framework application, analytical problem-solving, academic research skills, practical cryptography implementation",https://www.nyp.edu.sg/,Undergraduate,4 Credits / 1 Semester,GCE A-Level or Polytechnic Diploma. IELTS 6.0–6.5+.
Nanyang Polytechnic (NYP),Diploma in Cybersecurity,CYB3001 Digital Forensics,"This module covers digital forensics, part of the Diploma in Cybersecurity programme at Nanyang Polytechnic (NYP). Students explore core theoretical and applied aspects, building competencies for professional practice.","Core digital forensics concepts, theoretical framework application, analytical problem-solving, academic research skills, practical digital forensics implementation",https://www.nyp.edu.sg/,Undergraduate,4 Credits / 1 Semester,GCE A-Level or Polytechnic Diploma. IELTS 6.0–6.5+.
Nanyang Polytechnic (NYP),Diploma in Cybersecurity,CYB3002 Incident Response,"This module covers incident response, part of the Diploma in Cybersecurity programme at Nanyang Polytechnic (NYP). Students explore core theoretical and applied aspects, building competencies for professional practice.","Core incident response concepts, theoretical framework application, analytical problem-solving, academic research skills, practical incident response implementation",https://www.nyp.edu.sg/,Undergraduate,4 Credits / 1 Semester,GCE A-Level or Polytechnic Diploma. IELTS 6.0–6.5+.
Nanyang Polytechnic (NYP),Diploma in Cybersecurity,CYB3003 Security Project,"This module covers security project, part of the Diploma in Cybersecurity programme at Nanyang Polytechnic (NYP). Students explore core theoretical and applied aspects, building competencies for professional practice.","Core security project concepts, theoretical framework application, analytical problem-solving, academic research skills, practical security project implementation",https://www.nyp.edu.sg/,Undergraduate,6 Credits / 1 Semester,GCE A-Level or Polytechnic Diploma. IELTS 6.0–6.5+.
Nanyang Polytechnic (NYP),Diploma in Engineering,ENG1001 Engineering Mathematics,"This module covers engineering mathematics, part of the Diploma in Engineering programme at Nanyang Polytechnic (NYP). Students explore core theoretical and applied aspects, building competencies for professional practice.","Core engineering mathematics concepts, theoretical framework application, analytical problem-solving, academic research skills, practical engineering mathematics implementation",https://www.nyp.edu.sg/,Undergraduate,4 Credits / 1 Semester,A-Level: H2 Mathematics + H2 Physics. IELTS 6.0+.
Nanyang Polytechnic (NYP),Diploma in Engineering,ENG1002 Circuit Theory,"Studies electrical circuit analysis using KVL/KCL, Thevenin/Norton theorems, AC phasors, and transient analysis.","KVL/KCL application, Thevenin equivalent circuit, AC phasor analysis, transient response, circuit simulation",https://www.nyp.edu.sg/,Undergraduate,4 Credits / 1 Semester,A-Level: H2 Mathematics + H2 Physics. IELTS 6.0+.
Nanyang Polytechnic (NYP),Diploma in Engineering,ENG2001 Electronics,"Covers semiconductor physics, diode and transistor circuits, op-amps, and digital logic design.","Diode circuit analysis, transistor biasing, op-amp circuit design, digital logic implementation, circuit simulation",https://www.nyp.edu.sg/,Undergraduate,4 Credits / 1 Semester,A-Level: H2 Mathematics + H2 Physics. IELTS 6.0+.
Nanyang Polytechnic (NYP),Diploma in Engineering,ENG2002 Microcontrollers,"Studies feedback control systems, PID controllers, stability analysis, and state-space methods.","PID controller tuning, stability analysis, Bode plot interpretation, state-space modelling, digital control design",https://www.nyp.edu.sg/,Undergraduate,4 Credits / 1 Semester,A-Level: H2 Mathematics + H2 Physics. IELTS 6.0+.
Nanyang Polytechnic (NYP),Diploma in Engineering,ENG2003 Industrial Automation,"This module covers industrial automation, part of the Diploma in Engineering programme at Nanyang Polytechnic (NYP). Students explore core theoretical and applied aspects, building competencies for professional practice.","Core industrial automation concepts, theoretical framework application, analytical problem-solving, academic research skills, practical industrial automation implementation",https://www.nyp.edu.sg/,Undergraduate,4 Credits / 1 Semester,A-Level: H2 Mathematics + H2 Physics. IELTS 6.0+.
Nanyang Polytechnic (NYP),Diploma in Engineering,ENG3001 IoT Systems,"This module covers iot systems, part of the Diploma in Engineering programme at Nanyang Polytechnic (NYP). Students explore core theoretical and applied aspects, building competencies for professional practice.","Core iot systems concepts, theoretical framework application, analytical problem-solving, academic research skills, practical iot systems implementation",https://www.nyp.edu.sg/,Undergraduate,4 Credits / 1 Semester,A-Level: H2 Mathematics + H2 Physics. IELTS 6.0+.
Nanyang Polytechnic (NYP),Diploma in Engineering,ENG3002 Engineering Project,"This module covers engineering project, part of the Diploma in Engineering programme at Nanyang Polytechnic (NYP). Students explore core theoretical and applied aspects, building competencies for professional practice.","Core engineering project concepts, theoretical framework application, analytical problem-solving, academic research skills, practical engineering project implementation",https://www.nyp.edu.sg/,Undergraduate,6 Credits / 1 Semester,A-Level: H2 Mathematics + H2 Physics. IELTS 6.0+.
Republic Polytechnic (RP),Diploma in Infocomm and Media Engineering,IME1001 Fundamentals of Computing,"This module covers fundamentals of computing, part of the Diploma in Infocomm and Media Engineering programme at Republic Polytechnic (RP). Students explore core theoretical and applied aspects, building competencies for professional practice.","Core fundamentals of computing concepts, theoretical framework application, analytical problem-solving, academic research skills, practical fundamentals of computing implementation",https://www.rp.edu.sg/,Undergraduate,4 Credits / 1 Semester,A-Level: H2 Mathematics + H2 Physics. IELTS 6.0+.
Republic Polytechnic (RP),Diploma in Infocomm and Media Engineering,IME1002 Media Production Fundamentals,"This module covers media production fundamentals, part of the Diploma in Infocomm and Media Engineering programme at Republic Polytechnic (RP). Students explore core theoretical and applied aspects, building competencies for professional practice.","Core media production fundamentals concepts, theoretical framework application, analytical problem-solving, academic research skills, practical media production fundamentals implementation",https://www.rp.edu.sg/,Undergraduate,4 Credits / 1 Semester,A-Level: H2 Mathematics + H2 Physics. IELTS 6.0+.
Republic Polytechnic (RP),Diploma in Infocomm and Media Engineering,IME2001 Web Design and Development,"Covers full-stack web development including front-end frameworks, RESTful APIs, authentication, and database integration.","HTML/CSS/JavaScript, REST API design, React or Vue.js, backend frameworks, database integration",https://www.rp.edu.sg/,Undergraduate,4 Credits / 1 Semester,A-Level: H2 Mathematics + H2 Physics. IELTS 6.0+.
Republic Polytechnic (RP),Diploma in Infocomm and Media Engineering,IME2002 Mobile Computing,"Covers Android and iOS app development including UI design, data persistence, API consumption, and app store deployment.","Android/iOS UI design, REST API consumption, local storage, push notifications, app publishing",https://www.rp.edu.sg/,Undergraduate,4 Credits / 1 Semester,A-Level: H2 Mathematics + H2 Physics. IELTS 6.0+.
Republic Polytechnic (RP),Diploma in Infocomm and Media Engineering,IME2003 Database Management,"Covers planning, organising, leading, and controlling including strategy, change management, and organisational behaviour.","Strategic planning, team leadership, change management, performance measurement, stakeholder analysis",https://www.rp.edu.sg/,Undergraduate,4 Credits / 1 Semester,A-Level: H2 Mathematics + H2 Physics. IELTS 6.0+.
Republic Polytechnic (RP),Diploma in Infocomm and Media Engineering,IME3001 Cloud Services,"This module covers cloud services, part of the Diploma in Infocomm and Media Engineering programme at Republic Polytechnic (RP). Students explore core theoretical and applied aspects, building competencies for professional practice.","Core cloud services concepts, theoretical framework application, analytical problem-solving, academic research skills, practical cloud services implementation",https://www.rp.edu.sg/,Undergraduate,4 Credits / 1 Semester,A-Level: H2 Mathematics + H2 Physics. IELTS 6.0+.
Republic Polytechnic (RP),Diploma in Infocomm and Media Engineering,IME3002 Cybersecurity,"Covers cryptography, authentication, network security, secure coding, and ethical hacking fundamentals.","Cryptographic protocols, penetration testing, vulnerability scanning, secure coding practices, incident response",https://www.rp.edu.sg/,Undergraduate,4 Credits / 1 Semester,A-Level: H2 Mathematics + H2 Physics. IELTS 6.0+.
Republic Polytechnic (RP),Diploma in Infocomm and Media Engineering,IME3003 Capstone Project,"This module covers capstone project, part of the Diploma in Infocomm and Media Engineering programme at Republic Polytechnic (RP). Students explore core theoretical and applied aspects, building competencies for professional practice.","Core capstone project concepts, theoretical framework application, analytical problem-solving, academic research skills, practical capstone project implementation",https://www.rp.edu.sg/,Undergraduate,6 Credits / 1 Semester,A-Level: H2 Mathematics + H2 Physics. IELTS 6.0+.
Republic Polytechnic (RP),Diploma in Business Administration,BUS1001 Business Environment,"This module covers business environment, part of the Diploma in Business Administration programme at Republic Polytechnic (RP). Students explore core theoretical and applied aspects, building competencies for professional practice.","Core business environment concepts, theoretical framework application, analytical problem-solving, academic research skills, practical business environment implementation",https://www.rp.edu.sg/,Undergraduate,4 Credits / 1 Semester,A-Level or Polytechnic Diploma. IELTS 6.0+.
Republic Polytechnic (RP),Diploma in Business Administration,BUS2001 Marketing,"Explores market segmentation, consumer behaviour, product development, pricing strategy, and digital marketing channels.","Market segmentation, consumer analysis, brand positioning, marketing mix optimisation, digital strategy",https://www.rp.edu.sg/,Undergraduate,4 Credits / 1 Semester,A-Level or Polytechnic Diploma. IELTS 6.0+.
Republic Polytechnic (RP),Diploma in Business Administration,BUS2002 Financial Accounting,"Introduces financial and managerial accounting including double-entry bookkeeping, financial statement preparation, and cost accounting.","Double-entry bookkeeping, balance sheet preparation, income statement analysis, CVP analysis, ratio interpretation",https://www.rp.edu.sg/,Undergraduate,4 Credits / 1 Semester,A-Level or Polytechnic Diploma. IELTS 6.0+.
Republic Polytechnic (RP),Diploma in Business Administration,BUS2003 Operations Management,"Covers planning, organising, leading, and controlling including strategy, change management, and organisational behaviour.","Strategic planning, team leadership, change management, performance measurement, stakeholder analysis",https://www.rp.edu.sg/,Undergraduate,4 Credits / 1 Semester,A-Level or Polytechnic Diploma. IELTS 6.0+.
Republic Polytechnic (RP),Diploma in Business Administration,BUS3001 Strategic Management,"Covers planning, organising, leading, and controlling including strategy, change management, and organisational behaviour.","Strategic planning, team leadership, change management, performance measurement, stakeholder analysis",https://www.rp.edu.sg/,Undergraduate,4 Credits / 1 Semester,A-Level or Polytechnic Diploma. IELTS 6.0+.
Republic Polytechnic (RP),Diploma in Business Administration,BUS3002 Digital Commerce,"This module covers digital commerce, part of the Diploma in Business Administration programme at Republic Polytechnic (RP). Students explore core theoretical and applied aspects, building competencies for professional practice.","Core digital commerce concepts, theoretical framework application, analytical problem-solving, academic research skills, practical digital commerce implementation",https://www.rp.edu.sg/,Undergraduate,4 Credits / 1 Semester,A-Level or Polytechnic Diploma. IELTS 6.0+.
Republic Polytechnic (RP),Diploma in Business Administration,BUS3003 Business Project,"This module covers business project, part of the Diploma in Business Administration programme at Republic Polytechnic (RP). Students explore core theoretical and applied aspects, building competencies for professional practice.","Core business project concepts, theoretical framework application, analytical problem-solving, academic research skills, practical business project implementation",https://www.rp.edu.sg/,Undergraduate,6 Credits / 1 Semester,A-Level or Polytechnic Diploma. IELTS 6.0+.
Republic Polytechnic (RP),Diploma in Engineering Systems and Management,ESM1001 Engineering Mathematics,"This module covers engineering mathematics, part of the Diploma in Engineering Systems and Management programme at Republic Polytechnic (RP). Students explore core theoretical and applied aspects, building competencies for professional practice.","Core engineering mathematics concepts, theoretical framework application, analytical problem-solving, academic research skills, practical engineering mathematics implementation",https://www.rp.edu.sg/,Undergraduate,4 Credits / 1 Semester,A-Level: H2 Mathematics + H2 Physics. IELTS 6.0+.
Republic Polytechnic (RP),Diploma in Engineering Systems and Management,ESM1002 Engineering Science,"This module covers engineering science, part of the Diploma in Engineering Systems and Management programme at Republic Polytechnic (RP). Students explore core theoretical and applied aspects, building competencies for professional practice.","Core engineering science concepts, theoretical framework application, analytical problem-solving, academic research skills, practical engineering science implementation",https://www.rp.edu.sg/,Undergraduate,4 Credits / 1 Semester,A-Level: H2 Mathematics + H2 Physics. IELTS 6.0+.
Republic Polytechnic (RP),Diploma in Engineering Systems and Management,ESM2001 Industrial Engineering,"This module covers industrial engineering, part of the Diploma in Engineering Systems and Management programme at Republic Polytechnic (RP). Students explore core theoretical and applied aspects, building competencies for professional practice.","Core industrial engineering concepts, theoretical framework application, analytical problem-solving, academic research skills, practical industrial engineering implementation",https://www.rp.edu.sg/,Undergraduate,4 Credits / 1 Semester,A-Level: H2 Mathematics + H2 Physics. IELTS 6.0+.
Republic Polytechnic (RP),Diploma in Engineering Systems and Management,ESM2002 Quality Management,"Covers planning, organising, leading, and controlling including strategy, change management, and organisational behaviour.","Strategic planning, team leadership, change management, performance measurement, stakeholder analysis",https://www.rp.edu.sg/,Undergraduate,4 Credits / 1 Semester,A-Level: H2 Mathematics + H2 Physics. IELTS 6.0+.
Republic Polytechnic (RP),Diploma in Engineering Systems and Management,ESM2003 Project Management,"Covers project planning, execution, monitoring, and closure using agile and waterfall methodologies.","Gantt scheduling, risk management, agile sprint planning, stakeholder communication, cost variance analysis",https://www.rp.edu.sg/,Undergraduate,4 Credits / 1 Semester,A-Level: H2 Mathematics + H2 Physics. IELTS 6.0+.
Republic Polytechnic (RP),Diploma in Engineering Systems and Management,ESM3001 Smart Manufacturing,"This module covers smart manufacturing, part of the Diploma in Engineering Systems and Management programme at Republic Polytechnic (RP). Students explore core theoretical and applied aspects, building competencies for professional practice.","Core smart manufacturing concepts, theoretical framework application, analytical problem-solving, academic research skills, practical smart manufacturing implementation",https://www.rp.edu.sg/,Undergraduate,4 Credits / 1 Semester,A-Level: H2 Mathematics + H2 Physics. IELTS 6.0+.
Republic Polytechnic (RP),Diploma in Engineering Systems and Management,ESM3002 Capstone Project,"This module covers capstone project, part of the Diploma in Engineering Systems and Management programme at Republic Polytechnic (RP). Students explore core theoretical and applied aspects, building competencies for professional practice.","Core capstone project concepts, theoretical framework application, analytical problem-solving, academic research skills, practical capstone project implementation",https://www.rp.edu.sg/,Undergraduate,6 Credits / 1 Semester,A-Level: H2 Mathematics + H2 Physics. IELTS 6.0+.
Republic Polytechnic (RP),Diploma in Applied Design,DES1001 Design Fundamentals,"This module covers design fundamentals, part of the Diploma in Applied Design programme at Republic Polytechnic (RP). Students explore core theoretical and applied aspects, building competencies for professional practice.","Core design fundamentals concepts, theoretical framework application, analytical problem-solving, academic research skills, practical design fundamentals implementation",https://www.rp.edu.sg/,Undergraduate,4 Credits / 1 Semester,A-Level or Polytechnic Diploma + Portfolio. IELTS 6.0+.
Republic Polytechnic (RP),Diploma in Applied Design,DES1002 Visual Communication,"This module covers visual communication, part of the Diploma in Applied Design programme at Republic Polytechnic (RP). Students explore core theoretical and applied aspects, building competencies for professional practice.","Core visual communication concepts, theoretical framework application, analytical problem-solving, academic research skills, practical visual communication implementation",https://www.rp.edu.sg/,Undergraduate,4 Credits / 1 Semester,A-Level or Polytechnic Diploma + Portfolio. IELTS 6.0+.
Republic Polytechnic (RP),Diploma in Applied Design,DES2001 UX Design,"This module covers ux design, part of the Diploma in Applied Design programme at Republic Polytechnic (RP). Students explore core theoretical and applied aspects, building competencies for professional practice.","Core ux design concepts, theoretical framework application, analytical problem-solving, academic research skills, practical ux design implementation",https://www.rp.edu.sg/,Undergraduate,4 Credits / 1 Semester,A-Level or Polytechnic Diploma + Portfolio. IELTS 6.0+.
Republic Polytechnic (RP),Diploma in Applied Design,DES2002 Digital Design,"This module covers digital design, part of the Diploma in Applied Design programme at Republic Polytechnic (RP). Students explore core theoretical and applied aspects, building competencies for professional practice.","Core digital design concepts, theoretical framework application, analytical problem-solving, academic research skills, practical digital design implementation",https://www.rp.edu.sg/,Undergraduate,4 Credits / 1 Semester,A-Level or Polytechnic Diploma + Portfolio. IELTS 6.0+.
Republic Polytechnic (RP),Diploma in Applied Design,DES2003 Interaction Design,"This module covers interaction design, part of the Diploma in Applied Design programme at Republic Polytechnic (RP). Students explore core theoretical and applied aspects, building competencies for professional practice.","Core interaction design concepts, theoretical framework application, analytical problem-solving, academic research skills, practical interaction design implementation",https://www.rp.edu.sg/,Undergraduate,4 Credits / 1 Semester,A-Level or Polytechnic Diploma + Portfolio. IELTS 6.0+.
Republic Polytechnic (RP),Diploma in Applied Design,DES3001 Design Innovation Project,"This module covers design innovation project, part of the Diploma in Applied Design programme at Republic Polytechnic (RP). Students explore core theoretical and applied aspects, building competencies for professional practice.","Core design innovation project concepts, theoretical framework application, analytical problem-solving, academic research skills, practical design innovation project implementation",https://www.rp.edu.sg/,Undergraduate,6 Credits / 1 Semester,A-Level or Polytechnic Diploma + Portfolio. IELTS 6.0+.
Republic Polytechnic (RP),Diploma in Logistics and Operations Management,LOG1001 Supply Chain Fundamentals,"Covers supply chain design, procurement, inventory management, demand forecasting, and logistics optimisation.","Inventory optimisation, demand forecasting, supplier evaluation, logistics cost analysis, risk management",https://www.rp.edu.sg/,Undergraduate,4 Credits / 1 Semester,A-Level or Polytechnic Diploma. IELTS 6.0+.
Republic Polytechnic (RP),Diploma in Logistics and Operations Management,LOG1002 Logistics Operations,"Covers freight forwarding, customs, warehousing, transport management, and global supply chain optimisation.","Freight documentation, customs procedures, warehouse layout, route optimisation, supply chain analytics",https://www.rp.edu.sg/,Undergraduate,4 Credits / 1 Semester,A-Level or Polytechnic Diploma. IELTS 6.0+.
Republic Polytechnic (RP),Diploma in Logistics and Operations Management,LOG2001 Warehouse Management,"Covers planning, organising, leading, and controlling including strategy, change management, and organisational behaviour.","Strategic planning, team leadership, change management, performance measurement, stakeholder analysis",https://www.rp.edu.sg/,Undergraduate,4 Credits / 1 Semester,A-Level or Polytechnic Diploma. IELTS 6.0+.
Republic Polytechnic (RP),Diploma in Logistics and Operations Management,LOG2002 Transport Management,"Covers planning, organising, leading, and controlling including strategy, change management, and organisational behaviour.","Strategic planning, team leadership, change management, performance measurement, stakeholder analysis",https://www.rp.edu.sg/,Undergraduate,4 Credits / 1 Semester,A-Level or Polytechnic Diploma. IELTS 6.0+.
Republic Polytechnic (RP),Diploma in Logistics and Operations Management,LOG2003 Procurement and Sourcing,"This module covers procurement and sourcing, part of the Diploma in Logistics and Operations Management programme at Republic Polytechnic (RP). Students explore core theoretical and applied aspects, building competencies for professional practice.","Core procurement and sourcing concepts, theoretical framework application, analytical problem-solving, academic research skills, practical procurement and sourcing implementation",https://www.rp.edu.sg/,Undergraduate,4 Credits / 1 Semester,A-Level or Polytechnic Diploma. IELTS 6.0+.
Republic Polytechnic (RP),Diploma in Logistics and Operations Management,LOG3001 Supply Chain Analytics,"Covers supply chain design, procurement, inventory management, demand forecasting, and logistics optimisation.","Inventory optimisation, demand forecasting, supplier evaluation, logistics cost analysis, risk management",https://www.rp.edu.sg/,Undergraduate,4 Credits / 1 Semester,A-Level or Polytechnic Diploma. IELTS 6.0+.
Republic Polytechnic (RP),Diploma in Logistics and Operations Management,LOG3002 Logistics Project,"Covers freight forwarding, customs, warehousing, transport management, and global supply chain optimisation.","Freight documentation, customs procedures, warehouse layout, route optimisation, supply chain analytics",https://www.rp.edu.sg/,Undergraduate,6 Credits / 1 Semester,A-Level or Polytechnic Diploma. IELTS 6.0+.
Singapore University of Technology and Design (SUTD),Computer Science and Design,10.001 Advanced Mathematics I,"This module covers 10.001 advanced mathematics i, part of the Computer Science and Design programme at Singapore University of Technology and Design (SUTD). Students explore core theoretical and applied aspects, building competencies for professional practice.","Core 10.001 advanced mathematics i concepts, theoretical framework application, analytical problem-solving, academic research skills, practical 10.001 advanced mathematics i implementation",https://www.sutd.edu.sg/,Undergraduate,12 Credits / 1 Semester,A-Level: H2 Mathematics. Polytechnic Diploma GPA ≥ 3.5. IELTS 6.0+.
Singapore University of Technology and Design (SUTD),Computer Science and Design,10.002 Advanced Mathematics II,"This module covers 10.002 advanced mathematics ii, part of the Computer Science and Design programme at Singapore University of Technology and Design (SUTD). Students explore core theoretical and applied aspects, building competencies for professional practice.","Core 10.002 advanced mathematics ii concepts, theoretical framework application, analytical problem-solving, academic research skills, practical 10.002 advanced mathematics ii implementation",https://www.sutd.edu.sg/,Undergraduate,12 Credits / 1 Semester,A-Level: H2 Mathematics. Polytechnic Diploma GPA ≥ 3.5. IELTS 6.0+.
Singapore University of Technology and Design (SUTD),Computer Science and Design,10.007 Modelling the Systems World,"This module covers 10.007 modelling the systems world, part of the Computer Science and Design programme at Singapore University of Technology and Design (SUTD). Students explore core theoretical and applied aspects, building competencies for professional practice.","Core 10.007 modelling the systems world concepts, theoretical framework application, analytical problem-solving, academic research skills, practical 10.007 modelling the systems world implementation",https://www.sutd.edu.sg/,Undergraduate,12 Credits / 1 Semester,A-Level: H2 Mathematics. Polytechnic Diploma GPA ≥ 3.5. IELTS 6.0+.
Singapore University of Technology and Design (SUTD),Computer Science and Design,50.001 Information Systems & Programming,"This module covers 50.001 information systems & programming, part of the Computer Science and Design programme at Singapore University of Technology and Design (SUTD). Students explore core theoretical and applied aspects, building competencies for professional practice.","Core 50.001 information systems & programming concepts, theoretical framework application, analytical problem-solving, academic research skills, practical 50.001 information systems & programming implementation",https://www.sutd.edu.sg/,Undergraduate,12 Credits / 1 Semester,A-Level: H2 Mathematics. Polytechnic Diploma GPA ≥ 3.5. IELTS 6.0+.
Singapore University of Technology and Design (SUTD),Computer Science and Design,50.002 Computation Structures,"This module covers 50.002 computation structures, part of the Computer Science and Design programme at Singapore University of Technology and Design (SUTD). Students explore core theoretical and applied aspects, building competencies for professional practice.","Core 50.002 computation structures concepts, theoretical framework application, analytical problem-solving, academic research skills, practical 50.002 computation structures implementation",https://www.sutd.edu.sg/,Undergraduate,12 Credits / 1 Semester,A-Level: H2 Mathematics. Polytechnic Diploma GPA ≥ 3.5. IELTS 6.0+.
Singapore University of Technology and Design (SUTD),Computer Science and Design,50.004 Algorithms,"Introduces algorithm design paradigms including divide and conquer, dynamic programming, greedy methods, and backtracking. Students prove correctness and analyse Big-O complexity.","Algorithm complexity analysis, divide and conquer design, dynamic programming, greedy implementation, correctness proof writing",https://www.sutd.edu.sg/,Undergraduate,12 Credits / 1 Semester,A-Level: H2 Mathematics. Polytechnic Diploma GPA ≥ 3.5. IELTS 6.0+.
Singapore University of Technology and Design (SUTD),Computer Science and Design,50.005 Computer System Engineering,"This module covers 50.005 computer system engineering, part of the Computer Science and Design programme at Singapore University of Technology and Design (SUTD). Students explore core theoretical and applied aspects, building competencies for professional practice.","Core 50.005 computer system engineering concepts, theoretical framework application, analytical problem-solving, academic research skills, practical 50.005 computer system engineering implementation",https://www.sutd.edu.sg/,Undergraduate,12 Credits / 1 Semester,A-Level: H2 Mathematics. Polytechnic Diploma GPA ≥ 3.5. IELTS 6.0+.
Singapore University of Technology and Design (SUTD),Computer Science and Design,50.012 Networks,"This module covers 50.012 networks, part of the Computer Science and Design programme at Singapore University of Technology and Design (SUTD). Students explore core theoretical and applied aspects, building competencies for professional practice.","Core 50.012 networks concepts, theoretical framework application, analytical problem-solving, academic research skills, practical 50.012 networks implementation",https://www.sutd.edu.sg/,Undergraduate,12 Credits / 1 Semester,A-Level: H2 Mathematics. Polytechnic Diploma GPA ≥ 3.5. IELTS 6.0+.
Singapore University of Technology and Design (SUTD),Computer Science and Design,50.017 Graphics and Visualisation,"This module covers 50.017 graphics and visualisation, part of the Computer Science and Design programme at Singapore University of Technology and Design (SUTD). Students explore core theoretical and applied aspects, building competencies for professional practice.","Core 50.017 graphics and visualisation concepts, theoretical framework application, analytical problem-solving, academic research skills, practical 50.017 graphics and visualisation implementation",https://www.sutd.edu.sg/,Undergraduate,12 Credits / 1 Semester,A-Level: H2 Mathematics. Polytechnic Diploma GPA ≥ 3.5. IELTS 6.0+.
Singapore University of Technology and Design (SUTD),Computer Science and Design,50.021 Artificial Intelligence,"Explores search algorithms, knowledge representation, planning, and reasoning under uncertainty.","Heuristic search, Bayesian reasoning, propositional logic, constraint satisfaction, decision tree construction",https://www.sutd.edu.sg/,Undergraduate,12 Credits / 1 Semester,A-Level: H2 Mathematics. Polytechnic Diploma GPA ≥ 3.5. IELTS 6.0+.
Singapore University of Technology and Design (SUTD),Computer Science and Design,50.035 Computer Vision,"Covers image processing, feature extraction, object detection, and segmentation using classical and deep learning methods.","Image preprocessing, CNN classification, YOLO object detection, semantic segmentation, feature extraction",https://www.sutd.edu.sg/,Undergraduate,12 Credits / 1 Semester,A-Level: H2 Mathematics. Polytechnic Diploma GPA ≥ 3.5. IELTS 6.0+.
Singapore University of Technology and Design (SUTD),Computer Science and Design,50.038 Computational Data Science,"This module covers 50.038 computational data science, part of the Computer Science and Design programme at Singapore University of Technology and Design (SUTD). Students explore core theoretical and applied aspects, building competencies for professional practice.","Core 50.038 computational data science concepts, theoretical framework application, analytical problem-solving, academic research skills, practical 50.038 computational data science implementation",https://www.sutd.edu.sg/,Undergraduate,12 Credits / 1 Semester,A-Level: H2 Mathematics. Polytechnic Diploma GPA ≥ 3.5. IELTS 6.0+.
Singapore University of Technology and Design (SUTD),Computer Science and Design,50.039 Theory and Practice of Deep Learning,"Covers CNNs, RNNs, attention mechanisms, and transformers applied to computer vision and NLP tasks using modern frameworks.","CNN design, RNN sequence modelling, transformer fine-tuning, PyTorch/TensorFlow, transfer learning",https://www.sutd.edu.sg/,Undergraduate,12 Credits / 1 Semester,A-Level: H2 Mathematics. Polytechnic Diploma GPA ≥ 3.5. IELTS 6.0+.
Singapore University of Technology and Design (SUTD),Computer Science and Design,50.040 Natural Language Processing,"Covers tokenisation, language models, sentiment analysis, NER, and transformer-based models such as BERT.","Text preprocessing, language model evaluation, sentiment classification, NER extraction, BERT fine-tuning",https://www.sutd.edu.sg/,Undergraduate,12 Credits / 1 Semester,A-Level: H2 Mathematics. Polytechnic Diploma GPA ≥ 3.5. IELTS 6.0+.
Singapore University of Technology and Design (SUTD),Computer Science and Design,60.001 Design Thinking and Innovation A,"This module covers 60.001 design thinking and innovation a, part of the Computer Science and Design programme at Singapore University of Technology and Design (SUTD). Students explore core theoretical and applied aspects, building competencies for professional practice.","Core 60.001 design thinking and innovation a concepts, theoretical framework application, analytical problem-solving, academic research skills, practical 60.001 design thinking and innovation a implementation",https://www.sutd.edu.sg/,Undergraduate,12 Credits / 1 Semester,A-Level: H2 Mathematics. Polytechnic Diploma GPA ≥ 3.5. IELTS 6.0+.
Singapore University of Technology and Design (SUTD),Engineering Systems and Design,10.003 Linear Algebra,"Covers vector spaces, matrix operations, eigenvalues, and SVD foundational for machine learning and optimisation.","Matrix factorisation, eigenvalue computation, vector space analysis, linear transformation, gradient optimisation",https://www.sutd.edu.sg/,Undergraduate,12 Credits / 1 Semester,A-Level: H2 Mathematics + H2 Physics. IELTS 6.0+.
Singapore University of Technology and Design (SUTD),Engineering Systems and Design,40.001 Probability and Statistics,"Covers random variables, distributions, Bayes theorem, expectation, and limit theorems with engineering applications.","Probability modelling, Bayesian inference, Monte Carlo simulation, hypothesis testing, stochastic analysis",https://www.sutd.edu.sg/,Undergraduate,12 Credits / 1 Semester,A-Level: H2 Mathematics + H2 Physics. IELTS 6.0+.
Singapore University of Technology and Design (SUTD),Engineering Systems and Design,40.002 Optimisation,"This module covers 40.002 optimisation, part of the Engineering Systems and Design programme at Singapore University of Technology and Design (SUTD). Students explore core theoretical and applied aspects, building competencies for professional practice.","Core 40.002 optimisation concepts, theoretical framework application, analytical problem-solving, academic research skills, practical 40.002 optimisation implementation",https://www.sutd.edu.sg/,Undergraduate,12 Credits / 1 Semester,A-Level: H2 Mathematics + H2 Physics. IELTS 6.0+.
Singapore University of Technology and Design (SUTD),Engineering Systems and Design,40.004 Statistics,"This module covers 40.004 statistics, part of the Engineering Systems and Design programme at Singapore University of Technology and Design (SUTD). Students explore core theoretical and applied aspects, building competencies for professional practice.","Core 40.004 statistics concepts, theoretical framework application, analytical problem-solving, academic research skills, practical 40.004 statistics implementation",https://www.sutd.edu.sg/,Undergraduate,12 Credits / 1 Semester,A-Level: H2 Mathematics + H2 Physics. IELTS 6.0+.
Singapore University of Technology and Design (SUTD),Engineering Systems and Design,40.011 Data and Environment,"This module covers 40.011 data and environment, part of the Engineering Systems and Design programme at Singapore University of Technology and Design (SUTD). Students explore core theoretical and applied aspects, building competencies for professional practice.","Core 40.011 data and environment concepts, theoretical framework application, analytical problem-solving, academic research skills, practical 40.011 data and environment implementation",https://www.sutd.edu.sg/,Undergraduate,12 Credits / 1 Semester,A-Level: H2 Mathematics + H2 Physics. IELTS 6.0+.
Singapore University of Technology and Design (SUTD),Engineering Systems and Design,40.012 Manufacturing and Service Operations,"This module covers 40.012 manufacturing and service operations, part of the Engineering Systems and Design programme at Singapore University of Technology and Design (SUTD). Students explore core theoretical and applied aspects, building competencies for professional practice.","Core 40.012 manufacturing and service operations concepts, theoretical framework application, analytical problem-solving, academic research skills, practical 40.012 manufacturing and service operations implementation",https://www.sutd.edu.sg/,Undergraduate,12 Credits / 1 Semester,A-Level: H2 Mathematics + H2 Physics. IELTS 6.0+.
Singapore University of Technology and Design (SUTD),Engineering Systems and Design,40.014 Statistical and Machine Learning,"Covers supervised learning, unsupervised learning, model evaluation, regularisation, and neural network fundamentals for predictive modelling.","Supervised model training, cross-validation, feature engineering, clustering algorithms, neural network design",https://www.sutd.edu.sg/,Undergraduate,12 Credits / 1 Semester,A-Level: H2 Mathematics + H2 Physics. IELTS 6.0+.
Singapore University of Technology and Design (SUTD),Engineering Systems and Design,40.016 The Analytics Edge,"This module covers 40.016 the analytics edge, part of the Engineering Systems and Design programme at Singapore University of Technology and Design (SUTD). Students explore core theoretical and applied aspects, building competencies for professional practice.","Core 40.016 the analytics edge concepts, theoretical framework application, analytical problem-solving, academic research skills, practical 40.016 the analytics edge implementation",https://www.sutd.edu.sg/,Undergraduate,12 Credits / 1 Semester,A-Level: H2 Mathematics + H2 Physics. IELTS 6.0+.
Singapore University of Technology and Design (SUTD),Engineering Systems and Design,40.017 Simulation Modelling and Analysis,"This module covers 40.017 simulation modelling and analysis, part of the Engineering Systems and Design programme at Singapore University of Technology and Design (SUTD). Students explore core theoretical and applied aspects, building competencies for professional practice.","Core 40.017 simulation modelling and analysis concepts, theoretical framework application, analytical problem-solving, academic research skills, practical 40.017 simulation modelling and analysis implementation",https://www.sutd.edu.sg/,Undergraduate,12 Credits / 1 Semester,A-Level: H2 Mathematics + H2 Physics. IELTS 6.0+.
Singapore University of Technology and Design (SUTD),Engineering Systems and Design,40.230 Financial Engineering,"Examines time value of money, capital budgeting, risk and return, portfolio theory, and corporate financing decisions.","DCF valuation, portfolio analysis, CAPM application, capital structure decisions, financial modelling",https://www.sutd.edu.sg/,Undergraduate,12 Credits / 1 Semester,A-Level: H2 Mathematics + H2 Physics. IELTS 6.0+.
Singapore University of Technology and Design (SUTD),Architecture and Sustainable Design,20.111 Design Studio,"This module covers 20.111 design studio, part of the Architecture and Sustainable Design programme at Singapore University of Technology and Design (SUTD). Students explore core theoretical and applied aspects, building competencies for professional practice.","Core 20.111 design studio concepts, theoretical framework application, analytical problem-solving, academic research skills, practical 20.111 design studio implementation",https://www.sutd.edu.sg/,Undergraduate,12 Credits / 1 Semester,A-Level + Portfolio review. IELTS 6.5+.
Singapore University of Technology and Design (SUTD),Architecture and Sustainable Design,20.112 Structures,"This module covers 20.112 structures, part of the Architecture and Sustainable Design programme at Singapore University of Technology and Design (SUTD). Students explore core theoretical and applied aspects, building competencies for professional practice.","Core 20.112 structures concepts, theoretical framework application, analytical problem-solving, academic research skills, practical 20.112 structures implementation",https://www.sutd.edu.sg/,Undergraduate,12 Credits / 1 Semester,A-Level + Portfolio review. IELTS 6.5+.
Singapore University of Technology and Design (SUTD),Architecture and Sustainable Design,20.113 Building Technology,"This module covers 20.113 building technology, part of the Architecture and Sustainable Design programme at Singapore University of Technology and Design (SUTD). Students explore core theoretical and applied aspects, building competencies for professional practice.","Core 20.113 building technology concepts, theoretical framework application, analytical problem-solving, academic research skills, practical 20.113 building technology implementation",https://www.sutd.edu.sg/,Undergraduate,12 Credits / 1 Semester,A-Level + Portfolio review. IELTS 6.5+.
Singapore University of Technology and Design (SUTD),Architecture and Sustainable Design,20.114 Environmental Control,"Covers environmental chemistry, ecology, pollution control, environmental impact assessment, and sustainability.","Environmental impact assessment, pollution monitoring, ecological modelling, sustainability analysis, EIA reporting",https://www.sutd.edu.sg/,Undergraduate,12 Credits / 1 Semester,A-Level + Portfolio review. IELTS 6.5+.
Singapore University of Technology and Design (SUTD),Architecture and Sustainable Design,20.211 Advanced Studio,"This module covers 20.211 advanced studio, part of the Architecture and Sustainable Design programme at Singapore University of Technology and Design (SUTD). Students explore core theoretical and applied aspects, building competencies for professional practice.","Core 20.211 advanced studio concepts, theoretical framework application, analytical problem-solving, academic research skills, practical 20.211 advanced studio implementation",https://www.sutd.edu.sg/,Undergraduate,12 Credits / 1 Semester,A-Level + Portfolio review. IELTS 6.5+.
Singapore University of Technology and Design (SUTD),Architecture and Sustainable Design,20.311 Thesis Design Studio,"This module covers 20.311 thesis design studio, part of the Architecture and Sustainable Design programme at Singapore University of Technology and Design (SUTD). Students explore core theoretical and applied aspects, building competencies for professional practice.","Core 20.311 thesis design studio concepts, theoretical framework application, analytical problem-solving, academic research skills, practical 20.311 thesis design studio implementation",https://www.sutd.edu.sg/,Undergraduate,12 Credits / 1 Semester,A-Level + Portfolio review. IELTS 6.5+.
Singapore University of Technology and Design (SUTD),Architecture and Sustainable Design,20.314 Urban Design,"This module covers 20.314 urban design, part of the Architecture and Sustainable Design programme at Singapore University of Technology and Design (SUTD). Students explore core theoretical and applied aspects, building competencies for professional practice.","Core 20.314 urban design concepts, theoretical framework application, analytical problem-solving, academic research skills, practical 20.314 urban design implementation",https://www.sutd.edu.sg/,Undergraduate,12 Credits / 1 Semester,A-Level + Portfolio review. IELTS 6.5+.
Singapore University of Technology and Design (SUTD),Engineering Product Development,30.001 Circuits and Electronics,"Covers semiconductor physics, diode and transistor circuits, op-amps, and digital logic design.","Diode circuit analysis, transistor biasing, op-amp circuit design, digital logic implementation, circuit simulation",https://www.sutd.edu.sg/,Undergraduate,12 Credits / 1 Semester,A-Level: H2 Mathematics + H2 Physics. IELTS 6.0+.
Singapore University of Technology and Design (SUTD),Engineering Product Development,30.002 Signals and Systems,"This module covers 30.002 signals and systems, part of the Engineering Product Development programme at Singapore University of Technology and Design (SUTD). Students explore core theoretical and applied aspects, building competencies for professional practice.","Core 30.002 signals and systems concepts, theoretical framework application, analytical problem-solving, academic research skills, practical 30.002 signals and systems implementation",https://www.sutd.edu.sg/,Undergraduate,12 Credits / 1 Semester,A-Level: H2 Mathematics + H2 Physics. IELTS 6.0+.
Singapore University of Technology and Design (SUTD),Engineering Product Development,30.003 Thermodynamics and Chemistry of Materials,"Studies heat, work, energy conversion, entropy, and thermodynamic cycles for engineering systems.","Thermodynamic cycle analysis, entropy calculation, heat exchanger design, energy efficiency, combustion analysis",https://www.sutd.edu.sg/,Undergraduate,12 Credits / 1 Semester,A-Level: H2 Mathematics + H2 Physics. IELTS 6.0+.
Singapore University of Technology and Design (SUTD),Engineering Product Development,30.004 Mechanics of Materials,"Covers statics, dynamics, kinematics, and material behaviour for engineering applications.","Free body diagram, moment calculation, kinematic analysis, material stress-strain, FEA application",https://www.sutd.edu.sg/,Undergraduate,12 Credits / 1 Semester,A-Level: H2 Mathematics + H2 Physics. IELTS 6.0+.
Singapore University of Technology and Design (SUTD),Engineering Product Development,30.005 Product Design,"This module covers 30.005 product design, part of the Engineering Product Development programme at Singapore University of Technology and Design (SUTD). Students explore core theoretical and applied aspects, building competencies for professional practice.","Core 30.005 product design concepts, theoretical framework application, analytical problem-solving, academic research skills, practical 30.005 product design implementation",https://www.sutd.edu.sg/,Undergraduate,12 Credits / 1 Semester,A-Level: H2 Mathematics + H2 Physics. IELTS 6.0+.
Singapore University of Technology and Design (SUTD),Engineering Product Development,30.006 Computer-Aided Prototype Design,"This module covers 30.006 computer-aided prototype design, part of the Engineering Product Development programme at Singapore University of Technology and Design (SUTD). Students explore core theoretical and applied aspects, building competencies for professional practice.","Core 30.006 computer-aided prototype design concepts, theoretical framework application, analytical problem-solving, academic research skills, practical 30.006 computer-aided prototype design implementation",https://www.sutd.edu.sg/,Undergraduate,12 Credits / 1 Semester,A-Level: H2 Mathematics + H2 Physics. IELTS 6.0+.
Singapore University of Technology and Design (SUTD),Engineering Product Development,30.007 Mechanisms and Machines,"This module covers 30.007 mechanisms and machines, part of the Engineering Product Development programme at Singapore University of Technology and Design (SUTD). Students explore core theoretical and applied aspects, building competencies for professional practice.","Core 30.007 mechanisms and machines concepts, theoretical framework application, analytical problem-solving, academic research skills, practical 30.007 mechanisms and machines implementation",https://www.sutd.edu.sg/,Undergraduate,12 Credits / 1 Semester,A-Level: H2 Mathematics + H2 Physics. IELTS 6.0+.
Singapore University of Technology and Design (SUTD),Design and Artificial Intelligence,60.004 Computational Design Thinking,"This module covers 60.004 computational design thinking, part of the Design and Artificial Intelligence programme at Singapore University of Technology and Design (SUTD). Students explore core theoretical and applied aspects, building competencies for professional practice.","Core 60.004 computational design thinking concepts, theoretical framework application, analytical problem-solving, academic research skills, practical 60.004 computational design thinking implementation",https://www.sutd.edu.sg/,Undergraduate,12 Credits / 1 Semester,A-Level: H2 Mathematics. Polytechnic Diploma GPA ≥ 3.5. IELTS 6.5+.
Singapore University of Technology and Design (SUTD),Design and Artificial Intelligence,60.007 3D Design,"This module covers 60.007 3d design, part of the Design and Artificial Intelligence programme at Singapore University of Technology and Design (SUTD). Students explore core theoretical and applied aspects, building competencies for professional practice.","Core 60.007 3d design concepts, theoretical framework application, analytical problem-solving, academic research skills, practical 60.007 3d design implementation",https://www.sutd.edu.sg/,Undergraduate,12 Credits / 1 Semester,A-Level: H2 Mathematics. Polytechnic Diploma GPA ≥ 3.5. IELTS 6.5+.
Singapore University of Technology and Design (SUTD),Design and Artificial Intelligence,60.009 Design Innovation Capstone,"This module covers 60.009 design innovation capstone, part of the Design and Artificial Intelligence programme at Singapore University of Technology and Design (SUTD). Students explore core theoretical and applied aspects, building competencies for professional practice.","Core 60.009 design innovation capstone concepts, theoretical framework application, analytical problem-solving, academic research skills, practical 60.009 design innovation capstone implementation",https://www.sutd.edu.sg/,Undergraduate,12 Credits / 1 Semester,A-Level: H2 Mathematics. Polytechnic Diploma GPA ≥ 3.5. IELTS 6.5+.
Singapore University of Social Sciences (SUSS),Bachelor of Science in Information Systems,ICT101 Computing Concepts,"This module covers computing concepts, part of the Bachelor of Science in Information Systems programme at Singapore University of Social Sciences (SUSS). Students explore core theoretical and applied aspects, building competencies for professional practice.","Core computing concepts concepts, theoretical framework application, analytical problem-solving, academic research skills, practical computing concepts implementation",https://www.suss.edu.sg/courses/detail/ICT101,Undergraduate,5 Credits / 1 Semester,GCE A-Level or Polytechnic Diploma. IELTS 6.0–6.5+.
Singapore University of Social Sciences (SUSS),Bachelor of Science in Information Systems,ICT102 Programming Concepts,"This module covers programming concepts, part of the Bachelor of Science in Information Systems programme at Singapore University of Social Sciences (SUSS). Students explore core theoretical and applied aspects, building competencies for professional practice.","Core programming concepts concepts, theoretical framework application, analytical problem-solving, academic research skills, practical programming concepts implementation",https://www.suss.edu.sg/courses/detail/ICT102,Undergraduate,5 Credits / 1 Semester,GCE A-Level or Polytechnic Diploma. IELTS 6.0–6.5+.
Singapore University of Social Sciences (SUSS),Bachelor of Science in Information Systems,ICT103 Systems Analysis and Design,"This module covers systems analysis and design, part of the Bachelor of Science in Information Systems programme at Singapore University of Social Sciences (SUSS). Students explore core theoretical and applied aspects, building competencies for professional practice.","Core systems analysis and design concepts, theoretical framework application, analytical problem-solving, academic research skills, practical systems analysis and design implementation",https://www.suss.edu.sg/courses/detail/ICT103,Undergraduate,5 Credits / 1 Semester,GCE A-Level or Polytechnic Diploma. IELTS 6.0–6.5+.
Singapore University of Social Sciences (SUSS),Bachelor of Science in Information Systems,ICT104 Database Design,"Examines relational database design, SQL querying, normalisation theory, transaction management, and indexing strategies.","SQL query writing, ER diagram design, normalisation, transaction management, index optimisation",https://www.suss.edu.sg/courses/detail/ICT104,Undergraduate,5 Credits / 1 Semester,GCE A-Level or Polytechnic Diploma. IELTS 6.0–6.5+.
Singapore University of Social Sciences (SUSS),Bachelor of Science in Information Systems,ICT201 Web Application Development,"Covers full-stack web development including front-end frameworks, RESTful APIs, authentication, and database integration.","HTML/CSS/JavaScript, REST API design, React or Vue.js, backend frameworks, database integration",https://www.suss.edu.sg/courses/detail/ICT201,Undergraduate,5 Credits / 1 Semester,GCE A-Level or Polytechnic Diploma. IELTS 6.0–6.5+.
Singapore University of Social Sciences (SUSS),Bachelor of Science in Information Systems,ICT202 Network Fundamentals,"This module covers network fundamentals, part of the Bachelor of Science in Information Systems programme at Singapore University of Social Sciences (SUSS). Students explore core theoretical and applied aspects, building competencies for professional practice.","Core network fundamentals concepts, theoretical framework application, analytical problem-solving, academic research skills, practical network fundamentals implementation",https://www.suss.edu.sg/courses/detail/ICT202,Undergraduate,5 Credits / 1 Semester,GCE A-Level or Polytechnic Diploma. IELTS 6.0–6.5+.
Singapore University of Social Sciences (SUSS),Bachelor of Science in Information Systems,ICT203 Cybersecurity,"Covers cryptography, authentication, network security, secure coding, and ethical hacking fundamentals.","Cryptographic protocols, penetration testing, vulnerability scanning, secure coding practices, incident response",https://www.suss.edu.sg/courses/detail/ICT203,Undergraduate,5 Credits / 1 Semester,GCE A-Level or Polytechnic Diploma. IELTS 6.0–6.5+.
Singapore University of Social Sciences (SUSS),Bachelor of Science in Information Systems,ICT301 Data Analytics,"This module covers data analytics, part of the Bachelor of Science in Information Systems programme at Singapore University of Social Sciences (SUSS). Students explore core theoretical and applied aspects, building competencies for professional practice.","Core data analytics concepts, theoretical framework application, analytical problem-solving, academic research skills, practical data analytics implementation",https://www.suss.edu.sg/courses/detail/ICT301,Undergraduate,5 Credits / 1 Semester,GCE A-Level or Polytechnic Diploma. IELTS 6.0–6.5+.
Singapore University of Social Sciences (SUSS),Bachelor of Science in Information Systems,ICT302 Cloud Computing,"Examines IaaS/PaaS/SaaS models with AWS/Azure/GCP hands-on, containerisation, and serverless computing.","Cloud provisioning, Docker containerisation, Kubernetes orchestration, serverless functions, cost optimisation",https://www.suss.edu.sg/courses/detail/ICT302,Undergraduate,5 Credits / 1 Semester,GCE A-Level or Polytechnic Diploma. IELTS 6.0–6.5+.
Singapore University of Social Sciences (SUSS),Bachelor of Science in Information Systems,ICT303 AI Applications,"This module covers ai applications, part of the Bachelor of Science in Information Systems programme at Singapore University of Social Sciences (SUSS). Students explore core theoretical and applied aspects, building competencies for professional practice.","Core ai applications concepts, theoretical framework application, analytical problem-solving, academic research skills, practical ai applications implementation",https://www.suss.edu.sg/courses/detail/ICT303,Undergraduate,5 Credits / 1 Semester,GCE A-Level or Polytechnic Diploma. IELTS 6.0–6.5+.
Singapore University of Social Sciences (SUSS),Bachelor of Science in Information Systems,ICT401 Digital Transformation,"This module covers digital transformation, part of the Bachelor of Science in Information Systems programme at Singapore University of Social Sciences (SUSS). Students explore core theoretical and applied aspects, building competencies for professional practice.","Core digital transformation concepts, theoretical framework application, analytical problem-solving, academic research skills, practical digital transformation implementation",https://www.suss.edu.sg/courses/detail/ICT401,Undergraduate,5 Credits / 1 Semester,GCE A-Level or Polytechnic Diploma. IELTS 6.0–6.5+.
Singapore University of Social Sciences (SUSS),Bachelor of Science in Information Systems,ICT402 IS Capstone,"This module covers is capstone, part of the Bachelor of Science in Information Systems programme at Singapore University of Social Sciences (SUSS). Students explore core theoretical and applied aspects, building competencies for professional practice.","Core is capstone concepts, theoretical framework application, analytical problem-solving, academic research skills, practical is capstone implementation",https://www.suss.edu.sg/courses/detail/ICT402,Undergraduate,10 Credits / 1 Semester,GCE A-Level or Polytechnic Diploma. IELTS 6.0–6.5+.
Singapore University of Social Sciences (SUSS),Bachelor of Business Administration,BUS101 Business Fundamentals,"This module covers business fundamentals, part of the Bachelor of Business Administration programme at Singapore University of Social Sciences (SUSS). Students explore core theoretical and applied aspects, building competencies for professional practice.","Core business fundamentals concepts, theoretical framework application, analytical problem-solving, academic research skills, practical business fundamentals implementation",https://www.suss.edu.sg/courses/detail/BUS101,Undergraduate,5 Credits / 1 Semester,A-Level or Polytechnic Diploma. IELTS 6.0+.
Singapore University of Social Sciences (SUSS),Bachelor of Business Administration,ACC101 Accounting Fundamentals,"Introduces financial and managerial accounting including double-entry bookkeeping, financial statement preparation, and cost accounting.","Double-entry bookkeeping, balance sheet preparation, income statement analysis, CVP analysis, ratio interpretation",https://www.suss.edu.sg/courses/detail/ACC101,Undergraduate,5 Credits / 1 Semester,A-Level or Polytechnic Diploma. IELTS 6.0+.
Singapore University of Social Sciences (SUSS),Bachelor of Business Administration,BUS201 Marketing Management,"Covers planning, organising, leading, and controlling including strategy, change management, and organisational behaviour.","Strategic planning, team leadership, change management, performance measurement, stakeholder analysis",https://www.suss.edu.sg/courses/detail/BUS201,Undergraduate,5 Credits / 1 Semester,A-Level or Polytechnic Diploma. IELTS 6.0+.
Singapore University of Social Sciences (SUSS),Bachelor of Business Administration,BUS202 Human Resource Management,"Covers recruitment, performance management, training, compensation, and employment law.","Recruitment design, performance appraisal, training needs analysis, compensation benchmarking, HR policy formulation",https://www.suss.edu.sg/courses/detail/BUS202,Undergraduate,5 Credits / 1 Semester,A-Level or Polytechnic Diploma. IELTS 6.0+.
Singapore University of Social Sciences (SUSS),Bachelor of Business Administration,FIN201 Business Finance,"This module covers business finance, part of the Bachelor of Business Administration programme at Singapore University of Social Sciences (SUSS). Students explore core theoretical and applied aspects, building competencies for professional practice.","Core business finance concepts, theoretical framework application, analytical problem-solving, academic research skills, practical business finance implementation",https://www.suss.edu.sg/courses/detail/FIN201,Undergraduate,5 Credits / 1 Semester,A-Level or Polytechnic Diploma. IELTS 6.0+.
Singapore University of Social Sciences (SUSS),Bachelor of Business Administration,BUS203 Operations Management,"Covers planning, organising, leading, and controlling including strategy, change management, and organisational behaviour.","Strategic planning, team leadership, change management, performance measurement, stakeholder analysis",https://www.suss.edu.sg/courses/detail/BUS203,Undergraduate,5 Credits / 1 Semester,A-Level or Polytechnic Diploma. IELTS 6.0+.
Singapore University of Social Sciences (SUSS),Bachelor of Business Administration,BUS301 Strategic Management,"Covers planning, organising, leading, and controlling including strategy, change management, and organisational behaviour.","Strategic planning, team leadership, change management, performance measurement, stakeholder analysis",https://www.suss.edu.sg/courses/detail/BUS301,Undergraduate,5 Credits / 1 Semester,A-Level or Polytechnic Diploma. IELTS 6.0+.
Singapore University of Social Sciences (SUSS),Bachelor of Business Administration,BUS302 Organisational Behaviour,"This module covers organisational behaviour, part of the Bachelor of Business Administration programme at Singapore University of Social Sciences (SUSS). Students explore core theoretical and applied aspects, building competencies for professional practice.","Core organisational behaviour concepts, theoretical framework application, analytical problem-solving, academic research skills, practical organisational behaviour implementation",https://www.suss.edu.sg/courses/detail/BUS302,Undergraduate,5 Credits / 1 Semester,A-Level or Polytechnic Diploma. IELTS 6.0+.
Singapore University of Social Sciences (SUSS),Bachelor of Business Administration,BUS303 Entrepreneurship,Guides students from opportunity recognition through business model development and lean startup methodology.,"Business model canvas, lean startup, market validation, investor pitch, financial forecasting",https://www.suss.edu.sg/courses/detail/BUS303,Undergraduate,5 Credits / 1 Semester,A-Level or Polytechnic Diploma. IELTS 6.0+.
Singapore University of Social Sciences (SUSS),Bachelor of Business Administration,MKT301 Digital Marketing,"Covers SEO, SEM, social media, content marketing, analytics, and marketing automation.","SEO/SEM optimisation, social media strategy, content marketing, Google Analytics, marketing automation",https://www.suss.edu.sg/courses/detail/MKT301,Undergraduate,5 Credits / 1 Semester,A-Level or Polytechnic Diploma. IELTS 6.0+.
Singapore University of Social Sciences (SUSS),Bachelor of Business Administration,BUS401 Business Analytics,"This module covers business analytics, part of the Bachelor of Business Administration programme at Singapore University of Social Sciences (SUSS). Students explore core theoretical and applied aspects, building competencies for professional practice.","Core business analytics concepts, theoretical framework application, analytical problem-solving, academic research skills, practical business analytics implementation",https://www.suss.edu.sg/courses/detail/BUS401,Undergraduate,5 Credits / 1 Semester,A-Level or Polytechnic Diploma. IELTS 6.0+.
Singapore University of Social Sciences (SUSS),Bachelor of Business Administration,BUS402 BBA Capstone,"This module covers bba capstone, part of the Bachelor of Business Administration programme at Singapore University of Social Sciences (SUSS). Students explore core theoretical and applied aspects, building competencies for professional practice.","Core bba capstone concepts, theoretical framework application, analytical problem-solving, academic research skills, practical bba capstone implementation",https://www.suss.edu.sg/courses/detail/BUS402,Undergraduate,10 Credits / 1 Semester,A-Level or Polytechnic Diploma. IELTS 6.0+.
Singapore University of Social Sciences (SUSS),Bachelor of Science in Finance,FIN101 Financial Accounting,"Introduces financial and managerial accounting including double-entry bookkeeping, financial statement preparation, and cost accounting.","Double-entry bookkeeping, balance sheet preparation, income statement analysis, CVP analysis, ratio interpretation",https://www.suss.edu.sg/courses/detail/FIN101,Undergraduate,5 Credits / 1 Semester,A-Level: H2 Mathematics. Polytechnic Business Diploma. IELTS 6.0+.
Singapore University of Social Sciences (SUSS),Bachelor of Science in Finance,FIN102 Principles of Finance,"This module covers principles of finance, part of the Bachelor of Science in Finance programme at Singapore University of Social Sciences (SUSS). Students explore core theoretical and applied aspects, building competencies for professional practice.","Core principles of finance concepts, theoretical framework application, analytical problem-solving, academic research skills, practical principles of finance implementation",https://www.suss.edu.sg/courses/detail/FIN102,Undergraduate,5 Credits / 1 Semester,A-Level: H2 Mathematics. Polytechnic Business Diploma. IELTS 6.0+.
Singapore University of Social Sciences (SUSS),Bachelor of Science in Finance,FIN201 Corporate Finance,"This module covers corporate finance, part of the Bachelor of Science in Finance programme at Singapore University of Social Sciences (SUSS). Students explore core theoretical and applied aspects, building competencies for professional practice.","Core corporate finance concepts, theoretical framework application, analytical problem-solving, academic research skills, practical corporate finance implementation",https://www.suss.edu.sg/courses/detail/FIN201,Undergraduate,5 Credits / 1 Semester,A-Level: H2 Mathematics. Polytechnic Business Diploma. IELTS 6.0+.
Singapore University of Social Sciences (SUSS),Bachelor of Science in Finance,FIN202 Financial Markets,"Examines time value of money, capital budgeting, risk and return, portfolio theory, and corporate financing decisions.","DCF valuation, portfolio analysis, CAPM application, capital structure decisions, financial modelling",https://www.suss.edu.sg/courses/detail/FIN202,Undergraduate,5 Credits / 1 Semester,A-Level: H2 Mathematics. Polytechnic Business Diploma. IELTS 6.0+.
Singapore University of Social Sciences (SUSS),Bachelor of Science in Finance,FIN203 Investment Analysis,"Examines equities, bonds, derivatives, portfolio construction, and performance evaluation.","Security valuation, portfolio construction, derivative pricing, performance attribution, factor model application",https://www.suss.edu.sg/courses/detail/FIN203,Undergraduate,5 Credits / 1 Semester,A-Level: H2 Mathematics. Polytechnic Business Diploma. IELTS 6.0+.
Singapore University of Social Sciences (SUSS),Bachelor of Science in Finance,FIN301 Portfolio Management,"Covers planning, organising, leading, and controlling including strategy, change management, and organisational behaviour.","Strategic planning, team leadership, change management, performance measurement, stakeholder analysis",https://www.suss.edu.sg/courses/detail/FIN301,Undergraduate,5 Credits / 1 Semester,A-Level: H2 Mathematics. Polytechnic Business Diploma. IELTS 6.0+.
Singapore University of Social Sciences (SUSS),Bachelor of Science in Finance,FIN302 Risk Management,"Covers planning, organising, leading, and controlling including strategy, change management, and organisational behaviour.","Strategic planning, team leadership, change management, performance measurement, stakeholder analysis",https://www.suss.edu.sg/courses/detail/FIN302,Undergraduate,5 Credits / 1 Semester,A-Level: H2 Mathematics. Polytechnic Business Diploma. IELTS 6.0+.
Singapore University of Social Sciences (SUSS),Bachelor of Science in Finance,FIN303 FinTech,"This module covers fintech, part of the Bachelor of Science in Finance programme at Singapore University of Social Sciences (SUSS). Students explore core theoretical and applied aspects, building competencies for professional practice.","Core fintech concepts, theoretical framework application, analytical problem-solving, academic research skills, practical fintech implementation",https://www.suss.edu.sg/courses/detail/FIN303,Undergraduate,5 Credits / 1 Semester,A-Level: H2 Mathematics. Polytechnic Business Diploma. IELTS 6.0+.
Singapore University of Social Sciences (SUSS),Bachelor of Science in Finance,FIN401 Financial Modelling,"Examines time value of money, capital budgeting, risk and return, portfolio theory, and corporate financing decisions.","DCF valuation, portfolio analysis, CAPM application, capital structure decisions, financial modelling",https://www.suss.edu.sg/courses/detail/FIN401,Undergraduate,5 Credits / 1 Semester,A-Level: H2 Mathematics. Polytechnic Business Diploma. IELTS 6.0+.
Singapore University of Social Sciences (SUSS),Bachelor of Science in Finance,FIN402 Finance Capstone,"This module covers finance capstone, part of the Bachelor of Science in Finance programme at Singapore University of Social Sciences (SUSS). Students explore core theoretical and applied aspects, building competencies for professional practice.","Core finance capstone concepts, theoretical framework application, analytical problem-solving, academic research skills, practical finance capstone implementation",https://www.suss.edu.sg/courses/detail/FIN402,Undergraduate,10 Credits / 1 Semester,A-Level: H2 Mathematics. Polytechnic Business Diploma. IELTS 6.0+.
Singapore University of Social Sciences (SUSS),Bachelor of Gerontology,GER101 Introduction to Gerontology,"This module covers introduction to gerontology, part of the Bachelor of Gerontology programme at Singapore University of Social Sciences (SUSS). Students explore core theoretical and applied aspects, building competencies for professional practice.","Core introduction to gerontology concepts, theoretical framework application, analytical problem-solving, academic research skills, practical introduction to gerontology implementation",https://www.suss.edu.sg/courses/detail/GER101,Undergraduate,5 Credits / 1 Semester,GCE A-Level or Polytechnic Diploma. IELTS 6.0–6.5+.
Singapore University of Social Sciences (SUSS),Bachelor of Gerontology,GER102 Biology of Ageing,"Introduces cell biology, genetics, physiology, ecology, and molecular biology principles.","Cell biology analysis, genetic problem solving, physiological assessment, ecological modelling, lab techniques",https://www.suss.edu.sg/courses/detail/GER102,Undergraduate,5 Credits / 1 Semester,GCE A-Level or Polytechnic Diploma. IELTS 6.0–6.5+.
Singapore University of Social Sciences (SUSS),Bachelor of Gerontology,GER201 Mental Health in Older Adults,"This module covers mental health in older adults, part of the Bachelor of Gerontology programme at Singapore University of Social Sciences (SUSS). Students explore core theoretical and applied aspects, building competencies for professional practice.","Core mental health in older adults concepts, theoretical framework application, analytical problem-solving, academic research skills, practical mental health in older adults implementation",https://www.suss.edu.sg/courses/detail/GER201,Undergraduate,5 Credits / 1 Semester,GCE A-Level or Polytechnic Diploma. IELTS 6.0–6.5+.
Singapore University of Social Sciences (SUSS),Bachelor of Gerontology,GER202 Social Gerontology,"This module covers social gerontology, part of the Bachelor of Gerontology programme at Singapore University of Social Sciences (SUSS). Students explore core theoretical and applied aspects, building competencies for professional practice.","Core social gerontology concepts, theoretical framework application, analytical problem-solving, academic research skills, practical social gerontology implementation",https://www.suss.edu.sg/courses/detail/GER202,Undergraduate,5 Credits / 1 Semester,GCE A-Level or Polytechnic Diploma. IELTS 6.0–6.5+.
Singapore University of Social Sciences (SUSS),Bachelor of Gerontology,GER203 Healthcare for Older Adults,"This module covers healthcare for older adults, part of the Bachelor of Gerontology programme at Singapore University of Social Sciences (SUSS). Students explore core theoretical and applied aspects, building competencies for professional practice.","Core healthcare for older adults concepts, theoretical framework application, analytical problem-solving, academic research skills, practical healthcare for older adults implementation",https://www.suss.edu.sg/courses/detail/GER203,Undergraduate,5 Credits / 1 Semester,GCE A-Level or Polytechnic Diploma. IELTS 6.0–6.5+.
Singapore University of Social Sciences (SUSS),Bachelor of Gerontology,GER301 Dementia Care,"This module covers dementia care, part of the Bachelor of Gerontology programme at Singapore University of Social Sciences (SUSS). Students explore core theoretical and applied aspects, building competencies for professional practice.","Core dementia care concepts, theoretical framework application, analytical problem-solving, academic research skills, practical dementia care implementation",https://www.suss.edu.sg/courses/detail/GER301,Undergraduate,5 Credits / 1 Semester,GCE A-Level or Polytechnic Diploma. IELTS 6.0–6.5+.
Singapore University of Social Sciences (SUSS),Bachelor of Gerontology,GER302 End-of-Life Care,"This module covers end-of-life care, part of the Bachelor of Gerontology programme at Singapore University of Social Sciences (SUSS). Students explore core theoretical and applied aspects, building competencies for professional practice.","Core end-of-life care concepts, theoretical framework application, analytical problem-solving, academic research skills, practical end-of-life care implementation",https://www.suss.edu.sg/courses/detail/GER302,Undergraduate,5 Credits / 1 Semester,GCE A-Level or Polytechnic Diploma. IELTS 6.0–6.5+.
Singapore University of Social Sciences (SUSS),Bachelor of Gerontology,GER401 Gerontology Capstone,"This module covers gerontology capstone, part of the Bachelor of Gerontology programme at Singapore University of Social Sciences (SUSS). Students explore core theoretical and applied aspects, building competencies for professional practice.","Core gerontology capstone concepts, theoretical framework application, analytical problem-solving, academic research skills, practical gerontology capstone implementation",https://www.suss.edu.sg/courses/detail/GER401,Undergraduate,10 Credits / 1 Semester,GCE A-Level or Polytechnic Diploma. IELTS 6.0–6.5+.
Singapore University of Social Sciences (SUSS),Bachelor of Psychology,PSY101 Introduction to Psychology,"This module covers introduction to psychology, part of the Bachelor of Psychology programme at Singapore University of Social Sciences (SUSS). Students explore core theoretical and applied aspects, building competencies for professional practice.","Core introduction to psychology concepts, theoretical framework application, analytical problem-solving, academic research skills, practical introduction to psychology implementation",https://www.suss.edu.sg/courses/detail/PSY101,Undergraduate,5 Credits / 1 Semester,A-Level or Polytechnic Diploma. IELTS 6.0+.
Singapore University of Social Sciences (SUSS),Bachelor of Psychology,PSY102 Research Methods,"This module covers research methods, part of the Bachelor of Psychology programme at Singapore University of Social Sciences (SUSS). Students explore core theoretical and applied aspects, building competencies for professional practice.","Core research methods concepts, theoretical framework application, analytical problem-solving, academic research skills, practical research methods implementation",https://www.suss.edu.sg/courses/detail/PSY102,Undergraduate,5 Credits / 1 Semester,A-Level or Polytechnic Diploma. IELTS 6.0+.
Singapore University of Social Sciences (SUSS),Bachelor of Psychology,PSY201 Developmental Psychology,"This module covers developmental psychology, part of the Bachelor of Psychology programme at Singapore University of Social Sciences (SUSS). Students explore core theoretical and applied aspects, building competencies for professional practice.","Core developmental psychology concepts, theoretical framework application, analytical problem-solving, academic research skills, practical developmental psychology implementation",https://www.suss.edu.sg/courses/detail/PSY201,Undergraduate,5 Credits / 1 Semester,A-Level or Polytechnic Diploma. IELTS 6.0+.
Singapore University of Social Sciences (SUSS),Bachelor of Psychology,PSY202 Social Psychology,"This module covers social psychology, part of the Bachelor of Psychology programme at Singapore University of Social Sciences (SUSS). Students explore core theoretical and applied aspects, building competencies for professional practice.","Core social psychology concepts, theoretical framework application, analytical problem-solving, academic research skills, practical social psychology implementation",https://www.suss.edu.sg/courses/detail/PSY202,Undergraduate,5 Credits / 1 Semester,A-Level or Polytechnic Diploma. IELTS 6.0+.
Singapore University of Social Sciences (SUSS),Bachelor of Psychology,PSY203 Cognitive Psychology,"This module covers cognitive psychology, part of the Bachelor of Psychology programme at Singapore University of Social Sciences (SUSS). Students explore core theoretical and applied aspects, building competencies for professional practice.","Core cognitive psychology concepts, theoretical framework application, analytical problem-solving, academic research skills, practical cognitive psychology implementation",https://www.suss.edu.sg/courses/detail/PSY203,Undergraduate,5 Credits / 1 Semester,A-Level or Polytechnic Diploma. IELTS 6.0+.
Singapore University of Social Sciences (SUSS),Bachelor of Psychology,PSY301 Abnormal Psychology,"This module covers abnormal psychology, part of the Bachelor of Psychology programme at Singapore University of Social Sciences (SUSS). Students explore core theoretical and applied aspects, building competencies for professional practice.","Core abnormal psychology concepts, theoretical framework application, analytical problem-solving, academic research skills, practical abnormal psychology implementation",https://www.suss.edu.sg/courses/detail/PSY301,Undergraduate,5 Credits / 1 Semester,A-Level or Polytechnic Diploma. IELTS 6.0+.
Singapore University of Social Sciences (SUSS),Bachelor of Psychology,PSY302 Organisational Psychology,"This module covers organisational psychology, part of the Bachelor of Psychology programme at Singapore University of Social Sciences (SUSS). Students explore core theoretical and applied aspects, building competencies for professional practice.","Core organisational psychology concepts, theoretical framework application, analytical problem-solving, academic research skills, practical organisational psychology implementation",https://www.suss.edu.sg/courses/detail/PSY302,Undergraduate,5 Credits / 1 Semester,A-Level or Polytechnic Diploma. IELTS 6.0+.
Singapore University of Social Sciences (SUSS),Bachelor of Psychology,PSY303 Counselling Psychology,"This module covers counselling psychology, part of the Bachelor of Psychology programme at Singapore University of Social Sciences (SUSS). Students explore core theoretical and applied aspects, building competencies for professional practice.","Core counselling psychology concepts, theoretical framework application, analytical problem-solving, academic research skills, practical counselling psychology implementation",https://www.suss.edu.sg/courses/detail/PSY303,Undergraduate,5 Credits / 1 Semester,A-Level or Polytechnic Diploma. IELTS 6.0+.
Singapore University of Social Sciences (SUSS),Bachelor of Psychology,PSY401 Psychology Capstone,"This module covers psychology capstone, part of the Bachelor of Psychology programme at Singapore University of Social Sciences (SUSS). Students explore core theoretical and applied aspects, building competencies for professional practice.","Core psychology capstone concepts, theoretical framework application, analytical problem-solving, academic research skills, practical psychology capstone implementation",https://www.suss.edu.sg/courses/detail/PSY401,Undergraduate,10 Credits / 1 Semester,A-Level or Polytechnic Diploma. IELTS 6.0+.
James Cook University Singapore (JCU SG),Bachelor of Business Administration,BUS1001 Business Fundamentals,"This module covers business fundamentals, part of the Bachelor of Business Administration programme at James Cook University Singapore (JCU SG). Students explore core theoretical and applied aspects, building competencies for professional practice.","Core business fundamentals concepts, theoretical framework application, analytical problem-solving, academic research skills, practical business fundamentals implementation",https://www.jcu.edu.sg/,Undergraduate,3 Credits / 1 Semester,A-Level or Polytechnic Diploma. IELTS 6.0+.
James Cook University Singapore (JCU SG),Bachelor of Business Administration,ACC1001 Accounting Principles,"Introduces financial and managerial accounting including double-entry bookkeeping, financial statement preparation, and cost accounting.","Double-entry bookkeeping, balance sheet preparation, income statement analysis, CVP analysis, ratio interpretation",https://www.jcu.edu.sg/,Undergraduate,3 Credits / 1 Semester,A-Level or Polytechnic Diploma. IELTS 6.0+.
James Cook University Singapore (JCU SG),Bachelor of Business Administration,ECO1001 Microeconomics,Analyses individual and firm behaviour and national economic systems with policy implications.,"Supply-demand analysis, elasticity calculation, game theory, GDP interpretation, fiscal policy assessment",https://www.jcu.edu.sg/,Undergraduate,3 Credits / 1 Semester,A-Level or Polytechnic Diploma. IELTS 6.0+.
James Cook University Singapore (JCU SG),Bachelor of Business Administration,MKT1001 Marketing Management,"Covers planning, organising, leading, and controlling including strategy, change management, and organisational behaviour.","Strategic planning, team leadership, change management, performance measurement, stakeholder analysis",https://www.jcu.edu.sg/,Undergraduate,3 Credits / 1 Semester,A-Level or Polytechnic Diploma. IELTS 6.0+.
James Cook University Singapore (JCU SG),Bachelor of Business Administration,FIN2001 Corporate Finance,"This module covers corporate finance, part of the Bachelor of Business Administration programme at James Cook University Singapore (JCU SG). Students explore core theoretical and applied aspects, building competencies for professional practice.","Core corporate finance concepts, theoretical framework application, analytical problem-solving, academic research skills, practical corporate finance implementation",https://www.jcu.edu.sg/,Undergraduate,3 Credits / 1 Semester,A-Level or Polytechnic Diploma. IELTS 6.0+.
James Cook University Singapore (JCU SG),Bachelor of Business Administration,HRM2001 Human Resource Management,"Covers recruitment, performance management, training, compensation, and employment law.","Recruitment design, performance appraisal, training needs analysis, compensation benchmarking, HR policy formulation",https://www.jcu.edu.sg/,Undergraduate,3 Credits / 1 Semester,A-Level or Polytechnic Diploma. IELTS 6.0+.
James Cook University Singapore (JCU SG),Bachelor of Business Administration,BUS2001 Operations Management,"Covers planning, organising, leading, and controlling including strategy, change management, and organisational behaviour.","Strategic planning, team leadership, change management, performance measurement, stakeholder analysis",https://www.jcu.edu.sg/,Undergraduate,3 Credits / 1 Semester,A-Level or Polytechnic Diploma. IELTS 6.0+.
James Cook University Singapore (JCU SG),Bachelor of Business Administration,BUS2001 Organisational Behaviour,"This module covers organisational behaviour, part of the Bachelor of Business Administration programme at James Cook University Singapore (JCU SG). Students explore core theoretical and applied aspects, building competencies for professional practice.","Core organisational behaviour concepts, theoretical framework application, analytical problem-solving, academic research skills, practical organisational behaviour implementation",https://www.jcu.edu.sg/,Undergraduate,3 Credits / 1 Semester,A-Level or Polytechnic Diploma. IELTS 6.0+.
James Cook University Singapore (JCU SG),Bachelor of Business Administration,BUS3001 Strategic Management,"Covers planning, organising, leading, and controlling including strategy, change management, and organisational behaviour.","Strategic planning, team leadership, change management, performance measurement, stakeholder analysis",https://www.jcu.edu.sg/,Undergraduate,3 Credits / 1 Semester,A-Level or Polytechnic Diploma. IELTS 6.0+.
James Cook University Singapore (JCU SG),Bachelor of Business Administration,ENT3001 Entrepreneurship,Guides students from opportunity recognition through business model development and lean startup methodology.,"Business model canvas, lean startup, market validation, investor pitch, financial forecasting",https://www.jcu.edu.sg/,Undergraduate,3 Credits / 1 Semester,A-Level or Polytechnic Diploma. IELTS 6.0+.
James Cook University Singapore (JCU SG),Bachelor of Business Administration,INT3001 International Business,"This module covers international business, part of the Bachelor of Business Administration programme at James Cook University Singapore (JCU SG). Students explore core theoretical and applied aspects, building competencies for professional practice.","Core international business concepts, theoretical framework application, analytical problem-solving, academic research skills, practical international business implementation",https://www.jcu.edu.sg/,Undergraduate,3 Credits / 1 Semester,A-Level or Polytechnic Diploma. IELTS 6.0+.
James Cook University Singapore (JCU SG),Bachelor of Business Administration,BUS4001 BBA Thesis,"This module covers bba thesis, part of the Bachelor of Business Administration programme at James Cook University Singapore (JCU SG). Students explore core theoretical and applied aspects, building competencies for professional practice.","Core bba thesis concepts, theoretical framework application, analytical problem-solving, academic research skills, practical bba thesis implementation",https://www.jcu.edu.sg/,Undergraduate,6 Credits / 1 Semester,A-Level or Polytechnic Diploma. IELTS 6.0+.
James Cook University Singapore (JCU SG),Bachelor of Information Technology,IT1001 Introduction to IT,"This module covers introduction to it, part of the Bachelor of Information Technology programme at James Cook University Singapore (JCU SG). Students explore core theoretical and applied aspects, building competencies for professional practice.","Core introduction to it concepts, theoretical framework application, analytical problem-solving, academic research skills, practical introduction to it implementation",https://www.jcu.edu.sg/,Undergraduate,3 Credits / 1 Semester,A-Level or Polytechnic Diploma in IT. IELTS 6.0+.
James Cook University Singapore (JCU SG),Bachelor of Information Technology,IT1002 Programming,"This module covers programming, part of the Bachelor of Information Technology programme at James Cook University Singapore (JCU SG). Students explore core theoretical and applied aspects, building competencies for professional practice.","Core programming concepts, theoretical framework application, analytical problem-solving, academic research skills, practical programming implementation",https://www.jcu.edu.sg/,Undergraduate,3 Credits / 1 Semester,A-Level or Polytechnic Diploma in IT. IELTS 6.0+.
James Cook University Singapore (JCU SG),Bachelor of Information Technology,IT2001 Database Systems,"Examines relational database design, SQL querying, normalisation theory, transaction management, and indexing strategies.","SQL query writing, ER diagram design, normalisation, transaction management, index optimisation",https://www.jcu.edu.sg/,Undergraduate,3 Credits / 1 Semester,A-Level or Polytechnic Diploma in IT. IELTS 6.0+.
James Cook University Singapore (JCU SG),Bachelor of Information Technology,IT2002 Networks,"This module covers networks, part of the Bachelor of Information Technology programme at James Cook University Singapore (JCU SG). Students explore core theoretical and applied aspects, building competencies for professional practice.","Core networks concepts, theoretical framework application, analytical problem-solving, academic research skills, practical networks implementation",https://www.jcu.edu.sg/,Undergraduate,3 Credits / 1 Semester,A-Level or Polytechnic Diploma in IT. IELTS 6.0+.
James Cook University Singapore (JCU SG),Bachelor of Information Technology,IT2003 Web Development,"Covers full-stack web development including front-end frameworks, RESTful APIs, authentication, and database integration.","HTML/CSS/JavaScript, REST API design, React or Vue.js, backend frameworks, database integration",https://www.jcu.edu.sg/,Undergraduate,3 Credits / 1 Semester,A-Level or Polytechnic Diploma in IT. IELTS 6.0+.
James Cook University Singapore (JCU SG),Bachelor of Information Technology,IT2004 Software Engineering,"Covers the full SDLC from requirements through design, implementation, testing, and maintenance, emphasising agile methods.","Requirements documentation, UML modelling, agile sprint planning, integration testing, Git version control",https://www.jcu.edu.sg/,Undergraduate,3 Credits / 1 Semester,A-Level or Polytechnic Diploma in IT. IELTS 6.0+.
James Cook University Singapore (JCU SG),Bachelor of Information Technology,IT3001 Cybersecurity,"Covers cryptography, authentication, network security, secure coding, and ethical hacking fundamentals.","Cryptographic protocols, penetration testing, vulnerability scanning, secure coding practices, incident response",https://www.jcu.edu.sg/,Undergraduate,3 Credits / 1 Semester,A-Level or Polytechnic Diploma in IT. IELTS 6.0+.
James Cook University Singapore (JCU SG),Bachelor of Information Technology,IT3002 Cloud Computing,"Examines IaaS/PaaS/SaaS models with AWS/Azure/GCP hands-on, containerisation, and serverless computing.","Cloud provisioning, Docker containerisation, Kubernetes orchestration, serverless functions, cost optimisation",https://www.jcu.edu.sg/,Undergraduate,3 Credits / 1 Semester,A-Level or Polytechnic Diploma in IT. IELTS 6.0+.
James Cook University Singapore (JCU SG),Bachelor of Information Technology,IT3003 AI Fundamentals,"This module covers ai fundamentals, part of the Bachelor of Information Technology programme at James Cook University Singapore (JCU SG). Students explore core theoretical and applied aspects, building competencies for professional practice.","Core ai fundamentals concepts, theoretical framework application, analytical problem-solving, academic research skills, practical ai fundamentals implementation",https://www.jcu.edu.sg/,Undergraduate,3 Credits / 1 Semester,A-Level or Polytechnic Diploma in IT. IELTS 6.0+.
James Cook University Singapore (JCU SG),Bachelor of Information Technology,IT3004 Big Data Analytics,"Covers Hadoop, Apache Spark, real-time stream processing, and NoSQL storage for large-scale data pipelines.","Spark DataFrame programming, HDFS management, Kafka streaming, NoSQL querying, ETL pipeline design",https://www.jcu.edu.sg/,Undergraduate,3 Credits / 1 Semester,A-Level or Polytechnic Diploma in IT. IELTS 6.0+.
James Cook University Singapore (JCU SG),Bachelor of Information Technology,IT4001 IT Capstone,"This module covers it capstone, part of the Bachelor of Information Technology programme at James Cook University Singapore (JCU SG). Students explore core theoretical and applied aspects, building competencies for professional practice.","Core it capstone concepts, theoretical framework application, analytical problem-solving, academic research skills, practical it capstone implementation",https://www.jcu.edu.sg/,Undergraduate,6 Credits / 1 Semester,A-Level or Polytechnic Diploma in IT. IELTS 6.0+.
James Cook University Singapore (JCU SG),Bachelor of Psychology,PSY1001 Introduction to Psychology,"This module covers introduction to psychology, part of the Bachelor of Psychology programme at James Cook University Singapore (JCU SG). Students explore core theoretical and applied aspects, building competencies for professional practice.","Core introduction to psychology concepts, theoretical framework application, analytical problem-solving, academic research skills, practical introduction to psychology implementation",https://www.jcu.edu.sg/,Undergraduate,3 Credits / 1 Semester,A-Level or Polytechnic Diploma. IELTS 6.0+.
James Cook University Singapore (JCU SG),Bachelor of Psychology,PSY1002 Research Methods,"This module covers research methods, part of the Bachelor of Psychology programme at James Cook University Singapore (JCU SG). Students explore core theoretical and applied aspects, building competencies for professional practice.","Core research methods concepts, theoretical framework application, analytical problem-solving, academic research skills, practical research methods implementation",https://www.jcu.edu.sg/,Undergraduate,3 Credits / 1 Semester,A-Level or Polytechnic Diploma. IELTS 6.0+.
James Cook University Singapore (JCU SG),Bachelor of Psychology,PSY2001 Developmental Psychology,"This module covers developmental psychology, part of the Bachelor of Psychology programme at James Cook University Singapore (JCU SG). Students explore core theoretical and applied aspects, building competencies for professional practice.","Core developmental psychology concepts, theoretical framework application, analytical problem-solving, academic research skills, practical developmental psychology implementation",https://www.jcu.edu.sg/,Undergraduate,3 Credits / 1 Semester,A-Level or Polytechnic Diploma. IELTS 6.0+.
James Cook University Singapore (JCU SG),Bachelor of Psychology,PSY2002 Social Psychology,"This module covers social psychology, part of the Bachelor of Psychology programme at James Cook University Singapore (JCU SG). Students explore core theoretical and applied aspects, building competencies for professional practice.","Core social psychology concepts, theoretical framework application, analytical problem-solving, academic research skills, practical social psychology implementation",https://www.jcu.edu.sg/,Undergraduate,3 Credits / 1 Semester,A-Level or Polytechnic Diploma. IELTS 6.0+.
James Cook University Singapore (JCU SG),Bachelor of Psychology,PSY2003 Cognitive Psychology,"This module covers cognitive psychology, part of the Bachelor of Psychology programme at James Cook University Singapore (JCU SG). Students explore core theoretical and applied aspects, building competencies for professional practice.","Core cognitive psychology concepts, theoretical framework application, analytical problem-solving, academic research skills, practical cognitive psychology implementation",https://www.jcu.edu.sg/,Undergraduate,3 Credits / 1 Semester,A-Level or Polytechnic Diploma. IELTS 6.0+.
James Cook University Singapore (JCU SG),Bachelor of Psychology,PSY3001 Abnormal Psychology,"This module covers abnormal psychology, part of the Bachelor of Psychology programme at James Cook University Singapore (JCU SG). Students explore core theoretical and applied aspects, building competencies for professional practice.","Core abnormal psychology concepts, theoretical framework application, analytical problem-solving, academic research skills, practical abnormal psychology implementation",https://www.jcu.edu.sg/,Undergraduate,3 Credits / 1 Semester,A-Level or Polytechnic Diploma. IELTS 6.0+.
James Cook University Singapore (JCU SG),Bachelor of Psychology,PSY3002 Neuropsychology,"This module covers neuropsychology, part of the Bachelor of Psychology programme at James Cook University Singapore (JCU SG). Students explore core theoretical and applied aspects, building competencies for professional practice.","Core neuropsychology concepts, theoretical framework application, analytical problem-solving, academic research skills, practical neuropsychology implementation",https://www.jcu.edu.sg/,Undergraduate,3 Credits / 1 Semester,A-Level or Polytechnic Diploma. IELTS 6.0+.
James Cook University Singapore (JCU SG),Bachelor of Psychology,PSY3003 Health Psychology,"This module covers health psychology, part of the Bachelor of Psychology programme at James Cook University Singapore (JCU SG). Students explore core theoretical and applied aspects, building competencies for professional practice.","Core health psychology concepts, theoretical framework application, analytical problem-solving, academic research skills, practical health psychology implementation",https://www.jcu.edu.sg/,Undergraduate,3 Credits / 1 Semester,A-Level or Polytechnic Diploma. IELTS 6.0+.
James Cook University Singapore (JCU SG),Bachelor of Psychology,PSY4001 Psychology Capstone,"This module covers psychology capstone, part of the Bachelor of Psychology programme at James Cook University Singapore (JCU SG). Students explore core theoretical and applied aspects, building competencies for professional practice.","Core psychology capstone concepts, theoretical framework application, analytical problem-solving, academic research skills, practical psychology capstone implementation",https://www.jcu.edu.sg/,Undergraduate,6 Credits / 1 Semester,A-Level or Polytechnic Diploma. IELTS 6.0+.
James Cook University Singapore (JCU SG),Bachelor of Nursing Science,NUR1001 Fundamentals of Nursing,"This module covers fundamentals of nursing, part of the Bachelor of Nursing Science programme at James Cook University Singapore (JCU SG). Students explore core theoretical and applied aspects, building competencies for professional practice.","Core fundamentals of nursing concepts, theoretical framework application, analytical problem-solving, academic research skills, practical fundamentals of nursing implementation",https://www.jcu.edu.sg/,Undergraduate,3 Credits / 1 Semester,A-Level + Biology. IELTS 6.5+. Health screening.
James Cook University Singapore (JCU SG),Bachelor of Nursing Science,NUR1002 Anatomy and Physiology,"This module covers anatomy and physiology, part of the Bachelor of Nursing Science programme at James Cook University Singapore (JCU SG). Students explore core theoretical and applied aspects, building competencies for professional practice.","Core anatomy and physiology concepts, theoretical framework application, analytical problem-solving, academic research skills, practical anatomy and physiology implementation",https://www.jcu.edu.sg/,Undergraduate,3 Credits / 1 Semester,A-Level + Biology. IELTS 6.5+. Health screening.
James Cook University Singapore (JCU SG),Bachelor of Nursing Science,NUR2001 Medical-Surgical Nursing,"This module covers medical-surgical nursing, part of the Bachelor of Nursing Science programme at James Cook University Singapore (JCU SG). Students explore core theoretical and applied aspects, building competencies for professional practice.","Core medical-surgical nursing concepts, theoretical framework application, analytical problem-solving, academic research skills, practical medical-surgical nursing implementation",https://www.jcu.edu.sg/,Undergraduate,3 Credits / 1 Semester,A-Level + Biology. IELTS 6.5+. Health screening.
James Cook University Singapore (JCU SG),Bachelor of Nursing Science,NUR2002 Mental Health Nursing,"This module covers mental health nursing, part of the Bachelor of Nursing Science programme at James Cook University Singapore (JCU SG). Students explore core theoretical and applied aspects, building competencies for professional practice.","Core mental health nursing concepts, theoretical framework application, analytical problem-solving, academic research skills, practical mental health nursing implementation",https://www.jcu.edu.sg/,Undergraduate,3 Credits / 1 Semester,A-Level + Biology. IELTS 6.5+. Health screening.
James Cook University Singapore (JCU SG),Bachelor of Nursing Science,NUR2003 Community Nursing,"This module covers community nursing, part of the Bachelor of Nursing Science programme at James Cook University Singapore (JCU SG). Students explore core theoretical and applied aspects, building competencies for professional practice.","Core community nursing concepts, theoretical framework application, analytical problem-solving, academic research skills, practical community nursing implementation",https://www.jcu.edu.sg/,Undergraduate,3 Credits / 1 Semester,A-Level + Biology. IELTS 6.5+. Health screening.
James Cook University Singapore (JCU SG),Bachelor of Nursing Science,NUR3001 Critical Care Nursing,"This module covers critical care nursing, part of the Bachelor of Nursing Science programme at James Cook University Singapore (JCU SG). Students explore core theoretical and applied aspects, building competencies for professional practice.","Core critical care nursing concepts, theoretical framework application, analytical problem-solving, academic research skills, practical critical care nursing implementation",https://www.jcu.edu.sg/,Undergraduate,3 Credits / 1 Semester,A-Level + Biology. IELTS 6.5+. Health screening.
James Cook University Singapore (JCU SG),Bachelor of Nursing Science,NUR3002 Paediatric Nursing,"This module covers paediatric nursing, part of the Bachelor of Nursing Science programme at James Cook University Singapore (JCU SG). Students explore core theoretical and applied aspects, building competencies for professional practice.","Core paediatric nursing concepts, theoretical framework application, analytical problem-solving, academic research skills, practical paediatric nursing implementation",https://www.jcu.edu.sg/,Undergraduate,3 Credits / 1 Semester,A-Level + Biology. IELTS 6.5+. Health screening.
James Cook University Singapore (JCU SG),Bachelor of Nursing Science,NUR3003 Evidence-Based Practice,"This module covers evidence-based practice, part of the Bachelor of Nursing Science programme at James Cook University Singapore (JCU SG). Students explore core theoretical and applied aspects, building competencies for professional practice.","Core evidence-based practice concepts, theoretical framework application, analytical problem-solving, academic research skills, practical evidence-based practice implementation",https://www.jcu.edu.sg/,Undergraduate,3 Credits / 1 Semester,A-Level + Biology. IELTS 6.5+. Health screening.
James Cook University Singapore (JCU SG),Bachelor of Nursing Science,NUR4001 Nursing Capstone,"This module covers nursing capstone, part of the Bachelor of Nursing Science programme at James Cook University Singapore (JCU SG). Students explore core theoretical and applied aspects, building competencies for professional practice.","Core nursing capstone concepts, theoretical framework application, analytical problem-solving, academic research skills, practical nursing capstone implementation",https://www.jcu.edu.sg/,Undergraduate,6 Credits / 1 Semester,A-Level + Biology. IELTS 6.5+. Health screening.
James Cook University Singapore (JCU SG),Bachelor of Environmental Science,ENV1001 Introduction to Environmental Science,"Covers environmental chemistry, ecology, pollution control, environmental impact assessment, and sustainability.","Environmental impact assessment, pollution monitoring, ecological modelling, sustainability analysis, EIA reporting",https://www.jcu.edu.sg/,Undergraduate,3 Credits / 1 Semester,GCE A-Level or Polytechnic Diploma. IELTS 6.0–6.5+.
James Cook University Singapore (JCU SG),Bachelor of Environmental Science,ENV1002 Ecology,"This module covers ecology, part of the Bachelor of Environmental Science programme at James Cook University Singapore (JCU SG). Students explore core theoretical and applied aspects, building competencies for professional practice.","Core ecology concepts, theoretical framework application, analytical problem-solving, academic research skills, practical ecology implementation",https://www.jcu.edu.sg/,Undergraduate,3 Credits / 1 Semester,GCE A-Level or Polytechnic Diploma. IELTS 6.0–6.5+.
James Cook University Singapore (JCU SG),Bachelor of Environmental Science,ENV2001 Environmental Chemistry,"Covers environmental chemistry, ecology, pollution control, environmental impact assessment, and sustainability.","Environmental impact assessment, pollution monitoring, ecological modelling, sustainability analysis, EIA reporting",https://www.jcu.edu.sg/,Undergraduate,3 Credits / 1 Semester,GCE A-Level or Polytechnic Diploma. IELTS 6.0–6.5+.
James Cook University Singapore (JCU SG),Bachelor of Environmental Science,ENV2002 Biodiversity and Conservation,"This module covers biodiversity and conservation, part of the Bachelor of Environmental Science programme at James Cook University Singapore (JCU SG). Students explore core theoretical and applied aspects, building competencies for professional practice.","Core biodiversity and conservation concepts, theoretical framework application, analytical problem-solving, academic research skills, practical biodiversity and conservation implementation",https://www.jcu.edu.sg/,Undergraduate,3 Credits / 1 Semester,GCE A-Level or Polytechnic Diploma. IELTS 6.0–6.5+.
James Cook University Singapore (JCU SG),Bachelor of Environmental Science,ENV2003 Climate Change,"This module covers climate change, part of the Bachelor of Environmental Science programme at James Cook University Singapore (JCU SG). Students explore core theoretical and applied aspects, building competencies for professional practice.","Core climate change concepts, theoretical framework application, analytical problem-solving, academic research skills, practical climate change implementation",https://www.jcu.edu.sg/,Undergraduate,3 Credits / 1 Semester,GCE A-Level or Polytechnic Diploma. IELTS 6.0–6.5+.
James Cook University Singapore (JCU SG),Bachelor of Environmental Science,ENV3001 Environmental Management,"Covers environmental chemistry, ecology, pollution control, environmental impact assessment, and sustainability.","Environmental impact assessment, pollution monitoring, ecological modelling, sustainability analysis, EIA reporting",https://www.jcu.edu.sg/,Undergraduate,3 Credits / 1 Semester,GCE A-Level or Polytechnic Diploma. IELTS 6.0–6.5+.
James Cook University Singapore (JCU SG),Bachelor of Environmental Science,ENV3002 Environmental Law and Policy,"Covers environmental chemistry, ecology, pollution control, environmental impact assessment, and sustainability.","Environmental impact assessment, pollution monitoring, ecological modelling, sustainability analysis, EIA reporting",https://www.jcu.edu.sg/,Undergraduate,3 Credits / 1 Semester,GCE A-Level or Polytechnic Diploma. IELTS 6.0–6.5+.
James Cook University Singapore (JCU SG),Bachelor of Environmental Science,ENV4001 Capstone Research Project,"This module covers capstone research project, part of the Bachelor of Environmental Science programme at James Cook University Singapore (JCU SG). Students explore core theoretical and applied aspects, building competencies for professional practice.","Core capstone research project concepts, theoretical framework application, analytical problem-solving, academic research skills, practical capstone research project implementation",https://www.jcu.edu.sg/,Undergraduate,6 Credits / 1 Semester,GCE A-Level or Polytechnic Diploma. IELTS 6.0–6.5+.
RMIT University Singapore (RMIT SG),Software Engineering,COSC2531 Programming Fundamentals,"This module covers programming fundamentals, part of the Software Engineering programme at RMIT University Singapore (RMIT SG). Students explore core theoretical and applied aspects, building competencies for professional practice.","Core programming fundamentals concepts, theoretical framework application, analytical problem-solving, academic research skills, practical programming fundamentals implementation",https://www.rmit.edu.sg/,Undergraduate,12 Credits / 1 Semester,A-Level: H2 Mathematics. Polytechnic Diploma in IT/Engineering.
RMIT University Singapore (RMIT SG),Software Engineering,COSC2801 Programming Bootcamp 1,"This module covers programming bootcamp 1, part of the Software Engineering programme at RMIT University Singapore (RMIT SG). Students explore core theoretical and applied aspects, building competencies for professional practice.","Core programming bootcamp 1 concepts, theoretical framework application, analytical problem-solving, academic research skills, practical programming bootcamp 1 implementation",https://www.rmit.edu.sg/,Undergraduate,12 Credits / 1 Semester,A-Level: H2 Mathematics. Polytechnic Diploma in IT/Engineering.
RMIT University Singapore (RMIT SG),Software Engineering,COSC2082 Programming 2,"This module covers programming 2, part of the Software Engineering programme at RMIT University Singapore (RMIT SG). Students explore core theoretical and applied aspects, building competencies for professional practice.","Core programming 2 concepts, theoretical framework application, analytical problem-solving, academic research skills, practical programming 2 implementation",https://www.rmit.edu.sg/,Undergraduate,12 Credits / 1 Semester,A-Level: H2 Mathematics. Polytechnic Diploma in IT/Engineering.
RMIT University Singapore (RMIT SG),Software Engineering,COSC2299 Software Engineering Process and Tools,"Covers the full SDLC from requirements through design, implementation, testing, and maintenance, emphasising agile methods.","Requirements documentation, UML modelling, agile sprint planning, integration testing, Git version control",https://www.rmit.edu.sg/,Undergraduate,12 Credits / 1 Semester,A-Level: H2 Mathematics. Polytechnic Diploma in IT/Engineering.
RMIT University Singapore (RMIT SG),Software Engineering,COSC2758 Algorithms and Analysis,"Introduces algorithm design paradigms including divide and conquer, dynamic programming, greedy methods, and backtracking. Students prove correctness and analyse Big-O complexity.","Algorithm complexity analysis, divide and conquer design, dynamic programming, greedy implementation, correctness proof writing",https://www.rmit.edu.sg/,Undergraduate,12 Credits / 1 Semester,A-Level: H2 Mathematics. Polytechnic Diploma in IT/Engineering.
RMIT University Singapore (RMIT SG),Software Engineering,ISYS3441 Advanced Database Concepts,"Examines relational database design, SQL querying, normalisation theory, transaction management, and indexing strategies.","SQL query writing, ER diagram design, normalisation, transaction management, index optimisation",https://www.rmit.edu.sg/,Undergraduate,12 Credits / 1 Semester,A-Level: H2 Mathematics. Polytechnic Diploma in IT/Engineering.
RMIT University Singapore (RMIT SG),Software Engineering,COSC2430 Web Programming,"Covers full-stack web development including front-end frameworks, RESTful APIs, authentication, and database integration.","HTML/CSS/JavaScript, REST API design, React or Vue.js, backend frameworks, database integration",https://www.rmit.edu.sg/,Undergraduate,12 Credits / 1 Semester,A-Level: H2 Mathematics. Polytechnic Diploma in IT/Engineering.
RMIT University Singapore (RMIT SG),Software Engineering,COSC2536 Security in Computing,"This module covers security in computing, part of the Software Engineering programme at RMIT University Singapore (RMIT SG). Students explore core theoretical and applied aspects, building competencies for professional practice.","Core security in computing concepts, theoretical framework application, analytical problem-solving, academic research skills, practical security in computing implementation",https://www.rmit.edu.sg/,Undergraduate,12 Credits / 1 Semester,A-Level: H2 Mathematics. Polytechnic Diploma in IT/Engineering.
RMIT University Singapore (RMIT SG),Software Engineering,COSC2288 Full Stack Development,"This module covers full stack development, part of the Software Engineering programme at RMIT University Singapore (RMIT SG). Students explore core theoretical and applied aspects, building competencies for professional practice.","Core full stack development concepts, theoretical framework application, analytical problem-solving, academic research skills, practical full stack development implementation",https://www.rmit.edu.sg/,Undergraduate,12 Credits / 1 Semester,A-Level: H2 Mathematics. Polytechnic Diploma in IT/Engineering.
RMIT University Singapore (RMIT SG),Software Engineering,COSC3056 Programming Studio 1,"This module covers programming studio 1, part of the Software Engineering programme at RMIT University Singapore (RMIT SG). Students explore core theoretical and applied aspects, building competencies for professional practice.","Core programming studio 1 concepts, theoretical framework application, analytical problem-solving, academic research skills, practical programming studio 1 implementation",https://www.rmit.edu.sg/,Undergraduate,12 Credits / 1 Semester,A-Level: H2 Mathematics. Polytechnic Diploma in IT/Engineering.
RMIT University Singapore (RMIT SG),Software Engineering,COSC3057 Programming Studio 2,"This module covers programming studio 2, part of the Software Engineering programme at RMIT University Singapore (RMIT SG). Students explore core theoretical and applied aspects, building competencies for professional practice.","Core programming studio 2 concepts, theoretical framework application, analytical problem-solving, academic research skills, practical programming studio 2 implementation",https://www.rmit.edu.sg/,Undergraduate,12 Credits / 1 Semester,A-Level: H2 Mathematics. Polytechnic Diploma in IT/Engineering.
RMIT University Singapore (RMIT SG),Software Engineering,COSC3097 Capstone A,"This module covers capstone a, part of the Software Engineering programme at RMIT University Singapore (RMIT SG). Students explore core theoretical and applied aspects, building competencies for professional practice.","Core capstone a concepts, theoretical framework application, analytical problem-solving, academic research skills, practical capstone a implementation",https://www.rmit.edu.sg/,Undergraduate,12 Credits / 1 Semester,A-Level: H2 Mathematics. Polytechnic Diploma in IT/Engineering.
RMIT University Singapore (RMIT SG),Software Engineering,COSC3098 Capstone B,"This module covers capstone b, part of the Software Engineering programme at RMIT University Singapore (RMIT SG). Students explore core theoretical and applied aspects, building competencies for professional practice.","Core capstone b concepts, theoretical framework application, analytical problem-solving, academic research skills, practical capstone b implementation",https://www.rmit.edu.sg/,Undergraduate,12 Credits / 1 Semester,A-Level: H2 Mathematics. Polytechnic Diploma in IT/Engineering.
RMIT University Singapore (RMIT SG),Data Science,MATH1324 Introduction to Statistics,"This module covers introduction to statistics, part of the Data Science programme at RMIT University Singapore (RMIT SG). Students explore core theoretical and applied aspects, building competencies for professional practice.","Core introduction to statistics concepts, theoretical framework application, analytical problem-solving, academic research skills, practical introduction to statistics implementation",https://www.rmit.edu.sg/,Undergraduate,12 Credits / 1 Semester,A-Level: H2 Mathematics. Strong analytical background. IELTS 6.0+.
RMIT University Singapore (RMIT SG),Data Science,COSC2670 Practical Data Science,"This module covers practical data science, part of the Data Science programme at RMIT University Singapore (RMIT SG). Students explore core theoretical and applied aspects, building competencies for professional practice.","Core practical data science concepts, theoretical framework application, analytical problem-solving, academic research skills, practical practical data science implementation",https://www.rmit.edu.sg/,Undergraduate,12 Credits / 1 Semester,A-Level: H2 Mathematics. Strong analytical background. IELTS 6.0+.
RMIT University Singapore (RMIT SG),Data Science,COSC2640 Machine Learning,"Covers supervised learning, unsupervised learning, model evaluation, regularisation, and neural network fundamentals for predictive modelling.","Supervised model training, cross-validation, feature engineering, clustering algorithms, neural network design",https://www.rmit.edu.sg/,Undergraduate,12 Credits / 1 Semester,A-Level: H2 Mathematics. Strong analytical background. IELTS 6.0+.
RMIT University Singapore (RMIT SG),Data Science,COSC2822 Deep Learning,"Covers CNNs, RNNs, attention mechanisms, and transformers applied to computer vision and NLP tasks using modern frameworks.","CNN design, RNN sequence modelling, transformer fine-tuning, PyTorch/TensorFlow, transfer learning",https://www.rmit.edu.sg/,Undergraduate,12 Credits / 1 Semester,A-Level: H2 Mathematics. Strong analytical background. IELTS 6.0+.
RMIT University Singapore (RMIT SG),Data Science,COSC2626 Cloud Computing,"Examines IaaS/PaaS/SaaS models with AWS/Azure/GCP hands-on, containerisation, and serverless computing.","Cloud provisioning, Docker containerisation, Kubernetes orchestration, serverless functions, cost optimisation",https://www.rmit.edu.sg/,Undergraduate,12 Credits / 1 Semester,A-Level: H2 Mathematics. Strong analytical background. IELTS 6.0+.
RMIT University Singapore (RMIT SG),Data Science,COSC3000 Data Visualisation,"This module covers data visualisation, part of the Data Science programme at RMIT University Singapore (RMIT SG). Students explore core theoretical and applied aspects, building competencies for professional practice.","Core data visualisation concepts, theoretical framework application, analytical problem-solving, academic research skills, practical data visualisation implementation",https://www.rmit.edu.sg/,Undergraduate,12 Credits / 1 Semester,A-Level: H2 Mathematics. Strong analytical background. IELTS 6.0+.
RMIT University Singapore (RMIT SG),Business Administration,BUSM1008 Introduction to Management,"Covers planning, organising, leading, and controlling including strategy, change management, and organisational behaviour.","Strategic planning, team leadership, change management, performance measurement, stakeholder analysis",https://www.rmit.edu.sg/,Undergraduate,12 Credits / 1 Semester,A-Level or Polytechnic Diploma. IELTS 6.0+.
RMIT University Singapore (RMIT SG),Business Administration,ACCT2112 Financial Accounting,"Introduces financial and managerial accounting including double-entry bookkeeping, financial statement preparation, and cost accounting.","Double-entry bookkeeping, balance sheet preparation, income statement analysis, CVP analysis, ratio interpretation",https://www.rmit.edu.sg/,Undergraduate,12 Credits / 1 Semester,A-Level or Polytechnic Diploma. IELTS 6.0+.
RMIT University Singapore (RMIT SG),Business Administration,MKTG1025 Marketing Principles,"Explores market segmentation, consumer behaviour, product development, pricing strategy, and digital marketing channels.","Market segmentation, consumer analysis, brand positioning, marketing mix optimisation, digital strategy",https://www.rmit.edu.sg/,Undergraduate,12 Credits / 1 Semester,A-Level or Polytechnic Diploma. IELTS 6.0+.
RMIT University Singapore (RMIT SG),Business Administration,ECON1043 Business Economics,Analyses individual and firm behaviour and national economic systems with policy implications.,"Supply-demand analysis, elasticity calculation, game theory, GDP interpretation, fiscal policy assessment",https://www.rmit.edu.sg/,Undergraduate,12 Credits / 1 Semester,A-Level or Polytechnic Diploma. IELTS 6.0+.
RMIT University Singapore (RMIT SG),Business Administration,BUSM2301 Business Finance,"This module covers business finance, part of the Business Administration programme at RMIT University Singapore (RMIT SG). Students explore core theoretical and applied aspects, building competencies for professional practice.","Core business finance concepts, theoretical framework application, analytical problem-solving, academic research skills, practical business finance implementation",https://www.rmit.edu.sg/,Undergraduate,12 Credits / 1 Semester,A-Level or Polytechnic Diploma. IELTS 6.0+.
RMIT University Singapore (RMIT SG),Business Administration,BUSM2601 Management and Organisation,"Covers planning, organising, leading, and controlling including strategy, change management, and organisational behaviour.","Strategic planning, team leadership, change management, performance measurement, stakeholder analysis",https://www.rmit.edu.sg/,Undergraduate,12 Credits / 1 Semester,A-Level or Polytechnic Diploma. IELTS 6.0+.
RMIT University Singapore (RMIT SG),Business Administration,HRMT3603 Human Resource Management,"Covers recruitment, performance management, training, compensation, and employment law.","Recruitment design, performance appraisal, training needs analysis, compensation benchmarking, HR policy formulation",https://www.rmit.edu.sg/,Undergraduate,12 Credits / 1 Semester,A-Level or Polytechnic Diploma. IELTS 6.0+.
RMIT University Singapore (RMIT SG),Business Administration,BUSM3607 Strategic Management,"Covers planning, organising, leading, and controlling including strategy, change management, and organisational behaviour.","Strategic planning, team leadership, change management, performance measurement, stakeholder analysis",https://www.rmit.edu.sg/,Undergraduate,12 Credits / 1 Semester,A-Level or Polytechnic Diploma. IELTS 6.0+.
RMIT University Singapore (RMIT SG),Business Administration,MKTG2148 Digital Marketing,"Covers SEO, SEM, social media, content marketing, analytics, and marketing automation.","SEO/SEM optimisation, social media strategy, content marketing, Google Analytics, marketing automation",https://www.rmit.edu.sg/,Undergraduate,12 Credits / 1 Semester,A-Level or Polytechnic Diploma. IELTS 6.0+.
RMIT University Singapore (RMIT SG),Business Administration,BUSM4570 Capstone A,"This module covers capstone a, part of the Business Administration programme at RMIT University Singapore (RMIT SG). Students explore core theoretical and applied aspects, building competencies for professional practice.","Core capstone a concepts, theoretical framework application, analytical problem-solving, academic research skills, practical capstone a implementation",https://www.rmit.edu.sg/,Undergraduate,12 Credits / 1 Semester,A-Level or Polytechnic Diploma. IELTS 6.0+.
RMIT University Singapore (RMIT SG),Accounting & Finance,ACCT2113 Management Accounting,"Introduces financial and managerial accounting including double-entry bookkeeping, financial statement preparation, and cost accounting.","Double-entry bookkeeping, balance sheet preparation, income statement analysis, CVP analysis, ratio interpretation",https://www.rmit.edu.sg/,Undergraduate,12 Credits / 1 Semester,A-Level: H2 Mathematics. Polytechnic Business Diploma. IELTS 6.0+.
RMIT University Singapore (RMIT SG),Accounting & Finance,BAFI1012 Business Finance,"This module covers business finance, part of the Accounting & Finance programme at RMIT University Singapore (RMIT SG). Students explore core theoretical and applied aspects, building competencies for professional practice.","Core business finance concepts, theoretical framework application, analytical problem-solving, academic research skills, practical business finance implementation",https://www.rmit.edu.sg/,Undergraduate,12 Credits / 1 Semester,A-Level: H2 Mathematics. Polytechnic Business Diploma. IELTS 6.0+.
RMIT University Singapore (RMIT SG),Accounting & Finance,ACCT2115 Financial Reporting,"Examines time value of money, capital budgeting, risk and return, portfolio theory, and corporate financing decisions.","DCF valuation, portfolio analysis, CAPM application, capital structure decisions, financial modelling",https://www.rmit.edu.sg/,Undergraduate,12 Credits / 1 Semester,A-Level: H2 Mathematics. Polytechnic Business Diploma. IELTS 6.0+.
RMIT University Singapore (RMIT SG),Accounting & Finance,ACCT3015 Auditing and Assurance,"This module covers auditing and assurance, part of the Accounting & Finance programme at RMIT University Singapore (RMIT SG). Students explore core theoretical and applied aspects, building competencies for professional practice.","Core auditing and assurance concepts, theoretical framework application, analytical problem-solving, academic research skills, practical auditing and assurance implementation",https://www.rmit.edu.sg/,Undergraduate,12 Credits / 1 Semester,A-Level: H2 Mathematics. Polytechnic Business Diploma. IELTS 6.0+.
RMIT University Singapore (RMIT SG),Accounting & Finance,ACCT3033 Company Accounting,"Introduces financial and managerial accounting including double-entry bookkeeping, financial statement preparation, and cost accounting.","Double-entry bookkeeping, balance sheet preparation, income statement analysis, CVP analysis, ratio interpretation",https://www.rmit.edu.sg/,Undergraduate,12 Credits / 1 Semester,A-Level: H2 Mathematics. Polytechnic Business Diploma. IELTS 6.0+.
RMIT University Singapore (RMIT SG),Accounting & Finance,ACCT3048 Taxation,"This module covers taxation, part of the Accounting & Finance programme at RMIT University Singapore (RMIT SG). Students explore core theoretical and applied aspects, building competencies for professional practice.","Core taxation concepts, theoretical framework application, analytical problem-solving, academic research skills, practical taxation implementation",https://www.rmit.edu.sg/,Undergraduate,12 Credits / 1 Semester,A-Level: H2 Mathematics. Polytechnic Business Diploma. IELTS 6.0+.
RMIT University Singapore (RMIT SG),Accounting & Finance,BAFI3182 Investment Analysis,"Examines equities, bonds, derivatives, portfolio construction, and performance evaluation.","Security valuation, portfolio construction, derivative pricing, performance attribution, factor model application",https://www.rmit.edu.sg/,Undergraduate,12 Credits / 1 Semester,A-Level: H2 Mathematics. Polytechnic Business Diploma. IELTS 6.0+.
RMIT University Singapore (RMIT SG),Accounting & Finance,ACCT4005 Advanced Financial Reporting,"Examines time value of money, capital budgeting, risk and return, portfolio theory, and corporate financing decisions.","DCF valuation, portfolio analysis, CAPM application, capital structure decisions, financial modelling",https://www.rmit.edu.sg/,Undergraduate,12 Credits / 1 Semester,A-Level: H2 Mathematics. Polytechnic Business Diploma. IELTS 6.0+.
RMIT University Singapore (RMIT SG),Accounting & Finance,BUSM4570 Accounting Capstone,"Introduces financial and managerial accounting including double-entry bookkeeping, financial statement preparation, and cost accounting.","Double-entry bookkeeping, balance sheet preparation, income statement analysis, CVP analysis, ratio interpretation",https://www.rmit.edu.sg/,Undergraduate,12 Credits / 1 Semester,A-Level: H2 Mathematics. Polytechnic Business Diploma. IELTS 6.0+.
RMIT University Singapore (RMIT SG),Information Technology,ISYS2001 Business Information Systems,"This module covers business information systems, part of the Information Technology programme at RMIT University Singapore (RMIT SG). Students explore core theoretical and applied aspects, building competencies for professional practice.","Core business information systems concepts, theoretical framework application, analytical problem-solving, academic research skills, practical business information systems implementation",https://www.rmit.edu.sg/,Undergraduate,12 Credits / 1 Semester,A-Level or Polytechnic Diploma in IT. IELTS 6.0+.
RMIT University Singapore (RMIT SG),Information Technology,ISYS2120 Analysing and Visualising Data,"This module covers analysing and visualising data, part of the Information Technology programme at RMIT University Singapore (RMIT SG). Students explore core theoretical and applied aspects, building competencies for professional practice.","Core analysing and visualising data concepts, theoretical framework application, analytical problem-solving, academic research skills, practical analysing and visualising data implementation",https://www.rmit.edu.sg/,Undergraduate,12 Credits / 1 Semester,A-Level or Polytechnic Diploma in IT. IELTS 6.0+.
RMIT University Singapore (RMIT SG),Information Technology,ISYS2047 Project Management,"Covers project planning, execution, monitoring, and closure using agile and waterfall methodologies.","Gantt scheduling, risk management, agile sprint planning, stakeholder communication, cost variance analysis",https://www.rmit.edu.sg/,Undergraduate,12 Credits / 1 Semester,A-Level or Polytechnic Diploma in IT. IELTS 6.0+.
Curtin University Singapore (Curtin SG),Bachelor of Commerce,ACCT1000 Accounting Fundamentals,"Introduces financial and managerial accounting including double-entry bookkeeping, financial statement preparation, and cost accounting.","Double-entry bookkeeping, balance sheet preparation, income statement analysis, CVP analysis, ratio interpretation",https://www.curtin.edu.sg/,Undergraduate,3 Credits / 1 Semester,GCE A-Level or Polytechnic Diploma. IELTS 6.0–6.5+.
Curtin University Singapore (Curtin SG),Bachelor of Commerce,ECON1000 Economics,Analyses individual and firm behaviour and national economic systems with policy implications.,"Supply-demand analysis, elasticity calculation, game theory, GDP interpretation, fiscal policy assessment",https://www.curtin.edu.sg/,Undergraduate,3 Credits / 1 Semester,GCE A-Level or Polytechnic Diploma. IELTS 6.0–6.5+.
Curtin University Singapore (Curtin SG),Bachelor of Commerce,MKTG1000 Marketing Principles,"Explores market segmentation, consumer behaviour, product development, pricing strategy, and digital marketing channels.","Market segmentation, consumer analysis, brand positioning, marketing mix optimisation, digital strategy",https://www.curtin.edu.sg/,Undergraduate,3 Credits / 1 Semester,GCE A-Level or Polytechnic Diploma. IELTS 6.0–6.5+.
Curtin University Singapore (Curtin SG),Bachelor of Commerce,MGMT1000 Principles of Management,"Covers planning, organising, leading, and controlling including strategy, change management, and organisational behaviour.","Strategic planning, team leadership, change management, performance measurement, stakeholder analysis",https://www.curtin.edu.sg/,Undergraduate,3 Credits / 1 Semester,GCE A-Level or Polytechnic Diploma. IELTS 6.0–6.5+.
Curtin University Singapore (Curtin SG),Bachelor of Commerce,FNCE2000 Corporate Finance,"This module covers corporate finance, part of the Bachelor of Commerce programme at Curtin University Singapore (Curtin SG). Students explore core theoretical and applied aspects, building competencies for professional practice.","Core corporate finance concepts, theoretical framework application, analytical problem-solving, academic research skills, practical corporate finance implementation",https://www.curtin.edu.sg/,Undergraduate,3 Credits / 1 Semester,GCE A-Level or Polytechnic Diploma. IELTS 6.0–6.5+.
Curtin University Singapore (Curtin SG),Bachelor of Commerce,ACCT2000 Financial Accounting,"Introduces financial and managerial accounting including double-entry bookkeeping, financial statement preparation, and cost accounting.","Double-entry bookkeeping, balance sheet preparation, income statement analysis, CVP analysis, ratio interpretation",https://www.curtin.edu.sg/,Undergraduate,3 Credits / 1 Semester,GCE A-Level or Polytechnic Diploma. IELTS 6.0–6.5+.
Curtin University Singapore (Curtin SG),Bachelor of Commerce,MKTG2000 Consumer Behaviour,"This module covers consumer behaviour, part of the Bachelor of Commerce programme at Curtin University Singapore (Curtin SG). Students explore core theoretical and applied aspects, building competencies for professional practice.","Core consumer behaviour concepts, theoretical framework application, analytical problem-solving, academic research skills, practical consumer behaviour implementation",https://www.curtin.edu.sg/,Undergraduate,3 Credits / 1 Semester,GCE A-Level or Polytechnic Diploma. IELTS 6.0–6.5+.
Curtin University Singapore (Curtin SG),Bachelor of Commerce,MGMT2000 Strategic Management,"Covers planning, organising, leading, and controlling including strategy, change management, and organisational behaviour.","Strategic planning, team leadership, change management, performance measurement, stakeholder analysis",https://www.curtin.edu.sg/,Undergraduate,3 Credits / 1 Semester,GCE A-Level or Polytechnic Diploma. IELTS 6.0–6.5+.
Curtin University Singapore (Curtin SG),Bachelor of Commerce,FNCE3000 Investment Management,"Covers planning, organising, leading, and controlling including strategy, change management, and organisational behaviour.","Strategic planning, team leadership, change management, performance measurement, stakeholder analysis",https://www.curtin.edu.sg/,Undergraduate,3 Credits / 1 Semester,GCE A-Level or Polytechnic Diploma. IELTS 6.0–6.5+.
Curtin University Singapore (Curtin SG),Bachelor of Commerce,ACCT3000 Auditing,"This module covers auditing, part of the Bachelor of Commerce programme at Curtin University Singapore (Curtin SG). Students explore core theoretical and applied aspects, building competencies for professional practice.","Core auditing concepts, theoretical framework application, analytical problem-solving, academic research skills, practical auditing implementation",https://www.curtin.edu.sg/,Undergraduate,3 Credits / 1 Semester,GCE A-Level or Polytechnic Diploma. IELTS 6.0–6.5+.
Curtin University Singapore (Curtin SG),Bachelor of Commerce,MGMT3000 International Business,"This module covers international business, part of the Bachelor of Commerce programme at Curtin University Singapore (Curtin SG). Students explore core theoretical and applied aspects, building competencies for professional practice.","Core international business concepts, theoretical framework application, analytical problem-solving, academic research skills, practical international business implementation",https://www.curtin.edu.sg/,Undergraduate,3 Credits / 1 Semester,GCE A-Level or Polytechnic Diploma. IELTS 6.0–6.5+.
Curtin University Singapore (Curtin SG),Bachelor of Commerce,COM4001 Commerce Thesis,"This module covers commerce thesis, part of the Bachelor of Commerce programme at Curtin University Singapore (Curtin SG). Students explore core theoretical and applied aspects, building competencies for professional practice.","Core commerce thesis concepts, theoretical framework application, analytical problem-solving, academic research skills, practical commerce thesis implementation",https://www.curtin.edu.sg/,Undergraduate,6 Credits / 1 Semester,GCE A-Level or Polytechnic Diploma. IELTS 6.0–6.5+.
Curtin University Singapore (Curtin SG),Bachelor of Science in Computer Science,COMP1000 Computing Essentials,"This module covers computing essentials, part of the Bachelor of Science in Computer Science programme at Curtin University Singapore (Curtin SG). Students explore core theoretical and applied aspects, building competencies for professional practice.","Core computing essentials concepts, theoretical framework application, analytical problem-solving, academic research skills, practical computing essentials implementation",https://www.curtin.edu.sg/,Undergraduate,3 Credits / 1 Semester,A-Level: H2 Mathematics. Polytechnic Diploma GPA ≥ 3.5. IELTS 6.0+.
Curtin University Singapore (Curtin SG),Bachelor of Science in Computer Science,COMP1001 Programming Fundamentals,"This module covers programming fundamentals, part of the Bachelor of Science in Computer Science programme at Curtin University Singapore (Curtin SG). Students explore core theoretical and applied aspects, building competencies for professional practice.","Core programming fundamentals concepts, theoretical framework application, analytical problem-solving, academic research skills, practical programming fundamentals implementation",https://www.curtin.edu.sg/,Undergraduate,3 Credits / 1 Semester,A-Level: H2 Mathematics. Polytechnic Diploma GPA ≥ 3.5. IELTS 6.0+.
Curtin University Singapore (Curtin SG),Bachelor of Science in Computer Science,COMP2000 Data Structures,"Covers fundamental data organisation techniques including arrays, linked lists, stacks, queues, trees, heaps, and hash tables. Students analyse time and space complexity and apply structures to solve real computational problems.","Array manipulation, linked list operations, binary tree traversal, hash table design, stack and queue implementation",https://www.curtin.edu.sg/,Undergraduate,3 Credits / 1 Semester,A-Level: H2 Mathematics. Polytechnic Diploma GPA ≥ 3.5. IELTS 6.0+.
Curtin University Singapore (Curtin SG),Bachelor of Science in Computer Science,COMP2001 Database Systems,"Examines relational database design, SQL querying, normalisation theory, transaction management, and indexing strategies.","SQL query writing, ER diagram design, normalisation, transaction management, index optimisation",https://www.curtin.edu.sg/,Undergraduate,3 Credits / 1 Semester,A-Level: H2 Mathematics. Polytechnic Diploma GPA ≥ 3.5. IELTS 6.0+.
Curtin University Singapore (Curtin SG),Bachelor of Science in Computer Science,COMP2002 Computer Networks,"Studies OSI and TCP/IP network architectures, routing, switching, HTTP, DNS, and network security protocols.","TCP/IP configuration, routing protocol analysis, socket programming, network security evaluation, Wireshark analysis",https://www.curtin.edu.sg/,Undergraduate,3 Credits / 1 Semester,A-Level: H2 Mathematics. Polytechnic Diploma GPA ≥ 3.5. IELTS 6.0+.
Curtin University Singapore (Curtin SG),Bachelor of Science in Computer Science,COMP2003 Operating Systems,"Analyses process scheduling, memory management, file systems, and I/O handling with practical implementation labs.","Process scheduling, memory allocation, file system design, deadlock detection, system call programming",https://www.curtin.edu.sg/,Undergraduate,3 Credits / 1 Semester,A-Level: H2 Mathematics. Polytechnic Diploma GPA ≥ 3.5. IELTS 6.0+.
Curtin University Singapore (Curtin SG),Bachelor of Science in Computer Science,COMP3000 Software Engineering,"Covers the full SDLC from requirements through design, implementation, testing, and maintenance, emphasising agile methods.","Requirements documentation, UML modelling, agile sprint planning, integration testing, Git version control",https://www.curtin.edu.sg/,Undergraduate,3 Credits / 1 Semester,A-Level: H2 Mathematics. Polytechnic Diploma GPA ≥ 3.5. IELTS 6.0+.
Curtin University Singapore (Curtin SG),Bachelor of Science in Computer Science,COMP3001 Artificial Intelligence,"Explores search algorithms, knowledge representation, planning, and reasoning under uncertainty.","Heuristic search, Bayesian reasoning, propositional logic, constraint satisfaction, decision tree construction",https://www.curtin.edu.sg/,Undergraduate,3 Credits / 1 Semester,A-Level: H2 Mathematics. Polytechnic Diploma GPA ≥ 3.5. IELTS 6.0+.
Curtin University Singapore (Curtin SG),Bachelor of Science in Computer Science,COMP3002 Cybersecurity,"Covers cryptography, authentication, network security, secure coding, and ethical hacking fundamentals.","Cryptographic protocols, penetration testing, vulnerability scanning, secure coding practices, incident response",https://www.curtin.edu.sg/,Undergraduate,3 Credits / 1 Semester,A-Level: H2 Mathematics. Polytechnic Diploma GPA ≥ 3.5. IELTS 6.0+.
Curtin University Singapore (Curtin SG),Bachelor of Science in Computer Science,COMP3003 Cloud Computing,"Examines IaaS/PaaS/SaaS models with AWS/Azure/GCP hands-on, containerisation, and serverless computing.","Cloud provisioning, Docker containerisation, Kubernetes orchestration, serverless functions, cost optimisation",https://www.curtin.edu.sg/,Undergraduate,3 Credits / 1 Semester,A-Level: H2 Mathematics. Polytechnic Diploma GPA ≥ 3.5. IELTS 6.0+.
Curtin University Singapore (Curtin SG),Bachelor of Science in Computer Science,COMP4001 CS Capstone,"This module covers cs capstone, part of the Bachelor of Science in Computer Science programme at Curtin University Singapore (Curtin SG). Students explore core theoretical and applied aspects, building competencies for professional practice.","Core cs capstone concepts, theoretical framework application, analytical problem-solving, academic research skills, practical cs capstone implementation",https://www.curtin.edu.sg/,Undergraduate,6 Credits / 1 Semester,A-Level: H2 Mathematics. Polytechnic Diploma GPA ≥ 3.5. IELTS 6.0+.
Curtin University Singapore (Curtin SG),Bachelor of Science in Internet of Things,IOT1000 Introduction to IoT,"This module covers introduction to iot, part of the Bachelor of Science in Internet of Things programme at Curtin University Singapore (Curtin SG). Students explore core theoretical and applied aspects, building competencies for professional practice.","Core introduction to iot concepts, theoretical framework application, analytical problem-solving, academic research skills, practical introduction to iot implementation",https://www.curtin.edu.sg/,Undergraduate,3 Credits / 1 Semester,GCE A-Level or Polytechnic Diploma. IELTS 6.0–6.5+.
Curtin University Singapore (Curtin SG),Bachelor of Science in Internet of Things,IOT1001 Programming for IoT,"This module covers programming for iot, part of the Bachelor of Science in Internet of Things programme at Curtin University Singapore (Curtin SG). Students explore core theoretical and applied aspects, building competencies for professional practice.","Core programming for iot concepts, theoretical framework application, analytical problem-solving, academic research skills, practical programming for iot implementation",https://www.curtin.edu.sg/,Undergraduate,3 Credits / 1 Semester,GCE A-Level or Polytechnic Diploma. IELTS 6.0–6.5+.
Curtin University Singapore (Curtin SG),Bachelor of Science in Internet of Things,IOT2000 Embedded Systems,"Covers microcontroller architecture, bare-metal and RTOS programming, hardware interfaces, and low-power design.","C programming for microcontrollers, interrupt handling, SPI/I2C interfaces, real-time task scheduling, power optimisation",https://www.curtin.edu.sg/,Undergraduate,3 Credits / 1 Semester,GCE A-Level or Polytechnic Diploma. IELTS 6.0–6.5+.
Curtin University Singapore (Curtin SG),Bachelor of Science in Internet of Things,IOT2001 Sensor Networks,"This module covers sensor networks, part of the Bachelor of Science in Internet of Things programme at Curtin University Singapore (Curtin SG). Students explore core theoretical and applied aspects, building competencies for professional practice.","Core sensor networks concepts, theoretical framework application, analytical problem-solving, academic research skills, practical sensor networks implementation",https://www.curtin.edu.sg/,Undergraduate,3 Credits / 1 Semester,GCE A-Level or Polytechnic Diploma. IELTS 6.0–6.5+.
Curtin University Singapore (Curtin SG),Bachelor of Science in Internet of Things,IOT2002 IoT Cloud Platforms,"This module covers iot cloud platforms, part of the Bachelor of Science in Internet of Things programme at Curtin University Singapore (Curtin SG). Students explore core theoretical and applied aspects, building competencies for professional practice.","Core iot cloud platforms concepts, theoretical framework application, analytical problem-solving, academic research skills, practical iot cloud platforms implementation",https://www.curtin.edu.sg/,Undergraduate,3 Credits / 1 Semester,GCE A-Level or Polytechnic Diploma. IELTS 6.0–6.5+.
Curtin University Singapore (Curtin SG),Bachelor of Science in Internet of Things,IOT3000 IoT Security,"This module covers iot security, part of the Bachelor of Science in Internet of Things programme at Curtin University Singapore (Curtin SG). Students explore core theoretical and applied aspects, building competencies for professional practice.","Core iot security concepts, theoretical framework application, analytical problem-solving, academic research skills, practical iot security implementation",https://www.curtin.edu.sg/,Undergraduate,3 Credits / 1 Semester,GCE A-Level or Polytechnic Diploma. IELTS 6.0–6.5+.
Curtin University Singapore (Curtin SG),Bachelor of Science in Internet of Things,IOT3001 Big Data for IoT,"Covers Hadoop, Apache Spark, real-time stream processing, and NoSQL storage for large-scale data pipelines.","Spark DataFrame programming, HDFS management, Kafka streaming, NoSQL querying, ETL pipeline design",https://www.curtin.edu.sg/,Undergraduate,3 Credits / 1 Semester,GCE A-Level or Polytechnic Diploma. IELTS 6.0–6.5+.
Curtin University Singapore (Curtin SG),Bachelor of Science in Internet of Things,IOT3002 Smart Systems Design,"This module covers smart systems design, part of the Bachelor of Science in Internet of Things programme at Curtin University Singapore (Curtin SG). Students explore core theoretical and applied aspects, building competencies for professional practice.","Core smart systems design concepts, theoretical framework application, analytical problem-solving, academic research skills, practical smart systems design implementation",https://www.curtin.edu.sg/,Undergraduate,3 Credits / 1 Semester,GCE A-Level or Polytechnic Diploma. IELTS 6.0–6.5+.
Curtin University Singapore (Curtin SG),Bachelor of Science in Internet of Things,IOT4001 IoT Capstone,"This module covers iot capstone, part of the Bachelor of Science in Internet of Things programme at Curtin University Singapore (Curtin SG). Students explore core theoretical and applied aspects, building competencies for professional practice.","Core iot capstone concepts, theoretical framework application, analytical problem-solving, academic research skills, practical iot capstone implementation",https://www.curtin.edu.sg/,Undergraduate,6 Credits / 1 Semester,GCE A-Level or Polytechnic Diploma. IELTS 6.0–6.5+.
Curtin University Singapore (Curtin SG),Bachelor of Engineering in Electrical Engineering,ELEC1000 Electrical Circuit Theory,"Studies electrical circuit analysis using KVL/KCL, Thevenin/Norton theorems, AC phasors, and transient analysis.","KVL/KCL application, Thevenin equivalent circuit, AC phasor analysis, transient response, circuit simulation",https://www.curtin.edu.sg/,Undergraduate,3 Credits / 1 Semester,A-Level: H2 Mathematics + H2 Physics. IELTS 6.0+.
Curtin University Singapore (Curtin SG),Bachelor of Engineering in Electrical Engineering,ELEC1001 Electronics,"Covers semiconductor physics, diode and transistor circuits, op-amps, and digital logic design.","Diode circuit analysis, transistor biasing, op-amp circuit design, digital logic implementation, circuit simulation",https://www.curtin.edu.sg/,Undergraduate,3 Credits / 1 Semester,A-Level: H2 Mathematics + H2 Physics. IELTS 6.0+.
Curtin University Singapore (Curtin SG),Bachelor of Engineering in Electrical Engineering,ELEC2000 Digital Systems,"This module covers digital systems, part of the Bachelor of Engineering in Electrical Engineering programme at Curtin University Singapore (Curtin SG). Students explore core theoretical and applied aspects, building competencies for professional practice.","Core digital systems concepts, theoretical framework application, analytical problem-solving, academic research skills, practical digital systems implementation",https://www.curtin.edu.sg/,Undergraduate,3 Credits / 1 Semester,A-Level: H2 Mathematics + H2 Physics. IELTS 6.0+.
Curtin University Singapore (Curtin SG),Bachelor of Engineering in Electrical Engineering,ELEC2001 Signals and Systems,"This module covers signals and systems, part of the Bachelor of Engineering in Electrical Engineering programme at Curtin University Singapore (Curtin SG). Students explore core theoretical and applied aspects, building competencies for professional practice.","Core signals and systems concepts, theoretical framework application, analytical problem-solving, academic research skills, practical signals and systems implementation",https://www.curtin.edu.sg/,Undergraduate,3 Credits / 1 Semester,A-Level: H2 Mathematics + H2 Physics. IELTS 6.0+.
Curtin University Singapore (Curtin SG),Bachelor of Engineering in Electrical Engineering,ELEC2002 Power Systems,"Covers power generation, transmission, distribution, and protection systems.","Power flow analysis, fault calculation, protection coordination, transformer design, grid stability",https://www.curtin.edu.sg/,Undergraduate,3 Credits / 1 Semester,A-Level: H2 Mathematics + H2 Physics. IELTS 6.0+.
Curtin University Singapore (Curtin SG),Bachelor of Engineering in Electrical Engineering,ELEC2003 Control Systems,"Studies feedback control systems, PID controllers, stability analysis, and state-space methods.","PID controller tuning, stability analysis, Bode plot interpretation, state-space modelling, digital control design",https://www.curtin.edu.sg/,Undergraduate,3 Credits / 1 Semester,A-Level: H2 Mathematics + H2 Physics. IELTS 6.0+.
Curtin University Singapore (Curtin SG),Bachelor of Engineering in Electrical Engineering,ELEC3000 Power Electronics,"Covers semiconductor physics, diode and transistor circuits, op-amps, and digital logic design.","Diode circuit analysis, transistor biasing, op-amp circuit design, digital logic implementation, circuit simulation",https://www.curtin.edu.sg/,Undergraduate,3 Credits / 1 Semester,A-Level: H2 Mathematics + H2 Physics. IELTS 6.0+.
Curtin University Singapore (Curtin SG),Bachelor of Engineering in Electrical Engineering,ELEC3001 Renewable Energy,"Examines solar, wind, hydro, and bioenergy systems including resource assessment, design, and grid integration.","Solar irradiance analysis, wind turbine sizing, grid integration, energy storage, techno-economic assessment",https://www.curtin.edu.sg/,Undergraduate,3 Credits / 1 Semester,A-Level: H2 Mathematics + H2 Physics. IELTS 6.0+.
Curtin University Singapore (Curtin SG),Bachelor of Engineering in Electrical Engineering,ELEC3002 Embedded Systems,"Covers microcontroller architecture, bare-metal and RTOS programming, hardware interfaces, and low-power design.","C programming for microcontrollers, interrupt handling, SPI/I2C interfaces, real-time task scheduling, power optimisation",https://www.curtin.edu.sg/,Undergraduate,3 Credits / 1 Semester,A-Level: H2 Mathematics + H2 Physics. IELTS 6.0+.
Curtin University Singapore (Curtin SG),Bachelor of Engineering in Electrical Engineering,ELEC4001 EE Capstone,"This module covers ee capstone, part of the Bachelor of Engineering in Electrical Engineering programme at Curtin University Singapore (Curtin SG). Students explore core theoretical and applied aspects, building competencies for professional practice.","Core ee capstone concepts, theoretical framework application, analytical problem-solving, academic research skills, practical ee capstone implementation",https://www.curtin.edu.sg/,Undergraduate,6 Credits / 1 Semester,A-Level: H2 Mathematics + H2 Physics. IELTS 6.0+.
Curtin University Singapore (Curtin SG),Bachelor of Psychology,PSYC1000 Introduction to Psychology,"This module covers introduction to psychology, part of the Bachelor of Psychology programme at Curtin University Singapore (Curtin SG). Students explore core theoretical and applied aspects, building competencies for professional practice.","Core introduction to psychology concepts, theoretical framework application, analytical problem-solving, academic research skills, practical introduction to psychology implementation",https://www.curtin.edu.sg/,Undergraduate,3 Credits / 1 Semester,A-Level or Polytechnic Diploma. IELTS 6.0+.
Curtin University Singapore (Curtin SG),Bachelor of Psychology,PSYC1001 Research Methods,"This module covers research methods, part of the Bachelor of Psychology programme at Curtin University Singapore (Curtin SG). Students explore core theoretical and applied aspects, building competencies for professional practice.","Core research methods concepts, theoretical framework application, analytical problem-solving, academic research skills, practical research methods implementation",https://www.curtin.edu.sg/,Undergraduate,3 Credits / 1 Semester,A-Level or Polytechnic Diploma. IELTS 6.0+.
Curtin University Singapore (Curtin SG),Bachelor of Psychology,PSYC2000 Developmental Psychology,"This module covers developmental psychology, part of the Bachelor of Psychology programme at Curtin University Singapore (Curtin SG). Students explore core theoretical and applied aspects, building competencies for professional practice.","Core developmental psychology concepts, theoretical framework application, analytical problem-solving, academic research skills, practical developmental psychology implementation",https://www.curtin.edu.sg/,Undergraduate,3 Credits / 1 Semester,A-Level or Polytechnic Diploma. IELTS 6.0+.
Curtin University Singapore (Curtin SG),Bachelor of Psychology,PSYC2001 Social Psychology,"This module covers social psychology, part of the Bachelor of Psychology programme at Curtin University Singapore (Curtin SG). Students explore core theoretical and applied aspects, building competencies for professional practice.","Core social psychology concepts, theoretical framework application, analytical problem-solving, academic research skills, practical social psychology implementation",https://www.curtin.edu.sg/,Undergraduate,3 Credits / 1 Semester,A-Level or Polytechnic Diploma. IELTS 6.0+.
Curtin University Singapore (Curtin SG),Bachelor of Psychology,PSYC2002 Cognitive Psychology,"This module covers cognitive psychology, part of the Bachelor of Psychology programme at Curtin University Singapore (Curtin SG). Students explore core theoretical and applied aspects, building competencies for professional practice.","Core cognitive psychology concepts, theoretical framework application, analytical problem-solving, academic research skills, practical cognitive psychology implementation",https://www.curtin.edu.sg/,Undergraduate,3 Credits / 1 Semester,A-Level or Polytechnic Diploma. IELTS 6.0+.
Curtin University Singapore (Curtin SG),Bachelor of Psychology,PSYC3000 Abnormal Psychology,"This module covers abnormal psychology, part of the Bachelor of Psychology programme at Curtin University Singapore (Curtin SG). Students explore core theoretical and applied aspects, building competencies for professional practice.","Core abnormal psychology concepts, theoretical framework application, analytical problem-solving, academic research skills, practical abnormal psychology implementation",https://www.curtin.edu.sg/,Undergraduate,3 Credits / 1 Semester,A-Level or Polytechnic Diploma. IELTS 6.0+.
Curtin University Singapore (Curtin SG),Bachelor of Psychology,PSYC3001 Organisational Psychology,"This module covers organisational psychology, part of the Bachelor of Psychology programme at Curtin University Singapore (Curtin SG). Students explore core theoretical and applied aspects, building competencies for professional practice.","Core organisational psychology concepts, theoretical framework application, analytical problem-solving, academic research skills, practical organisational psychology implementation",https://www.curtin.edu.sg/,Undergraduate,3 Credits / 1 Semester,A-Level or Polytechnic Diploma. IELTS 6.0+.
Curtin University Singapore (Curtin SG),Bachelor of Psychology,PSYC3002 Neuropsychology,"This module covers neuropsychology, part of the Bachelor of Psychology programme at Curtin University Singapore (Curtin SG). Students explore core theoretical and applied aspects, building competencies for professional practice.","Core neuropsychology concepts, theoretical framework application, analytical problem-solving, academic research skills, practical neuropsychology implementation",https://www.curtin.edu.sg/,Undergraduate,3 Credits / 1 Semester,A-Level or Polytechnic Diploma. IELTS 6.0+.
Curtin University Singapore (Curtin SG),Bachelor of Psychology,PSYC4001 Psychology Capstone,"This module covers psychology capstone, part of the Bachelor of Psychology programme at Curtin University Singapore (Curtin SG). Students explore core theoretical and applied aspects, building competencies for professional practice.","Core psychology capstone concepts, theoretical framework application, analytical problem-solving, academic research skills, practical psychology capstone implementation",https://www.curtin.edu.sg/,Undergraduate,6 Credits / 1 Semester,A-Level or Polytechnic Diploma. IELTS 6.0+.
PSB Academy Singapore (PSB),Bachelor of Science in Business and Management,BUS1001 Business Fundamentals,"This module covers business fundamentals, part of the Bachelor of Science in Business and Management programme at PSB Academy Singapore (PSB). Students explore core theoretical and applied aspects, building competencies for professional practice.","Core business fundamentals concepts, theoretical framework application, analytical problem-solving, academic research skills, practical business fundamentals implementation",https://www.psbacademy.edu.sg/,Undergraduate,3 Credits / 1 Semester,GCE A-Level or Polytechnic Diploma. IELTS 6.0–6.5+.
PSB Academy Singapore (PSB),Bachelor of Science in Business and Management,MKT1001 Marketing,"Explores market segmentation, consumer behaviour, product development, pricing strategy, and digital marketing channels.","Market segmentation, consumer analysis, brand positioning, marketing mix optimisation, digital strategy",https://www.psbacademy.edu.sg/,Undergraduate,3 Credits / 1 Semester,GCE A-Level or Polytechnic Diploma. IELTS 6.0–6.5+.
PSB Academy Singapore (PSB),Bachelor of Science in Business and Management,ACC1001 Accounting,"Introduces financial and managerial accounting including double-entry bookkeeping, financial statement preparation, and cost accounting.","Double-entry bookkeeping, balance sheet preparation, income statement analysis, CVP analysis, ratio interpretation",https://www.psbacademy.edu.sg/,Undergraduate,3 Credits / 1 Semester,GCE A-Level or Polytechnic Diploma. IELTS 6.0–6.5+.
PSB Academy Singapore (PSB),Bachelor of Science in Business and Management,FIN2001 Finance,"This module covers finance, part of the Bachelor of Science in Business and Management programme at PSB Academy Singapore (PSB). Students explore core theoretical and applied aspects, building competencies for professional practice.","Core finance concepts, theoretical framework application, analytical problem-solving, academic research skills, practical finance implementation",https://www.psbacademy.edu.sg/,Undergraduate,3 Credits / 1 Semester,GCE A-Level or Polytechnic Diploma. IELTS 6.0–6.5+.
PSB Academy Singapore (PSB),Bachelor of Science in Business and Management,HRM2001 Human Resource Management,"Covers recruitment, performance management, training, compensation, and employment law.","Recruitment design, performance appraisal, training needs analysis, compensation benchmarking, HR policy formulation",https://www.psbacademy.edu.sg/,Undergraduate,3 Credits / 1 Semester,GCE A-Level or Polytechnic Diploma. IELTS 6.0–6.5+.
PSB Academy Singapore (PSB),Bachelor of Science in Business and Management,BUS2001 Operations Management,"Covers planning, organising, leading, and controlling including strategy, change management, and organisational behaviour.","Strategic planning, team leadership, change management, performance measurement, stakeholder analysis",https://www.psbacademy.edu.sg/,Undergraduate,3 Credits / 1 Semester,GCE A-Level or Polytechnic Diploma. IELTS 6.0–6.5+.
PSB Academy Singapore (PSB),Bachelor of Science in Business and Management,BUS3001 Strategic Management,"Covers planning, organising, leading, and controlling including strategy, change management, and organisational behaviour.","Strategic planning, team leadership, change management, performance measurement, stakeholder analysis",https://www.psbacademy.edu.sg/,Undergraduate,3 Credits / 1 Semester,GCE A-Level or Polytechnic Diploma. IELTS 6.0–6.5+.
PSB Academy Singapore (PSB),Bachelor of Science in Business and Management,ENT3001 Entrepreneurship,Guides students from opportunity recognition through business model development and lean startup methodology.,"Business model canvas, lean startup, market validation, investor pitch, financial forecasting",https://www.psbacademy.edu.sg/,Undergraduate,3 Credits / 1 Semester,GCE A-Level or Polytechnic Diploma. IELTS 6.0–6.5+.
PSB Academy Singapore (PSB),Bachelor of Science in Business and Management,BUS4001 Business Capstone,"This module covers business capstone, part of the Bachelor of Science in Business and Management programme at PSB Academy Singapore (PSB). Students explore core theoretical and applied aspects, building competencies for professional practice.","Core business capstone concepts, theoretical framework application, analytical problem-solving, academic research skills, practical business capstone implementation",https://www.psbacademy.edu.sg/,Undergraduate,6 Credits / 1 Semester,GCE A-Level or Polytechnic Diploma. IELTS 6.0–6.5+.
PSB Academy Singapore (PSB),Bachelor of Science in Computer Science,CS1001 Programming Fundamentals,"This module covers programming fundamentals, part of the Bachelor of Science in Computer Science programme at PSB Academy Singapore (PSB). Students explore core theoretical and applied aspects, building competencies for professional practice.","Core programming fundamentals concepts, theoretical framework application, analytical problem-solving, academic research skills, practical programming fundamentals implementation",https://www.psbacademy.edu.sg/,Undergraduate,3 Credits / 1 Semester,A-Level: H2 Mathematics. Polytechnic Diploma GPA ≥ 3.5. IELTS 6.0+.
PSB Academy Singapore (PSB),Bachelor of Science in Computer Science,CS1002 Data Structures,"Covers fundamental data organisation techniques including arrays, linked lists, stacks, queues, trees, heaps, and hash tables. Students analyse time and space complexity and apply structures to solve real computational problems.","Array manipulation, linked list operations, binary tree traversal, hash table design, stack and queue implementation",https://www.psbacademy.edu.sg/,Undergraduate,3 Credits / 1 Semester,A-Level: H2 Mathematics. Polytechnic Diploma GPA ≥ 3.5. IELTS 6.0+.
PSB Academy Singapore (PSB),Bachelor of Science in Computer Science,CS2001 Algorithms,"Introduces algorithm design paradigms including divide and conquer, dynamic programming, greedy methods, and backtracking. Students prove correctness and analyse Big-O complexity.","Algorithm complexity analysis, divide and conquer design, dynamic programming, greedy implementation, correctness proof writing",https://www.psbacademy.edu.sg/,Undergraduate,3 Credits / 1 Semester,A-Level: H2 Mathematics. Polytechnic Diploma GPA ≥ 3.5. IELTS 6.0+.
PSB Academy Singapore (PSB),Bachelor of Science in Computer Science,CS2002 Database Systems,"Examines relational database design, SQL querying, normalisation theory, transaction management, and indexing strategies.","SQL query writing, ER diagram design, normalisation, transaction management, index optimisation",https://www.psbacademy.edu.sg/,Undergraduate,3 Credits / 1 Semester,A-Level: H2 Mathematics. Polytechnic Diploma GPA ≥ 3.5. IELTS 6.0+.
PSB Academy Singapore (PSB),Bachelor of Science in Computer Science,CS2003 Computer Networks,"Studies OSI and TCP/IP network architectures, routing, switching, HTTP, DNS, and network security protocols.","TCP/IP configuration, routing protocol analysis, socket programming, network security evaluation, Wireshark analysis",https://www.psbacademy.edu.sg/,Undergraduate,3 Credits / 1 Semester,A-Level: H2 Mathematics. Polytechnic Diploma GPA ≥ 3.5. IELTS 6.0+.
PSB Academy Singapore (PSB),Bachelor of Science in Computer Science,CS3001 Software Engineering,"Covers the full SDLC from requirements through design, implementation, testing, and maintenance, emphasising agile methods.","Requirements documentation, UML modelling, agile sprint planning, integration testing, Git version control",https://www.psbacademy.edu.sg/,Undergraduate,3 Credits / 1 Semester,A-Level: H2 Mathematics. Polytechnic Diploma GPA ≥ 3.5. IELTS 6.0+.
PSB Academy Singapore (PSB),Bachelor of Science in Computer Science,CS3002 AI and Machine Learning,"Covers supervised learning, unsupervised learning, model evaluation, regularisation, and neural network fundamentals for predictive modelling.","Supervised model training, cross-validation, feature engineering, clustering algorithms, neural network design",https://www.psbacademy.edu.sg/,Undergraduate,3 Credits / 1 Semester,A-Level: H2 Mathematics. Polytechnic Diploma GPA ≥ 3.5. IELTS 6.0+.
PSB Academy Singapore (PSB),Bachelor of Science in Computer Science,CS3003 Cybersecurity,"Covers cryptography, authentication, network security, secure coding, and ethical hacking fundamentals.","Cryptographic protocols, penetration testing, vulnerability scanning, secure coding practices, incident response",https://www.psbacademy.edu.sg/,Undergraduate,3 Credits / 1 Semester,A-Level: H2 Mathematics. Polytechnic Diploma GPA ≥ 3.5. IELTS 6.0+.
PSB Academy Singapore (PSB),Bachelor of Science in Computer Science,CS4001 CS Capstone,"This module covers cs capstone, part of the Bachelor of Science in Computer Science programme at PSB Academy Singapore (PSB). Students explore core theoretical and applied aspects, building competencies for professional practice.","Core cs capstone concepts, theoretical framework application, analytical problem-solving, academic research skills, practical cs capstone implementation",https://www.psbacademy.edu.sg/,Undergraduate,6 Credits / 1 Semester,A-Level: H2 Mathematics. Polytechnic Diploma GPA ≥ 3.5. IELTS 6.0+.
PSB Academy Singapore (PSB),Bachelor of Science in Data Analytics,DA1001 Introduction to Data Analytics,"This module covers introduction to data analytics, part of the Bachelor of Science in Data Analytics programme at PSB Academy Singapore (PSB). Students explore core theoretical and applied aspects, building competencies for professional practice.","Core introduction to data analytics concepts, theoretical framework application, analytical problem-solving, academic research skills, practical introduction to data analytics implementation",https://www.psbacademy.edu.sg/,Undergraduate,3 Credits / 1 Semester,GCE A-Level or Polytechnic Diploma. IELTS 6.0–6.5+.
PSB Academy Singapore (PSB),Bachelor of Science in Data Analytics,DA1002 Statistics,"This module covers statistics, part of the Bachelor of Science in Data Analytics programme at PSB Academy Singapore (PSB). Students explore core theoretical and applied aspects, building competencies for professional practice.","Core statistics concepts, theoretical framework application, analytical problem-solving, academic research skills, practical statistics implementation",https://www.psbacademy.edu.sg/,Undergraduate,3 Credits / 1 Semester,GCE A-Level or Polytechnic Diploma. IELTS 6.0–6.5+.
PSB Academy Singapore (PSB),Bachelor of Science in Data Analytics,DA2001 Machine Learning,"Covers supervised learning, unsupervised learning, model evaluation, regularisation, and neural network fundamentals for predictive modelling.","Supervised model training, cross-validation, feature engineering, clustering algorithms, neural network design",https://www.psbacademy.edu.sg/,Undergraduate,3 Credits / 1 Semester,GCE A-Level or Polytechnic Diploma. IELTS 6.0–6.5+.
PSB Academy Singapore (PSB),Bachelor of Science in Data Analytics,DA2002 Data Visualisation,"This module covers data visualisation, part of the Bachelor of Science in Data Analytics programme at PSB Academy Singapore (PSB). Students explore core theoretical and applied aspects, building competencies for professional practice.","Core data visualisation concepts, theoretical framework application, analytical problem-solving, academic research skills, practical data visualisation implementation",https://www.psbacademy.edu.sg/,Undergraduate,3 Credits / 1 Semester,GCE A-Level or Polytechnic Diploma. IELTS 6.0–6.5+.
PSB Academy Singapore (PSB),Bachelor of Science in Data Analytics,DA2003 Big Data,"Covers Hadoop, Apache Spark, real-time stream processing, and NoSQL storage for large-scale data pipelines.","Spark DataFrame programming, HDFS management, Kafka streaming, NoSQL querying, ETL pipeline design",https://www.psbacademy.edu.sg/,Undergraduate,3 Credits / 1 Semester,GCE A-Level or Polytechnic Diploma. IELTS 6.0–6.5+.
PSB Academy Singapore (PSB),Bachelor of Science in Data Analytics,DA3001 Deep Learning,"Covers CNNs, RNNs, attention mechanisms, and transformers applied to computer vision and NLP tasks using modern frameworks.","CNN design, RNN sequence modelling, transformer fine-tuning, PyTorch/TensorFlow, transfer learning",https://www.psbacademy.edu.sg/,Undergraduate,3 Credits / 1 Semester,GCE A-Level or Polytechnic Diploma. IELTS 6.0–6.5+.
PSB Academy Singapore (PSB),Bachelor of Science in Data Analytics,DA3002 Business Analytics,"This module covers business analytics, part of the Bachelor of Science in Data Analytics programme at PSB Academy Singapore (PSB). Students explore core theoretical and applied aspects, building competencies for professional practice.","Core business analytics concepts, theoretical framework application, analytical problem-solving, academic research skills, practical business analytics implementation",https://www.psbacademy.edu.sg/,Undergraduate,3 Credits / 1 Semester,GCE A-Level or Polytechnic Diploma. IELTS 6.0–6.5+.
PSB Academy Singapore (PSB),Bachelor of Science in Data Analytics,DA4001 Data Analytics Capstone,"This module covers data analytics capstone, part of the Bachelor of Science in Data Analytics programme at PSB Academy Singapore (PSB). Students explore core theoretical and applied aspects, building competencies for professional practice.","Core data analytics capstone concepts, theoretical framework application, analytical problem-solving, academic research skills, practical data analytics capstone implementation",https://www.psbacademy.edu.sg/,Undergraduate,6 Credits / 1 Semester,GCE A-Level or Polytechnic Diploma. IELTS 6.0–6.5+.
PSB Academy Singapore (PSB),Bachelor of Nursing,NUR1001 Fundamentals of Nursing,"This module covers fundamentals of nursing, part of the Bachelor of Nursing programme at PSB Academy Singapore (PSB). Students explore core theoretical and applied aspects, building competencies for professional practice.","Core fundamentals of nursing concepts, theoretical framework application, analytical problem-solving, academic research skills, practical fundamentals of nursing implementation",https://www.psbacademy.edu.sg/,Undergraduate,3 Credits / 1 Semester,A-Level + Biology. IELTS 6.5+. Health screening.
PSB Academy Singapore (PSB),Bachelor of Nursing,NUR1002 Anatomy and Physiology,"This module covers anatomy and physiology, part of the Bachelor of Nursing programme at PSB Academy Singapore (PSB). Students explore core theoretical and applied aspects, building competencies for professional practice.","Core anatomy and physiology concepts, theoretical framework application, analytical problem-solving, academic research skills, practical anatomy and physiology implementation",https://www.psbacademy.edu.sg/,Undergraduate,3 Credits / 1 Semester,A-Level + Biology. IELTS 6.5+. Health screening.
PSB Academy Singapore (PSB),Bachelor of Nursing,NUR2001 Medical-Surgical Nursing,"This module covers medical-surgical nursing, part of the Bachelor of Nursing programme at PSB Academy Singapore (PSB). Students explore core theoretical and applied aspects, building competencies for professional practice.","Core medical-surgical nursing concepts, theoretical framework application, analytical problem-solving, academic research skills, practical medical-surgical nursing implementation",https://www.psbacademy.edu.sg/,Undergraduate,3 Credits / 1 Semester,A-Level + Biology. IELTS 6.5+. Health screening.
PSB Academy Singapore (PSB),Bachelor of Nursing,NUR2002 Mental Health Nursing,"This module covers mental health nursing, part of the Bachelor of Nursing programme at PSB Academy Singapore (PSB). Students explore core theoretical and applied aspects, building competencies for professional practice.","Core mental health nursing concepts, theoretical framework application, analytical problem-solving, academic research skills, practical mental health nursing implementation",https://www.psbacademy.edu.sg/,Undergraduate,3 Credits / 1 Semester,A-Level + Biology. IELTS 6.5+. Health screening.
PSB Academy Singapore (PSB),Bachelor of Nursing,NUR2003 Community Nursing,"This module covers community nursing, part of the Bachelor of Nursing programme at PSB Academy Singapore (PSB). Students explore core theoretical and applied aspects, building competencies for professional practice.","Core community nursing concepts, theoretical framework application, analytical problem-solving, academic research skills, practical community nursing implementation",https://www.psbacademy.edu.sg/,Undergraduate,3 Credits / 1 Semester,A-Level + Biology. IELTS 6.5+. Health screening.
PSB Academy Singapore (PSB),Bachelor of Nursing,NUR3001 Evidence-Based Nursing,"This module covers evidence-based nursing, part of the Bachelor of Nursing programme at PSB Academy Singapore (PSB). Students explore core theoretical and applied aspects, building competencies for professional practice.","Core evidence-based nursing concepts, theoretical framework application, analytical problem-solving, academic research skills, practical evidence-based nursing implementation",https://www.psbacademy.edu.sg/,Undergraduate,3 Credits / 1 Semester,A-Level + Biology. IELTS 6.5+. Health screening.
PSB Academy Singapore (PSB),Bachelor of Nursing,NUR4001 Nursing Capstone,"This module covers nursing capstone, part of the Bachelor of Nursing programme at PSB Academy Singapore (PSB). Students explore core theoretical and applied aspects, building competencies for professional practice.","Core nursing capstone concepts, theoretical framework application, analytical problem-solving, academic research skills, practical nursing capstone implementation",https://www.psbacademy.edu.sg/,Undergraduate,6 Credits / 1 Semester,A-Level + Biology. IELTS 6.5+. Health screening.
PSB Academy Singapore (PSB),Master of Business Administration,MBA5001 Strategic Leadership,"This module covers strategic leadership, part of the Master of Business Administration programme at PSB Academy Singapore (PSB). Students explore core theoretical and applied aspects, building competencies for professional practice.","Core strategic leadership concepts, theoretical framework application, analytical problem-solving, academic research skills, practical strategic leadership implementation",https://www.psbacademy.edu.sg/,Undergraduate,3 Credits / 1 Semester,A-Level or Polytechnic Diploma. IELTS 6.0+.
PSB Academy Singapore (PSB),Master of Business Administration,MBA5002 Financial Management,"Covers planning, organising, leading, and controlling including strategy, change management, and organisational behaviour.","Strategic planning, team leadership, change management, performance measurement, stakeholder analysis",https://www.psbacademy.edu.sg/,Undergraduate,3 Credits / 1 Semester,A-Level or Polytechnic Diploma. IELTS 6.0+.
PSB Academy Singapore (PSB),Master of Business Administration,MBA5003 Marketing Strategy,"Explores market segmentation, consumer behaviour, product development, pricing strategy, and digital marketing channels.","Market segmentation, consumer analysis, brand positioning, marketing mix optimisation, digital strategy",https://www.psbacademy.edu.sg/,Undergraduate,3 Credits / 1 Semester,A-Level or Polytechnic Diploma. IELTS 6.0+.
PSB Academy Singapore (PSB),Master of Business Administration,MBA5004 Operations Strategy,"This module covers operations strategy, part of the Master of Business Administration programme at PSB Academy Singapore (PSB). Students explore core theoretical and applied aspects, building competencies for professional practice.","Core operations strategy concepts, theoretical framework application, analytical problem-solving, academic research skills, practical operations strategy implementation",https://www.psbacademy.edu.sg/,Undergraduate,3 Credits / 1 Semester,A-Level or Polytechnic Diploma. IELTS 6.0+.
PSB Academy Singapore (PSB),Master of Business Administration,MBA5005 Innovation and Entrepreneurship,Guides students from opportunity recognition through business model development and lean startup methodology.,"Business model canvas, lean startup, market validation, investor pitch, financial forecasting",https://www.psbacademy.edu.sg/,Undergraduate,3 Credits / 1 Semester,A-Level or Polytechnic Diploma. IELTS 6.0+.
PSB Academy Singapore (PSB),Master of Business Administration,MBA5006 Business Analytics,"This module covers business analytics, part of the Master of Business Administration programme at PSB Academy Singapore (PSB). Students explore core theoretical and applied aspects, building competencies for professional practice.","Core business analytics concepts, theoretical framework application, analytical problem-solving, academic research skills, practical business analytics implementation",https://www.psbacademy.edu.sg/,Undergraduate,3 Credits / 1 Semester,A-Level or Polytechnic Diploma. IELTS 6.0+.
PSB Academy Singapore (PSB),Master of Business Administration,MBA5007 MBA Capstone,"This module covers mba capstone, part of the Master of Business Administration programme at PSB Academy Singapore (PSB). Students explore core theoretical and applied aspects, building competencies for professional practice.","Core mba capstone concepts, theoretical framework application, analytical problem-solving, academic research skills, practical mba capstone implementation",https://www.psbacademy.edu.sg/,Undergraduate,6 Credits / 1 Semester,A-Level or Polytechnic Diploma. IELTS 6.0+.
Singapore Institute of Management Global Education (SIM GE),Bachelor of Science in Computing,CS1001 Computational Thinking,"This module covers computational thinking, part of the Bachelor of Science in Computing programme at Singapore Institute of Management Global Education (SIM GE). Students explore core theoretical and applied aspects, building competencies for professional practice.","Core computational thinking concepts, theoretical framework application, analytical problem-solving, academic research skills, practical computational thinking implementation",https://www.sim.edu.sg/,Undergraduate,3 Credits / 1 Semester,GCE A-Level or Polytechnic Diploma. IELTS 6.0–6.5+.
Singapore Institute of Management Global Education (SIM GE),Bachelor of Science in Computing,CS1002 Programming Fundamentals,"This module covers programming fundamentals, part of the Bachelor of Science in Computing programme at Singapore Institute of Management Global Education (SIM GE). Students explore core theoretical and applied aspects, building competencies for professional practice.","Core programming fundamentals concepts, theoretical framework application, analytical problem-solving, academic research skills, practical programming fundamentals implementation",https://www.sim.edu.sg/,Undergraduate,3 Credits / 1 Semester,GCE A-Level or Polytechnic Diploma. IELTS 6.0–6.5+.
Singapore Institute of Management Global Education (SIM GE),Bachelor of Science in Computing,CS2001 Data Structures and Algorithms,"Covers fundamental data organisation techniques including arrays, linked lists, stacks, queues, trees, heaps, and hash tables. Students analyse time and space complexity and apply structures to solve real computational problems.","Array manipulation, linked list operations, binary tree traversal, hash table design, stack and queue implementation",https://www.sim.edu.sg/,Undergraduate,3 Credits / 1 Semester,GCE A-Level or Polytechnic Diploma. IELTS 6.0–6.5+.
Singapore Institute of Management Global Education (SIM GE),Bachelor of Science in Computing,CS2002 Database Systems,"Examines relational database design, SQL querying, normalisation theory, transaction management, and indexing strategies.","SQL query writing, ER diagram design, normalisation, transaction management, index optimisation",https://www.sim.edu.sg/,Undergraduate,3 Credits / 1 Semester,GCE A-Level or Polytechnic Diploma. IELTS 6.0–6.5+.
Singapore Institute of Management Global Education (SIM GE),Bachelor of Science in Computing,CS2003 Computer Networks,"Studies OSI and TCP/IP network architectures, routing, switching, HTTP, DNS, and network security protocols.","TCP/IP configuration, routing protocol analysis, socket programming, network security evaluation, Wireshark analysis",https://www.sim.edu.sg/,Undergraduate,3 Credits / 1 Semester,GCE A-Level or Polytechnic Diploma. IELTS 6.0–6.5+.
Singapore Institute of Management Global Education (SIM GE),Bachelor of Science in Computing,CS3001 Software Engineering,"Covers the full SDLC from requirements through design, implementation, testing, and maintenance, emphasising agile methods.","Requirements documentation, UML modelling, agile sprint planning, integration testing, Git version control",https://www.sim.edu.sg/,Undergraduate,3 Credits / 1 Semester,GCE A-Level or Polytechnic Diploma. IELTS 6.0–6.5+.
Singapore Institute of Management Global Education (SIM GE),Bachelor of Science in Computing,CS3002 Machine Learning,"Covers supervised learning, unsupervised learning, model evaluation, regularisation, and neural network fundamentals for predictive modelling.","Supervised model training, cross-validation, feature engineering, clustering algorithms, neural network design",https://www.sim.edu.sg/,Undergraduate,3 Credits / 1 Semester,GCE A-Level or Polytechnic Diploma. IELTS 6.0–6.5+.
Singapore Institute of Management Global Education (SIM GE),Bachelor of Science in Computing,CS3003 Cybersecurity,"Covers cryptography, authentication, network security, secure coding, and ethical hacking fundamentals.","Cryptographic protocols, penetration testing, vulnerability scanning, secure coding practices, incident response",https://www.sim.edu.sg/,Undergraduate,3 Credits / 1 Semester,GCE A-Level or Polytechnic Diploma. IELTS 6.0–6.5+.
Singapore Institute of Management Global Education (SIM GE),Bachelor of Science in Computing,CS3004 Cloud Computing,"Examines IaaS/PaaS/SaaS models with AWS/Azure/GCP hands-on, containerisation, and serverless computing.","Cloud provisioning, Docker containerisation, Kubernetes orchestration, serverless functions, cost optimisation",https://www.sim.edu.sg/,Undergraduate,3 Credits / 1 Semester,GCE A-Level or Polytechnic Diploma. IELTS 6.0–6.5+.
Singapore Institute of Management Global Education (SIM GE),Bachelor of Science in Computing,CS4001 Computing Capstone,"This module covers computing capstone, part of the Bachelor of Science in Computing programme at Singapore Institute of Management Global Education (SIM GE). Students explore core theoretical and applied aspects, building competencies for professional practice.","Core computing capstone concepts, theoretical framework application, analytical problem-solving, academic research skills, practical computing capstone implementation",https://www.sim.edu.sg/,Undergraduate,6 Credits / 1 Semester,GCE A-Level or Polytechnic Diploma. IELTS 6.0–6.5+.
Singapore Institute of Management Global Education (SIM GE),Bachelor of Business Administration,BUS1001 Business Fundamentals,"This module covers business fundamentals, part of the Bachelor of Business Administration programme at Singapore Institute of Management Global Education (SIM GE). Students explore core theoretical and applied aspects, building competencies for professional practice.","Core business fundamentals concepts, theoretical framework application, analytical problem-solving, academic research skills, practical business fundamentals implementation",https://www.sim.edu.sg/,Undergraduate,3 Credits / 1 Semester,A-Level or Polytechnic Diploma. IELTS 6.0+.
Singapore Institute of Management Global Education (SIM GE),Bachelor of Business Administration,ACC1001 Financial Accounting,"Introduces financial and managerial accounting including double-entry bookkeeping, financial statement preparation, and cost accounting.","Double-entry bookkeeping, balance sheet preparation, income statement analysis, CVP analysis, ratio interpretation",https://www.sim.edu.sg/,Undergraduate,3 Credits / 1 Semester,A-Level or Polytechnic Diploma. IELTS 6.0+.
Singapore Institute of Management Global Education (SIM GE),Bachelor of Business Administration,MKT1001 Marketing,"Explores market segmentation, consumer behaviour, product development, pricing strategy, and digital marketing channels.","Market segmentation, consumer analysis, brand positioning, marketing mix optimisation, digital strategy",https://www.sim.edu.sg/,Undergraduate,3 Credits / 1 Semester,A-Level or Polytechnic Diploma. IELTS 6.0+.
Singapore Institute of Management Global Education (SIM GE),Bachelor of Business Administration,FIN2001 Corporate Finance,"This module covers corporate finance, part of the Bachelor of Business Administration programme at Singapore Institute of Management Global Education (SIM GE). Students explore core theoretical and applied aspects, building competencies for professional practice.","Core corporate finance concepts, theoretical framework application, analytical problem-solving, academic research skills, practical corporate finance implementation",https://www.sim.edu.sg/,Undergraduate,3 Credits / 1 Semester,A-Level or Polytechnic Diploma. IELTS 6.0+.
Singapore Institute of Management Global Education (SIM GE),Bachelor of Business Administration,HRM2001 Human Resources,"Covers recruitment, performance management, training, compensation, and employment law.","Recruitment design, performance appraisal, training needs analysis, compensation benchmarking, HR policy formulation",https://www.sim.edu.sg/,Undergraduate,3 Credits / 1 Semester,A-Level or Polytechnic Diploma. IELTS 6.0+.
Singapore Institute of Management Global Education (SIM GE),Bachelor of Business Administration,BUS2001 Strategic Management,"Covers planning, organising, leading, and controlling including strategy, change management, and organisational behaviour.","Strategic planning, team leadership, change management, performance measurement, stakeholder analysis",https://www.sim.edu.sg/,Undergraduate,3 Credits / 1 Semester,A-Level or Polytechnic Diploma. IELTS 6.0+.
Singapore Institute of Management Global Education (SIM GE),Bachelor of Business Administration,BUS3001 Entrepreneurship,Guides students from opportunity recognition through business model development and lean startup methodology.,"Business model canvas, lean startup, market validation, investor pitch, financial forecasting",https://www.sim.edu.sg/,Undergraduate,3 Credits / 1 Semester,A-Level or Polytechnic Diploma. IELTS 6.0+.
Singapore Institute of Management Global Education (SIM GE),Bachelor of Business Administration,BUS4001 BBA Capstone,"This module covers bba capstone, part of the Bachelor of Business Administration programme at Singapore Institute of Management Global Education (SIM GE). Students explore core theoretical and applied aspects, building competencies for professional practice.","Core bba capstone concepts, theoretical framework application, analytical problem-solving, academic research skills, practical bba capstone implementation",https://www.sim.edu.sg/,Undergraduate,6 Credits / 1 Semester,A-Level or Polytechnic Diploma. IELTS 6.0+.
Singapore Institute of Management Global Education (SIM GE),Bachelor of Accountancy,ACC1001 Financial Accounting 1,"Introduces financial and managerial accounting including double-entry bookkeeping, financial statement preparation, and cost accounting.","Double-entry bookkeeping, balance sheet preparation, income statement analysis, CVP analysis, ratio interpretation",https://www.sim.edu.sg/,Undergraduate,3 Credits / 1 Semester,GCE A-Level or Polytechnic Diploma. IELTS 6.0–6.5+.
Singapore Institute of Management Global Education (SIM GE),Bachelor of Accountancy,ACC1002 Business Law,"Introduces legal principles, contract formation, tort liability, and legal reasoning through case analysis.","Legal case analysis, contract elements, tort assessment, statutory interpretation, legal research",https://www.sim.edu.sg/,Undergraduate,3 Credits / 1 Semester,GCE A-Level or Polytechnic Diploma. IELTS 6.0–6.5+.
Singapore Institute of Management Global Education (SIM GE),Bachelor of Accountancy,ACC2001 Financial Accounting 2,"Introduces financial and managerial accounting including double-entry bookkeeping, financial statement preparation, and cost accounting.","Double-entry bookkeeping, balance sheet preparation, income statement analysis, CVP analysis, ratio interpretation",https://www.sim.edu.sg/,Undergraduate,3 Credits / 1 Semester,GCE A-Level or Polytechnic Diploma. IELTS 6.0–6.5+.
Singapore Institute of Management Global Education (SIM GE),Bachelor of Accountancy,ACC2002 Management Accounting,"Introduces financial and managerial accounting including double-entry bookkeeping, financial statement preparation, and cost accounting.","Double-entry bookkeeping, balance sheet preparation, income statement analysis, CVP analysis, ratio interpretation",https://www.sim.edu.sg/,Undergraduate,3 Credits / 1 Semester,GCE A-Level or Polytechnic Diploma. IELTS 6.0–6.5+.
Singapore Institute of Management Global Education (SIM GE),Bachelor of Accountancy,ACC2003 Taxation,"This module covers taxation, part of the Bachelor of Accountancy programme at Singapore Institute of Management Global Education (SIM GE). Students explore core theoretical and applied aspects, building competencies for professional practice.","Core taxation concepts, theoretical framework application, analytical problem-solving, academic research skills, practical taxation implementation",https://www.sim.edu.sg/,Undergraduate,3 Credits / 1 Semester,GCE A-Level or Polytechnic Diploma. IELTS 6.0–6.5+.
Singapore Institute of Management Global Education (SIM GE),Bachelor of Accountancy,ACC3001 Auditing,"This module covers auditing, part of the Bachelor of Accountancy programme at Singapore Institute of Management Global Education (SIM GE). Students explore core theoretical and applied aspects, building competencies for professional practice.","Core auditing concepts, theoretical framework application, analytical problem-solving, academic research skills, practical auditing implementation",https://www.sim.edu.sg/,Undergraduate,3 Credits / 1 Semester,GCE A-Level or Polytechnic Diploma. IELTS 6.0–6.5+.
Singapore Institute of Management Global Education (SIM GE),Bachelor of Accountancy,ACC3002 Corporate Reporting,"This module covers corporate reporting, part of the Bachelor of Accountancy programme at Singapore Institute of Management Global Education (SIM GE). Students explore core theoretical and applied aspects, building competencies for professional practice.","Core corporate reporting concepts, theoretical framework application, analytical problem-solving, academic research skills, practical corporate reporting implementation",https://www.sim.edu.sg/,Undergraduate,3 Credits / 1 Semester,GCE A-Level or Polytechnic Diploma. IELTS 6.0–6.5+.
Singapore Institute of Management Global Education (SIM GE),Bachelor of Accountancy,ACC4001 Accountancy Capstone,"This module covers accountancy capstone, part of the Bachelor of Accountancy programme at Singapore Institute of Management Global Education (SIM GE). Students explore core theoretical and applied aspects, building competencies for professional practice.","Core accountancy capstone concepts, theoretical framework application, analytical problem-solving, academic research skills, practical accountancy capstone implementation",https://www.sim.edu.sg/,Undergraduate,6 Credits / 1 Semester,GCE A-Level or Polytechnic Diploma. IELTS 6.0–6.5+.
Singapore Institute of Management Global Education (SIM GE),Bachelor of Science in Data Analytics,DA1001 Introduction to Data Science,"This module covers introduction to data science, part of the Bachelor of Science in Data Analytics programme at Singapore Institute of Management Global Education (SIM GE). Students explore core theoretical and applied aspects, building competencies for professional practice.","Core introduction to data science concepts, theoretical framework application, analytical problem-solving, academic research skills, practical introduction to data science implementation",https://www.sim.edu.sg/,Undergraduate,3 Credits / 1 Semester,GCE A-Level or Polytechnic Diploma. IELTS 6.0–6.5+.
Singapore Institute of Management Global Education (SIM GE),Bachelor of Science in Data Analytics,DA1002 Statistical Methods,"This module covers statistical methods, part of the Bachelor of Science in Data Analytics programme at Singapore Institute of Management Global Education (SIM GE). Students explore core theoretical and applied aspects, building competencies for professional practice.","Core statistical methods concepts, theoretical framework application, analytical problem-solving, academic research skills, practical statistical methods implementation",https://www.sim.edu.sg/,Undergraduate,3 Credits / 1 Semester,GCE A-Level or Polytechnic Diploma. IELTS 6.0–6.5+.
Singapore Institute of Management Global Education (SIM GE),Bachelor of Science in Data Analytics,DA2001 Machine Learning,"Covers supervised learning, unsupervised learning, model evaluation, regularisation, and neural network fundamentals for predictive modelling.","Supervised model training, cross-validation, feature engineering, clustering algorithms, neural network design",https://www.sim.edu.sg/,Undergraduate,3 Credits / 1 Semester,GCE A-Level or Polytechnic Diploma. IELTS 6.0–6.5+.
Singapore Institute of Management Global Education (SIM GE),Bachelor of Science in Data Analytics,DA2002 Big Data Technologies,"Covers Hadoop, Apache Spark, real-time stream processing, and NoSQL storage for large-scale data pipelines.","Spark DataFrame programming, HDFS management, Kafka streaming, NoSQL querying, ETL pipeline design",https://www.sim.edu.sg/,Undergraduate,3 Credits / 1 Semester,GCE A-Level or Polytechnic Diploma. IELTS 6.0–6.5+.
Singapore Institute of Management Global Education (SIM GE),Bachelor of Science in Data Analytics,DA2003 Data Visualisation,"This module covers data visualisation, part of the Bachelor of Science in Data Analytics programme at Singapore Institute of Management Global Education (SIM GE). Students explore core theoretical and applied aspects, building competencies for professional practice.","Core data visualisation concepts, theoretical framework application, analytical problem-solving, academic research skills, practical data visualisation implementation",https://www.sim.edu.sg/,Undergraduate,3 Credits / 1 Semester,GCE A-Level or Polytechnic Diploma. IELTS 6.0–6.5+.
Singapore Institute of Management Global Education (SIM GE),Bachelor of Science in Data Analytics,DA3001 Deep Learning,"Covers CNNs, RNNs, attention mechanisms, and transformers applied to computer vision and NLP tasks using modern frameworks.","CNN design, RNN sequence modelling, transformer fine-tuning, PyTorch/TensorFlow, transfer learning",https://www.sim.edu.sg/,Undergraduate,3 Credits / 1 Semester,GCE A-Level or Polytechnic Diploma. IELTS 6.0–6.5+.
Singapore Institute of Management Global Education (SIM GE),Bachelor of Science in Data Analytics,DA3002 Business Analytics,"This module covers business analytics, part of the Bachelor of Science in Data Analytics programme at Singapore Institute of Management Global Education (SIM GE). Students explore core theoretical and applied aspects, building competencies for professional practice.","Core business analytics concepts, theoretical framework application, analytical problem-solving, academic research skills, practical business analytics implementation",https://www.sim.edu.sg/,Undergraduate,3 Credits / 1 Semester,GCE A-Level or Polytechnic Diploma. IELTS 6.0–6.5+.
Singapore Institute of Management Global Education (SIM GE),Bachelor of Science in Data Analytics,DA4001 Data Analytics Capstone,"This module covers data analytics capstone, part of the Bachelor of Science in Data Analytics programme at Singapore Institute of Management Global Education (SIM GE). Students explore core theoretical and applied aspects, building competencies for professional practice.","Core data analytics capstone concepts, theoretical framework application, analytical problem-solving, academic research skills, practical data analytics capstone implementation",https://www.sim.edu.sg/,Undergraduate,6 Credits / 1 Semester,GCE A-Level or Polytechnic Diploma. IELTS 6.0–6.5+.
Singapore Institute of Management Global Education (SIM GE),Bachelor of Science in Marketing,MKT1001 Marketing Principles,"Explores market segmentation, consumer behaviour, product development, pricing strategy, and digital marketing channels.","Market segmentation, consumer analysis, brand positioning, marketing mix optimisation, digital strategy",https://www.sim.edu.sg/,Undergraduate,3 Credits / 1 Semester,A-Level or Polytechnic Business Diploma. IELTS 6.0+.
Singapore Institute of Management Global Education (SIM GE),Bachelor of Science in Marketing,MKT1002 Consumer Behaviour,"This module covers consumer behaviour, part of the Bachelor of Science in Marketing programme at Singapore Institute of Management Global Education (SIM GE). Students explore core theoretical and applied aspects, building competencies for professional practice.","Core consumer behaviour concepts, theoretical framework application, analytical problem-solving, academic research skills, practical consumer behaviour implementation",https://www.sim.edu.sg/,Undergraduate,3 Credits / 1 Semester,A-Level or Polytechnic Business Diploma. IELTS 6.0+.
Singapore Institute of Management Global Education (SIM GE),Bachelor of Science in Marketing,MKT2001 Digital Marketing,"Covers SEO, SEM, social media, content marketing, analytics, and marketing automation.","SEO/SEM optimisation, social media strategy, content marketing, Google Analytics, marketing automation",https://www.sim.edu.sg/,Undergraduate,3 Credits / 1 Semester,A-Level or Polytechnic Business Diploma. IELTS 6.0+.
Singapore Institute of Management Global Education (SIM GE),Bachelor of Science in Marketing,MKT2002 Brand Management,"Covers planning, organising, leading, and controlling including strategy, change management, and organisational behaviour.","Strategic planning, team leadership, change management, performance measurement, stakeholder analysis",https://www.sim.edu.sg/,Undergraduate,3 Credits / 1 Semester,A-Level or Polytechnic Business Diploma. IELTS 6.0+.
Singapore Institute of Management Global Education (SIM GE),Bachelor of Science in Marketing,MKT2003 Market Research,"This module covers market research, part of the Bachelor of Science in Marketing programme at Singapore Institute of Management Global Education (SIM GE). Students explore core theoretical and applied aspects, building competencies for professional practice.","Core market research concepts, theoretical framework application, analytical problem-solving, academic research skills, practical market research implementation",https://www.sim.edu.sg/,Undergraduate,3 Credits / 1 Semester,A-Level or Polytechnic Business Diploma. IELTS 6.0+.
Singapore Institute of Management Global Education (SIM GE),Bachelor of Science in Marketing,MKT3001 Marketing Analytics,"Explores market segmentation, consumer behaviour, product development, pricing strategy, and digital marketing channels.","Market segmentation, consumer analysis, brand positioning, marketing mix optimisation, digital strategy",https://www.sim.edu.sg/,Undergraduate,3 Credits / 1 Semester,A-Level or Polytechnic Business Diploma. IELTS 6.0+.
Singapore Institute of Management Global Education (SIM GE),Bachelor of Science in Marketing,MKT3002 Integrated Marketing Communications,"Explores market segmentation, consumer behaviour, product development, pricing strategy, and digital marketing channels.","Market segmentation, consumer analysis, brand positioning, marketing mix optimisation, digital strategy",https://www.sim.edu.sg/,Undergraduate,3 Credits / 1 Semester,A-Level or Polytechnic Business Diploma. IELTS 6.0+.
Singapore Institute of Management Global Education (SIM GE),Bachelor of Science in Marketing,MKT4001 Marketing Capstone,"Explores market segmentation, consumer behaviour, product development, pricing strategy, and digital marketing channels.","Market segmentation, consumer analysis, brand positioning, marketing mix optimisation, digital strategy",https://www.sim.edu.sg/,Undergraduate,6 Credits / 1 Semester,A-Level or Polytechnic Business Diploma. IELTS 6.0+.
Kaplan Singapore (Kaplan),Bachelor of Business Administration,BUS101 Introduction to Business,"This module covers introduction to business, part of the Bachelor of Business Administration programme at Kaplan Singapore (Kaplan). Students explore core theoretical and applied aspects, building competencies for professional practice.","Core introduction to business concepts, theoretical framework application, analytical problem-solving, academic research skills, practical introduction to business implementation",https://www.kaplan.com.sg/,Undergraduate,3 Credits / 1 Semester,A-Level or Polytechnic Diploma. IELTS 6.0+.
Kaplan Singapore (Kaplan),Bachelor of Business Administration,ACC101 Accounting Basics,"Introduces financial and managerial accounting including double-entry bookkeeping, financial statement preparation, and cost accounting.","Double-entry bookkeeping, balance sheet preparation, income statement analysis, CVP analysis, ratio interpretation",https://www.kaplan.com.sg/,Undergraduate,3 Credits / 1 Semester,A-Level or Polytechnic Diploma. IELTS 6.0+.
Kaplan Singapore (Kaplan),Bachelor of Business Administration,MKT101 Principles of Marketing,"Explores market segmentation, consumer behaviour, product development, pricing strategy, and digital marketing channels.","Market segmentation, consumer analysis, brand positioning, marketing mix optimisation, digital strategy",https://www.kaplan.com.sg/,Undergraduate,3 Credits / 1 Semester,A-Level or Polytechnic Diploma. IELTS 6.0+.
Kaplan Singapore (Kaplan),Bachelor of Business Administration,FIN201 Finance,"This module covers finance, part of the Bachelor of Business Administration programme at Kaplan Singapore (Kaplan). Students explore core theoretical and applied aspects, building competencies for professional practice.","Core finance concepts, theoretical framework application, analytical problem-solving, academic research skills, practical finance implementation",https://www.kaplan.com.sg/,Undergraduate,3 Credits / 1 Semester,A-Level or Polytechnic Diploma. IELTS 6.0+.
Kaplan Singapore (Kaplan),Bachelor of Business Administration,HRM201 Human Resource Management,"Covers recruitment, performance management, training, compensation, and employment law.","Recruitment design, performance appraisal, training needs analysis, compensation benchmarking, HR policy formulation",https://www.kaplan.com.sg/,Undergraduate,3 Credits / 1 Semester,A-Level or Polytechnic Diploma. IELTS 6.0+.
Kaplan Singapore (Kaplan),Bachelor of Business Administration,BUS201 Strategic Management,"Covers planning, organising, leading, and controlling including strategy, change management, and organisational behaviour.","Strategic planning, team leadership, change management, performance measurement, stakeholder analysis",https://www.kaplan.com.sg/,Undergraduate,3 Credits / 1 Semester,A-Level or Polytechnic Diploma. IELTS 6.0+.
Kaplan Singapore (Kaplan),Bachelor of Business Administration,ENT301 Entrepreneurship,Guides students from opportunity recognition through business model development and lean startup methodology.,"Business model canvas, lean startup, market validation, investor pitch, financial forecasting",https://www.kaplan.com.sg/,Undergraduate,3 Credits / 1 Semester,A-Level or Polytechnic Diploma. IELTS 6.0+.
Kaplan Singapore (Kaplan),Bachelor of Business Administration,BUS401 BBA Capstone,"This module covers bba capstone, part of the Bachelor of Business Administration programme at Kaplan Singapore (Kaplan). Students explore core theoretical and applied aspects, building competencies for professional practice.","Core bba capstone concepts, theoretical framework application, analytical problem-solving, academic research skills, practical bba capstone implementation",https://www.kaplan.com.sg/,Undergraduate,6 Credits / 1 Semester,A-Level or Polytechnic Diploma. IELTS 6.0+.
Kaplan Singapore (Kaplan),Bachelor of Science in Accounting,ACC101 Financial Accounting 1,"Introduces financial and managerial accounting including double-entry bookkeeping, financial statement preparation, and cost accounting.","Double-entry bookkeeping, balance sheet preparation, income statement analysis, CVP analysis, ratio interpretation",https://www.kaplan.com.sg/,Undergraduate,3 Credits / 1 Semester,A-Level or Polytechnic Business Diploma. IELTS 6.5+.
Kaplan Singapore (Kaplan),Bachelor of Science in Accounting,ACC102 Business Law,"Introduces legal principles, contract formation, tort liability, and legal reasoning through case analysis.","Legal case analysis, contract elements, tort assessment, statutory interpretation, legal research",https://www.kaplan.com.sg/,Undergraduate,3 Credits / 1 Semester,A-Level or Polytechnic Business Diploma. IELTS 6.5+.
Kaplan Singapore (Kaplan),Bachelor of Science in Accounting,ACC201 Financial Accounting 2,"Introduces financial and managerial accounting including double-entry bookkeeping, financial statement preparation, and cost accounting.","Double-entry bookkeeping, balance sheet preparation, income statement analysis, CVP analysis, ratio interpretation",https://www.kaplan.com.sg/,Undergraduate,3 Credits / 1 Semester,A-Level or Polytechnic Business Diploma. IELTS 6.5+.
Kaplan Singapore (Kaplan),Bachelor of Science in Accounting,ACC202 Management Accounting,"Introduces financial and managerial accounting including double-entry bookkeeping, financial statement preparation, and cost accounting.","Double-entry bookkeeping, balance sheet preparation, income statement analysis, CVP analysis, ratio interpretation",https://www.kaplan.com.sg/,Undergraduate,3 Credits / 1 Semester,A-Level or Polytechnic Business Diploma. IELTS 6.5+.
Kaplan Singapore (Kaplan),Bachelor of Science in Accounting,ACC203 Taxation,"This module covers taxation, part of the Bachelor of Science in Accounting programme at Kaplan Singapore (Kaplan). Students explore core theoretical and applied aspects, building competencies for professional practice.","Core taxation concepts, theoretical framework application, analytical problem-solving, academic research skills, practical taxation implementation",https://www.kaplan.com.sg/,Undergraduate,3 Credits / 1 Semester,A-Level or Polytechnic Business Diploma. IELTS 6.5+.
Kaplan Singapore (Kaplan),Bachelor of Science in Accounting,ACC301 Auditing,"This module covers auditing, part of the Bachelor of Science in Accounting programme at Kaplan Singapore (Kaplan). Students explore core theoretical and applied aspects, building competencies for professional practice.","Core auditing concepts, theoretical framework application, analytical problem-solving, academic research skills, practical auditing implementation",https://www.kaplan.com.sg/,Undergraduate,3 Credits / 1 Semester,A-Level or Polytechnic Business Diploma. IELTS 6.5+.
Kaplan Singapore (Kaplan),Bachelor of Science in Accounting,ACC401 Accounting Capstone,"Introduces financial and managerial accounting including double-entry bookkeeping, financial statement preparation, and cost accounting.","Double-entry bookkeeping, balance sheet preparation, income statement analysis, CVP analysis, ratio interpretation",https://www.kaplan.com.sg/,Undergraduate,6 Credits / 1 Semester,A-Level or Polytechnic Business Diploma. IELTS 6.5+.
Kaplan Singapore (Kaplan),Bachelor of Science in Marketing,MKT101 Marketing Fundamentals,"Explores market segmentation, consumer behaviour, product development, pricing strategy, and digital marketing channels.","Market segmentation, consumer analysis, brand positioning, marketing mix optimisation, digital strategy",https://www.kaplan.com.sg/,Undergraduate,3 Credits / 1 Semester,A-Level or Polytechnic Business Diploma. IELTS 6.0+.
Kaplan Singapore (Kaplan),Bachelor of Science in Marketing,MKT201 Consumer Behaviour,"This module covers consumer behaviour, part of the Bachelor of Science in Marketing programme at Kaplan Singapore (Kaplan). Students explore core theoretical and applied aspects, building competencies for professional practice.","Core consumer behaviour concepts, theoretical framework application, analytical problem-solving, academic research skills, practical consumer behaviour implementation",https://www.kaplan.com.sg/,Undergraduate,3 Credits / 1 Semester,A-Level or Polytechnic Business Diploma. IELTS 6.0+.
Kaplan Singapore (Kaplan),Bachelor of Science in Marketing,MKT202 Digital Marketing,"Covers SEO, SEM, social media, content marketing, analytics, and marketing automation.","SEO/SEM optimisation, social media strategy, content marketing, Google Analytics, marketing automation",https://www.kaplan.com.sg/,Undergraduate,3 Credits / 1 Semester,A-Level or Polytechnic Business Diploma. IELTS 6.0+.
Kaplan Singapore (Kaplan),Bachelor of Science in Marketing,MKT203 Brand Management,"Covers planning, organising, leading, and controlling including strategy, change management, and organisational behaviour.","Strategic planning, team leadership, change management, performance measurement, stakeholder analysis",https://www.kaplan.com.sg/,Undergraduate,3 Credits / 1 Semester,A-Level or Polytechnic Business Diploma. IELTS 6.0+.
Kaplan Singapore (Kaplan),Bachelor of Science in Marketing,MKT301 Marketing Research,"Explores market segmentation, consumer behaviour, product development, pricing strategy, and digital marketing channels.","Market segmentation, consumer analysis, brand positioning, marketing mix optimisation, digital strategy",https://www.kaplan.com.sg/,Undergraduate,3 Credits / 1 Semester,A-Level or Polytechnic Business Diploma. IELTS 6.0+.
Kaplan Singapore (Kaplan),Bachelor of Science in Marketing,MKT401 Marketing Capstone,"Explores market segmentation, consumer behaviour, product development, pricing strategy, and digital marketing channels.","Market segmentation, consumer analysis, brand positioning, marketing mix optimisation, digital strategy",https://www.kaplan.com.sg/,Undergraduate,6 Credits / 1 Semester,A-Level or Polytechnic Business Diploma. IELTS 6.0+.
Kaplan Singapore (Kaplan),Bachelor of Science in Information Technology,IT101 Programming Basics,"This module covers programming basics, part of the Bachelor of Science in Information Technology programme at Kaplan Singapore (Kaplan). Students explore core theoretical and applied aspects, building competencies for professional practice.","Core programming basics concepts, theoretical framework application, analytical problem-solving, academic research skills, practical programming basics implementation",https://www.kaplan.com.sg/,Undergraduate,3 Credits / 1 Semester,A-Level or Polytechnic Diploma in IT. IELTS 6.0+.
Kaplan Singapore (Kaplan),Bachelor of Science in Information Technology,IT102 Database Systems,"Examines relational database design, SQL querying, normalisation theory, transaction management, and indexing strategies.","SQL query writing, ER diagram design, normalisation, transaction management, index optimisation",https://www.kaplan.com.sg/,Undergraduate,3 Credits / 1 Semester,A-Level or Polytechnic Diploma in IT. IELTS 6.0+.
Kaplan Singapore (Kaplan),Bachelor of Science in Information Technology,IT201 Web Development,"Covers full-stack web development including front-end frameworks, RESTful APIs, authentication, and database integration.","HTML/CSS/JavaScript, REST API design, React or Vue.js, backend frameworks, database integration",https://www.kaplan.com.sg/,Undergraduate,3 Credits / 1 Semester,A-Level or Polytechnic Diploma in IT. IELTS 6.0+.
Kaplan Singapore (Kaplan),Bachelor of Science in Information Technology,IT202 Cybersecurity,"Covers cryptography, authentication, network security, secure coding, and ethical hacking fundamentals.","Cryptographic protocols, penetration testing, vulnerability scanning, secure coding practices, incident response",https://www.kaplan.com.sg/,Undergraduate,3 Credits / 1 Semester,A-Level or Polytechnic Diploma in IT. IELTS 6.0+.
Kaplan Singapore (Kaplan),Bachelor of Science in Information Technology,IT203 Cloud Computing,"Examines IaaS/PaaS/SaaS models with AWS/Azure/GCP hands-on, containerisation, and serverless computing.","Cloud provisioning, Docker containerisation, Kubernetes orchestration, serverless functions, cost optimisation",https://www.kaplan.com.sg/,Undergraduate,3 Credits / 1 Semester,A-Level or Polytechnic Diploma in IT. IELTS 6.0+.
Kaplan Singapore (Kaplan),Bachelor of Science in Information Technology,IT301 AI Fundamentals,"This module covers ai fundamentals, part of the Bachelor of Science in Information Technology programme at Kaplan Singapore (Kaplan). Students explore core theoretical and applied aspects, building competencies for professional practice.","Core ai fundamentals concepts, theoretical framework application, analytical problem-solving, academic research skills, practical ai fundamentals implementation",https://www.kaplan.com.sg/,Undergraduate,3 Credits / 1 Semester,A-Level or Polytechnic Diploma in IT. IELTS 6.0+.
Kaplan Singapore (Kaplan),Bachelor of Science in Information Technology,IT401 IT Capstone,"This module covers it capstone, part of the Bachelor of Science in Information Technology programme at Kaplan Singapore (Kaplan). Students explore core theoretical and applied aspects, building competencies for professional practice.","Core it capstone concepts, theoretical framework application, analytical problem-solving, academic research skills, practical it capstone implementation",https://www.kaplan.com.sg/,Undergraduate,6 Credits / 1 Semester,A-Level or Polytechnic Diploma in IT. IELTS 6.0+.
Kaplan Singapore (Kaplan),Diploma in Business,DIP101 Business Fundamentals,"This module covers business fundamentals, part of the Diploma in Business programme at Kaplan Singapore (Kaplan). Students explore core theoretical and applied aspects, building competencies for professional practice.","Core business fundamentals concepts, theoretical framework application, analytical problem-solving, academic research skills, practical business fundamentals implementation",https://www.kaplan.com.sg/,Undergraduate,3 Credits / 1 Semester,GCE A-Level or Polytechnic Diploma. IELTS 6.0–6.5+.
Kaplan Singapore (Kaplan),Diploma in Business,DIP102 Business Communication,"This module covers business communication, part of the Diploma in Business programme at Kaplan Singapore (Kaplan). Students explore core theoretical and applied aspects, building competencies for professional practice.","Core business communication concepts, theoretical framework application, analytical problem-solving, academic research skills, practical business communication implementation",https://www.kaplan.com.sg/,Undergraduate,3 Credits / 1 Semester,GCE A-Level or Polytechnic Diploma. IELTS 6.0–6.5+.
Kaplan Singapore (Kaplan),Diploma in Business,DIP201 Marketing,"Explores market segmentation, consumer behaviour, product development, pricing strategy, and digital marketing channels.","Market segmentation, consumer analysis, brand positioning, marketing mix optimisation, digital strategy",https://www.kaplan.com.sg/,Undergraduate,3 Credits / 1 Semester,GCE A-Level or Polytechnic Diploma. IELTS 6.0–6.5+.
Kaplan Singapore (Kaplan),Diploma in Business,DIP202 Finance,"This module covers finance, part of the Diploma in Business programme at Kaplan Singapore (Kaplan). Students explore core theoretical and applied aspects, building competencies for professional practice.","Core finance concepts, theoretical framework application, analytical problem-solving, academic research skills, practical finance implementation",https://www.kaplan.com.sg/,Undergraduate,3 Credits / 1 Semester,GCE A-Level or Polytechnic Diploma. IELTS 6.0–6.5+.
Kaplan Singapore (Kaplan),Diploma in Business,DIP203 Operations,"This module covers operations, part of the Diploma in Business programme at Kaplan Singapore (Kaplan). Students explore core theoretical and applied aspects, building competencies for professional practice.","Core operations concepts, theoretical framework application, analytical problem-solving, academic research skills, practical operations implementation",https://www.kaplan.com.sg/,Undergraduate,3 Credits / 1 Semester,GCE A-Level or Polytechnic Diploma. IELTS 6.0–6.5+.
Kaplan Singapore (Kaplan),Diploma in Business,DIP301 Business Project,"This module covers business project, part of the Diploma in Business programme at Kaplan Singapore (Kaplan). Students explore core theoretical and applied aspects, building competencies for professional practice.","Core business project concepts, theoretical framework application, analytical problem-solving, academic research skills, practical business project implementation",https://www.kaplan.com.sg/,Undergraduate,4 Credits / 1 Semester,GCE A-Level or Polytechnic Diploma. IELTS 6.0–6.5+.
Management Development Institute of Singapore (MDIS),Bachelor of Arts in Accounting and Finance,ACC1001 Financial Accounting,"Introduces financial and managerial accounting including double-entry bookkeeping, financial statement preparation, and cost accounting.","Double-entry bookkeeping, balance sheet preparation, income statement analysis, CVP analysis, ratio interpretation",https://www.mdis.edu.sg/,Undergraduate,3 Credits / 1 Semester,A-Level: H2 Mathematics. Polytechnic Business Diploma. IELTS 6.0+.
Management Development Institute of Singapore (MDIS),Bachelor of Arts in Accounting and Finance,ACC1002 Business Law,"Introduces legal principles, contract formation, tort liability, and legal reasoning through case analysis.","Legal case analysis, contract elements, tort assessment, statutory interpretation, legal research",https://www.mdis.edu.sg/,Undergraduate,3 Credits / 1 Semester,A-Level: H2 Mathematics. Polytechnic Business Diploma. IELTS 6.0+.
Management Development Institute of Singapore (MDIS),Bachelor of Arts in Accounting and Finance,ACC2001 Management Accounting,"Introduces financial and managerial accounting including double-entry bookkeeping, financial statement preparation, and cost accounting.","Double-entry bookkeeping, balance sheet preparation, income statement analysis, CVP analysis, ratio interpretation",https://www.mdis.edu.sg/,Undergraduate,3 Credits / 1 Semester,A-Level: H2 Mathematics. Polytechnic Business Diploma. IELTS 6.0+.
Management Development Institute of Singapore (MDIS),Bachelor of Arts in Accounting and Finance,FIN2001 Corporate Finance,"This module covers corporate finance, part of the Bachelor of Arts in Accounting and Finance programme at Management Development Institute of Singapore (MDIS). Students explore core theoretical and applied aspects, building competencies for professional practice.","Core corporate finance concepts, theoretical framework application, analytical problem-solving, academic research skills, practical corporate finance implementation",https://www.mdis.edu.sg/,Undergraduate,3 Credits / 1 Semester,A-Level: H2 Mathematics. Polytechnic Business Diploma. IELTS 6.0+.
Management Development Institute of Singapore (MDIS),Bachelor of Arts in Accounting and Finance,ACC2002 Taxation,"This module covers taxation, part of the Bachelor of Arts in Accounting and Finance programme at Management Development Institute of Singapore (MDIS). Students explore core theoretical and applied aspects, building competencies for professional practice.","Core taxation concepts, theoretical framework application, analytical problem-solving, academic research skills, practical taxation implementation",https://www.mdis.edu.sg/,Undergraduate,3 Credits / 1 Semester,A-Level: H2 Mathematics. Polytechnic Business Diploma. IELTS 6.0+.
Management Development Institute of Singapore (MDIS),Bachelor of Arts in Accounting and Finance,ACC3001 Auditing,"This module covers auditing, part of the Bachelor of Arts in Accounting and Finance programme at Management Development Institute of Singapore (MDIS). Students explore core theoretical and applied aspects, building competencies for professional practice.","Core auditing concepts, theoretical framework application, analytical problem-solving, academic research skills, practical auditing implementation",https://www.mdis.edu.sg/,Undergraduate,3 Credits / 1 Semester,A-Level: H2 Mathematics. Polytechnic Business Diploma. IELTS 6.0+.
Management Development Institute of Singapore (MDIS),Bachelor of Arts in Accounting and Finance,FIN3001 Investment Analysis,"Examines equities, bonds, derivatives, portfolio construction, and performance evaluation.","Security valuation, portfolio construction, derivative pricing, performance attribution, factor model application",https://www.mdis.edu.sg/,Undergraduate,3 Credits / 1 Semester,A-Level: H2 Mathematics. Polytechnic Business Diploma. IELTS 6.0+.
Management Development Institute of Singapore (MDIS),Bachelor of Arts in Accounting and Finance,ACC4001 Capstone,"This module covers capstone, part of the Bachelor of Arts in Accounting and Finance programme at Management Development Institute of Singapore (MDIS). Students explore core theoretical and applied aspects, building competencies for professional practice.","Core capstone concepts, theoretical framework application, analytical problem-solving, academic research skills, practical capstone implementation",https://www.mdis.edu.sg/,Undergraduate,6 Credits / 1 Semester,A-Level: H2 Mathematics. Polytechnic Business Diploma. IELTS 6.0+.
Management Development Institute of Singapore (MDIS),Bachelor of Arts in Business Management,BUS1001 Business Fundamentals,"This module covers business fundamentals, part of the Bachelor of Arts in Business Management programme at Management Development Institute of Singapore (MDIS). Students explore core theoretical and applied aspects, building competencies for professional practice.","Core business fundamentals concepts, theoretical framework application, analytical problem-solving, academic research skills, practical business fundamentals implementation",https://www.mdis.edu.sg/,Undergraduate,3 Credits / 1 Semester,GCE A-Level or Polytechnic Diploma. IELTS 6.0–6.5+.
Management Development Institute of Singapore (MDIS),Bachelor of Arts in Business Management,MKT1001 Marketing,"Explores market segmentation, consumer behaviour, product development, pricing strategy, and digital marketing channels.","Market segmentation, consumer analysis, brand positioning, marketing mix optimisation, digital strategy",https://www.mdis.edu.sg/,Undergraduate,3 Credits / 1 Semester,GCE A-Level or Polytechnic Diploma. IELTS 6.0–6.5+.
Management Development Institute of Singapore (MDIS),Bachelor of Arts in Business Management,HRM1001 Human Resource Management,"Covers recruitment, performance management, training, compensation, and employment law.","Recruitment design, performance appraisal, training needs analysis, compensation benchmarking, HR policy formulation",https://www.mdis.edu.sg/,Undergraduate,3 Credits / 1 Semester,GCE A-Level or Polytechnic Diploma. IELTS 6.0–6.5+.
Management Development Institute of Singapore (MDIS),Bachelor of Arts in Business Management,FIN2001 Business Finance,"This module covers business finance, part of the Bachelor of Arts in Business Management programme at Management Development Institute of Singapore (MDIS). Students explore core theoretical and applied aspects, building competencies for professional practice.","Core business finance concepts, theoretical framework application, analytical problem-solving, academic research skills, practical business finance implementation",https://www.mdis.edu.sg/,Undergraduate,3 Credits / 1 Semester,GCE A-Level or Polytechnic Diploma. IELTS 6.0–6.5+.
Management Development Institute of Singapore (MDIS),Bachelor of Arts in Business Management,BUS2001 Operations Management,"Covers planning, organising, leading, and controlling including strategy, change management, and organisational behaviour.","Strategic planning, team leadership, change management, performance measurement, stakeholder analysis",https://www.mdis.edu.sg/,Undergraduate,3 Credits / 1 Semester,GCE A-Level or Polytechnic Diploma. IELTS 6.0–6.5+.
Management Development Institute of Singapore (MDIS),Bachelor of Arts in Business Management,BUS3001 Strategic Management,"Covers planning, organising, leading, and controlling including strategy, change management, and organisational behaviour.","Strategic planning, team leadership, change management, performance measurement, stakeholder analysis",https://www.mdis.edu.sg/,Undergraduate,3 Credits / 1 Semester,GCE A-Level or Polytechnic Diploma. IELTS 6.0–6.5+.
Management Development Institute of Singapore (MDIS),Bachelor of Arts in Business Management,BUS4001 Business Capstone,"This module covers business capstone, part of the Bachelor of Arts in Business Management programme at Management Development Institute of Singapore (MDIS). Students explore core theoretical and applied aspects, building competencies for professional practice.","Core business capstone concepts, theoretical framework application, analytical problem-solving, academic research skills, practical business capstone implementation",https://www.mdis.edu.sg/,Undergraduate,6 Credits / 1 Semester,GCE A-Level or Polytechnic Diploma. IELTS 6.0–6.5+.
Management Development Institute of Singapore (MDIS),Bachelor of Science in Hospitality Management,HOS1001 Introduction to Hospitality,"Covers hospitality operations including front-of-house, F and B, revenue management, and customer service.","Hospitality operations, revenue management, F and B management, customer service standards, quality control",https://www.mdis.edu.sg/,Undergraduate,3 Credits / 1 Semester,A-Level or Polytechnic Diploma. IELTS 6.0+.
Management Development Institute of Singapore (MDIS),Bachelor of Science in Hospitality Management,HOS1002 Food and Beverage Management,"Covers planning, organising, leading, and controlling including strategy, change management, and organisational behaviour.","Strategic planning, team leadership, change management, performance measurement, stakeholder analysis",https://www.mdis.edu.sg/,Undergraduate,3 Credits / 1 Semester,A-Level or Polytechnic Diploma. IELTS 6.0+.
Management Development Institute of Singapore (MDIS),Bachelor of Science in Hospitality Management,HOS2001 Rooms Division Management,"Covers planning, organising, leading, and controlling including strategy, change management, and organisational behaviour.","Strategic planning, team leadership, change management, performance measurement, stakeholder analysis",https://www.mdis.edu.sg/,Undergraduate,3 Credits / 1 Semester,A-Level or Polytechnic Diploma. IELTS 6.0+.
Management Development Institute of Singapore (MDIS),Bachelor of Science in Hospitality Management,HOS2002 Revenue Management,"Covers planning, organising, leading, and controlling including strategy, change management, and organisational behaviour.","Strategic planning, team leadership, change management, performance measurement, stakeholder analysis",https://www.mdis.edu.sg/,Undergraduate,3 Credits / 1 Semester,A-Level or Polytechnic Diploma. IELTS 6.0+.
Management Development Institute of Singapore (MDIS),Bachelor of Science in Hospitality Management,HOS2003 Hospitality Marketing,"Covers hospitality operations including front-of-house, F and B, revenue management, and customer service.","Hospitality operations, revenue management, F and B management, customer service standards, quality control",https://www.mdis.edu.sg/,Undergraduate,3 Credits / 1 Semester,A-Level or Polytechnic Diploma. IELTS 6.0+.
Management Development Institute of Singapore (MDIS),Bachelor of Science in Hospitality Management,HOS3001 Events Management,"Covers planning, organising, leading, and controlling including strategy, change management, and organisational behaviour.","Strategic planning, team leadership, change management, performance measurement, stakeholder analysis",https://www.mdis.edu.sg/,Undergraduate,3 Credits / 1 Semester,A-Level or Polytechnic Diploma. IELTS 6.0+.
Management Development Institute of Singapore (MDIS),Bachelor of Science in Hospitality Management,HOS4001 Hospitality Capstone,"Covers hospitality operations including front-of-house, F and B, revenue management, and customer service.","Hospitality operations, revenue management, F and B management, customer service standards, quality control",https://www.mdis.edu.sg/,Undergraduate,6 Credits / 1 Semester,A-Level or Polytechnic Diploma. IELTS 6.0+.
Management Development Institute of Singapore (MDIS),Bachelor of Science in Computing,CS1001 Programming Fundamentals,"This module covers programming fundamentals, part of the Bachelor of Science in Computing programme at Management Development Institute of Singapore (MDIS). Students explore core theoretical and applied aspects, building competencies for professional practice.","Core programming fundamentals concepts, theoretical framework application, analytical problem-solving, academic research skills, practical programming fundamentals implementation",https://www.mdis.edu.sg/,Undergraduate,3 Credits / 1 Semester,GCE A-Level or Polytechnic Diploma. IELTS 6.0–6.5+.
Management Development Institute of Singapore (MDIS),Bachelor of Science in Computing,CS2001 Database Systems,"Examines relational database design, SQL querying, normalisation theory, transaction management, and indexing strategies.","SQL query writing, ER diagram design, normalisation, transaction management, index optimisation",https://www.mdis.edu.sg/,Undergraduate,3 Credits / 1 Semester,GCE A-Level or Polytechnic Diploma. IELTS 6.0–6.5+.
Management Development Institute of Singapore (MDIS),Bachelor of Science in Computing,CS2002 Web Development,"Covers full-stack web development including front-end frameworks, RESTful APIs, authentication, and database integration.","HTML/CSS/JavaScript, REST API design, React or Vue.js, backend frameworks, database integration",https://www.mdis.edu.sg/,Undergraduate,3 Credits / 1 Semester,GCE A-Level or Polytechnic Diploma. IELTS 6.0–6.5+.
Management Development Institute of Singapore (MDIS),Bachelor of Science in Computing,CS2003 Cybersecurity,"Covers cryptography, authentication, network security, secure coding, and ethical hacking fundamentals.","Cryptographic protocols, penetration testing, vulnerability scanning, secure coding practices, incident response",https://www.mdis.edu.sg/,Undergraduate,3 Credits / 1 Semester,GCE A-Level or Polytechnic Diploma. IELTS 6.0–6.5+.
Management Development Institute of Singapore (MDIS),Bachelor of Science in Computing,CS3001 AI and Data Science,"This module covers ai and data science, part of the Bachelor of Science in Computing programme at Management Development Institute of Singapore (MDIS). Students explore core theoretical and applied aspects, building competencies for professional practice.","Core ai and data science concepts, theoretical framework application, analytical problem-solving, academic research skills, practical ai and data science implementation",https://www.mdis.edu.sg/,Undergraduate,3 Credits / 1 Semester,GCE A-Level or Polytechnic Diploma. IELTS 6.0–6.5+.
Management Development Institute of Singapore (MDIS),Bachelor of Science in Computing,CS3002 Cloud Computing,"Examines IaaS/PaaS/SaaS models with AWS/Azure/GCP hands-on, containerisation, and serverless computing.","Cloud provisioning, Docker containerisation, Kubernetes orchestration, serverless functions, cost optimisation",https://www.mdis.edu.sg/,Undergraduate,3 Credits / 1 Semester,GCE A-Level or Polytechnic Diploma. IELTS 6.0–6.5+.
Management Development Institute of Singapore (MDIS),Bachelor of Science in Computing,CS4001 Computing Capstone,"This module covers computing capstone, part of the Bachelor of Science in Computing programme at Management Development Institute of Singapore (MDIS). Students explore core theoretical and applied aspects, building competencies for professional practice.","Core computing capstone concepts, theoretical framework application, analytical problem-solving, academic research skills, practical computing capstone implementation",https://www.mdis.edu.sg/,Undergraduate,6 Credits / 1 Semester,GCE A-Level or Polytechnic Diploma. IELTS 6.0–6.5+.
Management Development Institute of Singapore (MDIS),Diploma in Mass Communication,MC1001 Introduction to Mass Communication,"This module covers introduction to mass communication, part of the Diploma in Mass Communication programme at Management Development Institute of Singapore (MDIS). Students explore core theoretical and applied aspects, building competencies for professional practice.","Core introduction to mass communication concepts, theoretical framework application, analytical problem-solving, academic research skills, practical introduction to mass communication implementation",https://www.mdis.edu.sg/,Undergraduate,3 Credits / 1 Semester,GCE A-Level or Polytechnic Diploma. IELTS 6.0–6.5+.
Management Development Institute of Singapore (MDIS),Diploma in Mass Communication,MC1002 Writing for Media,"This module covers writing for media, part of the Diploma in Mass Communication programme at Management Development Institute of Singapore (MDIS). Students explore core theoretical and applied aspects, building competencies for professional practice.","Core writing for media concepts, theoretical framework application, analytical problem-solving, academic research skills, practical writing for media implementation",https://www.mdis.edu.sg/,Undergraduate,3 Credits / 1 Semester,GCE A-Level or Polytechnic Diploma. IELTS 6.0–6.5+.
Management Development Institute of Singapore (MDIS),Diploma in Mass Communication,MC2001 Digital Media Production,"This module covers digital media production, part of the Diploma in Mass Communication programme at Management Development Institute of Singapore (MDIS). Students explore core theoretical and applied aspects, building competencies for professional practice.","Core digital media production concepts, theoretical framework application, analytical problem-solving, academic research skills, practical digital media production implementation",https://www.mdis.edu.sg/,Undergraduate,3 Credits / 1 Semester,GCE A-Level or Polytechnic Diploma. IELTS 6.0–6.5+.
Management Development Institute of Singapore (MDIS),Diploma in Mass Communication,MC2002 Public Relations,"This module covers public relations, part of the Diploma in Mass Communication programme at Management Development Institute of Singapore (MDIS). Students explore core theoretical and applied aspects, building competencies for professional practice.","Core public relations concepts, theoretical framework application, analytical problem-solving, academic research skills, practical public relations implementation",https://www.mdis.edu.sg/,Undergraduate,3 Credits / 1 Semester,GCE A-Level or Polytechnic Diploma. IELTS 6.0–6.5+.
Management Development Institute of Singapore (MDIS),Diploma in Mass Communication,MC2003 Journalism,"This module covers journalism, part of the Diploma in Mass Communication programme at Management Development Institute of Singapore (MDIS). Students explore core theoretical and applied aspects, building competencies for professional practice.","Core journalism concepts, theoretical framework application, analytical problem-solving, academic research skills, practical journalism implementation",https://www.mdis.edu.sg/,Undergraduate,3 Credits / 1 Semester,GCE A-Level or Polytechnic Diploma. IELTS 6.0–6.5+.
Management Development Institute of Singapore (MDIS),Diploma in Mass Communication,MC3001 Media Project,"This module covers media project, part of the Diploma in Mass Communication programme at Management Development Institute of Singapore (MDIS). Students explore core theoretical and applied aspects, building competencies for professional practice.","Core media project concepts, theoretical framework application, analytical problem-solving, academic research skills, practical media project implementation",https://www.mdis.edu.sg/,Undergraduate,4 Credits / 1 Semester,GCE A-Level or Polytechnic Diploma. IELTS 6.0–6.5+.
East Asia Institute of Management Singapore (EASB),Bachelor of Arts in Business Administration,BUS1001 Business Fundamentals,"This module covers business fundamentals, part of the Bachelor of Arts in Business Administration programme at East Asia Institute of Management Singapore (EASB). Students explore core theoretical and applied aspects, building competencies for professional practice.","Core business fundamentals concepts, theoretical framework application, analytical problem-solving, academic research skills, practical business fundamentals implementation",https://www.easb.edu.sg/,Undergraduate,3 Credits / 1 Semester,A-Level or Polytechnic Diploma. IELTS 6.0+.
East Asia Institute of Management Singapore (EASB),Bachelor of Arts in Business Administration,ACC1001 Financial Accounting,"Introduces financial and managerial accounting including double-entry bookkeeping, financial statement preparation, and cost accounting.","Double-entry bookkeeping, balance sheet preparation, income statement analysis, CVP analysis, ratio interpretation",https://www.easb.edu.sg/,Undergraduate,3 Credits / 1 Semester,A-Level or Polytechnic Diploma. IELTS 6.0+.
East Asia Institute of Management Singapore (EASB),Bachelor of Arts in Business Administration,MKT1001 Marketing,"Explores market segmentation, consumer behaviour, product development, pricing strategy, and digital marketing channels.","Market segmentation, consumer analysis, brand positioning, marketing mix optimisation, digital strategy",https://www.easb.edu.sg/,Undergraduate,3 Credits / 1 Semester,A-Level or Polytechnic Diploma. IELTS 6.0+.
East Asia Institute of Management Singapore (EASB),Bachelor of Arts in Business Administration,FIN2001 Business Finance,"This module covers business finance, part of the Bachelor of Arts in Business Administration programme at East Asia Institute of Management Singapore (EASB). Students explore core theoretical and applied aspects, building competencies for professional practice.","Core business finance concepts, theoretical framework application, analytical problem-solving, academic research skills, practical business finance implementation",https://www.easb.edu.sg/,Undergraduate,3 Credits / 1 Semester,A-Level or Polytechnic Diploma. IELTS 6.0+.
East Asia Institute of Management Singapore (EASB),Bachelor of Arts in Business Administration,HRM2001 Human Resources,"Covers recruitment, performance management, training, compensation, and employment law.","Recruitment design, performance appraisal, training needs analysis, compensation benchmarking, HR policy formulation",https://www.easb.edu.sg/,Undergraduate,3 Credits / 1 Semester,A-Level or Polytechnic Diploma. IELTS 6.0+.
East Asia Institute of Management Singapore (EASB),Bachelor of Arts in Business Administration,BUS2001 Strategic Management,"Covers planning, organising, leading, and controlling including strategy, change management, and organisational behaviour.","Strategic planning, team leadership, change management, performance measurement, stakeholder analysis",https://www.easb.edu.sg/,Undergraduate,3 Credits / 1 Semester,A-Level or Polytechnic Diploma. IELTS 6.0+.
East Asia Institute of Management Singapore (EASB),Bachelor of Arts in Business Administration,BUS4001 BBA Thesis,"This module covers bba thesis, part of the Bachelor of Arts in Business Administration programme at East Asia Institute of Management Singapore (EASB). Students explore core theoretical and applied aspects, building competencies for professional practice.","Core bba thesis concepts, theoretical framework application, analytical problem-solving, academic research skills, practical bba thesis implementation",https://www.easb.edu.sg/,Undergraduate,6 Credits / 1 Semester,A-Level or Polytechnic Diploma. IELTS 6.0+.
East Asia Institute of Management Singapore (EASB),Bachelor of Science in Information Systems,IS1001 Systems Analysis,"This module covers systems analysis, part of the Bachelor of Science in Information Systems programme at East Asia Institute of Management Singapore (EASB). Students explore core theoretical and applied aspects, building competencies for professional practice.","Core systems analysis concepts, theoretical framework application, analytical problem-solving, academic research skills, practical systems analysis implementation",https://www.easb.edu.sg/,Undergraduate,3 Credits / 1 Semester,GCE A-Level or Polytechnic Diploma. IELTS 6.0–6.5+.
East Asia Institute of Management Singapore (EASB),Bachelor of Science in Information Systems,IS1002 Database Design,"Examines relational database design, SQL querying, normalisation theory, transaction management, and indexing strategies.","SQL query writing, ER diagram design, normalisation, transaction management, index optimisation",https://www.easb.edu.sg/,Undergraduate,3 Credits / 1 Semester,GCE A-Level or Polytechnic Diploma. IELTS 6.0–6.5+.
East Asia Institute of Management Singapore (EASB),Bachelor of Science in Information Systems,IS2001 Software Engineering,"Covers the full SDLC from requirements through design, implementation, testing, and maintenance, emphasising agile methods.","Requirements documentation, UML modelling, agile sprint planning, integration testing, Git version control",https://www.easb.edu.sg/,Undergraduate,3 Credits / 1 Semester,GCE A-Level or Polytechnic Diploma. IELTS 6.0–6.5+.
East Asia Institute of Management Singapore (EASB),Bachelor of Science in Information Systems,IS2002 IT Security,"This module covers it security, part of the Bachelor of Science in Information Systems programme at East Asia Institute of Management Singapore (EASB). Students explore core theoretical and applied aspects, building competencies for professional practice.","Core it security concepts, theoretical framework application, analytical problem-solving, academic research skills, practical it security implementation",https://www.easb.edu.sg/,Undergraduate,3 Credits / 1 Semester,GCE A-Level or Polytechnic Diploma. IELTS 6.0–6.5+.
East Asia Institute of Management Singapore (EASB),Bachelor of Science in Information Systems,IS2003 Cloud Computing,"Examines IaaS/PaaS/SaaS models with AWS/Azure/GCP hands-on, containerisation, and serverless computing.","Cloud provisioning, Docker containerisation, Kubernetes orchestration, serverless functions, cost optimisation",https://www.easb.edu.sg/,Undergraduate,3 Credits / 1 Semester,GCE A-Level or Polytechnic Diploma. IELTS 6.0–6.5+.
East Asia Institute of Management Singapore (EASB),Bachelor of Science in Information Systems,IS3001 Business Analytics,"This module covers business analytics, part of the Bachelor of Science in Information Systems programme at East Asia Institute of Management Singapore (EASB). Students explore core theoretical and applied aspects, building competencies for professional practice.","Core business analytics concepts, theoretical framework application, analytical problem-solving, academic research skills, practical business analytics implementation",https://www.easb.edu.sg/,Undergraduate,3 Credits / 1 Semester,GCE A-Level or Polytechnic Diploma. IELTS 6.0–6.5+.
East Asia Institute of Management Singapore (EASB),Bachelor of Science in Information Systems,IS4001 IS Capstone,"This module covers is capstone, part of the Bachelor of Science in Information Systems programme at East Asia Institute of Management Singapore (EASB). Students explore core theoretical and applied aspects, building competencies for professional practice.","Core is capstone concepts, theoretical framework application, analytical problem-solving, academic research skills, practical is capstone implementation",https://www.easb.edu.sg/,Undergraduate,6 Credits / 1 Semester,GCE A-Level or Polytechnic Diploma. IELTS 6.0–6.5+.
East Asia Institute of Management Singapore (EASB),Bachelor of Arts in Accounting,ACC1002 Law,"Introduces legal principles, contract formation, tort liability, and legal reasoning through case analysis.","Legal case analysis, contract elements, tort assessment, statutory interpretation, legal research",https://www.easb.edu.sg/,Undergraduate,3 Credits / 1 Semester,A-Level or Polytechnic Business Diploma. IELTS 6.5+.
East Asia Institute of Management Singapore (EASB),Bachelor of Arts in Accounting,ACC2001 Management Accounting,"Introduces financial and managerial accounting including double-entry bookkeeping, financial statement preparation, and cost accounting.","Double-entry bookkeeping, balance sheet preparation, income statement analysis, CVP analysis, ratio interpretation",https://www.easb.edu.sg/,Undergraduate,3 Credits / 1 Semester,A-Level or Polytechnic Business Diploma. IELTS 6.5+.
East Asia Institute of Management Singapore (EASB),Bachelor of Arts in Accounting,ACC2002 Taxation,"This module covers taxation, part of the Bachelor of Arts in Accounting programme at East Asia Institute of Management Singapore (EASB). Students explore core theoretical and applied aspects, building competencies for professional practice.","Core taxation concepts, theoretical framework application, analytical problem-solving, academic research skills, practical taxation implementation",https://www.easb.edu.sg/,Undergraduate,3 Credits / 1 Semester,A-Level or Polytechnic Business Diploma. IELTS 6.5+.
East Asia Institute of Management Singapore (EASB),Bachelor of Arts in Accounting,ACC3001 Auditing,"This module covers auditing, part of the Bachelor of Arts in Accounting programme at East Asia Institute of Management Singapore (EASB). Students explore core theoretical and applied aspects, building competencies for professional practice.","Core auditing concepts, theoretical framework application, analytical problem-solving, academic research skills, practical auditing implementation",https://www.easb.edu.sg/,Undergraduate,3 Credits / 1 Semester,A-Level or Polytechnic Business Diploma. IELTS 6.5+.
East Asia Institute of Management Singapore (EASB),Bachelor of Arts in Accounting,ACC4001 Accounting Thesis,"Introduces financial and managerial accounting including double-entry bookkeeping, financial statement preparation, and cost accounting.","Double-entry bookkeeping, balance sheet preparation, income statement analysis, CVP analysis, ratio interpretation",https://www.easb.edu.sg/,Undergraduate,6 Credits / 1 Semester,A-Level or Polytechnic Business Diploma. IELTS 6.5+.
East Asia Institute of Management Singapore (EASB),Bachelor of Arts in Marketing,MKT1001 Marketing Fundamentals,"Explores market segmentation, consumer behaviour, product development, pricing strategy, and digital marketing channels.","Market segmentation, consumer analysis, brand positioning, marketing mix optimisation, digital strategy",https://www.easb.edu.sg/,Undergraduate,3 Credits / 1 Semester,A-Level or Polytechnic Business Diploma. IELTS 6.0+.
East Asia Institute of Management Singapore (EASB),Bachelor of Arts in Marketing,MKT2001 Digital Marketing,"Covers SEO, SEM, social media, content marketing, analytics, and marketing automation.","SEO/SEM optimisation, social media strategy, content marketing, Google Analytics, marketing automation",https://www.easb.edu.sg/,Undergraduate,3 Credits / 1 Semester,A-Level or Polytechnic Business Diploma. IELTS 6.0+.
East Asia Institute of Management Singapore (EASB),Bachelor of Arts in Marketing,MKT2002 Consumer Behaviour,"This module covers consumer behaviour, part of the Bachelor of Arts in Marketing programme at East Asia Institute of Management Singapore (EASB). Students explore core theoretical and applied aspects, building competencies for professional practice.","Core consumer behaviour concepts, theoretical framework application, analytical problem-solving, academic research skills, practical consumer behaviour implementation",https://www.easb.edu.sg/,Undergraduate,3 Credits / 1 Semester,A-Level or Polytechnic Business Diploma. IELTS 6.0+.
East Asia Institute of Management Singapore (EASB),Bachelor of Arts in Marketing,MKT2003 Brand Management,"Covers planning, organising, leading, and controlling including strategy, change management, and organisational behaviour.","Strategic planning, team leadership, change management, performance measurement, stakeholder analysis",https://www.easb.edu.sg/,Undergraduate,3 Credits / 1 Semester,A-Level or Polytechnic Business Diploma. IELTS 6.0+.
East Asia Institute of Management Singapore (EASB),Bachelor of Arts in Marketing,MKT3001 Marketing Research,"Explores market segmentation, consumer behaviour, product development, pricing strategy, and digital marketing channels.","Market segmentation, consumer analysis, brand positioning, marketing mix optimisation, digital strategy",https://www.easb.edu.sg/,Undergraduate,3 Credits / 1 Semester,A-Level or Polytechnic Business Diploma. IELTS 6.0+.
East Asia Institute of Management Singapore (EASB),Bachelor of Arts in Marketing,MKT4001 Marketing Thesis,"Explores market segmentation, consumer behaviour, product development, pricing strategy, and digital marketing channels.","Market segmentation, consumer analysis, brand positioning, marketing mix optimisation, digital strategy",https://www.easb.edu.sg/,Undergraduate,6 Credits / 1 Semester,A-Level or Polytechnic Business Diploma. IELTS 6.0+.
East Asia Institute of Management Singapore (EASB),Diploma in Business,DIP101 Introduction to Business,"This module covers introduction to business, part of the Diploma in Business programme at East Asia Institute of Management Singapore (EASB). Students explore core theoretical and applied aspects, building competencies for professional practice.","Core introduction to business concepts, theoretical framework application, analytical problem-solving, academic research skills, practical introduction to business implementation",https://www.easb.edu.sg/,Undergraduate,3 Credits / 1 Semester,GCE A-Level or Polytechnic Diploma. IELTS 6.0–6.5+.
East Asia Institute of Management Singapore (EASB),Diploma in Business,DIP102 Marketing,"Explores market segmentation, consumer behaviour, product development, pricing strategy, and digital marketing channels.","Market segmentation, consumer analysis, brand positioning, marketing mix optimisation, digital strategy",https://www.easb.edu.sg/,Undergraduate,3 Credits / 1 Semester,GCE A-Level or Polytechnic Diploma. IELTS 6.0–6.5+.
East Asia Institute of Management Singapore (EASB),Diploma in Business,DIP201 Accounting,"Introduces financial and managerial accounting including double-entry bookkeeping, financial statement preparation, and cost accounting.","Double-entry bookkeeping, balance sheet preparation, income statement analysis, CVP analysis, ratio interpretation",https://www.easb.edu.sg/,Undergraduate,3 Credits / 1 Semester,GCE A-Level or Polytechnic Diploma. IELTS 6.0–6.5+.
East Asia Institute of Management Singapore (EASB),Diploma in Business,DIP202 Management,"Covers planning, organising, leading, and controlling including strategy, change management, and organisational behaviour.","Strategic planning, team leadership, change management, performance measurement, stakeholder analysis",https://www.easb.edu.sg/,Undergraduate,3 Credits / 1 Semester,GCE A-Level or Polytechnic Diploma. IELTS 6.0–6.5+.
East Asia Institute of Management Singapore (EASB),Diploma in Business,DIP203 Business Law,"Introduces legal principles, contract formation, tort liability, and legal reasoning through case analysis.","Legal case analysis, contract elements, tort assessment, statutory interpretation, legal research",https://www.easb.edu.sg/,Undergraduate,3 Credits / 1 Semester,GCE A-Level or Polytechnic Diploma. IELTS 6.0–6.5+.
East Asia Institute of Management Singapore (EASB),Diploma in Business,DIP301 Business Project,"This module covers business project, part of the Diploma in Business programme at East Asia Institute of Management Singapore (EASB). Students explore core theoretical and applied aspects, building competencies for professional practice.","Core business project concepts, theoretical framework application, analytical problem-solving, academic research skills, practical business project implementation",https://www.easb.edu.sg/,Undergraduate,4 Credits / 1 Semester,GCE A-Level or Polytechnic Diploma. IELTS 6.0–6.5+.
S P Jain School of Global Management Singapore (SP Jain),Bachelor of Business Administration,FIN101 Financial Accounting,"Introduces financial and managerial accounting including double-entry bookkeeping, financial statement preparation, and cost accounting.","Double-entry bookkeeping, balance sheet preparation, income statement analysis, CVP analysis, ratio interpretation",https://www.spjain.sg/,Undergraduate,3 Credits / 1 Semester,A-Level or Polytechnic Diploma. IELTS 6.0+.
S P Jain School of Global Management Singapore (SP Jain),Bachelor of Business Administration,MKT101 Marketing Management,"Covers planning, organising, leading, and controlling including strategy, change management, and organisational behaviour.","Strategic planning, team leadership, change management, performance measurement, stakeholder analysis",https://www.spjain.sg/,Undergraduate,3 Credits / 1 Semester,A-Level or Polytechnic Diploma. IELTS 6.0+.
S P Jain School of Global Management Singapore (SP Jain),Bachelor of Business Administration,MGT101 Organisational Behaviour,"This module covers organisational behaviour, part of the Bachelor of Business Administration programme at S P Jain School of Global Management Singapore (SP Jain). Students explore core theoretical and applied aspects, building competencies for professional practice.","Core organisational behaviour concepts, theoretical framework application, analytical problem-solving, academic research skills, practical organisational behaviour implementation",https://www.spjain.sg/,Undergraduate,3 Credits / 1 Semester,A-Level or Polytechnic Diploma. IELTS 6.0+.
S P Jain School of Global Management Singapore (SP Jain),Bachelor of Business Administration,ECO101 Economics,Analyses individual and firm behaviour and national economic systems with policy implications.,"Supply-demand analysis, elasticity calculation, game theory, GDP interpretation, fiscal policy assessment",https://www.spjain.sg/,Undergraduate,3 Credits / 1 Semester,A-Level or Polytechnic Diploma. IELTS 6.0+.
S P Jain School of Global Management Singapore (SP Jain),Bachelor of Business Administration,FIN201 Corporate Finance,"This module covers corporate finance, part of the Bachelor of Business Administration programme at S P Jain School of Global Management Singapore (SP Jain). Students explore core theoretical and applied aspects, building competencies for professional practice.","Core corporate finance concepts, theoretical framework application, analytical problem-solving, academic research skills, practical corporate finance implementation",https://www.spjain.sg/,Undergraduate,3 Credits / 1 Semester,A-Level or Polytechnic Diploma. IELTS 6.0+.
S P Jain School of Global Management Singapore (SP Jain),Bachelor of Business Administration,MKT201 Consumer Behaviour,"This module covers consumer behaviour, part of the Bachelor of Business Administration programme at S P Jain School of Global Management Singapore (SP Jain). Students explore core theoretical and applied aspects, building competencies for professional practice.","Core consumer behaviour concepts, theoretical framework application, analytical problem-solving, academic research skills, practical consumer behaviour implementation",https://www.spjain.sg/,Undergraduate,3 Credits / 1 Semester,A-Level or Polytechnic Diploma. IELTS 6.0+.
S P Jain School of Global Management Singapore (SP Jain),Bachelor of Business Administration,MGT201 Business Strategy,"This module covers business strategy, part of the Bachelor of Business Administration programme at S P Jain School of Global Management Singapore (SP Jain). Students explore core theoretical and applied aspects, building competencies for professional practice.","Core business strategy concepts, theoretical framework application, analytical problem-solving, academic research skills, practical business strategy implementation",https://www.spjain.sg/,Undergraduate,3 Credits / 1 Semester,A-Level or Polytechnic Diploma. IELTS 6.0+.
S P Jain School of Global Management Singapore (SP Jain),Bachelor of Business Administration,MGT202 Operations Management,"Covers planning, organising, leading, and controlling including strategy, change management, and organisational behaviour.","Strategic planning, team leadership, change management, performance measurement, stakeholder analysis",https://www.spjain.sg/,Undergraduate,3 Credits / 1 Semester,A-Level or Polytechnic Diploma. IELTS 6.0+.
S P Jain School of Global Management Singapore (SP Jain),Bachelor of Business Administration,FIN301 Investment and Portfolio Management,"Covers planning, organising, leading, and controlling including strategy, change management, and organisational behaviour.","Strategic planning, team leadership, change management, performance measurement, stakeholder analysis",https://www.spjain.sg/,Undergraduate,3 Credits / 1 Semester,A-Level or Polytechnic Diploma. IELTS 6.0+.
S P Jain School of Global Management Singapore (SP Jain),Bachelor of Business Administration,MGT301 Global Business,"This module covers global business, part of the Bachelor of Business Administration programme at S P Jain School of Global Management Singapore (SP Jain). Students explore core theoretical and applied aspects, building competencies for professional practice.","Core global business concepts, theoretical framework application, analytical problem-solving, academic research skills, practical global business implementation",https://www.spjain.sg/,Undergraduate,3 Credits / 1 Semester,A-Level or Polytechnic Diploma. IELTS 6.0+.
S P Jain School of Global Management Singapore (SP Jain),Bachelor of Business Administration,ENT401 Entrepreneurship,Guides students from opportunity recognition through business model development and lean startup methodology.,"Business model canvas, lean startup, market validation, investor pitch, financial forecasting",https://www.spjain.sg/,Undergraduate,3 Credits / 1 Semester,A-Level or Polytechnic Diploma. IELTS 6.0+.
S P Jain School of Global Management Singapore (SP Jain),Bachelor of Business Administration,CAP401 BBA Capstone,"This module covers bba capstone, part of the Bachelor of Business Administration programme at S P Jain School of Global Management Singapore (SP Jain). Students explore core theoretical and applied aspects, building competencies for professional practice.","Core bba capstone concepts, theoretical framework application, analytical problem-solving, academic research skills, practical bba capstone implementation",https://www.spjain.sg/,Undergraduate,6 Credits / 1 Semester,A-Level or Polytechnic Diploma. IELTS 6.0+.
S P Jain School of Global Management Singapore (SP Jain),Master of Business Administration,MBA501 Business Analytics,"This module covers business analytics, part of the Master of Business Administration programme at S P Jain School of Global Management Singapore (SP Jain). Students explore core theoretical and applied aspects, building competencies for professional practice.","Core business analytics concepts, theoretical framework application, analytical problem-solving, academic research skills, practical business analytics implementation",https://www.spjain.sg/,Undergraduate,3 Credits / 1 Semester,A-Level or Polytechnic Diploma. IELTS 6.0+.
S P Jain School of Global Management Singapore (SP Jain),Master of Business Administration,MBA502 Financial Management,"Covers planning, organising, leading, and controlling including strategy, change management, and organisational behaviour.","Strategic planning, team leadership, change management, performance measurement, stakeholder analysis",https://www.spjain.sg/,Undergraduate,3 Credits / 1 Semester,A-Level or Polytechnic Diploma. IELTS 6.0+.
S P Jain School of Global Management Singapore (SP Jain),Master of Business Administration,MBA503 Marketing Strategy,"Explores market segmentation, consumer behaviour, product development, pricing strategy, and digital marketing channels.","Market segmentation, consumer analysis, brand positioning, marketing mix optimisation, digital strategy",https://www.spjain.sg/,Undergraduate,3 Credits / 1 Semester,A-Level or Polytechnic Diploma. IELTS 6.0+.
S P Jain School of Global Management Singapore (SP Jain),Master of Business Administration,MBA504 Digital Business,"This module covers digital business, part of the Master of Business Administration programme at S P Jain School of Global Management Singapore (SP Jain). Students explore core theoretical and applied aspects, building competencies for professional practice.","Core digital business concepts, theoretical framework application, analytical problem-solving, academic research skills, practical digital business implementation",https://www.spjain.sg/,Undergraduate,3 Credits / 1 Semester,A-Level or Polytechnic Diploma. IELTS 6.0+.
S P Jain School of Global Management Singapore (SP Jain),Master of Business Administration,MBA505 Leadership and Change,"This module covers leadership and change, part of the Master of Business Administration programme at S P Jain School of Global Management Singapore (SP Jain). Students explore core theoretical and applied aspects, building competencies for professional practice.","Core leadership and change concepts, theoretical framework application, analytical problem-solving, academic research skills, practical leadership and change implementation",https://www.spjain.sg/,Undergraduate,3 Credits / 1 Semester,A-Level or Polytechnic Diploma. IELTS 6.0+.
S P Jain School of Global Management Singapore (SP Jain),Master of Business Administration,MBA506 Global Business,"This module covers global business, part of the Master of Business Administration programme at S P Jain School of Global Management Singapore (SP Jain). Students explore core theoretical and applied aspects, building competencies for professional practice.","Core global business concepts, theoretical framework application, analytical problem-solving, academic research skills, practical global business implementation",https://www.spjain.sg/,Undergraduate,3 Credits / 1 Semester,A-Level or Polytechnic Diploma. IELTS 6.0+.
S P Jain School of Global Management Singapore (SP Jain),Master of Business Administration,MBA601 MBA Capstone,"This module covers mba capstone, part of the Master of Business Administration programme at S P Jain School of Global Management Singapore (SP Jain). Students explore core theoretical and applied aspects, building competencies for professional practice.","Core mba capstone concepts, theoretical framework application, analytical problem-solving, academic research skills, practical mba capstone implementation",https://www.spjain.sg/,Undergraduate,6 Credits / 1 Semester,A-Level or Polytechnic Diploma. IELTS 6.0+.
S P Jain School of Global Management Singapore (SP Jain),Global Master of Business Administration,GMBA501 Global Strategy,"This module covers global strategy, part of the Global Master of Business Administration programme at S P Jain School of Global Management Singapore (SP Jain). Students explore core theoretical and applied aspects, building competencies for professional practice.","Core global strategy concepts, theoretical framework application, analytical problem-solving, academic research skills, practical global strategy implementation",https://www.spjain.sg/,Undergraduate,3 Credits / 1 Semester,A-Level or Polytechnic Diploma. IELTS 6.0+.
S P Jain School of Global Management Singapore (SP Jain),Global Master of Business Administration,GMBA502 Corporate Finance,"This module covers corporate finance, part of the Global Master of Business Administration programme at S P Jain School of Global Management Singapore (SP Jain). Students explore core theoretical and applied aspects, building competencies for professional practice.","Core corporate finance concepts, theoretical framework application, analytical problem-solving, academic research skills, practical corporate finance implementation",https://www.spjain.sg/,Undergraduate,3 Credits / 1 Semester,A-Level or Polytechnic Diploma. IELTS 6.0+.
S P Jain School of Global Management Singapore (SP Jain),Global Master of Business Administration,GMBA503 Marketing in Emerging Markets,"Explores market segmentation, consumer behaviour, product development, pricing strategy, and digital marketing channels.","Market segmentation, consumer analysis, brand positioning, marketing mix optimisation, digital strategy",https://www.spjain.sg/,Undergraduate,3 Credits / 1 Semester,A-Level or Polytechnic Diploma. IELTS 6.0+.
S P Jain School of Global Management Singapore (SP Jain),Global Master of Business Administration,GMBA504 Digital Transformation,"This module covers digital transformation, part of the Global Master of Business Administration programme at S P Jain School of Global Management Singapore (SP Jain). Students explore core theoretical and applied aspects, building competencies for professional practice.","Core digital transformation concepts, theoretical framework application, analytical problem-solving, academic research skills, practical digital transformation implementation",https://www.spjain.sg/,Undergraduate,3 Credits / 1 Semester,A-Level or Polytechnic Diploma. IELTS 6.0+.
S P Jain School of Global Management Singapore (SP Jain),Global Master of Business Administration,GMBA505 Sustainable Business,"This module covers sustainable business, part of the Global Master of Business Administration programme at S P Jain School of Global Management Singapore (SP Jain). Students explore core theoretical and applied aspects, building competencies for professional practice.","Core sustainable business concepts, theoretical framework application, analytical problem-solving, academic research skills, practical sustainable business implementation",https://www.spjain.sg/,Undergraduate,3 Credits / 1 Semester,A-Level or Polytechnic Diploma. IELTS 6.0+.
S P Jain School of Global Management Singapore (SP Jain),Global Master of Business Administration,GMBA601 Global MBA Thesis,"This module covers global mba thesis, part of the Global Master of Business Administration programme at S P Jain School of Global Management Singapore (SP Jain). Students explore core theoretical and applied aspects, building competencies for professional practice.","Core global mba thesis concepts, theoretical framework application, analytical problem-solving, academic research skills, practical global mba thesis implementation",https://www.spjain.sg/,Undergraduate,6 Credits / 1 Semester,A-Level or Polytechnic Diploma. IELTS 6.0+.
S P Jain School of Global Management Singapore (SP Jain),Bachelor of Science in Data Science,DS101 Introduction to Data Science,"This module covers introduction to data science, part of the Bachelor of Science in Data Science programme at S P Jain School of Global Management Singapore (SP Jain). Students explore core theoretical and applied aspects, building competencies for professional practice.","Core introduction to data science concepts, theoretical framework application, analytical problem-solving, academic research skills, practical introduction to data science implementation",https://www.spjain.sg/,Undergraduate,3 Credits / 1 Semester,A-Level: H2 Mathematics. Strong analytical background. IELTS 6.0+.
S P Jain School of Global Management Singapore (SP Jain),Bachelor of Science in Data Science,DS102 Statistics,"This module covers statistics, part of the Bachelor of Science in Data Science programme at S P Jain School of Global Management Singapore (SP Jain). Students explore core theoretical and applied aspects, building competencies for professional practice.","Core statistics concepts, theoretical framework application, analytical problem-solving, academic research skills, practical statistics implementation",https://www.spjain.sg/,Undergraduate,3 Credits / 1 Semester,A-Level: H2 Mathematics. Strong analytical background. IELTS 6.0+.
S P Jain School of Global Management Singapore (SP Jain),Bachelor of Science in Data Science,DS201 Machine Learning,"Covers supervised learning, unsupervised learning, model evaluation, regularisation, and neural network fundamentals for predictive modelling.","Supervised model training, cross-validation, feature engineering, clustering algorithms, neural network design",https://www.spjain.sg/,Undergraduate,3 Credits / 1 Semester,A-Level: H2 Mathematics. Strong analytical background. IELTS 6.0+.
S P Jain School of Global Management Singapore (SP Jain),Bachelor of Science in Data Science,DS202 Deep Learning,"Covers CNNs, RNNs, attention mechanisms, and transformers applied to computer vision and NLP tasks using modern frameworks.","CNN design, RNN sequence modelling, transformer fine-tuning, PyTorch/TensorFlow, transfer learning",https://www.spjain.sg/,Undergraduate,3 Credits / 1 Semester,A-Level: H2 Mathematics. Strong analytical background. IELTS 6.0+.
S P Jain School of Global Management Singapore (SP Jain),Bachelor of Science in Data Science,DS203 Business Analytics,"This module covers business analytics, part of the Bachelor of Science in Data Science programme at S P Jain School of Global Management Singapore (SP Jain). Students explore core theoretical and applied aspects, building competencies for professional practice.","Core business analytics concepts, theoretical framework application, analytical problem-solving, academic research skills, practical business analytics implementation",https://www.spjain.sg/,Undergraduate,3 Credits / 1 Semester,A-Level: H2 Mathematics. Strong analytical background. IELTS 6.0+.
S P Jain School of Global Management Singapore (SP Jain),Bachelor of Science in Data Science,DS301 Big Data,"Covers Hadoop, Apache Spark, real-time stream processing, and NoSQL storage for large-scale data pipelines.","Spark DataFrame programming, HDFS management, Kafka streaming, NoSQL querying, ETL pipeline design",https://www.spjain.sg/,Undergraduate,3 Credits / 1 Semester,A-Level: H2 Mathematics. Strong analytical background. IELTS 6.0+.
S P Jain School of Global Management Singapore (SP Jain),Bachelor of Science in Data Science,DS401 Data Science Capstone,"This module covers data science capstone, part of the Bachelor of Science in Data Science programme at S P Jain School of Global Management Singapore (SP Jain). Students explore core theoretical and applied aspects, building competencies for professional practice.","Core data science capstone concepts, theoretical framework application, analytical problem-solving, academic research skills, practical data science capstone implementation",https://www.spjain.sg/,Undergraduate,6 Credits / 1 Semester,A-Level: H2 Mathematics. Strong analytical background. IELTS 6.0+.
S P Jain School of Global Management Singapore (SP Jain),Bachelor of Science in Finance,FIN102 Corporate Finance,"This module covers corporate finance, part of the Bachelor of Science in Finance programme at S P Jain School of Global Management Singapore (SP Jain). Students explore core theoretical and applied aspects, building competencies for professional practice.","Core corporate finance concepts, theoretical framework application, analytical problem-solving, academic research skills, practical corporate finance implementation",https://www.spjain.sg/,Undergraduate,3 Credits / 1 Semester,A-Level: H2 Mathematics. Polytechnic Business Diploma. IELTS 6.0+.
S P Jain School of Global Management Singapore (SP Jain),Bachelor of Science in Finance,FIN201 Investment Analysis,"Examines equities, bonds, derivatives, portfolio construction, and performance evaluation.","Security valuation, portfolio construction, derivative pricing, performance attribution, factor model application",https://www.spjain.sg/,Undergraduate,3 Credits / 1 Semester,A-Level: H2 Mathematics. Polytechnic Business Diploma. IELTS 6.0+.
S P Jain School of Global Management Singapore (SP Jain),Bachelor of Science in Finance,FIN202 Risk Management,"Covers planning, organising, leading, and controlling including strategy, change management, and organisational behaviour.","Strategic planning, team leadership, change management, performance measurement, stakeholder analysis",https://www.spjain.sg/,Undergraduate,3 Credits / 1 Semester,A-Level: H2 Mathematics. Polytechnic Business Diploma. IELTS 6.0+.
S P Jain School of Global Management Singapore (SP Jain),Bachelor of Science in Finance,FIN203 International Finance,"This module covers international finance, part of the Bachelor of Science in Finance programme at S P Jain School of Global Management Singapore (SP Jain). Students explore core theoretical and applied aspects, building competencies for professional practice.","Core international finance concepts, theoretical framework application, analytical problem-solving, academic research skills, practical international finance implementation",https://www.spjain.sg/,Undergraduate,3 Credits / 1 Semester,A-Level: H2 Mathematics. Polytechnic Business Diploma. IELTS 6.0+.
S P Jain School of Global Management Singapore (SP Jain),Bachelor of Science in Finance,FIN301 FinTech,"This module covers fintech, part of the Bachelor of Science in Finance programme at S P Jain School of Global Management Singapore (SP Jain). Students explore core theoretical and applied aspects, building competencies for professional practice.","Core fintech concepts, theoretical framework application, analytical problem-solving, academic research skills, practical fintech implementation",https://www.spjain.sg/,Undergraduate,3 Credits / 1 Semester,A-Level: H2 Mathematics. Polytechnic Business Diploma. IELTS 6.0+.
S P Jain School of Global Management Singapore (SP Jain),Bachelor of Science in Finance,FIN401 Finance Capstone,"This module covers finance capstone, part of the Bachelor of Science in Finance programme at S P Jain School of Global Management Singapore (SP Jain). Students explore core theoretical and applied aspects, building competencies for professional practice.","Core finance capstone concepts, theoretical framework application, analytical problem-solving, academic research skills, practical finance capstone implementation",https://www.spjain.sg/,Undergraduate,6 Credits / 1 Semester,A-Level: H2 Mathematics. Polytechnic Business Diploma. IELTS 6.0+.
