university,program,module,description,skills,url,level,duration,entry_requirements
Vietnam National University – University of Engineering and Technology (VNU-UET),Computer Science,INT1001 Introduction to Computer Science,"This module covers introduction to computer science, part of the Computer Science programme at Vietnam National University – University of Engineering and Technology (VNU-UET). Students explore core theoretical and applied aspects, building competencies for professional practice.","Core introduction to computer science concepts, theoretical framework application, analytical problem-solving, academic research skills, practical introduction to computer science implementation",https://uet.vnu.edu.vn/en/,Undergraduate,3 Credits / 1 Semester,Khoi A00/A01. DGNL >= 750. IELTS 5.5+ for English-medium.
Vietnam National University – University of Engineering and Technology (VNU-UET),Computer Science,INT1002 Discrete Mathematics,"Introduces logic, set theory, combinatorics, graph theory, and proof techniques essential for computer science.","Formal proof writing, graph theory application, combinatorial counting, Boolean logic, mathematical induction",https://uet.vnu.edu.vn/en/,Undergraduate,3 Credits / 1 Semester,Khoi A00/A01. DGNL >= 750. IELTS 5.5+ for English-medium.
Vietnam National University – University of Engineering and Technology (VNU-UET),Computer Science,INT1003 Introduction to Programming,"This module covers introduction to programming, part of the Computer Science programme at Vietnam National University – University of Engineering and Technology (VNU-UET). Students explore core theoretical and applied aspects, building competencies for professional practice.","Core introduction to programming concepts, theoretical framework application, analytical problem-solving, academic research skills, practical introduction to programming implementation",https://uet.vnu.edu.vn/en/,Undergraduate,4 Credits / 1 Semester,Khoi A00/A01. DGNL >= 750. IELTS 5.5+ for English-medium.
Vietnam National University – University of Engineering and Technology (VNU-UET),Computer Science,MAT1001 Calculus 1,"Covers differential and integral calculus, series, and multivariable calculus for engineering and science applications.","Differentiation, integration, limit evaluation, partial derivatives, optimisation techniques",https://uet.vnu.edu.vn/en/,Undergraduate,4 Credits / 1 Semester,Khoi A00/A01. DGNL >= 750. IELTS 5.5+ for English-medium.
Vietnam National University – University of Engineering and Technology (VNU-UET),Computer Science,MAT1002 Linear Algebra,"Covers vector spaces, matrix operations, eigenvalues, and SVD foundational for machine learning and optimisation.","Matrix factorisation, eigenvalue computation, vector space analysis, linear transformation, gradient optimisation",https://uet.vnu.edu.vn/en/,Undergraduate,3 Credits / 1 Semester,Khoi A00/A01. DGNL >= 750. IELTS 5.5+ for English-medium.
Vietnam National University – University of Engineering and Technology (VNU-UET),Computer Science,INT2201 Data Structures and Algorithms,"Covers fundamental data organisation techniques including arrays, linked lists, stacks, queues, trees, heaps, and hash tables. Students analyse time and space complexity and apply structures to solve real computational problems.","Array manipulation, linked list operations, binary tree traversal, hash table design, stack and queue implementation",https://uet.vnu.edu.vn/en/,Undergraduate,4 Credits / 1 Semester,Khoi A00/A01. DGNL >= 750. IELTS 5.5+ for English-medium.
Vietnam National University – University of Engineering and Technology (VNU-UET),Computer Science,INT2202 Object-Oriented Programming,"This module covers object-oriented programming, part of the Computer Science programme at Vietnam National University – University of Engineering and Technology (VNU-UET). Students explore core theoretical and applied aspects, building competencies for professional practice.","Core object-oriented programming concepts, theoretical framework application, analytical problem-solving, academic research skills, practical object-oriented programming implementation",https://uet.vnu.edu.vn/en/,Undergraduate,3 Credits / 1 Semester,Khoi A00/A01. DGNL >= 750. IELTS 5.5+ for English-medium.
Vietnam National University – University of Engineering and Technology (VNU-UET),Computer Science,INT2203 Computer Architecture,"This module covers computer architecture, part of the Computer Science programme at Vietnam National University – University of Engineering and Technology (VNU-UET). Students explore core theoretical and applied aspects, building competencies for professional practice.","Core computer architecture concepts, theoretical framework application, analytical problem-solving, academic research skills, practical computer architecture implementation",https://uet.vnu.edu.vn/en/,Undergraduate,3 Credits / 1 Semester,Khoi A00/A01. DGNL >= 750. IELTS 5.5+ for English-medium.
Vietnam National University – University of Engineering and Technology (VNU-UET),Computer Science,INT2204 Database Systems,"Examines relational database design, SQL querying, normalisation theory, transaction management, and indexing strategies.","SQL query writing, ER diagram design, normalisation, transaction management, index optimisation",https://uet.vnu.edu.vn/en/,Undergraduate,3 Credits / 1 Semester,Khoi A00/A01. DGNL >= 750. IELTS 5.5+ for English-medium.
Vietnam National University – University of Engineering and Technology (VNU-UET),Computer Science,INT2205 Operating Systems,"Analyses process scheduling, memory management, file systems, and I/O handling with practical implementation labs.","Process scheduling, memory allocation, file system design, deadlock detection, system call programming",https://uet.vnu.edu.vn/en/,Undergraduate,3 Credits / 1 Semester,Khoi A00/A01. DGNL >= 750. IELTS 5.5+ for English-medium.
Vietnam National University – University of Engineering and Technology (VNU-UET),Computer Science,MAT2001 Probability and Statistics,"Covers random variables, distributions, Bayes theorem, expectation, and limit theorems with engineering applications.","Probability modelling, Bayesian inference, Monte Carlo simulation, hypothesis testing, stochastic analysis",https://uet.vnu.edu.vn/en/,Undergraduate,3 Credits / 1 Semester,Khoi A00/A01. DGNL >= 750. IELTS 5.5+ for English-medium.
Vietnam National University – University of Engineering and Technology (VNU-UET),Computer Science,INT3101 Computer Networks,"Studies OSI and TCP/IP network architectures, routing, switching, HTTP, DNS, and network security protocols.","TCP/IP configuration, routing protocol analysis, socket programming, network security evaluation, Wireshark analysis",https://uet.vnu.edu.vn/en/,Undergraduate,3 Credits / 1 Semester,Khoi A00/A01. DGNL >= 750. IELTS 5.5+ for English-medium.
Vietnam National University – University of Engineering and Technology (VNU-UET),Computer Science,INT3102 Software Engineering,"Covers the full SDLC from requirements through design, implementation, testing, and maintenance, emphasising agile methods.","Requirements documentation, UML modelling, agile sprint planning, integration testing, Git version control",https://uet.vnu.edu.vn/en/,Undergraduate,3 Credits / 1 Semester,Khoi A00/A01. DGNL >= 750. IELTS 5.5+ for English-medium.
Vietnam National University – University of Engineering and Technology (VNU-UET),Computer Science,INT3103 Machine Learning,"Covers supervised learning, unsupervised learning, model evaluation, regularisation, and neural network fundamentals for predictive modelling.","Supervised model training, cross-validation, feature engineering, clustering algorithms, neural network design",https://uet.vnu.edu.vn/en/,Undergraduate,3 Credits / 1 Semester,Khoi A00/A01. DGNL >= 750. IELTS 5.5+ for English-medium.
Vietnam National University – University of Engineering and Technology (VNU-UET),Computer Science,INT3104 Artificial Intelligence,"Explores search algorithms, knowledge representation, planning, and reasoning under uncertainty.","Heuristic search, Bayesian reasoning, propositional logic, constraint satisfaction, decision tree construction",https://uet.vnu.edu.vn/en/,Undergraduate,3 Credits / 1 Semester,Khoi A00/A01. DGNL >= 750. IELTS 5.5+ for English-medium.
Vietnam National University – University of Engineering and Technology (VNU-UET),Computer Science,INT3105 Compiler Design,"This module covers compiler design, part of the Computer Science programme at Vietnam National University – University of Engineering and Technology (VNU-UET). Students explore core theoretical and applied aspects, building competencies for professional practice.","Core compiler design concepts, theoretical framework application, analytical problem-solving, academic research skills, practical compiler design implementation",https://uet.vnu.edu.vn/en/,Undergraduate,3 Credits / 1 Semester,Khoi A00/A01. DGNL >= 750. IELTS 5.5+ for English-medium.
Vietnam National University – University of Engineering and Technology (VNU-UET),Computer Science,INT3106 Information Security,"Studies access control, authentication, cryptography, network defence, and security policy for enterprise environments.","Access control design, public key cryptography, firewall configuration, security policy writing, risk assessment",https://uet.vnu.edu.vn/en/,Undergraduate,3 Credits / 1 Semester,Khoi A00/A01. DGNL >= 750. IELTS 5.5+ for English-medium.
Vietnam National University – University of Engineering and Technology (VNU-UET),Computer Science,INT4201 Distributed Systems,"This module covers distributed systems, part of the Computer Science programme at Vietnam National University – University of Engineering and Technology (VNU-UET). Students explore core theoretical and applied aspects, building competencies for professional practice.","Core distributed systems concepts, theoretical framework application, analytical problem-solving, academic research skills, practical distributed systems implementation",https://uet.vnu.edu.vn/en/,Undergraduate,3 Credits / 1 Semester,Khoi A00/A01. DGNL >= 750. IELTS 5.5+ for English-medium.
Vietnam National University – University of Engineering and Technology (VNU-UET),Computer Science,INT4202 Deep Learning,"Covers CNNs, RNNs, attention mechanisms, and transformers applied to computer vision and NLP tasks using modern frameworks.","CNN design, RNN sequence modelling, transformer fine-tuning, PyTorch/TensorFlow, transfer learning",https://uet.vnu.edu.vn/en/,Undergraduate,3 Credits / 1 Semester,Khoi A00/A01. DGNL >= 750. IELTS 5.5+ for English-medium.
Vietnam National University – University of Engineering and Technology (VNU-UET),Computer Science,INT4203 Natural Language Processing,"Covers tokenisation, language models, sentiment analysis, NER, and transformer-based models such as BERT.","Text preprocessing, language model evaluation, sentiment classification, NER extraction, BERT fine-tuning",https://uet.vnu.edu.vn/en/,Undergraduate,3 Credits / 1 Semester,Khoi A00/A01. DGNL >= 750. IELTS 5.5+ for English-medium.
Vietnam National University – University of Engineering and Technology (VNU-UET),Computer Science,INT4204 Cloud Computing,"Examines IaaS/PaaS/SaaS models with AWS/Azure/GCP hands-on, containerisation, and serverless computing.","Cloud provisioning, Docker containerisation, Kubernetes orchestration, serverless functions, cost optimisation",https://uet.vnu.edu.vn/en/,Undergraduate,3 Credits / 1 Semester,Khoi A00/A01. DGNL >= 750. IELTS 5.5+ for English-medium.
Vietnam National University – University of Engineering and Technology (VNU-UET),Computer Science,INT4900 Graduation Thesis,"This module covers graduation thesis, part of the Computer Science programme at Vietnam National University – University of Engineering and Technology (VNU-UET). Students explore core theoretical and applied aspects, building competencies for professional practice.","Core graduation thesis concepts, theoretical framework application, analytical problem-solving, academic research skills, practical graduation thesis implementation",https://uet.vnu.edu.vn/en/,Undergraduate,9 Credits / 1 Semester,Khoi A00/A01. DGNL >= 750. IELTS 5.5+ for English-medium.
Vietnam National University – University of Engineering and Technology (VNU-UET),Information Technology,INT1010 Programming Fundamentals,"This module covers programming fundamentals, part of the Information Technology programme at Vietnam National University – University of Engineering and Technology (VNU-UET). Students explore core theoretical and applied aspects, building competencies for professional practice.","Core programming fundamentals concepts, theoretical framework application, analytical problem-solving, academic research skills, practical programming fundamentals implementation",https://uet.vnu.edu.vn/en/,Undergraduate,3 Credits / 1 Semester,Khoi A00/A01. IELTS 5.5+.
Vietnam National University – University of Engineering and Technology (VNU-UET),Information Technology,INT1011 Digital Logic Design,"This module covers digital logic design, part of the Information Technology programme at Vietnam National University – University of Engineering and Technology (VNU-UET). Students explore core theoretical and applied aspects, building competencies for professional practice.","Core digital logic design concepts, theoretical framework application, analytical problem-solving, academic research skills, practical digital logic design implementation",https://uet.vnu.edu.vn/en/,Undergraduate,3 Credits / 1 Semester,Khoi A00/A01. IELTS 5.5+.
Vietnam National University – University of Engineering and Technology (VNU-UET),Information Technology,MAT1011 Calculus for IT,"Covers differential and integral calculus, series, and multivariable calculus for engineering and science applications.","Differentiation, integration, limit evaluation, partial derivatives, optimisation techniques",https://uet.vnu.edu.vn/en/,Undergraduate,3 Credits / 1 Semester,Khoi A00/A01. IELTS 5.5+.
Vietnam National University – University of Engineering and Technology (VNU-UET),Information Technology,INT2210 Object-Oriented Design,"This module covers object-oriented design, part of the Information Technology programme at Vietnam National University – University of Engineering and Technology (VNU-UET). Students explore core theoretical and applied aspects, building competencies for professional practice.","Core object-oriented design concepts, theoretical framework application, analytical problem-solving, academic research skills, practical object-oriented design implementation",https://uet.vnu.edu.vn/en/,Undergraduate,3 Credits / 1 Semester,Khoi A00/A01. IELTS 5.5+.
Vietnam National University – University of Engineering and Technology (VNU-UET),Information Technology,INT2211 Database Management Systems,"Covers planning, organising, leading, and controlling including strategy, change management, and organisational behaviour.","Strategic planning, team leadership, change management, performance measurement, stakeholder analysis",https://uet.vnu.edu.vn/en/,Undergraduate,3 Credits / 1 Semester,Khoi A00/A01. IELTS 5.5+.
Vietnam National University – University of Engineering and Technology (VNU-UET),Information Technology,INT2212 Computer Networks Fundamentals,"Studies OSI and TCP/IP network architectures, routing, switching, HTTP, DNS, and network security protocols.","TCP/IP configuration, routing protocol analysis, socket programming, network security evaluation, Wireshark analysis",https://uet.vnu.edu.vn/en/,Undergraduate,3 Credits / 1 Semester,Khoi A00/A01. IELTS 5.5+.
Vietnam National University – University of Engineering and Technology (VNU-UET),Information Technology,INT2213 Web Application Development,"Covers full-stack web development including front-end frameworks, RESTful APIs, authentication, and database integration.","HTML/CSS/JavaScript, REST API design, React or Vue.js, backend frameworks, database integration",https://uet.vnu.edu.vn/en/,Undergraduate,3 Credits / 1 Semester,Khoi A00/A01. IELTS 5.5+.
Vietnam National University – University of Engineering and Technology (VNU-UET),Information Technology,INT3210 Mobile Application Development,"Covers Android and iOS app development including UI design, data persistence, API consumption, and app store deployment.","Android/iOS UI design, REST API consumption, local storage, push notifications, app publishing",https://uet.vnu.edu.vn/en/,Undergraduate,3 Credits / 1 Semester,Khoi A00/A01. IELTS 5.5+.
Vietnam National University – University of Engineering and Technology (VNU-UET),Information Technology,INT3211 Information Systems,"This module covers information systems, part of the Information Technology programme at Vietnam National University – University of Engineering and Technology (VNU-UET). Students explore core theoretical and applied aspects, building competencies for professional practice.","Core information systems concepts, theoretical framework application, analytical problem-solving, academic research skills, practical information systems implementation",https://uet.vnu.edu.vn/en/,Undergraduate,3 Credits / 1 Semester,Khoi A00/A01. IELTS 5.5+.
Vietnam National University – University of Engineering and Technology (VNU-UET),Information Technology,INT3212 Network Security,"This module covers network security, part of the Information Technology programme at Vietnam National University – University of Engineering and Technology (VNU-UET). Students explore core theoretical and applied aspects, building competencies for professional practice.","Core network security concepts, theoretical framework application, analytical problem-solving, academic research skills, practical network security implementation",https://uet.vnu.edu.vn/en/,Undergraduate,3 Credits / 1 Semester,Khoi A00/A01. IELTS 5.5+.
Vietnam National University – University of Engineering and Technology (VNU-UET),Information Technology,INT3213 Software Testing,"This module covers software testing, part of the Information Technology programme at Vietnam National University – University of Engineering and Technology (VNU-UET). Students explore core theoretical and applied aspects, building competencies for professional practice.","Core software testing concepts, theoretical framework application, analytical problem-solving, academic research skills, practical software testing implementation",https://uet.vnu.edu.vn/en/,Undergraduate,3 Credits / 1 Semester,Khoi A00/A01. IELTS 5.5+.
Vietnam National University – University of Engineering and Technology (VNU-UET),Information Technology,INT4210 Cloud Services and DevOps,"This module covers cloud services and devops, part of the Information Technology programme at Vietnam National University – University of Engineering and Technology (VNU-UET). Students explore core theoretical and applied aspects, building competencies for professional practice.","Core cloud services and devops concepts, theoretical framework application, analytical problem-solving, academic research skills, practical cloud services and devops implementation",https://uet.vnu.edu.vn/en/,Undergraduate,3 Credits / 1 Semester,Khoi A00/A01. IELTS 5.5+.
Vietnam National University – University of Engineering and Technology (VNU-UET),Information Technology,INT4211 IT Project Management,"Covers project planning, execution, monitoring, and closure using agile and waterfall methodologies.","Gantt scheduling, risk management, agile sprint planning, stakeholder communication, cost variance analysis",https://uet.vnu.edu.vn/en/,Undergraduate,3 Credits / 1 Semester,Khoi A00/A01. IELTS 5.5+.
Vietnam National University – University of Engineering and Technology (VNU-UET),Information Technology,INT4212 Big Data Analytics,"Covers Hadoop, Apache Spark, real-time stream processing, and NoSQL storage for large-scale data pipelines.","Spark DataFrame programming, HDFS management, Kafka streaming, NoSQL querying, ETL pipeline design",https://uet.vnu.edu.vn/en/,Undergraduate,3 Credits / 1 Semester,Khoi A00/A01. IELTS 5.5+.
Vietnam National University – University of Engineering and Technology (VNU-UET),Information Technology,INT4910 Capstone IT Project,"This module covers capstone it project, part of the Information Technology programme at Vietnam National University – University of Engineering and Technology (VNU-UET). Students explore core theoretical and applied aspects, building competencies for professional practice.","Core capstone it project concepts, theoretical framework application, analytical problem-solving, academic research skills, practical capstone it project implementation",https://uet.vnu.edu.vn/en/,Undergraduate,9 Credits / 1 Semester,Khoi A00/A01. IELTS 5.5+.
Vietnam National University – University of Engineering and Technology (VNU-UET),Data Science,INT1020 Introduction to Data Science,"This module covers introduction to data science, part of the Data Science programme at Vietnam National University – University of Engineering and Technology (VNU-UET). Students explore core theoretical and applied aspects, building competencies for professional practice.","Core introduction to data science concepts, theoretical framework application, analytical problem-solving, academic research skills, practical introduction to data science implementation",https://uet.vnu.edu.vn/en/,Undergraduate,3 Credits / 1 Semester,Khoi A00/A01/D07. Strong Mathematics. IELTS 5.5+.
Vietnam National University – University of Engineering and Technology (VNU-UET),Data Science,MAT1021 Calculus and Linear Algebra,"Covers vector spaces, matrix operations, eigenvalues, and SVD foundational for machine learning and optimisation.","Matrix factorisation, eigenvalue computation, vector space analysis, linear transformation, gradient optimisation",https://uet.vnu.edu.vn/en/,Undergraduate,4 Credits / 1 Semester,Khoi A00/A01/D07. Strong Mathematics. IELTS 5.5+.
Vietnam National University – University of Engineering and Technology (VNU-UET),Data Science,MAT1022 Probability and Statistics,"Covers random variables, distributions, Bayes theorem, expectation, and limit theorems with engineering applications.","Probability modelling, Bayesian inference, Monte Carlo simulation, hypothesis testing, stochastic analysis",https://uet.vnu.edu.vn/en/,Undergraduate,3 Credits / 1 Semester,Khoi A00/A01/D07. Strong Mathematics. IELTS 5.5+.
Vietnam National University – University of Engineering and Technology (VNU-UET),Data Science,INT2220 Python for Data Science,"This module covers python for data science, part of the Data Science programme at Vietnam National University – University of Engineering and Technology (VNU-UET). Students explore core theoretical and applied aspects, building competencies for professional practice.","Core python for data science concepts, theoretical framework application, analytical problem-solving, academic research skills, practical python for data science implementation",https://uet.vnu.edu.vn/en/,Undergraduate,3 Credits / 1 Semester,Khoi A00/A01/D07. Strong Mathematics. IELTS 5.5+.
Vietnam National University – University of Engineering and Technology (VNU-UET),Data Science,INT2221 Data Wrangling and Visualisation,"This module covers data wrangling and visualisation, part of the Data Science programme at Vietnam National University – University of Engineering and Technology (VNU-UET). Students explore core theoretical and applied aspects, building competencies for professional practice.","Core data wrangling and visualisation concepts, theoretical framework application, analytical problem-solving, academic research skills, practical data wrangling and visualisation implementation",https://uet.vnu.edu.vn/en/,Undergraduate,3 Credits / 1 Semester,Khoi A00/A01/D07. Strong Mathematics. IELTS 5.5+.
Vietnam National University – University of Engineering and Technology (VNU-UET),Data Science,INT2222 Statistical Learning,"This module covers statistical learning, part of the Data Science programme at Vietnam National University – University of Engineering and Technology (VNU-UET). Students explore core theoretical and applied aspects, building competencies for professional practice.","Core statistical learning concepts, theoretical framework application, analytical problem-solving, academic research skills, practical statistical learning implementation",https://uet.vnu.edu.vn/en/,Undergraduate,3 Credits / 1 Semester,Khoi A00/A01/D07. Strong Mathematics. IELTS 5.5+.
Vietnam National University – University of Engineering and Technology (VNU-UET),Data Science,INT2223 Database Systems for Analytics,"Examines relational database design, SQL querying, normalisation theory, transaction management, and indexing strategies.","SQL query writing, ER diagram design, normalisation, transaction management, index optimisation",https://uet.vnu.edu.vn/en/,Undergraduate,3 Credits / 1 Semester,Khoi A00/A01/D07. Strong Mathematics. IELTS 5.5+.
Vietnam National University – University of Engineering and Technology (VNU-UET),Data Science,INT3220 Machine Learning,"Covers supervised learning, unsupervised learning, model evaluation, regularisation, and neural network fundamentals for predictive modelling.","Supervised model training, cross-validation, feature engineering, clustering algorithms, neural network design",https://uet.vnu.edu.vn/en/,Undergraduate,3 Credits / 1 Semester,Khoi A00/A01/D07. Strong Mathematics. IELTS 5.5+.
Vietnam National University – University of Engineering and Technology (VNU-UET),Data Science,INT3221 Deep Learning,"Covers CNNs, RNNs, attention mechanisms, and transformers applied to computer vision and NLP tasks using modern frameworks.","CNN design, RNN sequence modelling, transformer fine-tuning, PyTorch/TensorFlow, transfer learning",https://uet.vnu.edu.vn/en/,Undergraduate,3 Credits / 1 Semester,Khoi A00/A01/D07. Strong Mathematics. IELTS 5.5+.
Vietnam National University – University of Engineering and Technology (VNU-UET),Data Science,INT3222 Big Data Technologies,"Covers Hadoop, Apache Spark, real-time stream processing, and NoSQL storage for large-scale data pipelines.","Spark DataFrame programming, HDFS management, Kafka streaming, NoSQL querying, ETL pipeline design",https://uet.vnu.edu.vn/en/,Undergraduate,3 Credits / 1 Semester,Khoi A00/A01/D07. Strong Mathematics. IELTS 5.5+.
Vietnam National University – University of Engineering and Technology (VNU-UET),Data Science,INT3223 Natural Language Processing,"Covers tokenisation, language models, sentiment analysis, NER, and transformer-based models such as BERT.","Text preprocessing, language model evaluation, sentiment classification, NER extraction, BERT fine-tuning",https://uet.vnu.edu.vn/en/,Undergraduate,3 Credits / 1 Semester,Khoi A00/A01/D07. Strong Mathematics. IELTS 5.5+.
Vietnam National University – University of Engineering and Technology (VNU-UET),Data Science,INT4220 Computer Vision,"Covers image processing, feature extraction, object detection, and segmentation using classical and deep learning methods.","Image preprocessing, CNN classification, YOLO object detection, semantic segmentation, feature extraction",https://uet.vnu.edu.vn/en/,Undergraduate,3 Credits / 1 Semester,Khoi A00/A01/D07. Strong Mathematics. IELTS 5.5+.
Vietnam National University – University of Engineering and Technology (VNU-UET),Data Science,INT4221 Recommender Systems,"This module covers recommender systems, part of the Data Science programme at Vietnam National University – University of Engineering and Technology (VNU-UET). Students explore core theoretical and applied aspects, building competencies for professional practice.","Core recommender systems concepts, theoretical framework application, analytical problem-solving, academic research skills, practical recommender systems implementation",https://uet.vnu.edu.vn/en/,Undergraduate,3 Credits / 1 Semester,Khoi A00/A01/D07. Strong Mathematics. IELTS 5.5+.
Vietnam National University – University of Engineering and Technology (VNU-UET),Data Science,INT4222 MLOps and Model Deployment,"This module covers mlops and model deployment, part of the Data Science programme at Vietnam National University – University of Engineering and Technology (VNU-UET). Students explore core theoretical and applied aspects, building competencies for professional practice.","Core mlops and model deployment concepts, theoretical framework application, analytical problem-solving, academic research skills, practical mlops and model deployment implementation",https://uet.vnu.edu.vn/en/,Undergraduate,3 Credits / 1 Semester,Khoi A00/A01/D07. Strong Mathematics. IELTS 5.5+.
Vietnam National University – University of Engineering and Technology (VNU-UET),Data Science,INT4920 Data Science Capstone,"This module covers data science capstone, part of the Data Science programme at Vietnam National University – University of Engineering and Technology (VNU-UET). Students explore core theoretical and applied aspects, building competencies for professional practice.","Core data science capstone concepts, theoretical framework application, analytical problem-solving, academic research skills, practical data science capstone implementation",https://uet.vnu.edu.vn/en/,Undergraduate,9 Credits / 1 Semester,Khoi A00/A01/D07. Strong Mathematics. IELTS 5.5+.
Vietnam National University – University of Engineering and Technology (VNU-UET),Information Security,INT1030 Introduction to Cybersecurity,"Covers cryptography, authentication, network security, secure coding, and ethical hacking fundamentals.","Cryptographic protocols, penetration testing, vulnerability scanning, secure coding practices, incident response",https://uet.vnu.edu.vn/en/,Undergraduate,3 Credits / 1 Semester,Khoi A00/A01. IELTS 5.5+.
Vietnam National University – University of Engineering and Technology (VNU-UET),Information Security,INT1031 Foundations of Cryptography,"This module covers foundations of cryptography, part of the Information Security programme at Vietnam National University – University of Engineering and Technology (VNU-UET). Students explore core theoretical and applied aspects, building competencies for professional practice.","Core foundations of cryptography concepts, theoretical framework application, analytical problem-solving, academic research skills, practical foundations of cryptography implementation",https://uet.vnu.edu.vn/en/,Undergraduate,3 Credits / 1 Semester,Khoi A00/A01. IELTS 5.5+.
Vietnam National University – University of Engineering and Technology (VNU-UET),Information Security,MAT1031 Discrete Mathematics for Security,"Introduces logic, set theory, combinatorics, graph theory, and proof techniques essential for computer science.","Formal proof writing, graph theory application, combinatorial counting, Boolean logic, mathematical induction",https://uet.vnu.edu.vn/en/,Undergraduate,3 Credits / 1 Semester,Khoi A00/A01. IELTS 5.5+.
Vietnam National University – University of Engineering and Technology (VNU-UET),Information Security,INT2230 Computer Networks Security,"Studies OSI and TCP/IP network architectures, routing, switching, HTTP, DNS, and network security protocols.","TCP/IP configuration, routing protocol analysis, socket programming, network security evaluation, Wireshark analysis",https://uet.vnu.edu.vn/en/,Undergraduate,3 Credits / 1 Semester,Khoi A00/A01. IELTS 5.5+.
Vietnam National University – University of Engineering and Technology (VNU-UET),Information Security,INT2231 Operating System Security,"Analyses process scheduling, memory management, file systems, and I/O handling with practical implementation labs.","Process scheduling, memory allocation, file system design, deadlock detection, system call programming",https://uet.vnu.edu.vn/en/,Undergraduate,3 Credits / 1 Semester,Khoi A00/A01. IELTS 5.5+.
Vietnam National University – University of Engineering and Technology (VNU-UET),Information Security,INT2232 Applied Cryptography,"This module covers applied cryptography, part of the Information Security programme at Vietnam National University – University of Engineering and Technology (VNU-UET). Students explore core theoretical and applied aspects, building competencies for professional practice.","Core applied cryptography concepts, theoretical framework application, analytical problem-solving, academic research skills, practical applied cryptography implementation",https://uet.vnu.edu.vn/en/,Undergraduate,3 Credits / 1 Semester,Khoi A00/A01. IELTS 5.5+.
Vietnam National University – University of Engineering and Technology (VNU-UET),Information Security,INT2233 Secure Programming,"This module covers secure programming, part of the Information Security programme at Vietnam National University – University of Engineering and Technology (VNU-UET). Students explore core theoretical and applied aspects, building competencies for professional practice.","Core secure programming concepts, theoretical framework application, analytical problem-solving, academic research skills, practical secure programming implementation",https://uet.vnu.edu.vn/en/,Undergraduate,3 Credits / 1 Semester,Khoi A00/A01. IELTS 5.5+.
Vietnam National University – University of Engineering and Technology (VNU-UET),Information Security,INT3230 Penetration Testing,"This module covers penetration testing, part of the Information Security programme at Vietnam National University – University of Engineering and Technology (VNU-UET). Students explore core theoretical and applied aspects, building competencies for professional practice.","Core penetration testing concepts, theoretical framework application, analytical problem-solving, academic research skills, practical penetration testing implementation",https://uet.vnu.edu.vn/en/,Undergraduate,3 Credits / 1 Semester,Khoi A00/A01. IELTS 5.5+.
Vietnam National University – University of Engineering and Technology (VNU-UET),Information Security,INT3231 Malware Analysis,"This module covers malware analysis, part of the Information Security programme at Vietnam National University – University of Engineering and Technology (VNU-UET). Students explore core theoretical and applied aspects, building competencies for professional practice.","Core malware analysis concepts, theoretical framework application, analytical problem-solving, academic research skills, practical malware analysis implementation",https://uet.vnu.edu.vn/en/,Undergraduate,3 Credits / 1 Semester,Khoi A00/A01. IELTS 5.5+.
Vietnam National University – University of Engineering and Technology (VNU-UET),Information Security,INT3232 Web Security,"Covers full-stack web development including front-end frameworks, RESTful APIs, authentication, and database integration.","HTML/CSS/JavaScript, REST API design, React or Vue.js, backend frameworks, database integration",https://uet.vnu.edu.vn/en/,Undergraduate,3 Credits / 1 Semester,Khoi A00/A01. IELTS 5.5+.
Vietnam National University – University of Engineering and Technology (VNU-UET),Information Security,INT3233 Digital Forensics,"This module covers digital forensics, part of the Information Security programme at Vietnam National University – University of Engineering and Technology (VNU-UET). Students explore core theoretical and applied aspects, building competencies for professional practice.","Core digital forensics concepts, theoretical framework application, analytical problem-solving, academic research skills, practical digital forensics implementation",https://uet.vnu.edu.vn/en/,Undergraduate,3 Credits / 1 Semester,Khoi A00/A01. IELTS 5.5+.
Vietnam National University – University of Engineering and Technology (VNU-UET),Information Security,INT4230 Cloud Security,"This module covers cloud security, part of the Information Security programme at Vietnam National University – University of Engineering and Technology (VNU-UET). Students explore core theoretical and applied aspects, building competencies for professional practice.","Core cloud security concepts, theoretical framework application, analytical problem-solving, academic research skills, practical cloud security implementation",https://uet.vnu.edu.vn/en/,Undergraduate,3 Credits / 1 Semester,Khoi A00/A01. IELTS 5.5+.
Vietnam National University – University of Engineering and Technology (VNU-UET),Information Security,INT4231 IoT Security,"This module covers iot security, part of the Information Security programme at Vietnam National University – University of Engineering and Technology (VNU-UET). Students explore core theoretical and applied aspects, building competencies for professional practice.","Core iot security concepts, theoretical framework application, analytical problem-solving, academic research skills, practical iot security implementation",https://uet.vnu.edu.vn/en/,Undergraduate,3 Credits / 1 Semester,Khoi A00/A01. IELTS 5.5+.
Vietnam National University – University of Engineering and Technology (VNU-UET),Information Security,INT4232 Security Operations and SIEM,"This module covers security operations and siem, part of the Information Security programme at Vietnam National University – University of Engineering and Technology (VNU-UET). Students explore core theoretical and applied aspects, building competencies for professional practice.","Core security operations and siem concepts, theoretical framework application, analytical problem-solving, academic research skills, practical security operations and siem implementation",https://uet.vnu.edu.vn/en/,Undergraduate,3 Credits / 1 Semester,Khoi A00/A01. IELTS 5.5+.
Vietnam National University – University of Engineering and Technology (VNU-UET),Information Security,INT4930 Security Capstone,"This module covers security capstone, part of the Information Security programme at Vietnam National University – University of Engineering and Technology (VNU-UET). Students explore core theoretical and applied aspects, building competencies for professional practice.","Core security capstone concepts, theoretical framework application, analytical problem-solving, academic research skills, practical security capstone implementation",https://uet.vnu.edu.vn/en/,Undergraduate,9 Credits / 1 Semester,Khoi A00/A01. IELTS 5.5+.
Vietnam National University – University of Engineering and Technology (VNU-UET),Electronics & Telecommunications,INT1040 Introduction to Electronics,"Covers semiconductor physics, diode and transistor circuits, op-amps, and digital logic design.","Diode circuit analysis, transistor biasing, op-amp circuit design, digital logic implementation, circuit simulation",https://uet.vnu.edu.vn/en/,Undergraduate,3 Credits / 1 Semester,Khoi A00/A01. Entrance exam.
Vietnam National University – University of Engineering and Technology (VNU-UET),Electronics & Telecommunications,MAT1041 Calculus for Engineering,"Covers differential and integral calculus, series, and multivariable calculus for engineering and science applications.","Differentiation, integration, limit evaluation, partial derivatives, optimisation techniques",https://uet.vnu.edu.vn/en/,Undergraduate,4 Credits / 1 Semester,Khoi A00/A01. Entrance exam.
Vietnam National University – University of Engineering and Technology (VNU-UET),Electronics & Telecommunications,INT1042 Digital Logic Circuits,"Studies electrical circuit analysis using KVL/KCL, Thevenin/Norton theorems, AC phasors, and transient analysis.","KVL/KCL application, Thevenin equivalent circuit, AC phasor analysis, transient response, circuit simulation",https://uet.vnu.edu.vn/en/,Undergraduate,3 Credits / 1 Semester,Khoi A00/A01. Entrance exam.
Vietnam National University – University of Engineering and Technology (VNU-UET),Electronics & Telecommunications,INT2240 Signals and Systems,"This module covers signals and systems, part of the Electronics & Telecommunications programme at Vietnam National University – University of Engineering and Technology (VNU-UET). Students explore core theoretical and applied aspects, building competencies for professional practice.","Core signals and systems concepts, theoretical framework application, analytical problem-solving, academic research skills, practical signals and systems implementation",https://uet.vnu.edu.vn/en/,Undergraduate,3 Credits / 1 Semester,Khoi A00/A01. Entrance exam.
Vietnam National University – University of Engineering and Technology (VNU-UET),Electronics & Telecommunications,INT2241 Analogue Electronics,"Covers semiconductor physics, diode and transistor circuits, op-amps, and digital logic design.","Diode circuit analysis, transistor biasing, op-amp circuit design, digital logic implementation, circuit simulation",https://uet.vnu.edu.vn/en/,Undergraduate,3 Credits / 1 Semester,Khoi A00/A01. Entrance exam.
Vietnam National University – University of Engineering and Technology (VNU-UET),Electronics & Telecommunications,INT2242 Digital Electronics,"Covers semiconductor physics, diode and transistor circuits, op-amps, and digital logic design.","Diode circuit analysis, transistor biasing, op-amp circuit design, digital logic implementation, circuit simulation",https://uet.vnu.edu.vn/en/,Undergraduate,3 Credits / 1 Semester,Khoi A00/A01. Entrance exam.
Vietnam National University – University of Engineering and Technology (VNU-UET),Electronics & Telecommunications,INT2243 Microprocessors and Microcontrollers,"Studies feedback control systems, PID controllers, stability analysis, and state-space methods.","PID controller tuning, stability analysis, Bode plot interpretation, state-space modelling, digital control design",https://uet.vnu.edu.vn/en/,Undergraduate,3 Credits / 1 Semester,Khoi A00/A01. Entrance exam.
Vietnam National University – University of Engineering and Technology (VNU-UET),Electronics & Telecommunications,INT3240 Communication Systems,"This module covers communication systems, part of the Electronics & Telecommunications programme at Vietnam National University – University of Engineering and Technology (VNU-UET). Students explore core theoretical and applied aspects, building competencies for professional practice.","Core communication systems concepts, theoretical framework application, analytical problem-solving, academic research skills, practical communication systems implementation",https://uet.vnu.edu.vn/en/,Undergraduate,3 Credits / 1 Semester,Khoi A00/A01. Entrance exam.
Vietnam National University – University of Engineering and Technology (VNU-UET),Electronics & Telecommunications,INT3241 Digital Signal Processing,"Covers Fourier transforms, FIR/IIR filtering, and spectral analysis for communications and audio applications.","Fourier transform application, FIR/IIR filter design, spectrum analysis, sampling theorem, noise reduction",https://uet.vnu.edu.vn/en/,Undergraduate,3 Credits / 1 Semester,Khoi A00/A01. Entrance exam.
Vietnam National University – University of Engineering and Technology (VNU-UET),Electronics & Telecommunications,INT3242 Wireless Communications,"This module covers wireless communications, part of the Electronics & Telecommunications programme at Vietnam National University – University of Engineering and Technology (VNU-UET). Students explore core theoretical and applied aspects, building competencies for professional practice.","Core wireless communications concepts, theoretical framework application, analytical problem-solving, academic research skills, practical wireless communications implementation",https://uet.vnu.edu.vn/en/,Undergraduate,3 Credits / 1 Semester,Khoi A00/A01. Entrance exam.
Vietnam National University – University of Engineering and Technology (VNU-UET),Electronics & Telecommunications,INT3243 Embedded Systems,"Covers microcontroller architecture, bare-metal and RTOS programming, hardware interfaces, and low-power design.","C programming for microcontrollers, interrupt handling, SPI/I2C interfaces, real-time task scheduling, power optimisation",https://uet.vnu.edu.vn/en/,Undergraduate,3 Credits / 1 Semester,Khoi A00/A01. Entrance exam.
Vietnam National University – University of Engineering and Technology (VNU-UET),Electronics & Telecommunications,INT4240 4G/5G Mobile Networks,"Covers Android and iOS app development including UI design, data persistence, API consumption, and app store deployment.","Android/iOS UI design, REST API consumption, local storage, push notifications, app publishing",https://uet.vnu.edu.vn/en/,Undergraduate,3 Credits / 1 Semester,Khoi A00/A01. Entrance exam.
Vietnam National University – University of Engineering and Technology (VNU-UET),Electronics & Telecommunications,INT4241 Internet of Things,"Introduces microcontroller programming, RTOS, sensor integration, and IoT system design with cloud connectivity.","Microcontroller programming, RTOS configuration, sensor integration, MQTT communication, IoT cloud platforms",https://uet.vnu.edu.vn/en/,Undergraduate,3 Credits / 1 Semester,Khoi A00/A01. Entrance exam.
Vietnam National University – University of Engineering and Technology (VNU-UET),Electronics & Telecommunications,INT4242 Antenna Design,"This module covers antenna design, part of the Electronics & Telecommunications programme at Vietnam National University – University of Engineering and Technology (VNU-UET). Students explore core theoretical and applied aspects, building competencies for professional practice.","Core antenna design concepts, theoretical framework application, analytical problem-solving, academic research skills, practical antenna design implementation",https://uet.vnu.edu.vn/en/,Undergraduate,3 Credits / 1 Semester,Khoi A00/A01. Entrance exam.
Vietnam National University – University of Engineering and Technology (VNU-UET),Electronics & Telecommunications,INT4940 Electronics Capstone,"Covers semiconductor physics, diode and transistor circuits, op-amps, and digital logic design.","Diode circuit analysis, transistor biasing, op-amp circuit design, digital logic implementation, circuit simulation",https://uet.vnu.edu.vn/en/,Undergraduate,9 Credits / 1 Semester,Khoi A00/A01. Entrance exam.
Vietnam National University Hanoi – University of Economics and Business (VNU-UEB),Finance,FIN1001 Principles of Finance,"This module covers principles of finance, part of the Finance programme at Vietnam National University Hanoi – University of Economics and Business (VNU-UEB). Students explore core theoretical and applied aspects, building competencies for professional practice.","Core principles of finance concepts, theoretical framework application, analytical problem-solving, academic research skills, practical principles of finance implementation",https://ueb.edu.vn/,Undergraduate,3 Credits / 1 Semester,Khoi A00/A01/D01. IELTS 5.5+.
Vietnam National University Hanoi – University of Economics and Business (VNU-UEB),Finance,FIN1002 Financial Accounting,"Introduces financial and managerial accounting including double-entry bookkeeping, financial statement preparation, and cost accounting.","Double-entry bookkeeping, balance sheet preparation, income statement analysis, CVP analysis, ratio interpretation",https://ueb.edu.vn/,Undergraduate,3 Credits / 1 Semester,Khoi A00/A01/D01. IELTS 5.5+.
Vietnam National University Hanoi – University of Economics and Business (VNU-UEB),Finance,ECO1001 Microeconomics,Analyses individual and firm behaviour and national economic systems with policy implications.,"Supply-demand analysis, elasticity calculation, game theory, GDP interpretation, fiscal policy assessment",https://ueb.edu.vn/,Undergraduate,3 Credits / 1 Semester,Khoi A00/A01/D01. IELTS 5.5+.
Vietnam National University Hanoi – University of Economics and Business (VNU-UEB),Finance,ECO1002 Macroeconomics,Analyses individual and firm behaviour and national economic systems with policy implications.,"Supply-demand analysis, elasticity calculation, game theory, GDP interpretation, fiscal policy assessment",https://ueb.edu.vn/,Undergraduate,3 Credits / 1 Semester,Khoi A00/A01/D01. IELTS 5.5+.
Vietnam National University Hanoi – University of Economics and Business (VNU-UEB),Finance,MATH1001 Mathematics for Economics,Analyses individual and firm behaviour and national economic systems with policy implications.,"Supply-demand analysis, elasticity calculation, game theory, GDP interpretation, fiscal policy assessment",https://ueb.edu.vn/,Undergraduate,3 Credits / 1 Semester,Khoi A00/A01/D01. IELTS 5.5+.
Vietnam National University Hanoi – University of Economics and Business (VNU-UEB),Finance,FIN2001 Corporate Finance,"This module covers corporate finance, part of the Finance programme at Vietnam National University Hanoi – University of Economics and Business (VNU-UEB). Students explore core theoretical and applied aspects, building competencies for professional practice.","Core corporate finance concepts, theoretical framework application, analytical problem-solving, academic research skills, practical corporate finance implementation",https://ueb.edu.vn/,Undergraduate,3 Credits / 1 Semester,Khoi A00/A01/D01. IELTS 5.5+.
Vietnam National University Hanoi – University of Economics and Business (VNU-UEB),Finance,FIN2002 Financial Markets and Institutions,"Examines time value of money, capital budgeting, risk and return, portfolio theory, and corporate financing decisions.","DCF valuation, portfolio analysis, CAPM application, capital structure decisions, financial modelling",https://ueb.edu.vn/,Undergraduate,3 Credits / 1 Semester,Khoi A00/A01/D01. IELTS 5.5+.
Vietnam National University Hanoi – University of Economics and Business (VNU-UEB),Finance,FIN2003 Financial Statement Analysis,"Examines time value of money, capital budgeting, risk and return, portfolio theory, and corporate financing decisions.","DCF valuation, portfolio analysis, CAPM application, capital structure decisions, financial modelling",https://ueb.edu.vn/,Undergraduate,3 Credits / 1 Semester,Khoi A00/A01/D01. IELTS 5.5+.
Vietnam National University Hanoi – University of Economics and Business (VNU-UEB),Finance,FIN2004 Money and Banking,"Covers commercial and investment banking including lending, capital markets, regulatory frameworks, and risk management.","Credit analysis, lending decisions, capital market operations, regulatory compliance, interest rate risk management",https://ueb.edu.vn/,Undergraduate,3 Credits / 1 Semester,Khoi A00/A01/D01. IELTS 5.5+.
Vietnam National University Hanoi – University of Economics and Business (VNU-UEB),Finance,STAT2001 Econometrics 1,"Covers linear regression, time series analysis, panel data methods, and causal inference for economics.","OLS regression, time series modelling, panel data estimation, hypothesis testing, causal inference",https://ueb.edu.vn/,Undergraduate,3 Credits / 1 Semester,Khoi A00/A01/D01. IELTS 5.5+.
Vietnam National University Hanoi – University of Economics and Business (VNU-UEB),Finance,FIN3001 Investment Analysis and Portfolio Management,"Covers planning, organising, leading, and controlling including strategy, change management, and organisational behaviour.","Strategic planning, team leadership, change management, performance measurement, stakeholder analysis",https://ueb.edu.vn/,Undergraduate,3 Credits / 1 Semester,Khoi A00/A01/D01. IELTS 5.5+.
Vietnam National University Hanoi – University of Economics and Business (VNU-UEB),Finance,FIN3002 International Finance,"This module covers international finance, part of the Finance programme at Vietnam National University Hanoi – University of Economics and Business (VNU-UEB). Students explore core theoretical and applied aspects, building competencies for professional practice.","Core international finance concepts, theoretical framework application, analytical problem-solving, academic research skills, practical international finance implementation",https://ueb.edu.vn/,Undergraduate,3 Credits / 1 Semester,Khoi A00/A01/D01. IELTS 5.5+.
Vietnam National University Hanoi – University of Economics and Business (VNU-UEB),Finance,FIN3003 Fixed Income Securities,"This module covers fixed income securities, part of the Finance programme at Vietnam National University Hanoi – University of Economics and Business (VNU-UEB). Students explore core theoretical and applied aspects, building competencies for professional practice.","Core fixed income securities concepts, theoretical framework application, analytical problem-solving, academic research skills, practical fixed income securities implementation",https://ueb.edu.vn/,Undergraduate,3 Credits / 1 Semester,Khoi A00/A01/D01. IELTS 5.5+.
Vietnam National University Hanoi – University of Economics and Business (VNU-UEB),Finance,FIN3004 Derivatives and Risk Management,"Covers planning, organising, leading, and controlling including strategy, change management, and organisational behaviour.","Strategic planning, team leadership, change management, performance measurement, stakeholder analysis",https://ueb.edu.vn/,Undergraduate,3 Credits / 1 Semester,Khoi A00/A01/D01. IELTS 5.5+.
Vietnam National University Hanoi – University of Economics and Business (VNU-UEB),Finance,FIN3005 Public Finance,"This module covers public finance, part of the Finance programme at Vietnam National University Hanoi – University of Economics and Business (VNU-UEB). Students explore core theoretical and applied aspects, building competencies for professional practice.","Core public finance concepts, theoretical framework application, analytical problem-solving, academic research skills, practical public finance implementation",https://ueb.edu.vn/,Undergraduate,3 Credits / 1 Semester,Khoi A00/A01/D01. IELTS 5.5+.
Vietnam National University Hanoi – University of Economics and Business (VNU-UEB),Finance,FIN4001 Mergers and Acquisitions,"This module covers mergers and acquisitions, part of the Finance programme at Vietnam National University Hanoi – University of Economics and Business (VNU-UEB). Students explore core theoretical and applied aspects, building competencies for professional practice.","Core mergers and acquisitions concepts, theoretical framework application, analytical problem-solving, academic research skills, practical mergers and acquisitions implementation",https://ueb.edu.vn/,Undergraduate,3 Credits / 1 Semester,Khoi A00/A01/D01. IELTS 5.5+.
Vietnam National University Hanoi – University of Economics and Business (VNU-UEB),Finance,FIN4002 Financial Modelling,"Examines time value of money, capital budgeting, risk and return, portfolio theory, and corporate financing decisions.","DCF valuation, portfolio analysis, CAPM application, capital structure decisions, financial modelling",https://ueb.edu.vn/,Undergraduate,3 Credits / 1 Semester,Khoi A00/A01/D01. IELTS 5.5+.
Vietnam National University Hanoi – University of Economics and Business (VNU-UEB),Finance,FIN4003 FinTech and Digital Finance,"This module covers fintech and digital finance, part of the Finance programme at Vietnam National University Hanoi – University of Economics and Business (VNU-UEB). Students explore core theoretical and applied aspects, building competencies for professional practice.","Core fintech and digital finance concepts, theoretical framework application, analytical problem-solving, academic research skills, practical fintech and digital finance implementation",https://ueb.edu.vn/,Undergraduate,3 Credits / 1 Semester,Khoi A00/A01/D01. IELTS 5.5+.
Vietnam National University Hanoi – University of Economics and Business (VNU-UEB),Finance,FIN4900 Finance Thesis,"This module covers finance thesis, part of the Finance programme at Vietnam National University Hanoi – University of Economics and Business (VNU-UEB). Students explore core theoretical and applied aspects, building competencies for professional practice.","Core finance thesis concepts, theoretical framework application, analytical problem-solving, academic research skills, practical finance thesis implementation",https://ueb.edu.vn/,Undergraduate,9 Credits / 1 Semester,Khoi A00/A01/D01. IELTS 5.5+.
Vietnam National University Hanoi – University of Economics and Business (VNU-UEB),Accounting & Finance,ACC1001 Financial Accounting 1,"Introduces financial and managerial accounting including double-entry bookkeeping, financial statement preparation, and cost accounting.","Double-entry bookkeeping, balance sheet preparation, income statement analysis, CVP analysis, ratio interpretation",https://ueb.edu.vn/,Undergraduate,3 Credits / 1 Semester,Khoi A00/A01/D01. IELTS 5.5+.
Vietnam National University Hanoi – University of Economics and Business (VNU-UEB),Accounting & Finance,ACC2001 Financial Accounting 2,"Introduces financial and managerial accounting including double-entry bookkeeping, financial statement preparation, and cost accounting.","Double-entry bookkeeping, balance sheet preparation, income statement analysis, CVP analysis, ratio interpretation",https://ueb.edu.vn/,Undergraduate,3 Credits / 1 Semester,Khoi A00/A01/D01. IELTS 5.5+.
Vietnam National University Hanoi – University of Economics and Business (VNU-UEB),Accounting & Finance,ACC2002 Managerial Accounting,"Introduces financial and managerial accounting including double-entry bookkeeping, financial statement preparation, and cost accounting.","Double-entry bookkeeping, balance sheet preparation, income statement analysis, CVP analysis, ratio interpretation",https://ueb.edu.vn/,Undergraduate,3 Credits / 1 Semester,Khoi A00/A01/D01. IELTS 5.5+.
Vietnam National University Hanoi – University of Economics and Business (VNU-UEB),Accounting & Finance,ACC2003 Cost Accounting,"Introduces financial and managerial accounting including double-entry bookkeeping, financial statement preparation, and cost accounting.","Double-entry bookkeeping, balance sheet preparation, income statement analysis, CVP analysis, ratio interpretation",https://ueb.edu.vn/,Undergraduate,3 Credits / 1 Semester,Khoi A00/A01/D01. IELTS 5.5+.
Vietnam National University Hanoi – University of Economics and Business (VNU-UEB),Accounting & Finance,ACC2004 Tax Accounting,"Introduces financial and managerial accounting including double-entry bookkeeping, financial statement preparation, and cost accounting.","Double-entry bookkeeping, balance sheet preparation, income statement analysis, CVP analysis, ratio interpretation",https://ueb.edu.vn/,Undergraduate,3 Credits / 1 Semester,Khoi A00/A01/D01. IELTS 5.5+.
Vietnam National University Hanoi – University of Economics and Business (VNU-UEB),Accounting & Finance,ACC2005 Intermediate Financial Accounting,"Introduces financial and managerial accounting including double-entry bookkeeping, financial statement preparation, and cost accounting.","Double-entry bookkeeping, balance sheet preparation, income statement analysis, CVP analysis, ratio interpretation",https://ueb.edu.vn/,Undergraduate,3 Credits / 1 Semester,Khoi A00/A01/D01. IELTS 5.5+.
Vietnam National University Hanoi – University of Economics and Business (VNU-UEB),Accounting & Finance,ACC3001 Auditing,"This module covers auditing, part of the Accounting & Finance programme at Vietnam National University Hanoi – University of Economics and Business (VNU-UEB). Students explore core theoretical and applied aspects, building competencies for professional practice.","Core auditing concepts, theoretical framework application, analytical problem-solving, academic research skills, practical auditing implementation",https://ueb.edu.vn/,Undergraduate,3 Credits / 1 Semester,Khoi A00/A01/D01. IELTS 5.5+.
Vietnam National University Hanoi – University of Economics and Business (VNU-UEB),Accounting & Finance,ACC3002 Internal Audit,"This module covers internal audit, part of the Accounting & Finance programme at Vietnam National University Hanoi – University of Economics and Business (VNU-UEB). Students explore core theoretical and applied aspects, building competencies for professional practice.","Core internal audit concepts, theoretical framework application, analytical problem-solving, academic research skills, practical internal audit implementation",https://ueb.edu.vn/,Undergraduate,3 Credits / 1 Semester,Khoi A00/A01/D01. IELTS 5.5+.
Vietnam National University Hanoi – University of Economics and Business (VNU-UEB),Accounting & Finance,ACC3003 Accounting Information Systems,"Introduces financial and managerial accounting including double-entry bookkeeping, financial statement preparation, and cost accounting.","Double-entry bookkeeping, balance sheet preparation, income statement analysis, CVP analysis, ratio interpretation",https://ueb.edu.vn/,Undergraduate,3 Credits / 1 Semester,Khoi A00/A01/D01. IELTS 5.5+.
Vietnam National University Hanoi – University of Economics and Business (VNU-UEB),Accounting & Finance,ACC3004 Advanced Financial Accounting,"Introduces financial and managerial accounting including double-entry bookkeeping, financial statement preparation, and cost accounting.","Double-entry bookkeeping, balance sheet preparation, income statement analysis, CVP analysis, ratio interpretation",https://ueb.edu.vn/,Undergraduate,3 Credits / 1 Semester,Khoi A00/A01/D01. IELTS 5.5+.
Vietnam National University Hanoi – University of Economics and Business (VNU-UEB),Accounting & Finance,ACC4001 International Financial Reporting Standards,"Examines time value of money, capital budgeting, risk and return, portfolio theory, and corporate financing decisions.","DCF valuation, portfolio analysis, CAPM application, capital structure decisions, financial modelling",https://ueb.edu.vn/,Undergraduate,3 Credits / 1 Semester,Khoi A00/A01/D01. IELTS 5.5+.
Vietnam National University Hanoi – University of Economics and Business (VNU-UEB),Accounting & Finance,ACC4002 Forensic Accounting,"Introduces financial and managerial accounting including double-entry bookkeeping, financial statement preparation, and cost accounting.","Double-entry bookkeeping, balance sheet preparation, income statement analysis, CVP analysis, ratio interpretation",https://ueb.edu.vn/,Undergraduate,3 Credits / 1 Semester,Khoi A00/A01/D01. IELTS 5.5+.
Vietnam National University Hanoi – University of Economics and Business (VNU-UEB),Accounting & Finance,ACC4900 Accounting Thesis,"Introduces financial and managerial accounting including double-entry bookkeeping, financial statement preparation, and cost accounting.","Double-entry bookkeeping, balance sheet preparation, income statement analysis, CVP analysis, ratio interpretation",https://ueb.edu.vn/,Undergraduate,9 Credits / 1 Semester,Khoi A00/A01/D01. IELTS 5.5+.
Vietnam National University Hanoi – University of Economics and Business (VNU-UEB),Economics,STAT1001 Statistics,"This module covers statistics, part of the Economics programme at Vietnam National University Hanoi – University of Economics and Business (VNU-UEB). Students explore core theoretical and applied aspects, building competencies for professional practice.","Core statistics concepts, theoretical framework application, analytical problem-solving, academic research skills, practical statistics implementation",https://ueb.edu.vn/,Undergraduate,3 Credits / 1 Semester,Khoi A00/A01/D01. Quantitative aptitude.
Vietnam National University Hanoi – University of Economics and Business (VNU-UEB),Economics,ECO2001 Intermediate Microeconomics,Analyses individual and firm behaviour and national economic systems with policy implications.,"Supply-demand analysis, elasticity calculation, game theory, GDP interpretation, fiscal policy assessment",https://ueb.edu.vn/,Undergraduate,3 Credits / 1 Semester,Khoi A00/A01/D01. Quantitative aptitude.
Vietnam National University Hanoi – University of Economics and Business (VNU-UEB),Economics,ECO2002 Intermediate Macroeconomics,Analyses individual and firm behaviour and national economic systems with policy implications.,"Supply-demand analysis, elasticity calculation, game theory, GDP interpretation, fiscal policy assessment",https://ueb.edu.vn/,Undergraduate,3 Credits / 1 Semester,Khoi A00/A01/D01. Quantitative aptitude.
Vietnam National University Hanoi – University of Economics and Business (VNU-UEB),Economics,ECO2003 Development Economics,Analyses individual and firm behaviour and national economic systems with policy implications.,"Supply-demand analysis, elasticity calculation, game theory, GDP interpretation, fiscal policy assessment",https://ueb.edu.vn/,Undergraduate,3 Credits / 1 Semester,Khoi A00/A01/D01. Quantitative aptitude.
Vietnam National University Hanoi – University of Economics and Business (VNU-UEB),Economics,ECO2004 Labour Economics,Analyses individual and firm behaviour and national economic systems with policy implications.,"Supply-demand analysis, elasticity calculation, game theory, GDP interpretation, fiscal policy assessment",https://ueb.edu.vn/,Undergraduate,3 Credits / 1 Semester,Khoi A00/A01/D01. Quantitative aptitude.
Vietnam National University Hanoi – University of Economics and Business (VNU-UEB),Economics,ECO3001 Econometrics 1,"Covers linear regression, time series analysis, panel data methods, and causal inference for economics.","OLS regression, time series modelling, panel data estimation, hypothesis testing, causal inference",https://ueb.edu.vn/,Undergraduate,3 Credits / 1 Semester,Khoi A00/A01/D01. Quantitative aptitude.
Vietnam National University Hanoi – University of Economics and Business (VNU-UEB),Economics,ECO3002 Econometrics 2,"Covers linear regression, time series analysis, panel data methods, and causal inference for economics.","OLS regression, time series modelling, panel data estimation, hypothesis testing, causal inference",https://ueb.edu.vn/,Undergraduate,3 Credits / 1 Semester,Khoi A00/A01/D01. Quantitative aptitude.
Vietnam National University Hanoi – University of Economics and Business (VNU-UEB),Economics,ECO3003 Public Economics,Analyses individual and firm behaviour and national economic systems with policy implications.,"Supply-demand analysis, elasticity calculation, game theory, GDP interpretation, fiscal policy assessment",https://ueb.edu.vn/,Undergraduate,3 Credits / 1 Semester,Khoi A00/A01/D01. Quantitative aptitude.
Vietnam National University Hanoi – University of Economics and Business (VNU-UEB),Economics,ECO3004 International Trade Theory,"Examines comparative advantage, trade policy, tariffs, and global supply chain management.","Trade policy analysis, comparative advantage modelling, tariff impact, WTO framework, export documentation",https://ueb.edu.vn/,Undergraduate,3 Credits / 1 Semester,Khoi A00/A01/D01. Quantitative aptitude.
Vietnam National University Hanoi – University of Economics and Business (VNU-UEB),Economics,ECO4001 Game Theory,"This module covers game theory, part of the Economics programme at Vietnam National University Hanoi – University of Economics and Business (VNU-UEB). Students explore core theoretical and applied aspects, building competencies for professional practice.","Core game theory concepts, theoretical framework application, analytical problem-solving, academic research skills, practical game theory implementation",https://ueb.edu.vn/,Undergraduate,3 Credits / 1 Semester,Khoi A00/A01/D01. Quantitative aptitude.
Vietnam National University Hanoi – University of Economics and Business (VNU-UEB),Economics,ECO4002 Environmental Economics,"Covers environmental chemistry, ecology, pollution control, environmental impact assessment, and sustainability.","Environmental impact assessment, pollution monitoring, ecological modelling, sustainability analysis, EIA reporting",https://ueb.edu.vn/,Undergraduate,3 Credits / 1 Semester,Khoi A00/A01/D01. Quantitative aptitude.
Vietnam National University Hanoi – University of Economics and Business (VNU-UEB),Economics,ECO4900 Economics Thesis,Analyses individual and firm behaviour and national economic systems with policy implications.,"Supply-demand analysis, elasticity calculation, game theory, GDP interpretation, fiscal policy assessment",https://ueb.edu.vn/,Undergraduate,9 Credits / 1 Semester,Khoi A00/A01/D01. Quantitative aptitude.
Vietnam National University Hanoi – University of Economics and Business (VNU-UEB),Business Administration,MGT1001 Principles of Management,"Covers planning, organising, leading, and controlling including strategy, change management, and organisational behaviour.","Strategic planning, team leadership, change management, performance measurement, stakeholder analysis",https://ueb.edu.vn/,Undergraduate,3 Credits / 1 Semester,Khoi A00/A01/D01. IELTS 5.5+.
Vietnam National University Hanoi – University of Economics and Business (VNU-UEB),Business Administration,ACC1001 Financial Accounting,"Introduces financial and managerial accounting including double-entry bookkeeping, financial statement preparation, and cost accounting.","Double-entry bookkeeping, balance sheet preparation, income statement analysis, CVP analysis, ratio interpretation",https://ueb.edu.vn/,Undergraduate,3 Credits / 1 Semester,Khoi A00/A01/D01. IELTS 5.5+.
Vietnam National University Hanoi – University of Economics and Business (VNU-UEB),Business Administration,MGT2001 Organisational Behaviour,"This module covers organisational behaviour, part of the Business Administration programme at Vietnam National University Hanoi – University of Economics and Business (VNU-UEB). Students explore core theoretical and applied aspects, building competencies for professional practice.","Core organisational behaviour concepts, theoretical framework application, analytical problem-solving, academic research skills, practical organisational behaviour implementation",https://ueb.edu.vn/,Undergraduate,3 Credits / 1 Semester,Khoi A00/A01/D01. IELTS 5.5+.
Vietnam National University Hanoi – University of Economics and Business (VNU-UEB),Business Administration,MKT2001 Marketing Management,"Covers planning, organising, leading, and controlling including strategy, change management, and organisational behaviour.","Strategic planning, team leadership, change management, performance measurement, stakeholder analysis",https://ueb.edu.vn/,Undergraduate,3 Credits / 1 Semester,Khoi A00/A01/D01. IELTS 5.5+.
Vietnam National University Hanoi – University of Economics and Business (VNU-UEB),Business Administration,MGT2002 Operations Management,"Covers planning, organising, leading, and controlling including strategy, change management, and organisational behaviour.","Strategic planning, team leadership, change management, performance measurement, stakeholder analysis",https://ueb.edu.vn/,Undergraduate,3 Credits / 1 Semester,Khoi A00/A01/D01. IELTS 5.5+.
Vietnam National University Hanoi – University of Economics and Business (VNU-UEB),Business Administration,MGT2003 Human Resource Management,"Covers recruitment, performance management, training, compensation, and employment law.","Recruitment design, performance appraisal, training needs analysis, compensation benchmarking, HR policy formulation",https://ueb.edu.vn/,Undergraduate,3 Credits / 1 Semester,Khoi A00/A01/D01. IELTS 5.5+.
Vietnam National University Hanoi – University of Economics and Business (VNU-UEB),Business Administration,SCM3001 Supply Chain Management,"Covers supply chain design, procurement, inventory management, demand forecasting, and logistics optimisation.","Inventory optimisation, demand forecasting, supplier evaluation, logistics cost analysis, risk management",https://ueb.edu.vn/,Undergraduate,3 Credits / 1 Semester,Khoi A00/A01/D01. IELTS 5.5+.
Vietnam National University Hanoi – University of Economics and Business (VNU-UEB),Business Administration,MGT3001 Strategic Management,"Covers planning, organising, leading, and controlling including strategy, change management, and organisational behaviour.","Strategic planning, team leadership, change management, performance measurement, stakeholder analysis",https://ueb.edu.vn/,Undergraduate,3 Credits / 1 Semester,Khoi A00/A01/D01. IELTS 5.5+.
Vietnam National University Hanoi – University of Economics and Business (VNU-UEB),Business Administration,MGT3002 Project Management,"Covers project planning, execution, monitoring, and closure using agile and waterfall methodologies.","Gantt scheduling, risk management, agile sprint planning, stakeholder communication, cost variance analysis",https://ueb.edu.vn/,Undergraduate,3 Credits / 1 Semester,Khoi A00/A01/D01. IELTS 5.5+.
Vietnam National University Hanoi – University of Economics and Business (VNU-UEB),Business Administration,ENT3001 Entrepreneurship,Guides students from opportunity recognition through business model development and lean startup methodology.,"Business model canvas, lean startup, market validation, investor pitch, financial forecasting",https://ueb.edu.vn/,Undergraduate,3 Credits / 1 Semester,Khoi A00/A01/D01. IELTS 5.5+.
Vietnam National University Hanoi – University of Economics and Business (VNU-UEB),Business Administration,MKT3001 Digital Marketing,"Covers SEO, SEM, social media, content marketing, analytics, and marketing automation.","SEO/SEM optimisation, social media strategy, content marketing, Google Analytics, marketing automation",https://ueb.edu.vn/,Undergraduate,3 Credits / 1 Semester,Khoi A00/A01/D01. IELTS 5.5+.
Vietnam National University Hanoi – University of Economics and Business (VNU-UEB),Business Administration,MGT4001 Corporate Governance,"This module covers corporate governance, part of the Business Administration programme at Vietnam National University Hanoi – University of Economics and Business (VNU-UEB). Students explore core theoretical and applied aspects, building competencies for professional practice.","Core corporate governance concepts, theoretical framework application, analytical problem-solving, academic research skills, practical corporate governance implementation",https://ueb.edu.vn/,Undergraduate,3 Credits / 1 Semester,Khoi A00/A01/D01. IELTS 5.5+.
Vietnam National University Hanoi – University of Economics and Business (VNU-UEB),Business Administration,MGT4900 Business Administration Thesis,"This module covers business administration thesis, part of the Business Administration programme at Vietnam National University Hanoi – University of Economics and Business (VNU-UEB). Students explore core theoretical and applied aspects, building competencies for professional practice.","Core business administration thesis concepts, theoretical framework application, analytical problem-solving, academic research skills, practical business administration thesis implementation",https://ueb.edu.vn/,Undergraduate,9 Credits / 1 Semester,Khoi A00/A01/D01. IELTS 5.5+.
Vietnam National University Hanoi – University of Economics and Business (VNU-UEB),International Business,INT1001 Introduction to International Business,"This module covers introduction to international business, part of the International Business programme at Vietnam National University Hanoi – University of Economics and Business (VNU-UEB). Students explore core theoretical and applied aspects, building competencies for professional practice.","Core introduction to international business concepts, theoretical framework application, analytical problem-solving, academic research skills, practical introduction to international business implementation",https://ueb.edu.vn/,Undergraduate,3 Credits / 1 Semester,Khoi D01 preferred. IELTS 5.5+.
Vietnam National University Hanoi – University of Economics and Business (VNU-UEB),International Business,LAW1001 International Commercial Law,"Introduces legal principles, contract formation, tort liability, and legal reasoning through case analysis.","Legal case analysis, contract elements, tort assessment, statutory interpretation, legal research",https://ueb.edu.vn/,Undergraduate,3 Credits / 1 Semester,Khoi D01 preferred. IELTS 5.5+.
Vietnam National University Hanoi – University of Economics and Business (VNU-UEB),International Business,LAN1001 Business English,"This module covers business english, part of the International Business programme at Vietnam National University Hanoi – University of Economics and Business (VNU-UEB). Students explore core theoretical and applied aspects, building competencies for professional practice.","Core business english concepts, theoretical framework application, analytical problem-solving, academic research skills, practical business english implementation",https://ueb.edu.vn/,Undergraduate,3 Credits / 1 Semester,Khoi D01 preferred. IELTS 5.5+.
Vietnam National University Hanoi – University of Economics and Business (VNU-UEB),International Business,INT2001 International Trade Policy,"Examines comparative advantage, trade policy, tariffs, and global supply chain management.","Trade policy analysis, comparative advantage modelling, tariff impact, WTO framework, export documentation",https://ueb.edu.vn/,Undergraduate,3 Credits / 1 Semester,Khoi D01 preferred. IELTS 5.5+.
Vietnam National University Hanoi – University of Economics and Business (VNU-UEB),International Business,INT2002 Cross-Cultural Management,"Covers planning, organising, leading, and controlling including strategy, change management, and organisational behaviour.","Strategic planning, team leadership, change management, performance measurement, stakeholder analysis",https://ueb.edu.vn/,Undergraduate,3 Credits / 1 Semester,Khoi D01 preferred. IELTS 5.5+.
Vietnam National University Hanoi – University of Economics and Business (VNU-UEB),International Business,INT2003 Export-Import Procedures,"This module covers export-import procedures, part of the International Business programme at Vietnam National University Hanoi – University of Economics and Business (VNU-UEB). Students explore core theoretical and applied aspects, building competencies for professional practice.","Core export-import procedures concepts, theoretical framework application, analytical problem-solving, academic research skills, practical export-import procedures implementation",https://ueb.edu.vn/,Undergraduate,3 Credits / 1 Semester,Khoi D01 preferred. IELTS 5.5+.
Vietnam National University Hanoi – University of Economics and Business (VNU-UEB),International Business,FIN2001 International Finance,"This module covers international finance, part of the International Business programme at Vietnam National University Hanoi – University of Economics and Business (VNU-UEB). Students explore core theoretical and applied aspects, building competencies for professional practice.","Core international finance concepts, theoretical framework application, analytical problem-solving, academic research skills, practical international finance implementation",https://ueb.edu.vn/,Undergraduate,3 Credits / 1 Semester,Khoi D01 preferred. IELTS 5.5+.
Vietnam National University Hanoi – University of Economics and Business (VNU-UEB),International Business,LOG2001 Logistics and Supply Chain,"Covers supply chain design, procurement, inventory management, demand forecasting, and logistics optimisation.","Inventory optimisation, demand forecasting, supplier evaluation, logistics cost analysis, risk management",https://ueb.edu.vn/,Undergraduate,3 Credits / 1 Semester,Khoi D01 preferred. IELTS 5.5+.
Vietnam National University Hanoi – University of Economics and Business (VNU-UEB),International Business,INT3001 WTO Law and Agreements,"Introduces legal principles, contract formation, tort liability, and legal reasoning through case analysis.","Legal case analysis, contract elements, tort assessment, statutory interpretation, legal research",https://ueb.edu.vn/,Undergraduate,3 Credits / 1 Semester,Khoi D01 preferred. IELTS 5.5+.
Vietnam National University Hanoi – University of Economics and Business (VNU-UEB),International Business,INT3002 Foreign Direct Investment,"Examines equities, bonds, derivatives, portfolio construction, and performance evaluation.","Security valuation, portfolio construction, derivative pricing, performance attribution, factor model application",https://ueb.edu.vn/,Undergraduate,3 Credits / 1 Semester,Khoi D01 preferred. IELTS 5.5+.
Vietnam National University Hanoi – University of Economics and Business (VNU-UEB),International Business,INT3003 International Marketing,"Explores market segmentation, consumer behaviour, product development, pricing strategy, and digital marketing channels.","Market segmentation, consumer analysis, brand positioning, marketing mix optimisation, digital strategy",https://ueb.edu.vn/,Undergraduate,3 Credits / 1 Semester,Khoi D01 preferred. IELTS 5.5+.
Vietnam National University Hanoi – University of Economics and Business (VNU-UEB),International Business,INT3004 Global Value Chains,"This module covers global value chains, part of the International Business programme at Vietnam National University Hanoi – University of Economics and Business (VNU-UEB). Students explore core theoretical and applied aspects, building competencies for professional practice.","Core global value chains concepts, theoretical framework application, analytical problem-solving, academic research skills, practical global value chains implementation",https://ueb.edu.vn/,Undergraduate,3 Credits / 1 Semester,Khoi D01 preferred. IELTS 5.5+.
Vietnam National University Hanoi – University of Economics and Business (VNU-UEB),International Business,INT4001 International Business Strategy,"This module covers international business strategy, part of the International Business programme at Vietnam National University Hanoi – University of Economics and Business (VNU-UEB). Students explore core theoretical and applied aspects, building competencies for professional practice.","Core international business strategy concepts, theoretical framework application, analytical problem-solving, academic research skills, practical international business strategy implementation",https://ueb.edu.vn/,Undergraduate,3 Credits / 1 Semester,Khoi D01 preferred. IELTS 5.5+.
Vietnam National University Hanoi – University of Economics and Business (VNU-UEB),International Business,INT4900 International Business Thesis,"This module covers international business thesis, part of the International Business programme at Vietnam National University Hanoi – University of Economics and Business (VNU-UEB). Students explore core theoretical and applied aspects, building competencies for professional practice.","Core international business thesis concepts, theoretical framework application, analytical problem-solving, academic research skills, practical international business thesis implementation",https://ueb.edu.vn/,Undergraduate,9 Credits / 1 Semester,Khoi D01 preferred. IELTS 5.5+.
Hanoi University of Science and Technology (HUST),Computer Science,IT3040 Introduction to Computer Science,"This module covers introduction to computer science, part of the Computer Science programme at Hanoi University of Science and Technology (HUST). Students explore core theoretical and applied aspects, building competencies for professional practice.","Core introduction to computer science concepts, theoretical framework application, analytical problem-solving, academic research skills, practical introduction to computer science implementation",https://soict.daotao.ai/courses/IT3040,Undergraduate,3 Credits / 1 Semester,Khoi A00/A01. DGNL >= 750. IELTS 5.5+ for English-medium.
Hanoi University of Science and Technology (HUST),Computer Science,IT3070 Data Structures and Algorithms,"Covers fundamental data organisation techniques including arrays, linked lists, stacks, queues, trees, heaps, and hash tables. Students analyse time and space complexity and apply structures to solve real computational problems.","Array manipulation, linked list operations, binary tree traversal, hash table design, stack and queue implementation",https://soict.daotao.ai/courses/IT3070,Undergraduate,4 Credits / 1 Semester,Khoi A00/A01. DGNL >= 750. IELTS 5.5+ for English-medium.
Hanoi University of Science and Technology (HUST),Computer Science,IT3080 Database Management Systems,"Covers planning, organising, leading, and controlling including strategy, change management, and organisational behaviour.","Strategic planning, team leadership, change management, performance measurement, stakeholder analysis",https://soict.daotao.ai/courses/IT3080,Undergraduate,3 Credits / 1 Semester,Khoi A00/A01. DGNL >= 750. IELTS 5.5+ for English-medium.
Hanoi University of Science and Technology (HUST),Computer Science,IT3090 Computer Networks,"Studies OSI and TCP/IP network architectures, routing, switching, HTTP, DNS, and network security protocols.","TCP/IP configuration, routing protocol analysis, socket programming, network security evaluation, Wireshark analysis",https://soict.daotao.ai/courses/IT3090,Undergraduate,3 Credits / 1 Semester,Khoi A00/A01. DGNL >= 750. IELTS 5.5+ for English-medium.
Hanoi University of Science and Technology (HUST),Computer Science,IT3100 Computer Architecture,"This module covers computer architecture, part of the Computer Science programme at Hanoi University of Science and Technology (HUST). Students explore core theoretical and applied aspects, building competencies for professional practice.","Core computer architecture concepts, theoretical framework application, analytical problem-solving, academic research skills, practical computer architecture implementation",https://soict.daotao.ai/courses/IT3100,Undergraduate,3 Credits / 1 Semester,Khoi A00/A01. DGNL >= 750. IELTS 5.5+ for English-medium.
Hanoi University of Science and Technology (HUST),Computer Science,MI1010 Calculus 1,"Covers differential and integral calculus, series, and multivariable calculus for engineering and science applications.","Differentiation, integration, limit evaluation, partial derivatives, optimisation techniques",https://soict.daotao.ai/courses/MI1010,Undergraduate,4 Credits / 1 Semester,Khoi A00/A01. DGNL >= 750. IELTS 5.5+ for English-medium.
Hanoi University of Science and Technology (HUST),Computer Science,MI1020 Probability and Statistics,"Covers random variables, distributions, Bayes theorem, expectation, and limit theorems with engineering applications.","Probability modelling, Bayesian inference, Monte Carlo simulation, hypothesis testing, stochastic analysis",https://soict.daotao.ai/courses/MI1020,Undergraduate,3 Credits / 1 Semester,Khoi A00/A01. DGNL >= 750. IELTS 5.5+ for English-medium.
Hanoi University of Science and Technology (HUST),Computer Science,IT3052 Discrete Mathematics,"Introduces logic, set theory, combinatorics, graph theory, and proof techniques essential for computer science.","Formal proof writing, graph theory application, combinatorial counting, Boolean logic, mathematical induction",https://soict.daotao.ai/courses/IT3052,Undergraduate,3 Credits / 1 Semester,Khoi A00/A01. DGNL >= 750. IELTS 5.5+ for English-medium.
Hanoi University of Science and Technology (HUST),Computer Science,IT3180 Operating Systems,"Analyses process scheduling, memory management, file systems, and I/O handling with practical implementation labs.","Process scheduling, memory allocation, file system design, deadlock detection, system call programming",https://soict.daotao.ai/courses/IT3180,Undergraduate,3 Credits / 1 Semester,Khoi A00/A01. DGNL >= 750. IELTS 5.5+ for English-medium.
Hanoi University of Science and Technology (HUST),Computer Science,IT4040 Machine Learning,"Covers supervised learning, unsupervised learning, model evaluation, regularisation, and neural network fundamentals for predictive modelling.","Supervised model training, cross-validation, feature engineering, clustering algorithms, neural network design",https://soict.daotao.ai/courses/IT4040,Undergraduate,3 Credits / 1 Semester,Khoi A00/A01. DGNL >= 750. IELTS 5.5+ for English-medium.
Hanoi University of Science and Technology (HUST),Computer Science,IT3190 Artificial Intelligence,"Explores search algorithms, knowledge representation, planning, and reasoning under uncertainty.","Heuristic search, Bayesian reasoning, propositional logic, constraint satisfaction, decision tree construction",https://soict.daotao.ai/courses/IT3190,Undergraduate,3 Credits / 1 Semester,Khoi A00/A01. DGNL >= 750. IELTS 5.5+ for English-medium.
Hanoi University of Science and Technology (HUST),Computer Science,IT4409 Web Application Technologies,"Covers full-stack web development including front-end frameworks, RESTful APIs, authentication, and database integration.","HTML/CSS/JavaScript, REST API design, React or Vue.js, backend frameworks, database integration",https://soict.daotao.ai/courses/IT4409,Undergraduate,3 Credits / 1 Semester,Khoi A00/A01. DGNL >= 750. IELTS 5.5+ for English-medium.
Hanoi University of Science and Technology (HUST),Computer Science,IT4484 Information Security,"Studies access control, authentication, cryptography, network defence, and security policy for enterprise environments.","Access control design, public key cryptography, firewall configuration, security policy writing, risk assessment",https://soict.daotao.ai/courses/IT4484,Undergraduate,3 Credits / 1 Semester,Khoi A00/A01. DGNL >= 750. IELTS 5.5+ for English-medium.
Hanoi University of Science and Technology (HUST),Computer Science,IT3120 Compiler Design,"This module covers compiler design, part of the Computer Science programme at Hanoi University of Science and Technology (HUST). Students explore core theoretical and applied aspects, building competencies for professional practice.","Core compiler design concepts, theoretical framework application, analytical problem-solving, academic research skills, practical compiler design implementation",https://soict.daotao.ai/courses/IT3120,Undergraduate,3 Credits / 1 Semester,Khoi A00/A01. DGNL >= 750. IELTS 5.5+ for English-medium.
Hanoi University of Science and Technology (HUST),Computer Science,IT4483 Cloud Computing and Services,"Examines IaaS/PaaS/SaaS models with AWS/Azure/GCP hands-on, containerisation, and serverless computing.","Cloud provisioning, Docker containerisation, Kubernetes orchestration, serverless functions, cost optimisation",https://soict.daotao.ai/courses/IT4483,Undergraduate,3 Credits / 1 Semester,Khoi A00/A01. DGNL >= 750. IELTS 5.5+ for English-medium.
Hanoi University of Science and Technology (HUST),Computer Science,IT4020 Deep Learning,"Covers CNNs, RNNs, attention mechanisms, and transformers applied to computer vision and NLP tasks using modern frameworks.","CNN design, RNN sequence modelling, transformer fine-tuning, PyTorch/TensorFlow, transfer learning",https://soict.daotao.ai/courses/IT4020,Undergraduate,3 Credits / 1 Semester,Khoi A00/A01. DGNL >= 750. IELTS 5.5+ for English-medium.
Hanoi University of Science and Technology (HUST),Computer Science,IT4062 Natural Language Processing,"Covers tokenisation, language models, sentiment analysis, NER, and transformer-based models such as BERT.","Text preprocessing, language model evaluation, sentiment classification, NER extraction, BERT fine-tuning",https://soict.daotao.ai/courses/IT4062,Undergraduate,3 Credits / 1 Semester,Khoi A00/A01. DGNL >= 750. IELTS 5.5+ for English-medium.
Hanoi University of Science and Technology (HUST),Computer Science,IT4901 Senior Thesis,"This module covers senior thesis, part of the Computer Science programme at Hanoi University of Science and Technology (HUST). Students explore core theoretical and applied aspects, building competencies for professional practice.","Core senior thesis concepts, theoretical framework application, analytical problem-solving, academic research skills, practical senior thesis implementation",https://soict.daotao.ai/courses/IT4901,Undergraduate,9 Credits / 1 Semester,Khoi A00/A01. DGNL >= 750. IELTS 5.5+ for English-medium.
Hanoi University of Science and Technology (HUST),Data Science & Artificial Intelligence,IT4235 Computer Vision,"Covers image processing, feature extraction, object detection, and segmentation using classical and deep learning methods.","Image preprocessing, CNN classification, YOLO object detection, semantic segmentation, feature extraction",https://soict.daotao.ai/courses/IT4235,Undergraduate,3 Credits / 1 Semester,Khoi A00/A01/D07. Strong Mathematics. IELTS 5.5+.
Hanoi University of Science and Technology (HUST),Data Science & Artificial Intelligence,IT4863 Information Retrieval,"This module covers information retrieval, part of the Data Science & Artificial Intelligence programme at Hanoi University of Science and Technology (HUST). Students explore core theoretical and applied aspects, building competencies for professional practice.","Core information retrieval concepts, theoretical framework application, analytical problem-solving, academic research skills, practical information retrieval implementation",https://soict.daotao.ai/courses/IT4863,Undergraduate,3 Credits / 1 Semester,Khoi A00/A01/D07. Strong Mathematics. IELTS 5.5+.
Hanoi University of Science and Technology (HUST),Data Science & Artificial Intelligence,IT4429 Big Data,"Covers Hadoop, Apache Spark, real-time stream processing, and NoSQL storage for large-scale data pipelines.","Spark DataFrame programming, HDFS management, Kafka streaming, NoSQL querying, ETL pipeline design",https://soict.daotao.ai/courses/IT4429,Undergraduate,3 Credits / 1 Semester,Khoi A00/A01/D07. Strong Mathematics. IELTS 5.5+.
Hanoi University of Science and Technology (HUST),Data Science & Artificial Intelligence,IT4501 Recommender Systems,"This module covers recommender systems, part of the Data Science & Artificial Intelligence programme at Hanoi University of Science and Technology (HUST). Students explore core theoretical and applied aspects, building competencies for professional practice.","Core recommender systems concepts, theoretical framework application, analytical problem-solving, academic research skills, practical recommender systems implementation",https://soict.daotao.ai/courses/IT4501,Undergraduate,3 Credits / 1 Semester,Khoi A00/A01/D07. Strong Mathematics. IELTS 5.5+.
Hanoi University of Science and Technology (HUST),Data Science & Artificial Intelligence,IT4735 Reinforcement Learning,"This module covers reinforcement learning, part of the Data Science & Artificial Intelligence programme at Hanoi University of Science and Technology (HUST). Students explore core theoretical and applied aspects, building competencies for professional practice.","Core reinforcement learning concepts, theoretical framework application, analytical problem-solving, academic research skills, practical reinforcement learning implementation",https://soict.daotao.ai/courses/IT4735,Undergraduate,3 Credits / 1 Semester,Khoi A00/A01/D07. Strong Mathematics. IELTS 5.5+.
Hanoi University of Science and Technology (HUST),Data Science & Artificial Intelligence,IT4594 Graph Neural Networks,"This module covers graph neural networks, part of the Data Science & Artificial Intelligence programme at Hanoi University of Science and Technology (HUST). Students explore core theoretical and applied aspects, building competencies for professional practice.","Core graph neural networks concepts, theoretical framework application, analytical problem-solving, academic research skills, practical graph neural networks implementation",https://soict.daotao.ai/courses/IT4594,Undergraduate,3 Credits / 1 Semester,Khoi A00/A01/D07. Strong Mathematics. IELTS 5.5+.
Hanoi University of Science and Technology (HUST),Data Science & Artificial Intelligence,IT4613 Time Series Analysis,"This module covers time series analysis, part of the Data Science & Artificial Intelligence programme at Hanoi University of Science and Technology (HUST). Students explore core theoretical and applied aspects, building competencies for professional practice.","Core time series analysis concepts, theoretical framework application, analytical problem-solving, academic research skills, practical time series analysis implementation",https://soict.daotao.ai/courses/IT4613,Undergraduate,3 Credits / 1 Semester,Khoi A00/A01/D07. Strong Mathematics. IELTS 5.5+.
Hanoi University of Science and Technology (HUST),Data Science & Artificial Intelligence,IT4621 MLOps,"This module covers mlops, part of the Data Science & Artificial Intelligence programme at Hanoi University of Science and Technology (HUST). Students explore core theoretical and applied aspects, building competencies for professional practice.","Core mlops concepts, theoretical framework application, analytical problem-solving, academic research skills, practical mlops implementation",https://soict.daotao.ai/courses/IT4621,Undergraduate,3 Credits / 1 Semester,Khoi A00/A01/D07. Strong Mathematics. IELTS 5.5+.
Hanoi University of Science and Technology (HUST),Data Science & Artificial Intelligence,IT4901 DS/AI Thesis,"This module covers ds/ai thesis, part of the Data Science & Artificial Intelligence programme at Hanoi University of Science and Technology (HUST). Students explore core theoretical and applied aspects, building competencies for professional practice.","Core ds/ai thesis concepts, theoretical framework application, analytical problem-solving, academic research skills, practical ds/ai thesis implementation",https://soict.daotao.ai/courses/IT4901,Undergraduate,9 Credits / 1 Semester,Khoi A00/A01/D07. Strong Mathematics. IELTS 5.5+.
Hanoi University of Science and Technology (HUST),Software Engineering,IT4082 Software Engineering,"Covers the full SDLC from requirements through design, implementation, testing, and maintenance, emphasising agile methods.","Requirements documentation, UML modelling, agile sprint planning, integration testing, Git version control",https://soict.daotao.ai/courses/IT4082,Undergraduate,3 Credits / 1 Semester,Khoi A00/A01. IELTS 5.5+.
Hanoi University of Science and Technology (HUST),Software Engineering,IT4025 Object-Oriented Design,"This module covers object-oriented design, part of the Software Engineering programme at Hanoi University of Science and Technology (HUST). Students explore core theoretical and applied aspects, building competencies for professional practice.","Core object-oriented design concepts, theoretical framework application, analytical problem-solving, academic research skills, practical object-oriented design implementation",https://soict.daotao.ai/courses/IT4025,Undergraduate,3 Credits / 1 Semester,Khoi A00/A01. IELTS 5.5+.
Hanoi University of Science and Technology (HUST),Software Engineering,IT4015 Mobile App Development,"Covers Android and iOS app development including UI design, data persistence, API consumption, and app store deployment.","Android/iOS UI design, REST API consumption, local storage, push notifications, app publishing",https://soict.daotao.ai/courses/IT4015,Undergraduate,3 Credits / 1 Semester,Khoi A00/A01. IELTS 5.5+.
Hanoi University of Science and Technology (HUST),Software Engineering,IT4172 Software Testing,"This module covers software testing, part of the Software Engineering programme at Hanoi University of Science and Technology (HUST). Students explore core theoretical and applied aspects, building competencies for professional practice.","Core software testing concepts, theoretical framework application, analytical problem-solving, academic research skills, practical software testing implementation",https://soict.daotao.ai/courses/IT4172,Undergraduate,3 Credits / 1 Semester,Khoi A00/A01. IELTS 5.5+.
Hanoi University of Science and Technology (HUST),Software Engineering,IT4023 Software Architecture,"This module covers software architecture, part of the Software Engineering programme at Hanoi University of Science and Technology (HUST). Students explore core theoretical and applied aspects, building competencies for professional practice.","Core software architecture concepts, theoretical framework application, analytical problem-solving, academic research skills, practical software architecture implementation",https://soict.daotao.ai/courses/IT4023,Undergraduate,3 Credits / 1 Semester,Khoi A00/A01. IELTS 5.5+.
Hanoi University of Science and Technology (HUST),Software Engineering,IT4483 Cloud Computing,"Examines IaaS/PaaS/SaaS models with AWS/Azure/GCP hands-on, containerisation, and serverless computing.","Cloud provisioning, Docker containerisation, Kubernetes orchestration, serverless functions, cost optimisation",https://soict.daotao.ai/courses/IT4483,Undergraduate,3 Credits / 1 Semester,Khoi A00/A01. IELTS 5.5+.
Hanoi University of Science and Technology (HUST),Software Engineering,IT4663 DevOps and CI/CD,"This module covers devops and ci/cd, part of the Software Engineering programme at Hanoi University of Science and Technology (HUST). Students explore core theoretical and applied aspects, building competencies for professional practice.","Core devops and ci/cd concepts, theoretical framework application, analytical problem-solving, academic research skills, practical devops and ci/cd implementation",https://soict.daotao.ai/courses/IT4663,Undergraduate,3 Credits / 1 Semester,Khoi A00/A01. IELTS 5.5+.
Hanoi University of Science and Technology (HUST),Software Engineering,IT4681 Agile Methods,"This module covers agile methods, part of the Software Engineering programme at Hanoi University of Science and Technology (HUST). Students explore core theoretical and applied aspects, building competencies for professional practice.","Core agile methods concepts, theoretical framework application, analytical problem-solving, academic research skills, practical agile methods implementation",https://soict.daotao.ai/courses/IT4681,Undergraduate,3 Credits / 1 Semester,Khoi A00/A01. IELTS 5.5+.
Hanoi University of Science and Technology (HUST),Software Engineering,IT4043 UI/UX Design,"This module covers ui/ux design, part of the Software Engineering programme at Hanoi University of Science and Technology (HUST). Students explore core theoretical and applied aspects, building competencies for professional practice.","Core ui/ux design concepts, theoretical framework application, analytical problem-solving, academic research skills, practical ui/ux design implementation",https://soict.daotao.ai/courses/IT4043,Undergraduate,3 Credits / 1 Semester,Khoi A00/A01. IELTS 5.5+.
Hanoi University of Science and Technology (HUST),Software Engineering,IT4901 Software Engineering Thesis,"Covers the full SDLC from requirements through design, implementation, testing, and maintenance, emphasising agile methods.","Requirements documentation, UML modelling, agile sprint planning, integration testing, Git version control",https://soict.daotao.ai/courses/IT4901,Undergraduate,9 Credits / 1 Semester,Khoi A00/A01. IELTS 5.5+.
Hanoi University of Science and Technology (HUST),Electrical Engineering,EE3010 Circuit Theory 1,"Studies electrical circuit analysis using KVL/KCL, Thevenin/Norton theorems, AC phasors, and transient analysis.","KVL/KCL application, Thevenin equivalent circuit, AC phasor analysis, transient response, circuit simulation",https://seee.hust.edu.vn/,Undergraduate,3 Credits / 1 Semester,Khoi A00/A01. Strong Physics.
Hanoi University of Science and Technology (HUST),Electrical Engineering,EE3011 Circuit Theory 2,"Studies electrical circuit analysis using KVL/KCL, Thevenin/Norton theorems, AC phasors, and transient analysis.","KVL/KCL application, Thevenin equivalent circuit, AC phasor analysis, transient response, circuit simulation",https://seee.hust.edu.vn/,Undergraduate,3 Credits / 1 Semester,Khoi A00/A01. Strong Physics.
Hanoi University of Science and Technology (HUST),Electrical Engineering,EE3020 Electronics 1,"Covers semiconductor physics, diode and transistor circuits, op-amps, and digital logic design.","Diode circuit analysis, transistor biasing, op-amp circuit design, digital logic implementation, circuit simulation",https://seee.hust.edu.vn/,Undergraduate,3 Credits / 1 Semester,Khoi A00/A01. Strong Physics.
Hanoi University of Science and Technology (HUST),Electrical Engineering,EE3021 Electronics 2,"Covers semiconductor physics, diode and transistor circuits, op-amps, and digital logic design.","Diode circuit analysis, transistor biasing, op-amp circuit design, digital logic implementation, circuit simulation",https://seee.hust.edu.vn/,Undergraduate,3 Credits / 1 Semester,Khoi A00/A01. Strong Physics.
Hanoi University of Science and Technology (HUST),Electrical Engineering,EE3030 Signals and Systems,"This module covers signals and systems, part of the Electrical Engineering programme at Hanoi University of Science and Technology (HUST). Students explore core theoretical and applied aspects, building competencies for professional practice.","Core signals and systems concepts, theoretical framework application, analytical problem-solving, academic research skills, practical signals and systems implementation",https://seee.hust.edu.vn/,Undergraduate,3 Credits / 1 Semester,Khoi A00/A01. Strong Physics.
Hanoi University of Science and Technology (HUST),Electrical Engineering,EE3040 Electromagnetic Fields,"This module covers electromagnetic fields, part of the Electrical Engineering programme at Hanoi University of Science and Technology (HUST). Students explore core theoretical and applied aspects, building competencies for professional practice.","Core electromagnetic fields concepts, theoretical framework application, analytical problem-solving, academic research skills, practical electromagnetic fields implementation",https://seee.hust.edu.vn/,Undergraduate,3 Credits / 1 Semester,Khoi A00/A01. Strong Physics.
Hanoi University of Science and Technology (HUST),Electrical Engineering,EE4010 Power Systems,"Covers power generation, transmission, distribution, and protection systems.","Power flow analysis, fault calculation, protection coordination, transformer design, grid stability",https://seee.hust.edu.vn/,Undergraduate,3 Credits / 1 Semester,Khoi A00/A01. Strong Physics.
Hanoi University of Science and Technology (HUST),Electrical Engineering,EE4011 Power Electronics,"Covers semiconductor physics, diode and transistor circuits, op-amps, and digital logic design.","Diode circuit analysis, transistor biasing, op-amp circuit design, digital logic implementation, circuit simulation",https://seee.hust.edu.vn/,Undergraduate,3 Credits / 1 Semester,Khoi A00/A01. Strong Physics.
Hanoi University of Science and Technology (HUST),Electrical Engineering,EE4020 Control Engineering,"Studies feedback control systems, PID controllers, stability analysis, and state-space methods.","PID controller tuning, stability analysis, Bode plot interpretation, state-space modelling, digital control design",https://seee.hust.edu.vn/,Undergraduate,3 Credits / 1 Semester,Khoi A00/A01. Strong Physics.
Hanoi University of Science and Technology (HUST),Electrical Engineering,EE4030 Electric Machines,"This module covers electric machines, part of the Electrical Engineering programme at Hanoi University of Science and Technology (HUST). Students explore core theoretical and applied aspects, building competencies for professional practice.","Core electric machines concepts, theoretical framework application, analytical problem-solving, academic research skills, practical electric machines implementation",https://seee.hust.edu.vn/,Undergraduate,3 Credits / 1 Semester,Khoi A00/A01. Strong Physics.
Hanoi University of Science and Technology (HUST),Electrical Engineering,EE4040 Digital Signal Processing,"Covers Fourier transforms, FIR/IIR filtering, and spectral analysis for communications and audio applications.","Fourier transform application, FIR/IIR filter design, spectrum analysis, sampling theorem, noise reduction",https://seee.hust.edu.vn/,Undergraduate,3 Credits / 1 Semester,Khoi A00/A01. Strong Physics.
Hanoi University of Science and Technology (HUST),Electrical Engineering,EE4050 Renewable Energy Systems,"Examines solar, wind, hydro, and bioenergy systems including resource assessment, design, and grid integration.","Solar irradiance analysis, wind turbine sizing, grid integration, energy storage, techno-economic assessment",https://seee.hust.edu.vn/,Undergraduate,3 Credits / 1 Semester,Khoi A00/A01. Strong Physics.
Hanoi University of Science and Technology (HUST),Electrical Engineering,EE4060 PLC and Industrial Automation,"This module covers plc and industrial automation, part of the Electrical Engineering programme at Hanoi University of Science and Technology (HUST). Students explore core theoretical and applied aspects, building competencies for professional practice.","Core plc and industrial automation concepts, theoretical framework application, analytical problem-solving, academic research skills, practical plc and industrial automation implementation",https://seee.hust.edu.vn/,Undergraduate,3 Credits / 1 Semester,Khoi A00/A01. Strong Physics.
Hanoi University of Science and Technology (HUST),Electrical Engineering,EE4070 High Voltage Engineering,"This module covers high voltage engineering, part of the Electrical Engineering programme at Hanoi University of Science and Technology (HUST). Students explore core theoretical and applied aspects, building competencies for professional practice.","Core high voltage engineering concepts, theoretical framework application, analytical problem-solving, academic research skills, practical high voltage engineering implementation",https://seee.hust.edu.vn/,Undergraduate,3 Credits / 1 Semester,Khoi A00/A01. Strong Physics.
Hanoi University of Science and Technology (HUST),Electrical Engineering,EE4901 Electrical Engineering Thesis,"This module covers electrical engineering thesis, part of the Electrical Engineering programme at Hanoi University of Science and Technology (HUST). Students explore core theoretical and applied aspects, building competencies for professional practice.","Core electrical engineering thesis concepts, theoretical framework application, analytical problem-solving, academic research skills, practical electrical engineering thesis implementation",https://seee.hust.edu.vn/,Undergraduate,9 Credits / 1 Semester,Khoi A00/A01. Strong Physics.
Hanoi University of Science and Technology (HUST),Business Administration,EM1010 Principles of Economics,Analyses individual and firm behaviour and national economic systems with policy implications.,"Supply-demand analysis, elasticity calculation, game theory, GDP interpretation, fiscal policy assessment",https://seam.hust.edu.vn/,Undergraduate,3 Credits / 1 Semester,Khoi A00/A01/D01. IELTS 5.5+.
Hanoi University of Science and Technology (HUST),Business Administration,EM1020 Introduction to Management,"Covers planning, organising, leading, and controlling including strategy, change management, and organisational behaviour.","Strategic planning, team leadership, change management, performance measurement, stakeholder analysis",https://seam.hust.edu.vn/,Undergraduate,3 Credits / 1 Semester,Khoi A00/A01/D01. IELTS 5.5+.
Hanoi University of Science and Technology (HUST),Business Administration,ACC1010 Financial Accounting,"Introduces financial and managerial accounting including double-entry bookkeeping, financial statement preparation, and cost accounting.","Double-entry bookkeeping, balance sheet preparation, income statement analysis, CVP analysis, ratio interpretation",https://seam.hust.edu.vn/,Undergraduate,3 Credits / 1 Semester,Khoi A00/A01/D01. IELTS 5.5+.
Hanoi University of Science and Technology (HUST),Business Administration,EM2010 Marketing Management,"Covers planning, organising, leading, and controlling including strategy, change management, and organisational behaviour.","Strategic planning, team leadership, change management, performance measurement, stakeholder analysis",https://seam.hust.edu.vn/,Undergraduate,3 Credits / 1 Semester,Khoi A00/A01/D01. IELTS 5.5+.
Hanoi University of Science and Technology (HUST),Business Administration,EM2020 Human Resource Management,"Covers recruitment, performance management, training, compensation, and employment law.","Recruitment design, performance appraisal, training needs analysis, compensation benchmarking, HR policy formulation",https://seam.hust.edu.vn/,Undergraduate,3 Credits / 1 Semester,Khoi A00/A01/D01. IELTS 5.5+.
Hanoi University of Science and Technology (HUST),Business Administration,EM3110 Financial Management,"Covers planning, organising, leading, and controlling including strategy, change management, and organisational behaviour.","Strategic planning, team leadership, change management, performance measurement, stakeholder analysis",https://seam.hust.edu.vn/,Undergraduate,3 Credits / 1 Semester,Khoi A00/A01/D01. IELTS 5.5+.
Hanoi University of Science and Technology (HUST),Business Administration,EM3120 Operations Management,"Covers planning, organising, leading, and controlling including strategy, change management, and organisational behaviour.","Strategic planning, team leadership, change management, performance measurement, stakeholder analysis",https://seam.hust.edu.vn/,Undergraduate,3 Credits / 1 Semester,Khoi A00/A01/D01. IELTS 5.5+.
Hanoi University of Science and Technology (HUST),Business Administration,EM3130 Supply Chain Management,"Covers supply chain design, procurement, inventory management, demand forecasting, and logistics optimisation.","Inventory optimisation, demand forecasting, supplier evaluation, logistics cost analysis, risk management",https://seam.hust.edu.vn/,Undergraduate,3 Credits / 1 Semester,Khoi A00/A01/D01. IELTS 5.5+.
Hanoi University of Science and Technology (HUST),Business Administration,EM3140 Entrepreneurship and Innovation,Guides students from opportunity recognition through business model development and lean startup methodology.,"Business model canvas, lean startup, market validation, investor pitch, financial forecasting",https://seam.hust.edu.vn/,Undergraduate,3 Credits / 1 Semester,Khoi A00/A01/D01. IELTS 5.5+.
Hanoi University of Science and Technology (HUST),Business Administration,EM4110 Strategic Management,"Covers planning, organising, leading, and controlling including strategy, change management, and organisational behaviour.","Strategic planning, team leadership, change management, performance measurement, stakeholder analysis",https://seam.hust.edu.vn/,Undergraduate,3 Credits / 1 Semester,Khoi A00/A01/D01. IELTS 5.5+.
Hanoi University of Science and Technology (HUST),Business Administration,EM4120 Corporate Finance,"This module covers corporate finance, part of the Business Administration programme at Hanoi University of Science and Technology (HUST). Students explore core theoretical and applied aspects, building competencies for professional practice.","Core corporate finance concepts, theoretical framework application, analytical problem-solving, academic research skills, practical corporate finance implementation",https://seam.hust.edu.vn/,Undergraduate,3 Credits / 1 Semester,Khoi A00/A01/D01. IELTS 5.5+.
Hanoi University of Science and Technology (HUST),Business Administration,EM4130 Digital Business,"This module covers digital business, part of the Business Administration programme at Hanoi University of Science and Technology (HUST). Students explore core theoretical and applied aspects, building competencies for professional practice.","Core digital business concepts, theoretical framework application, analytical problem-solving, academic research skills, practical digital business implementation",https://seam.hust.edu.vn/,Undergraduate,3 Credits / 1 Semester,Khoi A00/A01/D01. IELTS 5.5+.
Hanoi University of Science and Technology (HUST),Business Administration,EM4140 Project Management,"Covers project planning, execution, monitoring, and closure using agile and waterfall methodologies.","Gantt scheduling, risk management, agile sprint planning, stakeholder communication, cost variance analysis",https://seam.hust.edu.vn/,Undergraduate,3 Credits / 1 Semester,Khoi A00/A01/D01. IELTS 5.5+.
Hanoi University of Science and Technology (HUST),Business Administration,EM4901 Business Administration Thesis,"This module covers business administration thesis, part of the Business Administration programme at Hanoi University of Science and Technology (HUST). Students explore core theoretical and applied aspects, building competencies for professional practice.","Core business administration thesis concepts, theoretical framework application, analytical problem-solving, academic research skills, practical business administration thesis implementation",https://seam.hust.edu.vn/,Undergraduate,9 Credits / 1 Semester,Khoi A00/A01/D01. IELTS 5.5+.
FPT University,Software Engineering,PRF192 Programming Fundamentals,"This module covers programming fundamentals, part of the Software Engineering programme at FPT University. Students explore core theoretical and applied aspects, building competencies for professional practice.","Core programming fundamentals concepts, theoretical framework application, analytical problem-solving, academic research skills, practical programming fundamentals implementation",https://daihoc.fpt.edu.vn/,Undergraduate,3 Credits / 1 Semester,Khoi A00/A01. IELTS 5.5+.
FPT University,Software Engineering,PRO192 Object-Oriented Programming,"This module covers object-oriented programming, part of the Software Engineering programme at FPT University. Students explore core theoretical and applied aspects, building competencies for professional practice.","Core object-oriented programming concepts, theoretical framework application, analytical problem-solving, academic research skills, practical object-oriented programming implementation",https://daihoc.fpt.edu.vn/,Undergraduate,3 Credits / 1 Semester,Khoi A00/A01. IELTS 5.5+.
FPT University,Software Engineering,OSG202 Operating Systems,"Analyses process scheduling, memory management, file systems, and I/O handling with practical implementation labs.","Process scheduling, memory allocation, file system design, deadlock detection, system call programming",https://daihoc.fpt.edu.vn/,Undergraduate,3 Credits / 1 Semester,Khoi A00/A01. IELTS 5.5+.
FPT University,Software Engineering,NWC203 Computer Networks,"Studies OSI and TCP/IP network architectures, routing, switching, HTTP, DNS, and network security protocols.","TCP/IP configuration, routing protocol analysis, socket programming, network security evaluation, Wireshark analysis",https://daihoc.fpt.edu.vn/,Undergraduate,3 Credits / 1 Semester,Khoi A00/A01. IELTS 5.5+.
FPT University,Software Engineering,DBI202 Introduction to Databases,"Examines relational database design, SQL querying, normalisation theory, transaction management, and indexing strategies.","SQL query writing, ER diagram design, normalisation, transaction management, index optimisation",https://daihoc.fpt.edu.vn/,Undergraduate,3 Credits / 1 Semester,Khoi A00/A01. IELTS 5.5+.
FPT University,Software Engineering,CSD203 Data Structures and Algorithms,"Covers fundamental data organisation techniques including arrays, linked lists, stacks, queues, trees, heaps, and hash tables. Students analyse time and space complexity and apply structures to solve real computational problems.","Array manipulation, linked list operations, binary tree traversal, hash table design, stack and queue implementation",https://daihoc.fpt.edu.vn/,Undergraduate,3 Credits / 1 Semester,Khoi A00/A01. IELTS 5.5+.
FPT University,Software Engineering,SWE201c Introduction to Software Engineering,"Covers the full SDLC from requirements through design, implementation, testing, and maintenance, emphasising agile methods.","Requirements documentation, UML modelling, agile sprint planning, integration testing, Git version control",https://daihoc.fpt.edu.vn/,Undergraduate,3 Credits / 1 Semester,Khoi A00/A01. IELTS 5.5+.
FPT University,Software Engineering,SWT301 Software Testing,"This module covers software testing, part of the Software Engineering programme at FPT University. Students explore core theoretical and applied aspects, building competencies for professional practice.","Core software testing concepts, theoretical framework application, analytical problem-solving, academic research skills, practical software testing implementation",https://daihoc.fpt.edu.vn/,Undergraduate,3 Credits / 1 Semester,Khoi A00/A01. IELTS 5.5+.
FPT University,Software Engineering,SWD392 Web Development Frameworks,"Covers full-stack web development including front-end frameworks, RESTful APIs, authentication, and database integration.","HTML/CSS/JavaScript, REST API design, React or Vue.js, backend frameworks, database integration",https://daihoc.fpt.edu.vn/,Undergraduate,3 Credits / 1 Semester,Khoi A00/A01. IELTS 5.5+.
FPT University,Software Engineering,PRN212 Windows Programming,"This module covers windows programming, part of the Software Engineering programme at FPT University. Students explore core theoretical and applied aspects, building competencies for professional practice.","Core windows programming concepts, theoretical framework application, analytical problem-solving, academic research skills, practical windows programming implementation",https://daihoc.fpt.edu.vn/,Undergraduate,3 Credits / 1 Semester,Khoi A00/A01. IELTS 5.5+.
FPT University,Software Engineering,MMA301 Mobile Application Development,"Covers Android and iOS app development including UI design, data persistence, API consumption, and app store deployment.","Android/iOS UI design, REST API consumption, local storage, push notifications, app publishing",https://daihoc.fpt.edu.vn/,Undergraduate,3 Credits / 1 Semester,Khoi A00/A01. IELTS 5.5+.
FPT University,Software Engineering,SWT401 Advanced Software Testing,"This module covers advanced software testing, part of the Software Engineering programme at FPT University. Students explore core theoretical and applied aspects, building competencies for professional practice.","Core advanced software testing concepts, theoretical framework application, analytical problem-solving, academic research skills, practical advanced software testing implementation",https://daihoc.fpt.edu.vn/,Undergraduate,3 Credits / 1 Semester,Khoi A00/A01. IELTS 5.5+.
FPT University,Software Engineering,PRN301 .NET and C# Advanced,"This module covers .net and c# advanced, part of the Software Engineering programme at FPT University. Students explore core theoretical and applied aspects, building competencies for professional practice.","Core .net and c# advanced concepts, theoretical framework application, analytical problem-solving, academic research skills, practical .net and c# advanced implementation",https://daihoc.fpt.edu.vn/,Undergraduate,3 Credits / 1 Semester,Khoi A00/A01. IELTS 5.5+.
FPT University,Software Engineering,SWP391 Software Development Project,"This module covers software development project, part of the Software Engineering programme at FPT University. Students explore core theoretical and applied aspects, building competencies for professional practice.","Core software development project concepts, theoretical framework application, analytical problem-solving, academic research skills, practical software development project implementation",https://daihoc.fpt.edu.vn/,Undergraduate,4 Credits / 1 Semester,Khoi A00/A01. IELTS 5.5+.
FPT University,Software Engineering,SWP490 Graduation Thesis,"This module covers graduation thesis, part of the Software Engineering programme at FPT University. Students explore core theoretical and applied aspects, building competencies for professional practice.","Core graduation thesis concepts, theoretical framework application, analytical problem-solving, academic research skills, practical graduation thesis implementation",https://daihoc.fpt.edu.vn/,Undergraduate,10 Credits / 1 Semester,Khoi A00/A01. IELTS 5.5+.
FPT University,Artificial Intelligence,MLN111 Machine Learning Fundamentals,"Covers supervised learning, unsupervised learning, model evaluation, regularisation, and neural network fundamentals for predictive modelling.","Supervised model training, cross-validation, feature engineering, clustering algorithms, neural network design",https://daihoc.fpt.edu.vn/,Undergraduate,3 Credits / 1 Semester,Khoi A00/A01. DGNL >= 800. IELTS 5.5+.
FPT University,Artificial Intelligence,AIG201c Artificial Intelligence,"Explores search algorithms, knowledge representation, planning, and reasoning under uncertainty.","Heuristic search, Bayesian reasoning, propositional logic, constraint satisfaction, decision tree construction",https://daihoc.fpt.edu.vn/,Undergraduate,3 Credits / 1 Semester,Khoi A00/A01. DGNL >= 800. IELTS 5.5+.
FPT University,Artificial Intelligence,MLN131 Deep Learning,"Covers CNNs, RNNs, attention mechanisms, and transformers applied to computer vision and NLP tasks using modern frameworks.","CNN design, RNN sequence modelling, transformer fine-tuning, PyTorch/TensorFlow, transfer learning",https://daihoc.fpt.edu.vn/,Undergraduate,3 Credits / 1 Semester,Khoi A00/A01. DGNL >= 800. IELTS 5.5+.
FPT University,Artificial Intelligence,BDI301 Big Data Analytics,"Covers Hadoop, Apache Spark, real-time stream processing, and NoSQL storage for large-scale data pipelines.","Spark DataFrame programming, HDFS management, Kafka streaming, NoSQL querying, ETL pipeline design",https://daihoc.fpt.edu.vn/,Undergraduate,3 Credits / 1 Semester,Khoi A00/A01. DGNL >= 800. IELTS 5.5+.
FPT University,Artificial Intelligence,MAE101 Mathematics for Engineering,"This module covers mathematics for engineering, part of the Artificial Intelligence programme at FPT University. Students explore core theoretical and applied aspects, building competencies for professional practice.","Core mathematics for engineering concepts, theoretical framework application, analytical problem-solving, academic research skills, practical mathematics for engineering implementation",https://daihoc.fpt.edu.vn/,Undergraduate,3 Credits / 1 Semester,Khoi A00/A01. DGNL >= 800. IELTS 5.5+.
FPT University,Artificial Intelligence,SSG104 Statistics,"This module covers statistics, part of the Artificial Intelligence programme at FPT University. Students explore core theoretical and applied aspects, building competencies for professional practice.","Core statistics concepts, theoretical framework application, analytical problem-solving, academic research skills, practical statistics implementation",https://daihoc.fpt.edu.vn/,Undergraduate,3 Credits / 1 Semester,Khoi A00/A01. DGNL >= 800. IELTS 5.5+.
FPT University,Artificial Intelligence,IOT102 Introduction to IoT,"This module covers introduction to iot, part of the Artificial Intelligence programme at FPT University. Students explore core theoretical and applied aspects, building competencies for professional practice.","Core introduction to iot concepts, theoretical framework application, analytical problem-solving, academic research skills, practical introduction to iot implementation",https://daihoc.fpt.edu.vn/,Undergraduate,3 Credits / 1 Semester,Khoi A00/A01. DGNL >= 800. IELTS 5.5+.
FPT University,Artificial Intelligence,NLP301 Natural Language Processing,"Covers tokenisation, language models, sentiment analysis, NER, and transformer-based models such as BERT.","Text preprocessing, language model evaluation, sentiment classification, NER extraction, BERT fine-tuning",https://daihoc.fpt.edu.vn/,Undergraduate,3 Credits / 1 Semester,Khoi A00/A01. DGNL >= 800. IELTS 5.5+.
FPT University,Artificial Intelligence,CVS301 Computer Vision,"Covers image processing, feature extraction, object detection, and segmentation using classical and deep learning methods.","Image preprocessing, CNN classification, YOLO object detection, semantic segmentation, feature extraction",https://daihoc.fpt.edu.vn/,Undergraduate,3 Credits / 1 Semester,Khoi A00/A01. DGNL >= 800. IELTS 5.5+.
FPT University,Artificial Intelligence,RLB301 Reinforcement Learning,"This module covers reinforcement learning, part of the Artificial Intelligence programme at FPT University. Students explore core theoretical and applied aspects, building competencies for professional practice.","Core reinforcement learning concepts, theoretical framework application, analytical problem-solving, academic research skills, practical reinforcement learning implementation",https://daihoc.fpt.edu.vn/,Undergraduate,3 Credits / 1 Semester,Khoi A00/A01. DGNL >= 800. IELTS 5.5+.
FPT University,Artificial Intelligence,AIE301 AI in Healthcare,"This module covers ai in healthcare, part of the Artificial Intelligence programme at FPT University. Students explore core theoretical and applied aspects, building competencies for professional practice.","Core ai in healthcare concepts, theoretical framework application, analytical problem-solving, academic research skills, practical ai in healthcare implementation",https://daihoc.fpt.edu.vn/,Undergraduate,3 Credits / 1 Semester,Khoi A00/A01. DGNL >= 800. IELTS 5.5+.
FPT University,Artificial Intelligence,MLO301 Machine Learning Operations,"Covers supervised learning, unsupervised learning, model evaluation, regularisation, and neural network fundamentals for predictive modelling.","Supervised model training, cross-validation, feature engineering, clustering algorithms, neural network design",https://daihoc.fpt.edu.vn/,Undergraduate,3 Credits / 1 Semester,Khoi A00/A01. DGNL >= 800. IELTS 5.5+.
FPT University,Artificial Intelligence,CAP491 AI Capstone,"This module covers ai capstone, part of the Artificial Intelligence programme at FPT University. Students explore core theoretical and applied aspects, building competencies for professional practice.","Core ai capstone concepts, theoretical framework application, analytical problem-solving, academic research skills, practical ai capstone implementation",https://daihoc.fpt.edu.vn/,Undergraduate,10 Credits / 1 Semester,Khoi A00/A01. DGNL >= 800. IELTS 5.5+.
FPT University,Information Security,CYB201c Cybersecurity Fundamentals,"Covers cryptography, authentication, network security, secure coding, and ethical hacking fundamentals.","Cryptographic protocols, penetration testing, vulnerability scanning, secure coding practices, incident response",https://daihoc.fpt.edu.vn/,Undergraduate,3 Credits / 1 Semester,Khoi A00/A01. IELTS 5.5+.
FPT University,Information Security,CYB301 Network Security,"This module covers network security, part of the Information Security programme at FPT University. Students explore core theoretical and applied aspects, building competencies for professional practice.","Core network security concepts, theoretical framework application, analytical problem-solving, academic research skills, practical network security implementation",https://daihoc.fpt.edu.vn/,Undergraduate,3 Credits / 1 Semester,Khoi A00/A01. IELTS 5.5+.
FPT University,Information Security,CYB302 Cryptography,"This module covers cryptography, part of the Information Security programme at FPT University. Students explore core theoretical and applied aspects, building competencies for professional practice.","Core cryptography concepts, theoretical framework application, analytical problem-solving, academic research skills, practical cryptography implementation",https://daihoc.fpt.edu.vn/,Undergraduate,3 Credits / 1 Semester,Khoi A00/A01. IELTS 5.5+.
FPT University,Information Security,CYB303 Ethical Hacking and Penetration Testing,"This module covers ethical hacking and penetration testing, part of the Information Security programme at FPT University. Students explore core theoretical and applied aspects, building competencies for professional practice.","Core ethical hacking and penetration testing concepts, theoretical framework application, analytical problem-solving, academic research skills, practical ethical hacking and penetration testing implementation",https://daihoc.fpt.edu.vn/,Undergraduate,3 Credits / 1 Semester,Khoi A00/A01. IELTS 5.5+.
FPT University,Information Security,CYB304 Digital Forensics,"This module covers digital forensics, part of the Information Security programme at FPT University. Students explore core theoretical and applied aspects, building competencies for professional practice.","Core digital forensics concepts, theoretical framework application, analytical problem-solving, academic research skills, practical digital forensics implementation",https://daihoc.fpt.edu.vn/,Undergraduate,3 Credits / 1 Semester,Khoi A00/A01. IELTS 5.5+.
FPT University,Information Security,CYB305 Secure Software Development,"This module covers secure software development, part of the Information Security programme at FPT University. Students explore core theoretical and applied aspects, building competencies for professional practice.","Core secure software development concepts, theoretical framework application, analytical problem-solving, academic research skills, practical secure software development implementation",https://daihoc.fpt.edu.vn/,Undergraduate,3 Credits / 1 Semester,Khoi A00/A01. IELTS 5.5+.
FPT University,Information Security,CYB306 Web Application Security,"Covers full-stack web development including front-end frameworks, RESTful APIs, authentication, and database integration.","HTML/CSS/JavaScript, REST API design, React or Vue.js, backend frameworks, database integration",https://daihoc.fpt.edu.vn/,Undergraduate,3 Credits / 1 Semester,Khoi A00/A01. IELTS 5.5+.
FPT University,Information Security,CYB307 Malware Analysis,"This module covers malware analysis, part of the Information Security programme at FPT University. Students explore core theoretical and applied aspects, building competencies for professional practice.","Core malware analysis concepts, theoretical framework application, analytical problem-solving, academic research skills, practical malware analysis implementation",https://daihoc.fpt.edu.vn/,Undergraduate,3 Credits / 1 Semester,Khoi A00/A01. IELTS 5.5+.
FPT University,Information Security,CYB401 Cloud Security,"This module covers cloud security, part of the Information Security programme at FPT University. Students explore core theoretical and applied aspects, building competencies for professional practice.","Core cloud security concepts, theoretical framework application, analytical problem-solving, academic research skills, practical cloud security implementation",https://daihoc.fpt.edu.vn/,Undergraduate,3 Credits / 1 Semester,Khoi A00/A01. IELTS 5.5+.
FPT University,Information Security,CYB402 Security Operations Centre,"This module covers security operations centre, part of the Information Security programme at FPT University. Students explore core theoretical and applied aspects, building competencies for professional practice.","Core security operations centre concepts, theoretical framework application, analytical problem-solving, academic research skills, practical security operations centre implementation",https://daihoc.fpt.edu.vn/,Undergraduate,3 Credits / 1 Semester,Khoi A00/A01. IELTS 5.5+.
FPT University,Information Security,CYB403 IoT Security,"This module covers iot security, part of the Information Security programme at FPT University. Students explore core theoretical and applied aspects, building competencies for professional practice.","Core iot security concepts, theoretical framework application, analytical problem-solving, academic research skills, practical iot security implementation",https://daihoc.fpt.edu.vn/,Undergraduate,3 Credits / 1 Semester,Khoi A00/A01. IELTS 5.5+.
FPT University,Information Security,CAP492 Security Capstone,"This module covers security capstone, part of the Information Security programme at FPT University. Students explore core theoretical and applied aspects, building competencies for professional practice.","Core security capstone concepts, theoretical framework application, analytical problem-solving, academic research skills, practical security capstone implementation",https://daihoc.fpt.edu.vn/,Undergraduate,10 Credits / 1 Semester,Khoi A00/A01. IELTS 5.5+.
FPT University,Business Administration,BAA101 Introduction to Business,"This module covers introduction to business, part of the Business Administration programme at FPT University. Students explore core theoretical and applied aspects, building competencies for professional practice.","Core introduction to business concepts, theoretical framework application, analytical problem-solving, academic research skills, practical introduction to business implementation",https://daihoc.fpt.edu.vn/,Undergraduate,3 Credits / 1 Semester,Khoi A00/A01/D01. IELTS 5.5+.
FPT University,Business Administration,BAF201 Financial Accounting,"Introduces financial and managerial accounting including double-entry bookkeeping, financial statement preparation, and cost accounting.","Double-entry bookkeeping, balance sheet preparation, income statement analysis, CVP analysis, ratio interpretation",https://daihoc.fpt.edu.vn/,Undergraduate,3 Credits / 1 Semester,Khoi A00/A01/D01. IELTS 5.5+.
FPT University,Business Administration,BAM201 Principles of Management,"Covers planning, organising, leading, and controlling including strategy, change management, and organisational behaviour.","Strategic planning, team leadership, change management, performance measurement, stakeholder analysis",https://daihoc.fpt.edu.vn/,Undergraduate,3 Credits / 1 Semester,Khoi A00/A01/D01. IELTS 5.5+.
FPT University,Business Administration,BAK201 Marketing Management,"Covers planning, organising, leading, and controlling including strategy, change management, and organisational behaviour.","Strategic planning, team leadership, change management, performance measurement, stakeholder analysis",https://daihoc.fpt.edu.vn/,Undergraduate,3 Credits / 1 Semester,Khoi A00/A01/D01. IELTS 5.5+.
FPT University,Business Administration,BAK301 Digital Marketing,"Covers SEO, SEM, social media, content marketing, analytics, and marketing automation.","SEO/SEM optimisation, social media strategy, content marketing, Google Analytics, marketing automation",https://daihoc.fpt.edu.vn/,Undergraduate,3 Credits / 1 Semester,Khoi A00/A01/D01. IELTS 5.5+.
FPT University,Business Administration,BAL201 Business Law,"Introduces legal principles, contract formation, tort liability, and legal reasoning through case analysis.","Legal case analysis, contract elements, tort assessment, statutory interpretation, legal research",https://daihoc.fpt.edu.vn/,Undergraduate,3 Credits / 1 Semester,Khoi A00/A01/D01. IELTS 5.5+.
FPT University,Business Administration,BAF301 Corporate Finance,"This module covers corporate finance, part of the Business Administration programme at FPT University. Students explore core theoretical and applied aspects, building competencies for professional practice.","Core corporate finance concepts, theoretical framework application, analytical problem-solving, academic research skills, practical corporate finance implementation",https://daihoc.fpt.edu.vn/,Undergraduate,3 Credits / 1 Semester,Khoi A00/A01/D01. IELTS 5.5+.
FPT University,Business Administration,BAE201 Microeconomics,Analyses individual and firm behaviour and national economic systems with policy implications.,"Supply-demand analysis, elasticity calculation, game theory, GDP interpretation, fiscal policy assessment",https://daihoc.fpt.edu.vn/,Undergraduate,3 Credits / 1 Semester,Khoi A00/A01/D01. IELTS 5.5+.
FPT University,Business Administration,BAE202 Macroeconomics,Analyses individual and firm behaviour and national economic systems with policy implications.,"Supply-demand analysis, elasticity calculation, game theory, GDP interpretation, fiscal policy assessment",https://daihoc.fpt.edu.vn/,Undergraduate,3 Credits / 1 Semester,Khoi A00/A01/D01. IELTS 5.5+.
FPT University,Business Administration,BAM301 Strategic Management,"Covers planning, organising, leading, and controlling including strategy, change management, and organisational behaviour.","Strategic planning, team leadership, change management, performance measurement, stakeholder analysis",https://daihoc.fpt.edu.vn/,Undergraduate,3 Credits / 1 Semester,Khoi A00/A01/D01. IELTS 5.5+.
FPT University,Business Administration,BAM302 Organisational Behaviour,"This module covers organisational behaviour, part of the Business Administration programme at FPT University. Students explore core theoretical and applied aspects, building competencies for professional practice.","Core organisational behaviour concepts, theoretical framework application, analytical problem-solving, academic research skills, practical organisational behaviour implementation",https://daihoc.fpt.edu.vn/,Undergraduate,3 Credits / 1 Semester,Khoi A00/A01/D01. IELTS 5.5+.
FPT University,Business Administration,BAM303 Human Resource Management,"Covers recruitment, performance management, training, compensation, and employment law.","Recruitment design, performance appraisal, training needs analysis, compensation benchmarking, HR policy formulation",https://daihoc.fpt.edu.vn/,Undergraduate,3 Credits / 1 Semester,Khoi A00/A01/D01. IELTS 5.5+.
FPT University,Business Administration,BAS301 Supply Chain Management,"Covers supply chain design, procurement, inventory management, demand forecasting, and logistics optimisation.","Inventory optimisation, demand forecasting, supplier evaluation, logistics cost analysis, risk management",https://daihoc.fpt.edu.vn/,Undergraduate,3 Credits / 1 Semester,Khoi A00/A01/D01. IELTS 5.5+.
FPT University,Business Administration,BAT301 Business Analytics,"This module covers business analytics, part of the Business Administration programme at FPT University. Students explore core theoretical and applied aspects, building competencies for professional practice.","Core business analytics concepts, theoretical framework application, analytical problem-solving, academic research skills, practical business analytics implementation",https://daihoc.fpt.edu.vn/,Undergraduate,3 Credits / 1 Semester,Khoi A00/A01/D01. IELTS 5.5+.
FPT University,Business Administration,BAC490 BBA Thesis,"This module covers bba thesis, part of the Business Administration programme at FPT University. Students explore core theoretical and applied aspects, building competencies for professional practice.","Core bba thesis concepts, theoretical framework application, analytical problem-solving, academic research skills, practical bba thesis implementation",https://daihoc.fpt.edu.vn/,Undergraduate,10 Credits / 1 Semester,Khoi A00/A01/D01. IELTS 5.5+.
FPT University,Digital Marketing,DMK101 Introduction to Digital Marketing,"Covers SEO, SEM, social media, content marketing, analytics, and marketing automation.","SEO/SEM optimisation, social media strategy, content marketing, Google Analytics, marketing automation",https://daihoc.fpt.edu.vn/,Undergraduate,3 Credits / 1 Semester,Khoi D01/A00/A01. IELTS 5.5+.
FPT University,Digital Marketing,DMK201 Social Media Marketing,"Explores market segmentation, consumer behaviour, product development, pricing strategy, and digital marketing channels.","Market segmentation, consumer analysis, brand positioning, marketing mix optimisation, digital strategy",https://daihoc.fpt.edu.vn/,Undergraduate,3 Credits / 1 Semester,Khoi D01/A00/A01. IELTS 5.5+.
FPT University,Digital Marketing,DMK202 Search Engine Optimisation,"This module covers search engine optimisation, part of the Digital Marketing programme at FPT University. Students explore core theoretical and applied aspects, building competencies for professional practice.","Core search engine optimisation concepts, theoretical framework application, analytical problem-solving, academic research skills, practical search engine optimisation implementation",https://daihoc.fpt.edu.vn/,Undergraduate,3 Credits / 1 Semester,Khoi D01/A00/A01. IELTS 5.5+.
FPT University,Digital Marketing,DMK203 Content Marketing,"Explores market segmentation, consumer behaviour, product development, pricing strategy, and digital marketing channels.","Market segmentation, consumer analysis, brand positioning, marketing mix optimisation, digital strategy",https://daihoc.fpt.edu.vn/,Undergraduate,3 Credits / 1 Semester,Khoi D01/A00/A01. IELTS 5.5+.
FPT University,Digital Marketing,DMK204 Email and CRM Marketing,"Explores market segmentation, consumer behaviour, product development, pricing strategy, and digital marketing channels.","Market segmentation, consumer analysis, brand positioning, marketing mix optimisation, digital strategy",https://daihoc.fpt.edu.vn/,Undergraduate,3 Credits / 1 Semester,Khoi D01/A00/A01. IELTS 5.5+.
FPT University,Digital Marketing,DMK205 Programmatic Advertising,"This module covers programmatic advertising, part of the Digital Marketing programme at FPT University. Students explore core theoretical and applied aspects, building competencies for professional practice.","Core programmatic advertising concepts, theoretical framework application, analytical problem-solving, academic research skills, practical programmatic advertising implementation",https://daihoc.fpt.edu.vn/,Undergraduate,3 Credits / 1 Semester,Khoi D01/A00/A01. IELTS 5.5+.
FPT University,Digital Marketing,DMK301 Data Analytics for Marketing,"Explores market segmentation, consumer behaviour, product development, pricing strategy, and digital marketing channels.","Market segmentation, consumer analysis, brand positioning, marketing mix optimisation, digital strategy",https://daihoc.fpt.edu.vn/,Undergraduate,3 Credits / 1 Semester,Khoi D01/A00/A01. IELTS 5.5+.
FPT University,Digital Marketing,DMK302 E-Commerce Management,"Covers planning, organising, leading, and controlling including strategy, change management, and organisational behaviour.","Strategic planning, team leadership, change management, performance measurement, stakeholder analysis",https://daihoc.fpt.edu.vn/,Undergraduate,3 Credits / 1 Semester,Khoi D01/A00/A01. IELTS 5.5+.
FPT University,Digital Marketing,DMK303 Influencer and Affiliate Marketing,"Explores market segmentation, consumer behaviour, product development, pricing strategy, and digital marketing channels.","Market segmentation, consumer analysis, brand positioning, marketing mix optimisation, digital strategy",https://daihoc.fpt.edu.vn/,Undergraduate,3 Credits / 1 Semester,Khoi D01/A00/A01. IELTS 5.5+.
FPT University,Digital Marketing,DMK304 Brand Management,"Covers planning, organising, leading, and controlling including strategy, change management, and organisational behaviour.","Strategic planning, team leadership, change management, performance measurement, stakeholder analysis",https://daihoc.fpt.edu.vn/,Undergraduate,3 Credits / 1 Semester,Khoi D01/A00/A01. IELTS 5.5+.
FPT University,Digital Marketing,DMK401 Marketing Technology Stack,"Explores market segmentation, consumer behaviour, product development, pricing strategy, and digital marketing channels.","Market segmentation, consumer analysis, brand positioning, marketing mix optimisation, digital strategy",https://daihoc.fpt.edu.vn/,Undergraduate,3 Credits / 1 Semester,Khoi D01/A00/A01. IELTS 5.5+.
FPT University,Digital Marketing,DMK402 Consumer Behaviour,"This module covers consumer behaviour, part of the Digital Marketing programme at FPT University. Students explore core theoretical and applied aspects, building competencies for professional practice.","Core consumer behaviour concepts, theoretical framework application, analytical problem-solving, academic research skills, practical consumer behaviour implementation",https://daihoc.fpt.edu.vn/,Undergraduate,3 Credits / 1 Semester,Khoi D01/A00/A01. IELTS 5.5+.
FPT University,Digital Marketing,DMK490 Digital Marketing Thesis,"Covers SEO, SEM, social media, content marketing, analytics, and marketing automation.","SEO/SEM optimisation, social media strategy, content marketing, Google Analytics, marketing automation",https://daihoc.fpt.edu.vn/,Undergraduate,10 Credits / 1 Semester,Khoi D01/A00/A01. IELTS 5.5+.
RMIT University Vietnam,Software Engineering,COSC2531 Programming Fundamentals,"This module covers programming fundamentals, part of the Software Engineering programme at RMIT University Vietnam. Students explore core theoretical and applied aspects, building competencies for professional practice.","Core programming fundamentals concepts, theoretical framework application, analytical problem-solving, academic research skills, practical programming fundamentals implementation",https://www.rmit.edu.vn/study-at-rmit/undergraduate-programs/software-engineering,Undergraduate,12 Credits / 1 Semester,Khoi A00/A01. IELTS 5.5+.
RMIT University Vietnam,Software Engineering,COSC2801 Programming Bootcamp 1,"This module covers programming bootcamp 1, part of the Software Engineering programme at RMIT University Vietnam. Students explore core theoretical and applied aspects, building competencies for professional practice.","Core programming bootcamp 1 concepts, theoretical framework application, analytical problem-solving, academic research skills, practical programming bootcamp 1 implementation",https://www.rmit.edu.vn/study-at-rmit/undergraduate-programs/software-engineering,Undergraduate,12 Credits / 1 Semester,Khoi A00/A01. IELTS 5.5+.
RMIT University Vietnam,Software Engineering,COSC2082 Programming 2,"This module covers programming 2, part of the Software Engineering programme at RMIT University Vietnam. Students explore core theoretical and applied aspects, building competencies for professional practice.","Core programming 2 concepts, theoretical framework application, analytical problem-solving, academic research skills, practical programming 2 implementation",https://www.rmit.edu.vn/study-at-rmit/undergraduate-programs/software-engineering,Undergraduate,12 Credits / 1 Semester,Khoi A00/A01. IELTS 5.5+.
RMIT University Vietnam,Software Engineering,COSC2299 Software Engineering Process and Tools,"Covers the full SDLC from requirements through design, implementation, testing, and maintenance, emphasising agile methods.","Requirements documentation, UML modelling, agile sprint planning, integration testing, Git version control",https://www.rmit.edu.vn/study-at-rmit/undergraduate-programs/software-engineering,Undergraduate,12 Credits / 1 Semester,Khoi A00/A01. IELTS 5.5+.
RMIT University Vietnam,Software Engineering,COSC2430 Web Programming,"Covers full-stack web development including front-end frameworks, RESTful APIs, authentication, and database integration.","HTML/CSS/JavaScript, REST API design, React or Vue.js, backend frameworks, database integration",https://www.rmit.edu.vn/study-at-rmit/undergraduate-programs/software-engineering,Undergraduate,12 Credits / 1 Semester,Khoi A00/A01. IELTS 5.5+.
RMIT University Vietnam,Software Engineering,COSC2758 Algorithms and Analysis,"Introduces algorithm design paradigms including divide and conquer, dynamic programming, greedy methods, and backtracking. Students prove correctness and analyse Big-O complexity.","Algorithm complexity analysis, divide and conquer design, dynamic programming, greedy implementation, correctness proof writing",https://www.rmit.edu.vn/study-at-rmit/undergraduate-programs/software-engineering,Undergraduate,12 Credits / 1 Semester,Khoi A00/A01. IELTS 5.5+.
RMIT University Vietnam,Software Engineering,ISYS3441 Advanced Database Concepts,"Examines relational database design, SQL querying, normalisation theory, transaction management, and indexing strategies.","SQL query writing, ER diagram design, normalisation, transaction management, index optimisation",https://www.rmit.edu.vn/study-at-rmit/undergraduate-programs/software-engineering,Undergraduate,12 Credits / 1 Semester,Khoi A00/A01. IELTS 5.5+.
RMIT University Vietnam,Software Engineering,COSC2391 Further Programming,"This module covers further programming, part of the Software Engineering programme at RMIT University Vietnam. Students explore core theoretical and applied aspects, building competencies for professional practice.","Core further programming concepts, theoretical framework application, analytical problem-solving, academic research skills, practical further programming implementation",https://www.rmit.edu.vn/study-at-rmit/undergraduate-programs/software-engineering,Undergraduate,12 Credits / 1 Semester,Khoi A00/A01. IELTS 5.5+.
RMIT University Vietnam,Software Engineering,COSC2288 Full Stack Development,"This module covers full stack development, part of the Software Engineering programme at RMIT University Vietnam. Students explore core theoretical and applied aspects, building competencies for professional practice.","Core full stack development concepts, theoretical framework application, analytical problem-solving, academic research skills, practical full stack development implementation",https://www.rmit.edu.vn/study-at-rmit/undergraduate-programs/software-engineering,Undergraduate,12 Credits / 1 Semester,Khoi A00/A01. IELTS 5.5+.
RMIT University Vietnam,Software Engineering,COSC3056 Programming Studio 1,"This module covers programming studio 1, part of the Software Engineering programme at RMIT University Vietnam. Students explore core theoretical and applied aspects, building competencies for professional practice.","Core programming studio 1 concepts, theoretical framework application, analytical problem-solving, academic research skills, practical programming studio 1 implementation",https://www.rmit.edu.vn/study-at-rmit/undergraduate-programs/software-engineering,Undergraduate,12 Credits / 1 Semester,Khoi A00/A01. IELTS 5.5+.
RMIT University Vietnam,Software Engineering,COSC3057 Programming Studio 2,"This module covers programming studio 2, part of the Software Engineering programme at RMIT University Vietnam. Students explore core theoretical and applied aspects, building competencies for professional practice.","Core programming studio 2 concepts, theoretical framework application, analytical problem-solving, academic research skills, practical programming studio 2 implementation",https://www.rmit.edu.vn/study-at-rmit/undergraduate-programs/software-engineering,Undergraduate,12 Credits / 1 Semester,Khoi A00/A01. IELTS 5.5+.
RMIT University Vietnam,Software Engineering,COSC2536 Security in Computing and IT,"This module covers security in computing and it, part of the Software Engineering programme at RMIT University Vietnam. Students explore core theoretical and applied aspects, building competencies for professional practice.","Core security in computing and it concepts, theoretical framework application, analytical problem-solving, academic research skills, practical security in computing and it implementation",https://www.rmit.edu.vn/study-at-rmit/undergraduate-programs/software-engineering,Undergraduate,12 Credits / 1 Semester,Khoi A00/A01. IELTS 5.5+.
RMIT University Vietnam,Software Engineering,COSC3060 Professional Practice,"This module covers professional practice, part of the Software Engineering programme at RMIT University Vietnam. Students explore core theoretical and applied aspects, building competencies for professional practice.","Core professional practice concepts, theoretical framework application, analytical problem-solving, academic research skills, practical professional practice implementation",https://www.rmit.edu.vn/study-at-rmit/undergraduate-programs/software-engineering,Undergraduate,12 Credits / 1 Semester,Khoi A00/A01. IELTS 5.5+.
RMIT University Vietnam,Software Engineering,COSC3097 Capstone Project A,"This module covers capstone project a, part of the Software Engineering programme at RMIT University Vietnam. Students explore core theoretical and applied aspects, building competencies for professional practice.","Core capstone project a concepts, theoretical framework application, analytical problem-solving, academic research skills, practical capstone project a implementation",https://www.rmit.edu.vn/study-at-rmit/undergraduate-programs/software-engineering,Undergraduate,12 Credits / 1 Semester,Khoi A00/A01. IELTS 5.5+.
RMIT University Vietnam,Software Engineering,COSC3098 Capstone Project B,"This module covers capstone project b, part of the Software Engineering programme at RMIT University Vietnam. Students explore core theoretical and applied aspects, building competencies for professional practice.","Core capstone project b concepts, theoretical framework application, analytical problem-solving, academic research skills, practical capstone project b implementation",https://www.rmit.edu.vn/study-at-rmit/undergraduate-programs/software-engineering,Undergraduate,12 Credits / 1 Semester,Khoi A00/A01. IELTS 5.5+.
RMIT University Vietnam,Data Science,MATH1324 Introduction to Statistics,"This module covers introduction to statistics, part of the Data Science programme at RMIT University Vietnam. Students explore core theoretical and applied aspects, building competencies for professional practice.","Core introduction to statistics concepts, theoretical framework application, analytical problem-solving, academic research skills, practical introduction to statistics implementation",https://www.rmit.edu.vn/study-at-rmit/undergraduate-programs/data-science,Undergraduate,12 Credits / 1 Semester,Khoi A00/A01/D07. Strong Mathematics. IELTS 5.5+.
RMIT University Vietnam,Data Science,MATH1318 Applied Bayesian Statistics,"This module covers applied bayesian statistics, part of the Data Science programme at RMIT University Vietnam. Students explore core theoretical and applied aspects, building competencies for professional practice.","Core applied bayesian statistics concepts, theoretical framework application, analytical problem-solving, academic research skills, practical applied bayesian statistics implementation",https://www.rmit.edu.vn/study-at-rmit/undergraduate-programs/data-science,Undergraduate,12 Credits / 1 Semester,Khoi A00/A01/D07. Strong Mathematics. IELTS 5.5+.
RMIT University Vietnam,Data Science,COSC2670 Practical Data Science,"This module covers practical data science, part of the Data Science programme at RMIT University Vietnam. Students explore core theoretical and applied aspects, building competencies for professional practice.","Core practical data science concepts, theoretical framework application, analytical problem-solving, academic research skills, practical practical data science implementation",https://www.rmit.edu.vn/study-at-rmit/undergraduate-programs/data-science,Undergraduate,12 Credits / 1 Semester,Khoi A00/A01/D07. Strong Mathematics. IELTS 5.5+.
RMIT University Vietnam,Data Science,COSC2640 Machine Learning,"Covers supervised learning, unsupervised learning, model evaluation, regularisation, and neural network fundamentals for predictive modelling.","Supervised model training, cross-validation, feature engineering, clustering algorithms, neural network design",https://www.rmit.edu.vn/study-at-rmit/undergraduate-programs/data-science,Undergraduate,12 Credits / 1 Semester,Khoi A00/A01/D07. Strong Mathematics. IELTS 5.5+.
RMIT University Vietnam,Data Science,COSC2822 Deep Learning,"Covers CNNs, RNNs, attention mechanisms, and transformers applied to computer vision and NLP tasks using modern frameworks.","CNN design, RNN sequence modelling, transformer fine-tuning, PyTorch/TensorFlow, transfer learning",https://www.rmit.edu.vn/study-at-rmit/undergraduate-programs/data-science,Undergraduate,12 Credits / 1 Semester,Khoi A00/A01/D07. Strong Mathematics. IELTS 5.5+.
RMIT University Vietnam,Data Science,COSC2927 Natural Language Processing,"Covers tokenisation, language models, sentiment analysis, NER, and transformer-based models such as BERT.","Text preprocessing, language model evaluation, sentiment classification, NER extraction, BERT fine-tuning",https://www.rmit.edu.vn/study-at-rmit/undergraduate-programs/data-science,Undergraduate,12 Credits / 1 Semester,Khoi A00/A01/D07. Strong Mathematics. IELTS 5.5+.
RMIT University Vietnam,Data Science,COSC2626 Cloud Computing,"Examines IaaS/PaaS/SaaS models with AWS/Azure/GCP hands-on, containerisation, and serverless computing.","Cloud provisioning, Docker containerisation, Kubernetes orchestration, serverless functions, cost optimisation",https://www.rmit.edu.vn/study-at-rmit/undergraduate-programs/data-science,Undergraduate,12 Credits / 1 Semester,Khoi A00/A01/D07. Strong Mathematics. IELTS 5.5+.
RMIT University Vietnam,Data Science,MATH2200 Computational Mathematics,"This module covers computational mathematics, part of the Data Science programme at RMIT University Vietnam. Students explore core theoretical and applied aspects, building competencies for professional practice.","Core computational mathematics concepts, theoretical framework application, analytical problem-solving, academic research skills, practical computational mathematics implementation",https://www.rmit.edu.vn/study-at-rmit/undergraduate-programs/data-science,Undergraduate,12 Credits / 1 Semester,Khoi A00/A01/D07. Strong Mathematics. IELTS 5.5+.
RMIT University Vietnam,Data Science,COSC3000 Data Visualisation,"This module covers data visualisation, part of the Data Science programme at RMIT University Vietnam. Students explore core theoretical and applied aspects, building competencies for professional practice.","Core data visualisation concepts, theoretical framework application, analytical problem-solving, academic research skills, practical data visualisation implementation",https://www.rmit.edu.vn/study-at-rmit/undergraduate-programs/data-science,Undergraduate,12 Credits / 1 Semester,Khoi A00/A01/D07. Strong Mathematics. IELTS 5.5+.
RMIT University Vietnam,Information Technology,ISYS2001 Introduction to Business Information Systems,"This module covers introduction to business information systems, part of the Information Technology programme at RMIT University Vietnam. Students explore core theoretical and applied aspects, building competencies for professional practice.","Core introduction to business information systems concepts, theoretical framework application, analytical problem-solving, academic research skills, practical introduction to business information systems implementation",https://www.rmit.edu.vn/study-at-rmit/undergraduate-programs/information-technology,Undergraduate,12 Credits / 1 Semester,Khoi A00/A01. IELTS 5.5+.
RMIT University Vietnam,Information Technology,ISYS2120 Analysing and Visualising Data,"This module covers analysing and visualising data, part of the Information Technology programme at RMIT University Vietnam. Students explore core theoretical and applied aspects, building competencies for professional practice.","Core analysing and visualising data concepts, theoretical framework application, analytical problem-solving, academic research skills, practical analysing and visualising data implementation",https://www.rmit.edu.vn/study-at-rmit/undergraduate-programs/information-technology,Undergraduate,12 Credits / 1 Semester,Khoi A00/A01. IELTS 5.5+.
RMIT University Vietnam,Information Technology,ISYS3412 Human-Computer Interaction,"This module covers human-computer interaction, part of the Information Technology programme at RMIT University Vietnam. Students explore core theoretical and applied aspects, building competencies for professional practice.","Core human-computer interaction concepts, theoretical framework application, analytical problem-solving, academic research skills, practical human-computer interaction implementation",https://www.rmit.edu.vn/study-at-rmit/undergraduate-programs/information-technology,Undergraduate,12 Credits / 1 Semester,Khoi A00/A01. IELTS 5.5+.
RMIT University Vietnam,Information Technology,ISYS2047 Project Management,"Covers project planning, execution, monitoring, and closure using agile and waterfall methodologies.","Gantt scheduling, risk management, agile sprint planning, stakeholder communication, cost variance analysis",https://www.rmit.edu.vn/study-at-rmit/undergraduate-programs/information-technology,Undergraduate,12 Credits / 1 Semester,Khoi A00/A01. IELTS 5.5+.
RMIT University Vietnam,Business Administration,BUSM1008 Introduction to Management,"Covers planning, organising, leading, and controlling including strategy, change management, and organisational behaviour.","Strategic planning, team leadership, change management, performance measurement, stakeholder analysis",https://www.rmit.edu.vn/study-at-rmit/undergraduate-programs/business,Undergraduate,12 Credits / 1 Semester,Khoi A00/A01/D01. IELTS 5.5+.
RMIT University Vietnam,Business Administration,ACCT2112 Financial Accounting,"Introduces financial and managerial accounting including double-entry bookkeeping, financial statement preparation, and cost accounting.","Double-entry bookkeeping, balance sheet preparation, income statement analysis, CVP analysis, ratio interpretation",https://www.rmit.edu.vn/study-at-rmit/undergraduate-programs/business,Undergraduate,12 Credits / 1 Semester,Khoi A00/A01/D01. IELTS 5.5+.
RMIT University Vietnam,Business Administration,MKTG1025 Marketing Principles,"Explores market segmentation, consumer behaviour, product development, pricing strategy, and digital marketing channels.","Market segmentation, consumer analysis, brand positioning, marketing mix optimisation, digital strategy",https://www.rmit.edu.vn/study-at-rmit/undergraduate-programs/business,Undergraduate,12 Credits / 1 Semester,Khoi A00/A01/D01. IELTS 5.5+.
RMIT University Vietnam,Business Administration,ECON1043 Business Economics,Analyses individual and firm behaviour and national economic systems with policy implications.,"Supply-demand analysis, elasticity calculation, game theory, GDP interpretation, fiscal policy assessment",https://www.rmit.edu.vn/study-at-rmit/undergraduate-programs/business,Undergraduate,12 Credits / 1 Semester,Khoi A00/A01/D01. IELTS 5.5+.
RMIT University Vietnam,Business Administration,BUSM2301 Business Finance,"This module covers business finance, part of the Business Administration programme at RMIT University Vietnam. Students explore core theoretical and applied aspects, building competencies for professional practice.","Core business finance concepts, theoretical framework application, analytical problem-solving, academic research skills, practical business finance implementation",https://www.rmit.edu.vn/study-at-rmit/undergraduate-programs/business,Undergraduate,12 Credits / 1 Semester,Khoi A00/A01/D01. IELTS 5.5+.
RMIT University Vietnam,Business Administration,BUSM2601 Management and Organisation,"Covers planning, organising, leading, and controlling including strategy, change management, and organisational behaviour.","Strategic planning, team leadership, change management, performance measurement, stakeholder analysis",https://www.rmit.edu.vn/study-at-rmit/undergraduate-programs/business,Undergraduate,12 Credits / 1 Semester,Khoi A00/A01/D01. IELTS 5.5+.
RMIT University Vietnam,Business Administration,MKTG2149 Consumer Behaviour,"This module covers consumer behaviour, part of the Business Administration programme at RMIT University Vietnam. Students explore core theoretical and applied aspects, building competencies for professional practice.","Core consumer behaviour concepts, theoretical framework application, analytical problem-solving, academic research skills, practical consumer behaviour implementation",https://www.rmit.edu.vn/study-at-rmit/undergraduate-programs/business,Undergraduate,12 Credits / 1 Semester,Khoi A00/A01/D01. IELTS 5.5+.
RMIT University Vietnam,Business Administration,HRMT3603 Human Resource Management,"Covers recruitment, performance management, training, compensation, and employment law.","Recruitment design, performance appraisal, training needs analysis, compensation benchmarking, HR policy formulation",https://www.rmit.edu.vn/study-at-rmit/undergraduate-programs/business,Undergraduate,12 Credits / 1 Semester,Khoi A00/A01/D01. IELTS 5.5+.
RMIT University Vietnam,Business Administration,BUSM3200 Entrepreneurship,Guides students from opportunity recognition through business model development and lean startup methodology.,"Business model canvas, lean startup, market validation, investor pitch, financial forecasting",https://www.rmit.edu.vn/study-at-rmit/undergraduate-programs/business,Undergraduate,12 Credits / 1 Semester,Khoi A00/A01/D01. IELTS 5.5+.
RMIT University Vietnam,Business Administration,BUSM3607 Strategic Management,"Covers planning, organising, leading, and controlling including strategy, change management, and organisational behaviour.","Strategic planning, team leadership, change management, performance measurement, stakeholder analysis",https://www.rmit.edu.vn/study-at-rmit/undergraduate-programs/business,Undergraduate,12 Credits / 1 Semester,Khoi A00/A01/D01. IELTS 5.5+.
RMIT University Vietnam,Business Administration,MKTG3491 International Marketing,"Explores market segmentation, consumer behaviour, product development, pricing strategy, and digital marketing channels.","Market segmentation, consumer analysis, brand positioning, marketing mix optimisation, digital strategy",https://www.rmit.edu.vn/study-at-rmit/undergraduate-programs/business,Undergraduate,12 Credits / 1 Semester,Khoi A00/A01/D01. IELTS 5.5+.
RMIT University Vietnam,Business Administration,BUSM3600 Operations Management,"Covers planning, organising, leading, and controlling including strategy, change management, and organisational behaviour.","Strategic planning, team leadership, change management, performance measurement, stakeholder analysis",https://www.rmit.edu.vn/study-at-rmit/undergraduate-programs/business,Undergraduate,12 Credits / 1 Semester,Khoi A00/A01/D01. IELTS 5.5+.
RMIT University Vietnam,Business Administration,MKTG2148 Digital Marketing Strategy,"Covers SEO, SEM, social media, content marketing, analytics, and marketing automation.","SEO/SEM optimisation, social media strategy, content marketing, Google Analytics, marketing automation",https://www.rmit.edu.vn/study-at-rmit/undergraduate-programs/business,Undergraduate,12 Credits / 1 Semester,Khoi A00/A01/D01. IELTS 5.5+.
RMIT University Vietnam,Business Administration,BUSM4570 Business Capstone A,"This module covers business capstone a, part of the Business Administration programme at RMIT University Vietnam. Students explore core theoretical and applied aspects, building competencies for professional practice.","Core business capstone a concepts, theoretical framework application, analytical problem-solving, academic research skills, practical business capstone a implementation",https://www.rmit.edu.vn/study-at-rmit/undergraduate-programs/business,Undergraduate,12 Credits / 1 Semester,Khoi A00/A01/D01. IELTS 5.5+.
RMIT University Vietnam,Business Administration,BUSM4571 Business Capstone B,"This module covers business capstone b, part of the Business Administration programme at RMIT University Vietnam. Students explore core theoretical and applied aspects, building competencies for professional practice.","Core business capstone b concepts, theoretical framework application, analytical problem-solving, academic research skills, practical business capstone b implementation",https://www.rmit.edu.vn/study-at-rmit/undergraduate-programs/business,Undergraduate,12 Credits / 1 Semester,Khoi A00/A01/D01. IELTS 5.5+.
RMIT University Vietnam,Accounting & Finance,ACCT2113 Management Accounting,"Introduces financial and managerial accounting including double-entry bookkeeping, financial statement preparation, and cost accounting.","Double-entry bookkeeping, balance sheet preparation, income statement analysis, CVP analysis, ratio interpretation",https://www.rmit.edu.vn/study-at-rmit/undergraduate-programs/accounting,Undergraduate,12 Credits / 1 Semester,Khoi A00/A01/D01. IELTS 5.5+.
RMIT University Vietnam,Accounting & Finance,BAFI1012 Business Finance,"This module covers business finance, part of the Accounting & Finance programme at RMIT University Vietnam. Students explore core theoretical and applied aspects, building competencies for professional practice.","Core business finance concepts, theoretical framework application, analytical problem-solving, academic research skills, practical business finance implementation",https://www.rmit.edu.vn/study-at-rmit/undergraduate-programs/accounting,Undergraduate,12 Credits / 1 Semester,Khoi A00/A01/D01. IELTS 5.5+.
RMIT University Vietnam,Accounting & Finance,ACCT2115 Financial Reporting,"Examines time value of money, capital budgeting, risk and return, portfolio theory, and corporate financing decisions.","DCF valuation, portfolio analysis, CAPM application, capital structure decisions, financial modelling",https://www.rmit.edu.vn/study-at-rmit/undergraduate-programs/accounting,Undergraduate,12 Credits / 1 Semester,Khoi A00/A01/D01. IELTS 5.5+.
RMIT University Vietnam,Accounting & Finance,ACCT3015 Auditing and Assurance,"This module covers auditing and assurance, part of the Accounting & Finance programme at RMIT University Vietnam. Students explore core theoretical and applied aspects, building competencies for professional practice.","Core auditing and assurance concepts, theoretical framework application, analytical problem-solving, academic research skills, practical auditing and assurance implementation",https://www.rmit.edu.vn/study-at-rmit/undergraduate-programs/accounting,Undergraduate,12 Credits / 1 Semester,Khoi A00/A01/D01. IELTS 5.5+.
RMIT University Vietnam,Accounting & Finance,ACCT3033 Company Accounting,"Introduces financial and managerial accounting including double-entry bookkeeping, financial statement preparation, and cost accounting.","Double-entry bookkeeping, balance sheet preparation, income statement analysis, CVP analysis, ratio interpretation",https://www.rmit.edu.vn/study-at-rmit/undergraduate-programs/accounting,Undergraduate,12 Credits / 1 Semester,Khoi A00/A01/D01. IELTS 5.5+.
RMIT University Vietnam,Accounting & Finance,ACCT3048 Taxation,"This module covers taxation, part of the Accounting & Finance programme at RMIT University Vietnam. Students explore core theoretical and applied aspects, building competencies for professional practice.","Core taxation concepts, theoretical framework application, analytical problem-solving, academic research skills, practical taxation implementation",https://www.rmit.edu.vn/study-at-rmit/undergraduate-programs/accounting,Undergraduate,12 Credits / 1 Semester,Khoi A00/A01/D01. IELTS 5.5+.
RMIT University Vietnam,Accounting & Finance,BAFI3182 Investment Analysis,"Examines equities, bonds, derivatives, portfolio construction, and performance evaluation.","Security valuation, portfolio construction, derivative pricing, performance attribution, factor model application",https://www.rmit.edu.vn/study-at-rmit/undergraduate-programs/accounting,Undergraduate,12 Credits / 1 Semester,Khoi A00/A01/D01. IELTS 5.5+.
RMIT University Vietnam,Accounting & Finance,ACCT3016 Accounting Systems and Controls,"Introduces financial and managerial accounting including double-entry bookkeeping, financial statement preparation, and cost accounting.","Double-entry bookkeeping, balance sheet preparation, income statement analysis, CVP analysis, ratio interpretation",https://www.rmit.edu.vn/study-at-rmit/undergraduate-programs/accounting,Undergraduate,12 Credits / 1 Semester,Khoi A00/A01/D01. IELTS 5.5+.
RMIT University Vietnam,Accounting & Finance,ACCT4005 Advanced Financial Reporting,"Examines time value of money, capital budgeting, risk and return, portfolio theory, and corporate financing decisions.","DCF valuation, portfolio analysis, CAPM application, capital structure decisions, financial modelling",https://www.rmit.edu.vn/study-at-rmit/undergraduate-programs/accounting,Undergraduate,12 Credits / 1 Semester,Khoi A00/A01/D01. IELTS 5.5+.
RMIT University Vietnam,Accounting & Finance,BAFI3184 Derivatives and Risk Management,"Covers planning, organising, leading, and controlling including strategy, change management, and organisational behaviour.","Strategic planning, team leadership, change management, performance measurement, stakeholder analysis",https://www.rmit.edu.vn/study-at-rmit/undergraduate-programs/accounting,Undergraduate,12 Credits / 1 Semester,Khoi A00/A01/D01. IELTS 5.5+.
RMIT University Vietnam,Accounting & Finance,ACCT2114 Cost and Management Accounting,"Introduces financial and managerial accounting including double-entry bookkeeping, financial statement preparation, and cost accounting.","Double-entry bookkeeping, balance sheet preparation, income statement analysis, CVP analysis, ratio interpretation",https://www.rmit.edu.vn/study-at-rmit/undergraduate-programs/accounting,Undergraduate,12 Credits / 1 Semester,Khoi A00/A01/D01. IELTS 5.5+.
RMIT University Vietnam,Accounting & Finance,ACCT4080 Research in Accounting,"Introduces financial and managerial accounting including double-entry bookkeeping, financial statement preparation, and cost accounting.","Double-entry bookkeeping, balance sheet preparation, income statement analysis, CVP analysis, ratio interpretation",https://www.rmit.edu.vn/study-at-rmit/undergraduate-programs/accounting,Undergraduate,12 Credits / 1 Semester,Khoi A00/A01/D01. IELTS 5.5+.
RMIT University Vietnam,Accounting & Finance,BUSM4570 Accounting Capstone A,"Introduces financial and managerial accounting including double-entry bookkeeping, financial statement preparation, and cost accounting.","Double-entry bookkeeping, balance sheet preparation, income statement analysis, CVP analysis, ratio interpretation",https://www.rmit.edu.vn/study-at-rmit/undergraduate-programs/accounting,Undergraduate,12 Credits / 1 Semester,Khoi A00/A01/D01. IELTS 5.5+.
RMIT University Vietnam,Accounting & Finance,BUSM4571 Accounting Capstone B,"Introduces financial and managerial accounting including double-entry bookkeeping, financial statement preparation, and cost accounting.","Double-entry bookkeeping, balance sheet preparation, income statement analysis, CVP analysis, ratio interpretation",https://www.rmit.edu.vn/study-at-rmit/undergraduate-programs/accounting,Undergraduate,12 Credits / 1 Semester,Khoi A00/A01/D01. IELTS 5.5+.
Ho Chi Minh City University of Technology (HCMUT – Bach Khoa),Computer Science,CO1005 Introduction to Computing,"This module covers introduction to computing, part of the Computer Science programme at Ho Chi Minh City University of Technology (HCMUT – Bach Khoa). Students explore core theoretical and applied aspects, building competencies for professional practice.","Core introduction to computing concepts, theoretical framework application, analytical problem-solving, academic research skills, practical introduction to computing implementation",https://hcmut.edu.vn/,Undergraduate,3 Credits / 1 Semester,Khoi A00/A01. DGNL >= 750. IELTS 5.5+ for English-medium.
Ho Chi Minh City University of Technology (HCMUT – Bach Khoa),Computer Science,CO1007 Discrete Structures,"This module covers discrete structures, part of the Computer Science programme at Ho Chi Minh City University of Technology (HCMUT – Bach Khoa). Students explore core theoretical and applied aspects, building competencies for professional practice.","Core discrete structures concepts, theoretical framework application, analytical problem-solving, academic research skills, practical discrete structures implementation",https://hcmut.edu.vn/,Undergraduate,3 Credits / 1 Semester,Khoi A00/A01. DGNL >= 750. IELTS 5.5+ for English-medium.
Ho Chi Minh City University of Technology (HCMUT – Bach Khoa),Computer Science,CO1023 Digital Systems,"This module covers digital systems, part of the Computer Science programme at Ho Chi Minh City University of Technology (HCMUT – Bach Khoa). Students explore core theoretical and applied aspects, building competencies for professional practice.","Core digital systems concepts, theoretical framework application, analytical problem-solving, academic research skills, practical digital systems implementation",https://hcmut.edu.vn/,Undergraduate,3 Credits / 1 Semester,Khoi A00/A01. DGNL >= 750. IELTS 5.5+ for English-medium.
Ho Chi Minh City University of Technology (HCMUT – Bach Khoa),Computer Science,CO1027 Programming Techniques,"This module covers programming techniques, part of the Computer Science programme at Ho Chi Minh City University of Technology (HCMUT – Bach Khoa). Students explore core theoretical and applied aspects, building competencies for professional practice.","Core programming techniques concepts, theoretical framework application, analytical problem-solving, academic research skills, practical programming techniques implementation",https://hcmut.edu.vn/,Undergraduate,3 Credits / 1 Semester,Khoi A00/A01. DGNL >= 750. IELTS 5.5+ for English-medium.
Ho Chi Minh City University of Technology (HCMUT – Bach Khoa),Computer Science,MT1003 Calculus,"Covers differential and integral calculus, series, and multivariable calculus for engineering and science applications.","Differentiation, integration, limit evaluation, partial derivatives, optimisation techniques",https://hcmut.edu.vn/,Undergraduate,4 Credits / 1 Semester,Khoi A00/A01. DGNL >= 750. IELTS 5.5+ for English-medium.
Ho Chi Minh City University of Technology (HCMUT – Bach Khoa),Computer Science,CO2003 Data Structures and Algorithms,"Covers fundamental data organisation techniques including arrays, linked lists, stacks, queues, trees, heaps, and hash tables. Students analyse time and space complexity and apply structures to solve real computational problems.","Array manipulation, linked list operations, binary tree traversal, hash table design, stack and queue implementation",https://hcmut.edu.vn/,Undergraduate,3 Credits / 1 Semester,Khoi A00/A01. DGNL >= 750. IELTS 5.5+ for English-medium.
Ho Chi Minh City University of Technology (HCMUT – Bach Khoa),Computer Science,CO2007 Computer Organisation and Architecture,"This module covers computer organisation and architecture, part of the Computer Science programme at Ho Chi Minh City University of Technology (HCMUT – Bach Khoa). Students explore core theoretical and applied aspects, building competencies for professional practice.","Core computer organisation and architecture concepts, theoretical framework application, analytical problem-solving, academic research skills, practical computer organisation and architecture implementation",https://hcmut.edu.vn/,Undergraduate,3 Credits / 1 Semester,Khoi A00/A01. DGNL >= 750. IELTS 5.5+ for English-medium.
Ho Chi Minh City University of Technology (HCMUT – Bach Khoa),Computer Science,CO2013 Database Systems,"Examines relational database design, SQL querying, normalisation theory, transaction management, and indexing strategies.","SQL query writing, ER diagram design, normalisation, transaction management, index optimisation",https://hcmut.edu.vn/,Undergraduate,3 Credits / 1 Semester,Khoi A00/A01. DGNL >= 750. IELTS 5.5+ for English-medium.
Ho Chi Minh City University of Technology (HCMUT – Bach Khoa),Computer Science,CO2039 Advanced Programming,"This module covers advanced programming, part of the Computer Science programme at Ho Chi Minh City University of Technology (HCMUT – Bach Khoa). Students explore core theoretical and applied aspects, building competencies for professional practice.","Core advanced programming concepts, theoretical framework application, analytical problem-solving, academic research skills, practical advanced programming implementation",https://hcmut.edu.vn/,Undergraduate,3 Credits / 1 Semester,Khoi A00/A01. DGNL >= 750. IELTS 5.5+ for English-medium.
Ho Chi Minh City University of Technology (HCMUT – Bach Khoa),Computer Science,MT2003 Probability and Statistics,"Covers random variables, distributions, Bayes theorem, expectation, and limit theorems with engineering applications.","Probability modelling, Bayesian inference, Monte Carlo simulation, hypothesis testing, stochastic analysis",https://hcmut.edu.vn/,Undergraduate,3 Credits / 1 Semester,Khoi A00/A01. DGNL >= 750. IELTS 5.5+ for English-medium.
Ho Chi Minh City University of Technology (HCMUT – Bach Khoa),Computer Science,CO3001 Software Engineering,"Covers the full SDLC from requirements through design, implementation, testing, and maintenance, emphasising agile methods.","Requirements documentation, UML modelling, agile sprint planning, integration testing, Git version control",https://hcmut.edu.vn/,Undergraduate,3 Credits / 1 Semester,Khoi A00/A01. DGNL >= 750. IELTS 5.5+ for English-medium.
Ho Chi Minh City University of Technology (HCMUT – Bach Khoa),Computer Science,CO3049 Introduction to Machine Learning,"Covers supervised learning, unsupervised learning, model evaluation, regularisation, and neural network fundamentals for predictive modelling.","Supervised model training, cross-validation, feature engineering, clustering algorithms, neural network design",https://hcmut.edu.vn/,Undergraduate,3 Credits / 1 Semester,Khoi A00/A01. DGNL >= 750. IELTS 5.5+ for English-medium.
Ho Chi Minh City University of Technology (HCMUT – Bach Khoa),Computer Science,CO3093 Computer Networks,"Studies OSI and TCP/IP network architectures, routing, switching, HTTP, DNS, and network security protocols.","TCP/IP configuration, routing protocol analysis, socket programming, network security evaluation, Wireshark analysis",https://hcmut.edu.vn/,Undergraduate,3 Credits / 1 Semester,Khoi A00/A01. DGNL >= 750. IELTS 5.5+ for English-medium.
Ho Chi Minh City University of Technology (HCMUT – Bach Khoa),Computer Science,CO3025 Operating Systems,"Analyses process scheduling, memory management, file systems, and I/O handling with practical implementation labs.","Process scheduling, memory allocation, file system design, deadlock detection, system call programming",https://hcmut.edu.vn/,Undergraduate,3 Credits / 1 Semester,Khoi A00/A01. DGNL >= 750. IELTS 5.5+ for English-medium.
Ho Chi Minh City University of Technology (HCMUT – Bach Khoa),Computer Science,CO3117 Artificial Intelligence,"Explores search algorithms, knowledge representation, planning, and reasoning under uncertainty.","Heuristic search, Bayesian reasoning, propositional logic, constraint satisfaction, decision tree construction",https://hcmut.edu.vn/,Undergraduate,3 Credits / 1 Semester,Khoi A00/A01. DGNL >= 750. IELTS 5.5+ for English-medium.
Ho Chi Minh City University of Technology (HCMUT – Bach Khoa),Computer Science,CO4027 Big Data Systems,"Covers Hadoop, Apache Spark, real-time stream processing, and NoSQL storage for large-scale data pipelines.","Spark DataFrame programming, HDFS management, Kafka streaming, NoSQL querying, ETL pipeline design",https://hcmut.edu.vn/,Undergraduate,3 Credits / 1 Semester,Khoi A00/A01. DGNL >= 750. IELTS 5.5+ for English-medium.
Ho Chi Minh City University of Technology (HCMUT – Bach Khoa),Computer Science,CO4031 Computer Security,"This module covers computer security, part of the Computer Science programme at Ho Chi Minh City University of Technology (HCMUT – Bach Khoa). Students explore core theoretical and applied aspects, building competencies for professional practice.","Core computer security concepts, theoretical framework application, analytical problem-solving, academic research skills, practical computer security implementation",https://hcmut.edu.vn/,Undergraduate,3 Credits / 1 Semester,Khoi A00/A01. DGNL >= 750. IELTS 5.5+ for English-medium.
Ho Chi Minh City University of Technology (HCMUT – Bach Khoa),Computer Science,CO4029 Computer Vision,"Covers image processing, feature extraction, object detection, and segmentation using classical and deep learning methods.","Image preprocessing, CNN classification, YOLO object detection, semantic segmentation, feature extraction",https://hcmut.edu.vn/,Undergraduate,3 Credits / 1 Semester,Khoi A00/A01. DGNL >= 750. IELTS 5.5+ for English-medium.
Ho Chi Minh City University of Technology (HCMUT – Bach Khoa),Computer Science,CO4901 Senior Thesis,"This module covers senior thesis, part of the Computer Science programme at Ho Chi Minh City University of Technology (HCMUT – Bach Khoa). Students explore core theoretical and applied aspects, building competencies for professional practice.","Core senior thesis concepts, theoretical framework application, analytical problem-solving, academic research skills, practical senior thesis implementation",https://hcmut.edu.vn/,Undergraduate,9 Credits / 1 Semester,Khoi A00/A01. DGNL >= 750. IELTS 5.5+ for English-medium.
Ho Chi Minh City University of Technology (HCMUT – Bach Khoa),Electrical Engineering,EE1003 Circuit Theory,"Studies electrical circuit analysis using KVL/KCL, Thevenin/Norton theorems, AC phasors, and transient analysis.","KVL/KCL application, Thevenin equivalent circuit, AC phasor analysis, transient response, circuit simulation",https://hcmut.edu.vn/,Undergraduate,3 Credits / 1 Semester,Khoi A00/A01. Strong Physics.
Ho Chi Minh City University of Technology (HCMUT – Bach Khoa),Electrical Engineering,EE1013 Electronics 1,"Covers semiconductor physics, diode and transistor circuits, op-amps, and digital logic design.","Diode circuit analysis, transistor biasing, op-amp circuit design, digital logic implementation, circuit simulation",https://hcmut.edu.vn/,Undergraduate,3 Credits / 1 Semester,Khoi A00/A01. Strong Physics.
Ho Chi Minh City University of Technology (HCMUT – Bach Khoa),Electrical Engineering,PH1003 Physics,"Covers classical mechanics, electromagnetism, thermodynamics, quantum mechanics, and modern physics.","Mechanics problem solving, electromagnetic analysis, quantum model application, experimental physics, computational modelling",https://hcmut.edu.vn/,Undergraduate,3 Credits / 1 Semester,Khoi A00/A01. Strong Physics.
Ho Chi Minh City University of Technology (HCMUT – Bach Khoa),Electrical Engineering,EE2013 Electronics 2,"Covers semiconductor physics, diode and transistor circuits, op-amps, and digital logic design.","Diode circuit analysis, transistor biasing, op-amp circuit design, digital logic implementation, circuit simulation",https://hcmut.edu.vn/,Undergraduate,3 Credits / 1 Semester,Khoi A00/A01. Strong Physics.
Ho Chi Minh City University of Technology (HCMUT – Bach Khoa),Electrical Engineering,EE2023 Signals and Systems,"This module covers signals and systems, part of the Electrical Engineering programme at Ho Chi Minh City University of Technology (HCMUT – Bach Khoa). Students explore core theoretical and applied aspects, building competencies for professional practice.","Core signals and systems concepts, theoretical framework application, analytical problem-solving, academic research skills, practical signals and systems implementation",https://hcmut.edu.vn/,Undergraduate,3 Credits / 1 Semester,Khoi A00/A01. Strong Physics.
Ho Chi Minh City University of Technology (HCMUT – Bach Khoa),Electrical Engineering,EE2033 Electromagnetic Theory,"This module covers electromagnetic theory, part of the Electrical Engineering programme at Ho Chi Minh City University of Technology (HCMUT – Bach Khoa). Students explore core theoretical and applied aspects, building competencies for professional practice.","Core electromagnetic theory concepts, theoretical framework application, analytical problem-solving, academic research skills, practical electromagnetic theory implementation",https://hcmut.edu.vn/,Undergraduate,3 Credits / 1 Semester,Khoi A00/A01. Strong Physics.
Ho Chi Minh City University of Technology (HCMUT – Bach Khoa),Electrical Engineering,EE3013 Power Systems,"Covers power generation, transmission, distribution, and protection systems.","Power flow analysis, fault calculation, protection coordination, transformer design, grid stability",https://hcmut.edu.vn/,Undergraduate,3 Credits / 1 Semester,Khoi A00/A01. Strong Physics.
Ho Chi Minh City University of Technology (HCMUT – Bach Khoa),Electrical Engineering,EE3023 Control Systems,"Studies feedback control systems, PID controllers, stability analysis, and state-space methods.","PID controller tuning, stability analysis, Bode plot interpretation, state-space modelling, digital control design",https://hcmut.edu.vn/,Undergraduate,3 Credits / 1 Semester,Khoi A00/A01. Strong Physics.
Ho Chi Minh City University of Technology (HCMUT – Bach Khoa),Electrical Engineering,EE3033 Power Electronics,"Covers semiconductor physics, diode and transistor circuits, op-amps, and digital logic design.","Diode circuit analysis, transistor biasing, op-amp circuit design, digital logic implementation, circuit simulation",https://hcmut.edu.vn/,Undergraduate,3 Credits / 1 Semester,Khoi A00/A01. Strong Physics.
Ho Chi Minh City University of Technology (HCMUT – Bach Khoa),Electrical Engineering,EE3043 Electric Machines,"This module covers electric machines, part of the Electrical Engineering programme at Ho Chi Minh City University of Technology (HCMUT – Bach Khoa). Students explore core theoretical and applied aspects, building competencies for professional practice.","Core electric machines concepts, theoretical framework application, analytical problem-solving, academic research skills, practical electric machines implementation",https://hcmut.edu.vn/,Undergraduate,3 Credits / 1 Semester,Khoi A00/A01. Strong Physics.
Ho Chi Minh City University of Technology (HCMUT – Bach Khoa),Electrical Engineering,EE4013 Renewable Energy,"Examines solar, wind, hydro, and bioenergy systems including resource assessment, design, and grid integration.","Solar irradiance analysis, wind turbine sizing, grid integration, energy storage, techno-economic assessment",https://hcmut.edu.vn/,Undergraduate,3 Credits / 1 Semester,Khoi A00/A01. Strong Physics.
Ho Chi Minh City University of Technology (HCMUT – Bach Khoa),Electrical Engineering,EE4023 Smart Grid,"This module covers smart grid, part of the Electrical Engineering programme at Ho Chi Minh City University of Technology (HCMUT – Bach Khoa). Students explore core theoretical and applied aspects, building competencies for professional practice.","Core smart grid concepts, theoretical framework application, analytical problem-solving, academic research skills, practical smart grid implementation",https://hcmut.edu.vn/,Undergraduate,3 Credits / 1 Semester,Khoi A00/A01. Strong Physics.
Ho Chi Minh City University of Technology (HCMUT – Bach Khoa),Electrical Engineering,EE4033 High Voltage Engineering,"This module covers high voltage engineering, part of the Electrical Engineering programme at Ho Chi Minh City University of Technology (HCMUT – Bach Khoa). Students explore core theoretical and applied aspects, building competencies for professional practice.","Core high voltage engineering concepts, theoretical framework application, analytical problem-solving, academic research skills, practical high voltage engineering implementation",https://hcmut.edu.vn/,Undergraduate,3 Credits / 1 Semester,Khoi A00/A01. Strong Physics.
Ho Chi Minh City University of Technology (HCMUT – Bach Khoa),Electrical Engineering,EE4901 Electrical Engineering Thesis,"This module covers electrical engineering thesis, part of the Electrical Engineering programme at Ho Chi Minh City University of Technology (HCMUT – Bach Khoa). Students explore core theoretical and applied aspects, building competencies for professional practice.","Core electrical engineering thesis concepts, theoretical framework application, analytical problem-solving, academic research skills, practical electrical engineering thesis implementation",https://hcmut.edu.vn/,Undergraduate,9 Credits / 1 Semester,Khoi A00/A01. Strong Physics.
Ho Chi Minh City University of Technology (HCMUT – Bach Khoa),Civil Engineering,CE1001 Engineering Mechanics,"Covers statics, dynamics, kinematics, and material behaviour for engineering applications.","Free body diagram, moment calculation, kinematic analysis, material stress-strain, FEA application",https://hcmut.edu.vn/,Undergraduate,3 Credits / 1 Semester,Khoi A00. Strong Physics and Mathematics.
Ho Chi Minh City University of Technology (HCMUT – Bach Khoa),Civil Engineering,CE1002 Engineering Drawing,"This module covers engineering drawing, part of the Civil Engineering programme at Ho Chi Minh City University of Technology (HCMUT – Bach Khoa). Students explore core theoretical and applied aspects, building competencies for professional practice.","Core engineering drawing concepts, theoretical framework application, analytical problem-solving, academic research skills, practical engineering drawing implementation",https://hcmut.edu.vn/,Undergraduate,3 Credits / 1 Semester,Khoi A00. Strong Physics and Mathematics.
Ho Chi Minh City University of Technology (HCMUT – Bach Khoa),Civil Engineering,CE2001 Mechanics of Materials,"Covers statics, dynamics, kinematics, and material behaviour for engineering applications.","Free body diagram, moment calculation, kinematic analysis, material stress-strain, FEA application",https://hcmut.edu.vn/,Undergraduate,3 Credits / 1 Semester,Khoi A00. Strong Physics and Mathematics.
Ho Chi Minh City University of Technology (HCMUT – Bach Khoa),Civil Engineering,CE2002 Structural Analysis,"Covers structural analysis methods, load calculations, and material behaviour for civil engineering.","Structural load analysis, beam design, truss calculation, material testing, finite element analysis",https://hcmut.edu.vn/,Undergraduate,3 Credits / 1 Semester,Khoi A00. Strong Physics and Mathematics.
Ho Chi Minh City University of Technology (HCMUT – Bach Khoa),Civil Engineering,CE2003 Soil Mechanics,"Covers statics, dynamics, kinematics, and material behaviour for engineering applications.","Free body diagram, moment calculation, kinematic analysis, material stress-strain, FEA application",https://hcmut.edu.vn/,Undergraduate,3 Credits / 1 Semester,Khoi A00. Strong Physics and Mathematics.
Ho Chi Minh City University of Technology (HCMUT – Bach Khoa),Civil Engineering,CE2004 Hydraulics,"This module covers hydraulics, part of the Civil Engineering programme at Ho Chi Minh City University of Technology (HCMUT – Bach Khoa). Students explore core theoretical and applied aspects, building competencies for professional practice.","Core hydraulics concepts, theoretical framework application, analytical problem-solving, academic research skills, practical hydraulics implementation",https://hcmut.edu.vn/,Undergraduate,3 Credits / 1 Semester,Khoi A00. Strong Physics and Mathematics.
Ho Chi Minh City University of Technology (HCMUT – Bach Khoa),Civil Engineering,CE2005 Surveying,"This module covers surveying, part of the Civil Engineering programme at Ho Chi Minh City University of Technology (HCMUT – Bach Khoa). Students explore core theoretical and applied aspects, building competencies for professional practice.","Core surveying concepts, theoretical framework application, analytical problem-solving, academic research skills, practical surveying implementation",https://hcmut.edu.vn/,Undergraduate,3 Credits / 1 Semester,Khoi A00. Strong Physics and Mathematics.
Ho Chi Minh City University of Technology (HCMUT – Bach Khoa),Civil Engineering,CE3001 Foundation Engineering,"This module covers foundation engineering, part of the Civil Engineering programme at Ho Chi Minh City University of Technology (HCMUT – Bach Khoa). Students explore core theoretical and applied aspects, building competencies for professional practice.","Core foundation engineering concepts, theoretical framework application, analytical problem-solving, academic research skills, practical foundation engineering implementation",https://hcmut.edu.vn/,Undergraduate,3 Credits / 1 Semester,Khoi A00. Strong Physics and Mathematics.
Ho Chi Minh City University of Technology (HCMUT – Bach Khoa),Civil Engineering,CE3002 Reinforced Concrete Design,"This module covers reinforced concrete design, part of the Civil Engineering programme at Ho Chi Minh City University of Technology (HCMUT – Bach Khoa). Students explore core theoretical and applied aspects, building competencies for professional practice.","Core reinforced concrete design concepts, theoretical framework application, analytical problem-solving, academic research skills, practical reinforced concrete design implementation",https://hcmut.edu.vn/,Undergraduate,3 Credits / 1 Semester,Khoi A00. Strong Physics and Mathematics.
Ho Chi Minh City University of Technology (HCMUT – Bach Khoa),Civil Engineering,CE3003 Steel Structure Design,"This module covers steel structure design, part of the Civil Engineering programme at Ho Chi Minh City University of Technology (HCMUT – Bach Khoa). Students explore core theoretical and applied aspects, building competencies for professional practice.","Core steel structure design concepts, theoretical framework application, analytical problem-solving, academic research skills, practical steel structure design implementation",https://hcmut.edu.vn/,Undergraduate,3 Credits / 1 Semester,Khoi A00. Strong Physics and Mathematics.
Ho Chi Minh City University of Technology (HCMUT – Bach Khoa),Civil Engineering,CE3004 Road Engineering,"This module covers road engineering, part of the Civil Engineering programme at Ho Chi Minh City University of Technology (HCMUT – Bach Khoa). Students explore core theoretical and applied aspects, building competencies for professional practice.","Core road engineering concepts, theoretical framework application, analytical problem-solving, academic research skills, practical road engineering implementation",https://hcmut.edu.vn/,Undergraduate,3 Credits / 1 Semester,Khoi A00. Strong Physics and Mathematics.
Ho Chi Minh City University of Technology (HCMUT – Bach Khoa),Civil Engineering,CE4001 Bridge Engineering,"This module covers bridge engineering, part of the Civil Engineering programme at Ho Chi Minh City University of Technology (HCMUT – Bach Khoa). Students explore core theoretical and applied aspects, building competencies for professional practice.","Core bridge engineering concepts, theoretical framework application, analytical problem-solving, academic research skills, practical bridge engineering implementation",https://hcmut.edu.vn/,Undergraduate,3 Credits / 1 Semester,Khoi A00. Strong Physics and Mathematics.
Ho Chi Minh City University of Technology (HCMUT – Bach Khoa),Civil Engineering,CE4002 Construction Management,"Covers planning, organising, leading, and controlling including strategy, change management, and organisational behaviour.","Strategic planning, team leadership, change management, performance measurement, stakeholder analysis",https://hcmut.edu.vn/,Undergraduate,3 Credits / 1 Semester,Khoi A00. Strong Physics and Mathematics.
Ho Chi Minh City University of Technology (HCMUT – Bach Khoa),Civil Engineering,CE4901 Civil Engineering Thesis,"This module covers civil engineering thesis, part of the Civil Engineering programme at Ho Chi Minh City University of Technology (HCMUT – Bach Khoa). Students explore core theoretical and applied aspects, building competencies for professional practice.","Core civil engineering thesis concepts, theoretical framework application, analytical problem-solving, academic research skills, practical civil engineering thesis implementation",https://hcmut.edu.vn/,Undergraduate,9 Credits / 1 Semester,Khoi A00. Strong Physics and Mathematics.
Ho Chi Minh City University of Technology (HCMUT – Bach Khoa),Mechanical Engineering,ME1001 Engineering Mechanics,"Covers statics, dynamics, kinematics, and material behaviour for engineering applications.","Free body diagram, moment calculation, kinematic analysis, material stress-strain, FEA application",https://hcmut.edu.vn/,Undergraduate,3 Credits / 1 Semester,Khoi A00. Strong Physics and Mathematics.
Ho Chi Minh City University of Technology (HCMUT – Bach Khoa),Mechanical Engineering,ME2001 Thermodynamics,"Studies heat, work, energy conversion, entropy, and thermodynamic cycles for engineering systems.","Thermodynamic cycle analysis, entropy calculation, heat exchanger design, energy efficiency, combustion analysis",https://hcmut.edu.vn/,Undergraduate,3 Credits / 1 Semester,Khoi A00. Strong Physics and Mathematics.
Ho Chi Minh City University of Technology (HCMUT – Bach Khoa),Mechanical Engineering,ME2002 Fluid Mechanics,"Covers fluid statics, flow dynamics, viscous effects, and turbomachinery for engineering applications.","Bernoulli equation, Reynolds number analysis, pipe flow calculation, turbine design, CFD simulation",https://hcmut.edu.vn/,Undergraduate,3 Credits / 1 Semester,Khoi A00. Strong Physics and Mathematics.
Ho Chi Minh City University of Technology (HCMUT – Bach Khoa),Mechanical Engineering,ME2003 Mechanics of Materials,"Covers statics, dynamics, kinematics, and material behaviour for engineering applications.","Free body diagram, moment calculation, kinematic analysis, material stress-strain, FEA application",https://hcmut.edu.vn/,Undergraduate,3 Credits / 1 Semester,Khoi A00. Strong Physics and Mathematics.
Ho Chi Minh City University of Technology (HCMUT – Bach Khoa),Mechanical Engineering,ME2004 Machine Design,"This module covers machine design, part of the Mechanical Engineering programme at Ho Chi Minh City University of Technology (HCMUT – Bach Khoa). Students explore core theoretical and applied aspects, building competencies for professional practice.","Core machine design concepts, theoretical framework application, analytical problem-solving, academic research skills, practical machine design implementation",https://hcmut.edu.vn/,Undergraduate,3 Credits / 1 Semester,Khoi A00. Strong Physics and Mathematics.
Ho Chi Minh City University of Technology (HCMUT – Bach Khoa),Mechanical Engineering,ME3001 Manufacturing Technology,"This module covers manufacturing technology, part of the Mechanical Engineering programme at Ho Chi Minh City University of Technology (HCMUT – Bach Khoa). Students explore core theoretical and applied aspects, building competencies for professional practice.","Core manufacturing technology concepts, theoretical framework application, analytical problem-solving, academic research skills, practical manufacturing technology implementation",https://hcmut.edu.vn/,Undergraduate,3 Credits / 1 Semester,Khoi A00. Strong Physics and Mathematics.
Ho Chi Minh City University of Technology (HCMUT – Bach Khoa),Mechanical Engineering,ME3002 Heat Transfer,"This module covers heat transfer, part of the Mechanical Engineering programme at Ho Chi Minh City University of Technology (HCMUT – Bach Khoa). Students explore core theoretical and applied aspects, building competencies for professional practice.","Core heat transfer concepts, theoretical framework application, analytical problem-solving, academic research skills, practical heat transfer implementation",https://hcmut.edu.vn/,Undergraduate,3 Credits / 1 Semester,Khoi A00. Strong Physics and Mathematics.
Ho Chi Minh City University of Technology (HCMUT – Bach Khoa),Mechanical Engineering,ME3003 Internal Combustion Engines,"This module covers internal combustion engines, part of the Mechanical Engineering programme at Ho Chi Minh City University of Technology (HCMUT – Bach Khoa). Students explore core theoretical and applied aspects, building competencies for professional practice.","Core internal combustion engines concepts, theoretical framework application, analytical problem-solving, academic research skills, practical internal combustion engines implementation",https://hcmut.edu.vn/,Undergraduate,3 Credits / 1 Semester,Khoi A00. Strong Physics and Mathematics.
Ho Chi Minh City University of Technology (HCMUT – Bach Khoa),Mechanical Engineering,ME3004 CAD/CAM,"This module covers cad/cam, part of the Mechanical Engineering programme at Ho Chi Minh City University of Technology (HCMUT – Bach Khoa). Students explore core theoretical and applied aspects, building competencies for professional practice.","Core cad/cam concepts, theoretical framework application, analytical problem-solving, academic research skills, practical cad/cam implementation",https://hcmut.edu.vn/,Undergraduate,3 Credits / 1 Semester,Khoi A00. Strong Physics and Mathematics.
Ho Chi Minh City University of Technology (HCMUT – Bach Khoa),Mechanical Engineering,ME4001 Finite Element Methods,"This module covers finite element methods, part of the Mechanical Engineering programme at Ho Chi Minh City University of Technology (HCMUT – Bach Khoa). Students explore core theoretical and applied aspects, building competencies for professional practice.","Core finite element methods concepts, theoretical framework application, analytical problem-solving, academic research skills, practical finite element methods implementation",https://hcmut.edu.vn/,Undergraduate,3 Credits / 1 Semester,Khoi A00. Strong Physics and Mathematics.
Ho Chi Minh City University of Technology (HCMUT – Bach Khoa),Mechanical Engineering,ME4002 Mechatronics,"This module covers mechatronics, part of the Mechanical Engineering programme at Ho Chi Minh City University of Technology (HCMUT – Bach Khoa). Students explore core theoretical and applied aspects, building competencies for professional practice.","Core mechatronics concepts, theoretical framework application, analytical problem-solving, academic research skills, practical mechatronics implementation",https://hcmut.edu.vn/,Undergraduate,3 Credits / 1 Semester,Khoi A00. Strong Physics and Mathematics.
Ho Chi Minh City University of Technology (HCMUT – Bach Khoa),Mechanical Engineering,ME4003 Industrial Automation,"This module covers industrial automation, part of the Mechanical Engineering programme at Ho Chi Minh City University of Technology (HCMUT – Bach Khoa). Students explore core theoretical and applied aspects, building competencies for professional practice.","Core industrial automation concepts, theoretical framework application, analytical problem-solving, academic research skills, practical industrial automation implementation",https://hcmut.edu.vn/,Undergraduate,3 Credits / 1 Semester,Khoi A00. Strong Physics and Mathematics.
Ho Chi Minh City University of Technology (HCMUT – Bach Khoa),Mechanical Engineering,ME4901 Mechanical Engineering Thesis,"This module covers mechanical engineering thesis, part of the Mechanical Engineering programme at Ho Chi Minh City University of Technology (HCMUT – Bach Khoa). Students explore core theoretical and applied aspects, building competencies for professional practice.","Core mechanical engineering thesis concepts, theoretical framework application, analytical problem-solving, academic research skills, practical mechanical engineering thesis implementation",https://hcmut.edu.vn/,Undergraduate,9 Credits / 1 Semester,Khoi A00. Strong Physics and Mathematics.
Ho Chi Minh City University of Technology (HCMUT – Bach Khoa),Biomedical Engineering,BM1001 Introduction to Biomedical Engineering,"Covers physiological signal acquisition, medical device design, imaging systems, and biomedical instrumentation.","Biosignal processing, medical device testing, imaging analysis, biomedical data interpretation, clinical validation",https://hcmut.edu.vn/,Undergraduate,3 Credits / 1 Semester,Khoi B00/A00. Possible interview.
Ho Chi Minh City University of Technology (HCMUT – Bach Khoa),Biomedical Engineering,BM1002 Biology for Engineers,"Introduces cell biology, genetics, physiology, ecology, and molecular biology principles.","Cell biology analysis, genetic problem solving, physiological assessment, ecological modelling, lab techniques",https://hcmut.edu.vn/,Undergraduate,3 Credits / 1 Semester,Khoi B00/A00. Possible interview.
Ho Chi Minh City University of Technology (HCMUT – Bach Khoa),Biomedical Engineering,BM2001 Biomechanics,"Covers statics, dynamics, kinematics, and material behaviour for engineering applications.","Free body diagram, moment calculation, kinematic analysis, material stress-strain, FEA application",https://hcmut.edu.vn/,Undergraduate,3 Credits / 1 Semester,Khoi B00/A00. Possible interview.
Ho Chi Minh City University of Technology (HCMUT – Bach Khoa),Biomedical Engineering,BM2002 Biomedical Signals,"Covers physiological signal acquisition, medical device design, imaging systems, and biomedical instrumentation.","Biosignal processing, medical device testing, imaging analysis, biomedical data interpretation, clinical validation",https://hcmut.edu.vn/,Undergraduate,3 Credits / 1 Semester,Khoi B00/A00. Possible interview.
Ho Chi Minh City University of Technology (HCMUT – Bach Khoa),Biomedical Engineering,BM2003 Physiology for Engineers,"This module covers physiology for engineers, part of the Biomedical Engineering programme at Ho Chi Minh City University of Technology (HCMUT – Bach Khoa). Students explore core theoretical and applied aspects, building competencies for professional practice.","Core physiology for engineers concepts, theoretical framework application, analytical problem-solving, academic research skills, practical physiology for engineers implementation",https://hcmut.edu.vn/,Undergraduate,3 Credits / 1 Semester,Khoi B00/A00. Possible interview.
Ho Chi Minh City University of Technology (HCMUT – Bach Khoa),Biomedical Engineering,BM2004 Medical Instrumentation,"This module covers medical instrumentation, part of the Biomedical Engineering programme at Ho Chi Minh City University of Technology (HCMUT – Bach Khoa). Students explore core theoretical and applied aspects, building competencies for professional practice.","Core medical instrumentation concepts, theoretical framework application, analytical problem-solving, academic research skills, practical medical instrumentation implementation",https://hcmut.edu.vn/,Undergraduate,3 Credits / 1 Semester,Khoi B00/A00. Possible interview.
Ho Chi Minh City University of Technology (HCMUT – Bach Khoa),Biomedical Engineering,BM3001 Medical Imaging,"This module covers medical imaging, part of the Biomedical Engineering programme at Ho Chi Minh City University of Technology (HCMUT – Bach Khoa). Students explore core theoretical and applied aspects, building competencies for professional practice.","Core medical imaging concepts, theoretical framework application, analytical problem-solving, academic research skills, practical medical imaging implementation",https://hcmut.edu.vn/,Undergraduate,3 Credits / 1 Semester,Khoi B00/A00. Possible interview.
Ho Chi Minh City University of Technology (HCMUT – Bach Khoa),Biomedical Engineering,BM3002 Biomaterials,"Studies crystal structures, mechanical and thermal and electrical properties, and characterisation of engineering materials.","Crystallography, tensile testing, phase diagram reading, materials selection, microstructure analysis",https://hcmut.edu.vn/,Undergraduate,3 Credits / 1 Semester,Khoi B00/A00. Possible interview.
Ho Chi Minh City University of Technology (HCMUT – Bach Khoa),Biomedical Engineering,BM3003 Neural Engineering,"This module covers neural engineering, part of the Biomedical Engineering programme at Ho Chi Minh City University of Technology (HCMUT – Bach Khoa). Students explore core theoretical and applied aspects, building competencies for professional practice.","Core neural engineering concepts, theoretical framework application, analytical problem-solving, academic research skills, practical neural engineering implementation",https://hcmut.edu.vn/,Undergraduate,3 Credits / 1 Semester,Khoi B00/A00. Possible interview.
Ho Chi Minh City University of Technology (HCMUT – Bach Khoa),Biomedical Engineering,BM3004 Rehabilitation Engineering,"This module covers rehabilitation engineering, part of the Biomedical Engineering programme at Ho Chi Minh City University of Technology (HCMUT – Bach Khoa). Students explore core theoretical and applied aspects, building competencies for professional practice.","Core rehabilitation engineering concepts, theoretical framework application, analytical problem-solving, academic research skills, practical rehabilitation engineering implementation",https://hcmut.edu.vn/,Undergraduate,3 Credits / 1 Semester,Khoi B00/A00. Possible interview.
Ho Chi Minh City University of Technology (HCMUT – Bach Khoa),Biomedical Engineering,BM4001 Medical Device Regulation,"This module covers medical device regulation, part of the Biomedical Engineering programme at Ho Chi Minh City University of Technology (HCMUT – Bach Khoa). Students explore core theoretical and applied aspects, building competencies for professional practice.","Core medical device regulation concepts, theoretical framework application, analytical problem-solving, academic research skills, practical medical device regulation implementation",https://hcmut.edu.vn/,Undergraduate,3 Credits / 1 Semester,Khoi B00/A00. Possible interview.
Ho Chi Minh City University of Technology (HCMUT – Bach Khoa),Biomedical Engineering,BM4002 Clinical Engineering,"This module covers clinical engineering, part of the Biomedical Engineering programme at Ho Chi Minh City University of Technology (HCMUT – Bach Khoa). Students explore core theoretical and applied aspects, building competencies for professional practice.","Core clinical engineering concepts, theoretical framework application, analytical problem-solving, academic research skills, practical clinical engineering implementation",https://hcmut.edu.vn/,Undergraduate,3 Credits / 1 Semester,Khoi B00/A00. Possible interview.
Ho Chi Minh City University of Technology (HCMUT – Bach Khoa),Biomedical Engineering,BM4003 Tissue Engineering,"This module covers tissue engineering, part of the Biomedical Engineering programme at Ho Chi Minh City University of Technology (HCMUT – Bach Khoa). Students explore core theoretical and applied aspects, building competencies for professional practice.","Core tissue engineering concepts, theoretical framework application, analytical problem-solving, academic research skills, practical tissue engineering implementation",https://hcmut.edu.vn/,Undergraduate,3 Credits / 1 Semester,Khoi B00/A00. Possible interview.
Ho Chi Minh City University of Technology (HCMUT – Bach Khoa),Biomedical Engineering,BM4901 Biomedical Engineering Thesis,"Covers physiological signal acquisition, medical device design, imaging systems, and biomedical instrumentation.","Biosignal processing, medical device testing, imaging analysis, biomedical data interpretation, clinical validation",https://hcmut.edu.vn/,Undergraduate,9 Credits / 1 Semester,Khoi B00/A00. Possible interview.
University of Science – VNU Ho Chi Minh City (VNU-HCM US),Computer Science,CSC10001 Introduction to Programming,"This module covers introduction to programming, part of the Computer Science programme at University of Science – VNU Ho Chi Minh City (VNU-HCM US). Students explore core theoretical and applied aspects, building competencies for professional practice.","Core introduction to programming concepts, theoretical framework application, analytical problem-solving, academic research skills, practical introduction to programming implementation",https://www.hcmus.edu.vn/,Undergraduate,4 Credits / 1 Semester,Khoi A00/A01. DGNL >= 750. IELTS 5.5+ for English-medium.
University of Science – VNU Ho Chi Minh City (VNU-HCM US),Computer Science,CSC10002 Data Structures and Algorithms,"Covers fundamental data organisation techniques including arrays, linked lists, stacks, queues, trees, heaps, and hash tables. Students analyse time and space complexity and apply structures to solve real computational problems.","Array manipulation, linked list operations, binary tree traversal, hash table design, stack and queue implementation",https://www.hcmus.edu.vn/,Undergraduate,4 Credits / 1 Semester,Khoi A00/A01. DGNL >= 750. IELTS 5.5+ for English-medium.
University of Science – VNU Ho Chi Minh City (VNU-HCM US),Computer Science,CSC10003 Operating Systems,"Analyses process scheduling, memory management, file systems, and I/O handling with practical implementation labs.","Process scheduling, memory allocation, file system design, deadlock detection, system call programming",https://www.hcmus.edu.vn/,Undergraduate,3 Credits / 1 Semester,Khoi A00/A01. DGNL >= 750. IELTS 5.5+ for English-medium.
University of Science – VNU Ho Chi Minh City (VNU-HCM US),Computer Science,CSC10004 Database Systems,"Examines relational database design, SQL querying, normalisation theory, transaction management, and indexing strategies.","SQL query writing, ER diagram design, normalisation, transaction management, index optimisation",https://www.hcmus.edu.vn/,Undergraduate,3 Credits / 1 Semester,Khoi A00/A01. DGNL >= 750. IELTS 5.5+ for English-medium.
University of Science – VNU Ho Chi Minh City (VNU-HCM US),Computer Science,CSC10008 Computer Networks,"Studies OSI and TCP/IP network architectures, routing, switching, HTTP, DNS, and network security protocols.","TCP/IP configuration, routing protocol analysis, socket programming, network security evaluation, Wireshark analysis",https://www.hcmus.edu.vn/,Undergraduate,3 Credits / 1 Semester,Khoi A00/A01. DGNL >= 750. IELTS 5.5+ for English-medium.
University of Science – VNU Ho Chi Minh City (VNU-HCM US),Computer Science,MTH00002 Probability and Statistics,"Covers random variables, distributions, Bayes theorem, expectation, and limit theorems with engineering applications.","Probability modelling, Bayesian inference, Monte Carlo simulation, hypothesis testing, stochastic analysis",https://www.hcmus.edu.vn/,Undergraduate,3 Credits / 1 Semester,Khoi A00/A01. DGNL >= 750. IELTS 5.5+ for English-medium.
University of Science – VNU Ho Chi Minh City (VNU-HCM US),Computer Science,MTH00003 Linear Algebra,"Covers vector spaces, matrix operations, eigenvalues, and SVD foundational for machine learning and optimisation.","Matrix factorisation, eigenvalue computation, vector space analysis, linear transformation, gradient optimisation",https://www.hcmus.edu.vn/,Undergraduate,3 Credits / 1 Semester,Khoi A00/A01. DGNL >= 750. IELTS 5.5+ for English-medium.
University of Science – VNU Ho Chi Minh City (VNU-HCM US),Computer Science,MTH00004 Discrete Mathematics,"Introduces logic, set theory, combinatorics, graph theory, and proof techniques essential for computer science.","Formal proof writing, graph theory application, combinatorial counting, Boolean logic, mathematical induction",https://www.hcmus.edu.vn/,Undergraduate,3 Credits / 1 Semester,Khoi A00/A01. DGNL >= 750. IELTS 5.5+ for English-medium.
University of Science – VNU Ho Chi Minh City (VNU-HCM US),Computer Science,CSC10009 Advanced Data Structures,"Covers fundamental data organisation techniques including arrays, linked lists, stacks, queues, trees, heaps, and hash tables. Students analyse time and space complexity and apply structures to solve real computational problems.","Array manipulation, linked list operations, binary tree traversal, hash table design, stack and queue implementation",https://www.hcmus.edu.vn/,Undergraduate,3 Credits / 1 Semester,Khoi A00/A01. DGNL >= 750. IELTS 5.5+ for English-medium.
University of Science – VNU Ho Chi Minh City (VNU-HCM US),Computer Science,CSC10006 Algorithm Design,"Introduces algorithm design paradigms including divide and conquer, dynamic programming, greedy methods, and backtracking. Students prove correctness and analyse Big-O complexity.","Algorithm complexity analysis, divide and conquer design, dynamic programming, greedy implementation, correctness proof writing",https://www.hcmus.edu.vn/,Undergraduate,3 Credits / 1 Semester,Khoi A00/A01. DGNL >= 750. IELTS 5.5+ for English-medium.
University of Science – VNU Ho Chi Minh City (VNU-HCM US),Computer Science,CSC14005 Machine Learning,"Covers supervised learning, unsupervised learning, model evaluation, regularisation, and neural network fundamentals for predictive modelling.","Supervised model training, cross-validation, feature engineering, clustering algorithms, neural network design",https://www.hcmus.edu.vn/,Undergraduate,3 Credits / 1 Semester,Khoi A00/A01. DGNL >= 750. IELTS 5.5+ for English-medium.
University of Science – VNU Ho Chi Minh City (VNU-HCM US),Computer Science,CSC14003 Artificial Intelligence,"Explores search algorithms, knowledge representation, planning, and reasoning under uncertainty.","Heuristic search, Bayesian reasoning, propositional logic, constraint satisfaction, decision tree construction",https://www.hcmus.edu.vn/,Undergraduate,3 Credits / 1 Semester,Khoi A00/A01. DGNL >= 750. IELTS 5.5+ for English-medium.
University of Science – VNU Ho Chi Minh City (VNU-HCM US),Computer Science,CSC00004 Web Programming,"Covers full-stack web development including front-end frameworks, RESTful APIs, authentication, and database integration.","HTML/CSS/JavaScript, REST API design, React or Vue.js, backend frameworks, database integration",https://www.hcmus.edu.vn/,Undergraduate,3 Credits / 1 Semester,Khoi A00/A01. DGNL >= 750. IELTS 5.5+ for English-medium.
University of Science – VNU Ho Chi Minh City (VNU-HCM US),Computer Science,CSC14119 Deep Learning,"Covers CNNs, RNNs, attention mechanisms, and transformers applied to computer vision and NLP tasks using modern frameworks.","CNN design, RNN sequence modelling, transformer fine-tuning, PyTorch/TensorFlow, transfer learning",https://www.hcmus.edu.vn/,Undergraduate,3 Credits / 1 Semester,Khoi A00/A01. DGNL >= 750. IELTS 5.5+ for English-medium.
University of Science – VNU Ho Chi Minh City (VNU-HCM US),Computer Science,CSC14116 Natural Language Processing,"Covers tokenisation, language models, sentiment analysis, NER, and transformer-based models such as BERT.","Text preprocessing, language model evaluation, sentiment classification, NER extraction, BERT fine-tuning",https://www.hcmus.edu.vn/,Undergraduate,3 Credits / 1 Semester,Khoi A00/A01. DGNL >= 750. IELTS 5.5+ for English-medium.
University of Science – VNU Ho Chi Minh City (VNU-HCM US),Computer Science,CSC14111 Computer Vision,"Covers image processing, feature extraction, object detection, and segmentation using classical and deep learning methods.","Image preprocessing, CNN classification, YOLO object detection, semantic segmentation, feature extraction",https://www.hcmus.edu.vn/,Undergraduate,3 Credits / 1 Semester,Khoi A00/A01. DGNL >= 750. IELTS 5.5+ for English-medium.
University of Science – VNU Ho Chi Minh City (VNU-HCM US),Computer Science,CSC13114 Information Security,"Studies access control, authentication, cryptography, network defence, and security policy for enterprise environments.","Access control design, public key cryptography, firewall configuration, security policy writing, risk assessment",https://www.hcmus.edu.vn/,Undergraduate,3 Credits / 1 Semester,Khoi A00/A01. DGNL >= 750. IELTS 5.5+ for English-medium.
University of Science – VNU Ho Chi Minh City (VNU-HCM US),Computer Science,CSC14000 Capstone Project,"This module covers capstone project, part of the Computer Science programme at University of Science – VNU Ho Chi Minh City (VNU-HCM US). Students explore core theoretical and applied aspects, building competencies for professional practice.","Core capstone project concepts, theoretical framework application, analytical problem-solving, academic research skills, practical capstone project implementation",https://www.hcmus.edu.vn/,Undergraduate,9 Credits / 1 Semester,Khoi A00/A01. DGNL >= 750. IELTS 5.5+ for English-medium.
University of Science – VNU Ho Chi Minh City (VNU-HCM US),Data Science,DSC10001 Foundations of Data Science,"This module covers foundations of data science, part of the Data Science programme at University of Science – VNU Ho Chi Minh City (VNU-HCM US). Students explore core theoretical and applied aspects, building competencies for professional practice.","Core foundations of data science concepts, theoretical framework application, analytical problem-solving, academic research skills, practical foundations of data science implementation",https://www.hcmus.edu.vn/,Undergraduate,3 Credits / 1 Semester,Khoi A00/A01/D07. Strong Mathematics. IELTS 5.5+.
University of Science – VNU Ho Chi Minh City (VNU-HCM US),Data Science,DSC20001 Statistical Learning,"This module covers statistical learning, part of the Data Science programme at University of Science – VNU Ho Chi Minh City (VNU-HCM US). Students explore core theoretical and applied aspects, building competencies for professional practice.","Core statistical learning concepts, theoretical framework application, analytical problem-solving, academic research skills, practical statistical learning implementation",https://www.hcmus.edu.vn/,Undergraduate,3 Credits / 1 Semester,Khoi A00/A01/D07. Strong Mathematics. IELTS 5.5+.
University of Science – VNU Ho Chi Minh City (VNU-HCM US),Data Science,DSC20002 Data Wrangling and Visualisation,"This module covers data wrangling and visualisation, part of the Data Science programme at University of Science – VNU Ho Chi Minh City (VNU-HCM US). Students explore core theoretical and applied aspects, building competencies for professional practice.","Core data wrangling and visualisation concepts, theoretical framework application, analytical problem-solving, academic research skills, practical data wrangling and visualisation implementation",https://www.hcmus.edu.vn/,Undergraduate,3 Credits / 1 Semester,Khoi A00/A01/D07. Strong Mathematics. IELTS 5.5+.
University of Science – VNU Ho Chi Minh City (VNU-HCM US),Data Science,DSC20003 Database for Data Science,"Examines relational database design, SQL querying, normalisation theory, transaction management, and indexing strategies.","SQL query writing, ER diagram design, normalisation, transaction management, index optimisation",https://www.hcmus.edu.vn/,Undergraduate,3 Credits / 1 Semester,Khoi A00/A01/D07. Strong Mathematics. IELTS 5.5+.
University of Science – VNU Ho Chi Minh City (VNU-HCM US),Data Science,DSC30001 Applied Machine Learning,"Covers supervised learning, unsupervised learning, model evaluation, regularisation, and neural network fundamentals for predictive modelling.","Supervised model training, cross-validation, feature engineering, clustering algorithms, neural network design",https://www.hcmus.edu.vn/,Undergraduate,3 Credits / 1 Semester,Khoi A00/A01/D07. Strong Mathematics. IELTS 5.5+.
University of Science – VNU Ho Chi Minh City (VNU-HCM US),Data Science,DSC30002 Time Series Analysis,"This module covers time series analysis, part of the Data Science programme at University of Science – VNU Ho Chi Minh City (VNU-HCM US). Students explore core theoretical and applied aspects, building competencies for professional practice.","Core time series analysis concepts, theoretical framework application, analytical problem-solving, academic research skills, practical time series analysis implementation",https://www.hcmus.edu.vn/,Undergraduate,3 Credits / 1 Semester,Khoi A00/A01/D07. Strong Mathematics. IELTS 5.5+.
University of Science – VNU Ho Chi Minh City (VNU-HCM US),Data Science,DSC30003 Big Data Technologies,"Covers Hadoop, Apache Spark, real-time stream processing, and NoSQL storage for large-scale data pipelines.","Spark DataFrame programming, HDFS management, Kafka streaming, NoSQL querying, ETL pipeline design",https://www.hcmus.edu.vn/,Undergraduate,3 Credits / 1 Semester,Khoi A00/A01/D07. Strong Mathematics. IELTS 5.5+.
University of Science – VNU Ho Chi Minh City (VNU-HCM US),Data Science,DSC30004 Deep Learning,"Covers CNNs, RNNs, attention mechanisms, and transformers applied to computer vision and NLP tasks using modern frameworks.","CNN design, RNN sequence modelling, transformer fine-tuning, PyTorch/TensorFlow, transfer learning",https://www.hcmus.edu.vn/,Undergraduate,3 Credits / 1 Semester,Khoi A00/A01/D07. Strong Mathematics. IELTS 5.5+.
University of Science – VNU Ho Chi Minh City (VNU-HCM US),Data Science,DSC30005 NLP for Data Science,"This module covers nlp for data science, part of the Data Science programme at University of Science – VNU Ho Chi Minh City (VNU-HCM US). Students explore core theoretical and applied aspects, building competencies for professional practice.","Core nlp for data science concepts, theoretical framework application, analytical problem-solving, academic research skills, practical nlp for data science implementation",https://www.hcmus.edu.vn/,Undergraduate,3 Credits / 1 Semester,Khoi A00/A01/D07. Strong Mathematics. IELTS 5.5+.
University of Science – VNU Ho Chi Minh City (VNU-HCM US),Data Science,DSC40001 Data Science Ethics,"This module covers data science ethics, part of the Data Science programme at University of Science – VNU Ho Chi Minh City (VNU-HCM US). Students explore core theoretical and applied aspects, building competencies for professional practice.","Core data science ethics concepts, theoretical framework application, analytical problem-solving, academic research skills, practical data science ethics implementation",https://www.hcmus.edu.vn/,Undergraduate,3 Credits / 1 Semester,Khoi A00/A01/D07. Strong Mathematics. IELTS 5.5+.
University of Science – VNU Ho Chi Minh City (VNU-HCM US),Data Science,DSC40002 Capstone Data Science Project,"This module covers capstone data science project, part of the Data Science programme at University of Science – VNU Ho Chi Minh City (VNU-HCM US). Students explore core theoretical and applied aspects, building competencies for professional practice.","Core capstone data science project concepts, theoretical framework application, analytical problem-solving, academic research skills, practical capstone data science project implementation",https://www.hcmus.edu.vn/,Undergraduate,9 Credits / 1 Semester,Khoi A00/A01/D07. Strong Mathematics. IELTS 5.5+.
University of Science – VNU Ho Chi Minh City (VNU-HCM US),Biological Sciences,BIO10001 Introduction to Biology,"Introduces cell biology, genetics, physiology, ecology, and molecular biology principles.","Cell biology analysis, genetic problem solving, physiological assessment, ecological modelling, lab techniques",https://www.hcmus.edu.vn/,Undergraduate,3 Credits / 1 Semester,Khoi B00. Strong Biology and Chemistry.
University of Science – VNU Ho Chi Minh City (VNU-HCM US),Biological Sciences,BIO10002 Cell Biology,"Introduces cell biology, genetics, physiology, ecology, and molecular biology principles.","Cell biology analysis, genetic problem solving, physiological assessment, ecological modelling, lab techniques",https://www.hcmus.edu.vn/,Undergraduate,3 Credits / 1 Semester,Khoi B00. Strong Biology and Chemistry.
University of Science – VNU Ho Chi Minh City (VNU-HCM US),Biological Sciences,BIO10003 Genetics,"This module covers genetics, part of the Biological Sciences programme at University of Science – VNU Ho Chi Minh City (VNU-HCM US). Students explore core theoretical and applied aspects, building competencies for professional practice.","Core genetics concepts, theoretical framework application, analytical problem-solving, academic research skills, practical genetics implementation",https://www.hcmus.edu.vn/,Undergraduate,3 Credits / 1 Semester,Khoi B00. Strong Biology and Chemistry.
University of Science – VNU Ho Chi Minh City (VNU-HCM US),Biological Sciences,BIO20001 Microbiology,"Introduces cell biology, genetics, physiology, ecology, and molecular biology principles.","Cell biology analysis, genetic problem solving, physiological assessment, ecological modelling, lab techniques",https://www.hcmus.edu.vn/,Undergraduate,3 Credits / 1 Semester,Khoi B00. Strong Biology and Chemistry.
University of Science – VNU Ho Chi Minh City (VNU-HCM US),Biological Sciences,BIO20002 Biochemistry,"Covers atomic structure, chemical bonding, reactions, thermochemistry, and organic chemistry.","Chemical equation balancing, stoichiometry, organic synthesis, spectral analysis, lab safety",https://www.hcmus.edu.vn/,Undergraduate,3 Credits / 1 Semester,Khoi B00. Strong Biology and Chemistry.
University of Science – VNU Ho Chi Minh City (VNU-HCM US),Biological Sciences,BIO20003 Ecology,"This module covers ecology, part of the Biological Sciences programme at University of Science – VNU Ho Chi Minh City (VNU-HCM US). Students explore core theoretical and applied aspects, building competencies for professional practice.","Core ecology concepts, theoretical framework application, analytical problem-solving, academic research skills, practical ecology implementation",https://www.hcmus.edu.vn/,Undergraduate,3 Credits / 1 Semester,Khoi B00. Strong Biology and Chemistry.
University of Science – VNU Ho Chi Minh City (VNU-HCM US),Biological Sciences,BIO20004 Molecular Biology,"Introduces cell biology, genetics, physiology, ecology, and molecular biology principles.","Cell biology analysis, genetic problem solving, physiological assessment, ecological modelling, lab techniques",https://www.hcmus.edu.vn/,Undergraduate,3 Credits / 1 Semester,Khoi B00. Strong Biology and Chemistry.
University of Science – VNU Ho Chi Minh City (VNU-HCM US),Biological Sciences,BIO30001 Physiology,"This module covers physiology, part of the Biological Sciences programme at University of Science – VNU Ho Chi Minh City (VNU-HCM US). Students explore core theoretical and applied aspects, building competencies for professional practice.","Core physiology concepts, theoretical framework application, analytical problem-solving, academic research skills, practical physiology implementation",https://www.hcmus.edu.vn/,Undergraduate,3 Credits / 1 Semester,Khoi B00. Strong Biology and Chemistry.
University of Science – VNU Ho Chi Minh City (VNU-HCM US),Biological Sciences,BIO30002 Evolution,"This module covers evolution, part of the Biological Sciences programme at University of Science – VNU Ho Chi Minh City (VNU-HCM US). Students explore core theoretical and applied aspects, building competencies for professional practice.","Core evolution concepts, theoretical framework application, analytical problem-solving, academic research skills, practical evolution implementation",https://www.hcmus.edu.vn/,Undergraduate,3 Credits / 1 Semester,Khoi B00. Strong Biology and Chemistry.
University of Science – VNU Ho Chi Minh City (VNU-HCM US),Biological Sciences,BIO30003 Bioinformatics,"This module covers bioinformatics, part of the Biological Sciences programme at University of Science – VNU Ho Chi Minh City (VNU-HCM US). Students explore core theoretical and applied aspects, building competencies for professional practice.","Core bioinformatics concepts, theoretical framework application, analytical problem-solving, academic research skills, practical bioinformatics implementation",https://www.hcmus.edu.vn/,Undergraduate,3 Credits / 1 Semester,Khoi B00. Strong Biology and Chemistry.
University of Science – VNU Ho Chi Minh City (VNU-HCM US),Biological Sciences,BIO30004 Immunology,"This module covers immunology, part of the Biological Sciences programme at University of Science – VNU Ho Chi Minh City (VNU-HCM US). Students explore core theoretical and applied aspects, building competencies for professional practice.","Core immunology concepts, theoretical framework application, analytical problem-solving, academic research skills, practical immunology implementation",https://www.hcmus.edu.vn/,Undergraduate,3 Credits / 1 Semester,Khoi B00. Strong Biology and Chemistry.
University of Science – VNU Ho Chi Minh City (VNU-HCM US),Biological Sciences,BIO40001 Biotechnology,"This module covers biotechnology, part of the Biological Sciences programme at University of Science – VNU Ho Chi Minh City (VNU-HCM US). Students explore core theoretical and applied aspects, building competencies for professional practice.","Core biotechnology concepts, theoretical framework application, analytical problem-solving, academic research skills, practical biotechnology implementation",https://www.hcmus.edu.vn/,Undergraduate,3 Credits / 1 Semester,Khoi B00. Strong Biology and Chemistry.
University of Science – VNU Ho Chi Minh City (VNU-HCM US),Biological Sciences,BIO40002 Environmental Biology,"Covers environmental chemistry, ecology, pollution control, environmental impact assessment, and sustainability.","Environmental impact assessment, pollution monitoring, ecological modelling, sustainability analysis, EIA reporting",https://www.hcmus.edu.vn/,Undergraduate,3 Credits / 1 Semester,Khoi B00. Strong Biology and Chemistry.
University of Science – VNU Ho Chi Minh City (VNU-HCM US),Biological Sciences,BIO40003 Senior Biology Thesis,"Introduces cell biology, genetics, physiology, ecology, and molecular biology principles.","Cell biology analysis, genetic problem solving, physiological assessment, ecological modelling, lab techniques",https://www.hcmus.edu.vn/,Undergraduate,9 Credits / 1 Semester,Khoi B00. Strong Biology and Chemistry.
University of Science – VNU Ho Chi Minh City (VNU-HCM US),Physics,PHY10001 Classical Mechanics,"Covers statics, dynamics, kinematics, and material behaviour for engineering applications.","Free body diagram, moment calculation, kinematic analysis, material stress-strain, FEA application",https://www.hcmus.edu.vn/,Undergraduate,4 Credits / 1 Semester,Khoi A00/A01. Excellent Physics.
University of Science – VNU Ho Chi Minh City (VNU-HCM US),Physics,PHY10002 Electricity and Magnetism,"This module covers electricity and magnetism, part of the Physics programme at University of Science – VNU Ho Chi Minh City (VNU-HCM US). Students explore core theoretical and applied aspects, building competencies for professional practice.","Core electricity and magnetism concepts, theoretical framework application, analytical problem-solving, academic research skills, practical electricity and magnetism implementation",https://www.hcmus.edu.vn/,Undergraduate,4 Credits / 1 Semester,Khoi A00/A01. Excellent Physics.
University of Science – VNU Ho Chi Minh City (VNU-HCM US),Physics,MTH00001 Calculus 1,"Covers differential and integral calculus, series, and multivariable calculus for engineering and science applications.","Differentiation, integration, limit evaluation, partial derivatives, optimisation techniques",https://www.hcmus.edu.vn/,Undergraduate,4 Credits / 1 Semester,Khoi A00/A01. Excellent Physics.
University of Science – VNU Ho Chi Minh City (VNU-HCM US),Physics,PHY20001 Thermodynamics and Statistical Physics,"Studies heat, work, energy conversion, entropy, and thermodynamic cycles for engineering systems.","Thermodynamic cycle analysis, entropy calculation, heat exchanger design, energy efficiency, combustion analysis",https://www.hcmus.edu.vn/,Undergraduate,3 Credits / 1 Semester,Khoi A00/A01. Excellent Physics.
University of Science – VNU Ho Chi Minh City (VNU-HCM US),Physics,PHY20002 Quantum Mechanics 1,"Covers statics, dynamics, kinematics, and material behaviour for engineering applications.","Free body diagram, moment calculation, kinematic analysis, material stress-strain, FEA application",https://www.hcmus.edu.vn/,Undergraduate,3 Credits / 1 Semester,Khoi A00/A01. Excellent Physics.
University of Science – VNU Ho Chi Minh City (VNU-HCM US),Physics,PHY20003 Optics,"This module covers optics, part of the Physics programme at University of Science – VNU Ho Chi Minh City (VNU-HCM US). Students explore core theoretical and applied aspects, building competencies for professional practice.","Core optics concepts, theoretical framework application, analytical problem-solving, academic research skills, practical optics implementation",https://www.hcmus.edu.vn/,Undergraduate,3 Credits / 1 Semester,Khoi A00/A01. Excellent Physics.
University of Science – VNU Ho Chi Minh City (VNU-HCM US),Physics,PHY30001 Solid State Physics,"Covers classical mechanics, electromagnetism, thermodynamics, quantum mechanics, and modern physics.","Mechanics problem solving, electromagnetic analysis, quantum model application, experimental physics, computational modelling",https://www.hcmus.edu.vn/,Undergraduate,3 Credits / 1 Semester,Khoi A00/A01. Excellent Physics.
University of Science – VNU Ho Chi Minh City (VNU-HCM US),Physics,PHY30002 Nuclear Physics,"Covers classical mechanics, electromagnetism, thermodynamics, quantum mechanics, and modern physics.","Mechanics problem solving, electromagnetic analysis, quantum model application, experimental physics, computational modelling",https://www.hcmus.edu.vn/,Undergraduate,3 Credits / 1 Semester,Khoi A00/A01. Excellent Physics.
University of Science – VNU Ho Chi Minh City (VNU-HCM US),Physics,PHY30003 Quantum Mechanics 2,"Covers statics, dynamics, kinematics, and material behaviour for engineering applications.","Free body diagram, moment calculation, kinematic analysis, material stress-strain, FEA application",https://www.hcmus.edu.vn/,Undergraduate,3 Credits / 1 Semester,Khoi A00/A01. Excellent Physics.
University of Science – VNU Ho Chi Minh City (VNU-HCM US),Physics,PHY30004 Computational Physics,"Covers classical mechanics, electromagnetism, thermodynamics, quantum mechanics, and modern physics.","Mechanics problem solving, electromagnetic analysis, quantum model application, experimental physics, computational modelling",https://www.hcmus.edu.vn/,Undergraduate,3 Credits / 1 Semester,Khoi A00/A01. Excellent Physics.
University of Science – VNU Ho Chi Minh City (VNU-HCM US),Physics,PHY40001 Photonics,"This module covers photonics, part of the Physics programme at University of Science – VNU Ho Chi Minh City (VNU-HCM US). Students explore core theoretical and applied aspects, building competencies for professional practice.","Core photonics concepts, theoretical framework application, analytical problem-solving, academic research skills, practical photonics implementation",https://www.hcmus.edu.vn/,Undergraduate,3 Credits / 1 Semester,Khoi A00/A01. Excellent Physics.
University of Science – VNU Ho Chi Minh City (VNU-HCM US),Physics,PHY40002 Nanotechnology,"This module covers nanotechnology, part of the Physics programme at University of Science – VNU Ho Chi Minh City (VNU-HCM US). Students explore core theoretical and applied aspects, building competencies for professional practice.","Core nanotechnology concepts, theoretical framework application, analytical problem-solving, academic research skills, practical nanotechnology implementation",https://www.hcmus.edu.vn/,Undergraduate,3 Credits / 1 Semester,Khoi A00/A01. Excellent Physics.
University of Science – VNU Ho Chi Minh City (VNU-HCM US),Physics,PHY40003 Physics Thesis,"Covers classical mechanics, electromagnetism, thermodynamics, quantum mechanics, and modern physics.","Mechanics problem solving, electromagnetic analysis, quantum model application, experimental physics, computational modelling",https://www.hcmus.edu.vn/,Undergraduate,9 Credits / 1 Semester,Khoi A00/A01. Excellent Physics.
University of Science – VNU Ho Chi Minh City (VNU-HCM US),Environmental Science,ENV10001 Introduction to Environmental Science,"Covers environmental chemistry, ecology, pollution control, environmental impact assessment, and sustainability.","Environmental impact assessment, pollution monitoring, ecological modelling, sustainability analysis, EIA reporting",https://www.hcmus.edu.vn/,Undergraduate,3 Credits / 1 Semester,Khoi B00/A00/D01.
University of Science – VNU Ho Chi Minh City (VNU-HCM US),Environmental Science,ENV10002 Ecology,"This module covers ecology, part of the Environmental Science programme at University of Science – VNU Ho Chi Minh City (VNU-HCM US). Students explore core theoretical and applied aspects, building competencies for professional practice.","Core ecology concepts, theoretical framework application, analytical problem-solving, academic research skills, practical ecology implementation",https://www.hcmus.edu.vn/,Undergraduate,3 Credits / 1 Semester,Khoi B00/A00/D01.
University of Science – VNU Ho Chi Minh City (VNU-HCM US),Environmental Science,CHE10001 General Chemistry,"Covers atomic structure, chemical bonding, reactions, thermochemistry, and organic chemistry.","Chemical equation balancing, stoichiometry, organic synthesis, spectral analysis, lab safety",https://www.hcmus.edu.vn/,Undergraduate,3 Credits / 1 Semester,Khoi B00/A00/D01.
University of Science – VNU Ho Chi Minh City (VNU-HCM US),Environmental Science,ENV20001 Environmental Chemistry,"Covers environmental chemistry, ecology, pollution control, environmental impact assessment, and sustainability.","Environmental impact assessment, pollution monitoring, ecological modelling, sustainability analysis, EIA reporting",https://www.hcmus.edu.vn/,Undergraduate,3 Credits / 1 Semester,Khoi B00/A00/D01.
University of Science – VNU Ho Chi Minh City (VNU-HCM US),Environmental Science,ENV20002 Water Resources Management,"Covers planning, organising, leading, and controlling including strategy, change management, and organisational behaviour.","Strategic planning, team leadership, change management, performance measurement, stakeholder analysis",https://www.hcmus.edu.vn/,Undergraduate,3 Credits / 1 Semester,Khoi B00/A00/D01.
University of Science – VNU Ho Chi Minh City (VNU-HCM US),Environmental Science,ENV20003 Air Quality Management,"Covers planning, organising, leading, and controlling including strategy, change management, and organisational behaviour.","Strategic planning, team leadership, change management, performance measurement, stakeholder analysis",https://www.hcmus.edu.vn/,Undergraduate,3 Credits / 1 Semester,Khoi B00/A00/D01.
University of Science – VNU Ho Chi Minh City (VNU-HCM US),Environmental Science,ENV20004 Soil and Land Degradation,"This module covers soil and land degradation, part of the Environmental Science programme at University of Science – VNU Ho Chi Minh City (VNU-HCM US). Students explore core theoretical and applied aspects, building competencies for professional practice.","Core soil and land degradation concepts, theoretical framework application, analytical problem-solving, academic research skills, practical soil and land degradation implementation",https://www.hcmus.edu.vn/,Undergraduate,3 Credits / 1 Semester,Khoi B00/A00/D01.
University of Science – VNU Ho Chi Minh City (VNU-HCM US),Environmental Science,ENV30001 Environmental Impact Assessment,"Covers environmental chemistry, ecology, pollution control, environmental impact assessment, and sustainability.","Environmental impact assessment, pollution monitoring, ecological modelling, sustainability analysis, EIA reporting",https://www.hcmus.edu.vn/,Undergraduate,3 Credits / 1 Semester,Khoi B00/A00/D01.
University of Science – VNU Ho Chi Minh City (VNU-HCM US),Environmental Science,ENV30002 Climate Change Science,"This module covers climate change science, part of the Environmental Science programme at University of Science – VNU Ho Chi Minh City (VNU-HCM US). Students explore core theoretical and applied aspects, building competencies for professional practice.","Core climate change science concepts, theoretical framework application, analytical problem-solving, academic research skills, practical climate change science implementation",https://www.hcmus.edu.vn/,Undergraduate,3 Credits / 1 Semester,Khoi B00/A00/D01.
University of Science – VNU Ho Chi Minh City (VNU-HCM US),Environmental Science,ENV30003 Waste Management,"Covers planning, organising, leading, and controlling including strategy, change management, and organisational behaviour.","Strategic planning, team leadership, change management, performance measurement, stakeholder analysis",https://www.hcmus.edu.vn/,Undergraduate,3 Credits / 1 Semester,Khoi B00/A00/D01.
University of Science – VNU Ho Chi Minh City (VNU-HCM US),Environmental Science,ENV30004 Remote Sensing and GIS,"This module covers remote sensing and gis, part of the Environmental Science programme at University of Science – VNU Ho Chi Minh City (VNU-HCM US). Students explore core theoretical and applied aspects, building competencies for professional practice.","Core remote sensing and gis concepts, theoretical framework application, analytical problem-solving, academic research skills, practical remote sensing and gis implementation",https://www.hcmus.edu.vn/,Undergraduate,3 Credits / 1 Semester,Khoi B00/A00/D01.
University of Science – VNU Ho Chi Minh City (VNU-HCM US),Environmental Science,ENV40001 Environmental Policy,"Covers environmental chemistry, ecology, pollution control, environmental impact assessment, and sustainability.","Environmental impact assessment, pollution monitoring, ecological modelling, sustainability analysis, EIA reporting",https://www.hcmus.edu.vn/,Undergraduate,3 Credits / 1 Semester,Khoi B00/A00/D01.
University of Science – VNU Ho Chi Minh City (VNU-HCM US),Environmental Science,ENV40002 Sustainability Management,"Covers planning, organising, leading, and controlling including strategy, change management, and organisational behaviour.","Strategic planning, team leadership, change management, performance measurement, stakeholder analysis",https://www.hcmus.edu.vn/,Undergraduate,3 Credits / 1 Semester,Khoi B00/A00/D01.
University of Science – VNU Ho Chi Minh City (VNU-HCM US),Environmental Science,ENV40003 Environmental Science Thesis,"Covers environmental chemistry, ecology, pollution control, environmental impact assessment, and sustainability.","Environmental impact assessment, pollution monitoring, ecological modelling, sustainability analysis, EIA reporting",https://www.hcmus.edu.vn/,Undergraduate,9 Credits / 1 Semester,Khoi B00/A00/D01.
Ho Chi Minh City University of Economics (UEH),Finance,FIN1001 Principles of Finance,"This module covers principles of finance, part of the Finance programme at Ho Chi Minh City University of Economics (UEH). Students explore core theoretical and applied aspects, building competencies for professional practice.","Core principles of finance concepts, theoretical framework application, analytical problem-solving, academic research skills, practical principles of finance implementation",https://ueh.edu.vn/,Undergraduate,3 Credits / 1 Semester,Khoi A00/A01/D01. IELTS 5.5+.
Ho Chi Minh City University of Economics (UEH),Finance,ACC1001 Financial Accounting,"Introduces financial and managerial accounting including double-entry bookkeeping, financial statement preparation, and cost accounting.","Double-entry bookkeeping, balance sheet preparation, income statement analysis, CVP analysis, ratio interpretation",https://ueh.edu.vn/,Undergraduate,3 Credits / 1 Semester,Khoi A00/A01/D01. IELTS 5.5+.
Ho Chi Minh City University of Economics (UEH),Finance,ECO1001 Microeconomics,Analyses individual and firm behaviour and national economic systems with policy implications.,"Supply-demand analysis, elasticity calculation, game theory, GDP interpretation, fiscal policy assessment",https://ueh.edu.vn/,Undergraduate,3 Credits / 1 Semester,Khoi A00/A01/D01. IELTS 5.5+.
Ho Chi Minh City University of Economics (UEH),Finance,ECO1002 Macroeconomics,Analyses individual and firm behaviour and national economic systems with policy implications.,"Supply-demand analysis, elasticity calculation, game theory, GDP interpretation, fiscal policy assessment",https://ueh.edu.vn/,Undergraduate,3 Credits / 1 Semester,Khoi A00/A01/D01. IELTS 5.5+.
Ho Chi Minh City University of Economics (UEH),Finance,FIN2001 Corporate Finance,"This module covers corporate finance, part of the Finance programme at Ho Chi Minh City University of Economics (UEH). Students explore core theoretical and applied aspects, building competencies for professional practice.","Core corporate finance concepts, theoretical framework application, analytical problem-solving, academic research skills, practical corporate finance implementation",https://ueh.edu.vn/,Undergraduate,3 Credits / 1 Semester,Khoi A00/A01/D01. IELTS 5.5+.
Ho Chi Minh City University of Economics (UEH),Finance,FIN2002 Financial Markets,"Examines time value of money, capital budgeting, risk and return, portfolio theory, and corporate financing decisions.","DCF valuation, portfolio analysis, CAPM application, capital structure decisions, financial modelling",https://ueh.edu.vn/,Undergraduate,3 Credits / 1 Semester,Khoi A00/A01/D01. IELTS 5.5+.
Ho Chi Minh City University of Economics (UEH),Finance,FIN2003 Money and Banking,"Covers commercial and investment banking including lending, capital markets, regulatory frameworks, and risk management.","Credit analysis, lending decisions, capital market operations, regulatory compliance, interest rate risk management",https://ueh.edu.vn/,Undergraduate,3 Credits / 1 Semester,Khoi A00/A01/D01. IELTS 5.5+.
Ho Chi Minh City University of Economics (UEH),Finance,FIN2004 Financial Statement Analysis,"Examines time value of money, capital budgeting, risk and return, portfolio theory, and corporate financing decisions.","DCF valuation, portfolio analysis, CAPM application, capital structure decisions, financial modelling",https://ueh.edu.vn/,Undergraduate,3 Credits / 1 Semester,Khoi A00/A01/D01. IELTS 5.5+.
Ho Chi Minh City University of Economics (UEH),Finance,FIN3001 Investment Analysis,"Examines equities, bonds, derivatives, portfolio construction, and performance evaluation.","Security valuation, portfolio construction, derivative pricing, performance attribution, factor model application",https://ueh.edu.vn/,Undergraduate,3 Credits / 1 Semester,Khoi A00/A01/D01. IELTS 5.5+.
Ho Chi Minh City University of Economics (UEH),Finance,FIN3002 Portfolio Management,"Covers planning, organising, leading, and controlling including strategy, change management, and organisational behaviour.","Strategic planning, team leadership, change management, performance measurement, stakeholder analysis",https://ueh.edu.vn/,Undergraduate,3 Credits / 1 Semester,Khoi A00/A01/D01. IELTS 5.5+.
Ho Chi Minh City University of Economics (UEH),Finance,FIN3003 International Finance,"This module covers international finance, part of the Finance programme at Ho Chi Minh City University of Economics (UEH). Students explore core theoretical and applied aspects, building competencies for professional practice.","Core international finance concepts, theoretical framework application, analytical problem-solving, academic research skills, practical international finance implementation",https://ueh.edu.vn/,Undergraduate,3 Credits / 1 Semester,Khoi A00/A01/D01. IELTS 5.5+.
Ho Chi Minh City University of Economics (UEH),Finance,FIN3004 Fixed Income Securities,"This module covers fixed income securities, part of the Finance programme at Ho Chi Minh City University of Economics (UEH). Students explore core theoretical and applied aspects, building competencies for professional practice.","Core fixed income securities concepts, theoretical framework application, analytical problem-solving, academic research skills, practical fixed income securities implementation",https://ueh.edu.vn/,Undergraduate,3 Credits / 1 Semester,Khoi A00/A01/D01. IELTS 5.5+.
Ho Chi Minh City University of Economics (UEH),Finance,FIN3005 Derivatives,"This module covers derivatives, part of the Finance programme at Ho Chi Minh City University of Economics (UEH). Students explore core theoretical and applied aspects, building competencies for professional practice.","Core derivatives concepts, theoretical framework application, analytical problem-solving, academic research skills, practical derivatives implementation",https://ueh.edu.vn/,Undergraduate,3 Credits / 1 Semester,Khoi A00/A01/D01. IELTS 5.5+.
Ho Chi Minh City University of Economics (UEH),Finance,FIN4001 Financial Risk Management,"Covers planning, organising, leading, and controlling including strategy, change management, and organisational behaviour.","Strategic planning, team leadership, change management, performance measurement, stakeholder analysis",https://ueh.edu.vn/,Undergraduate,3 Credits / 1 Semester,Khoi A00/A01/D01. IELTS 5.5+.
Ho Chi Minh City University of Economics (UEH),Finance,FIN4002 FinTech and Digital Finance,"This module covers fintech and digital finance, part of the Finance programme at Ho Chi Minh City University of Economics (UEH). Students explore core theoretical and applied aspects, building competencies for professional practice.","Core fintech and digital finance concepts, theoretical framework application, analytical problem-solving, academic research skills, practical fintech and digital finance implementation",https://ueh.edu.vn/,Undergraduate,3 Credits / 1 Semester,Khoi A00/A01/D01. IELTS 5.5+.
Ho Chi Minh City University of Economics (UEH),Finance,FIN4003 Financial Modelling,"Examines time value of money, capital budgeting, risk and return, portfolio theory, and corporate financing decisions.","DCF valuation, portfolio analysis, CAPM application, capital structure decisions, financial modelling",https://ueh.edu.vn/,Undergraduate,3 Credits / 1 Semester,Khoi A00/A01/D01. IELTS 5.5+.
Ho Chi Minh City University of Economics (UEH),Finance,FIN4900 Finance Thesis,"This module covers finance thesis, part of the Finance programme at Ho Chi Minh City University of Economics (UEH). Students explore core theoretical and applied aspects, building competencies for professional practice.","Core finance thesis concepts, theoretical framework application, analytical problem-solving, academic research skills, practical finance thesis implementation",https://ueh.edu.vn/,Undergraduate,9 Credits / 1 Semester,Khoi A00/A01/D01. IELTS 5.5+.
Ho Chi Minh City University of Economics (UEH),Accounting,ACC2001 Intermediate Accounting,"Introduces financial and managerial accounting including double-entry bookkeeping, financial statement preparation, and cost accounting.","Double-entry bookkeeping, balance sheet preparation, income statement analysis, CVP analysis, ratio interpretation",https://ueh.edu.vn/,Undergraduate,3 Credits / 1 Semester,Khoi A00/A01/D01. IELTS 5.5+.
Ho Chi Minh City University of Economics (UEH),Accounting,ACC2002 Managerial Accounting,"Introduces financial and managerial accounting including double-entry bookkeeping, financial statement preparation, and cost accounting.","Double-entry bookkeeping, balance sheet preparation, income statement analysis, CVP analysis, ratio interpretation",https://ueh.edu.vn/,Undergraduate,3 Credits / 1 Semester,Khoi A00/A01/D01. IELTS 5.5+.
Ho Chi Minh City University of Economics (UEH),Accounting,ACC2003 Cost Accounting,"Introduces financial and managerial accounting including double-entry bookkeeping, financial statement preparation, and cost accounting.","Double-entry bookkeeping, balance sheet preparation, income statement analysis, CVP analysis, ratio interpretation",https://ueh.edu.vn/,Undergraduate,3 Credits / 1 Semester,Khoi A00/A01/D01. IELTS 5.5+.
Ho Chi Minh City University of Economics (UEH),Accounting,ACC2004 Tax Accounting,"Introduces financial and managerial accounting including double-entry bookkeeping, financial statement preparation, and cost accounting.","Double-entry bookkeeping, balance sheet preparation, income statement analysis, CVP analysis, ratio interpretation",https://ueh.edu.vn/,Undergraduate,3 Credits / 1 Semester,Khoi A00/A01/D01. IELTS 5.5+.
Ho Chi Minh City University of Economics (UEH),Accounting,ACC3001 Auditing,"This module covers auditing, part of the Accounting programme at Ho Chi Minh City University of Economics (UEH). Students explore core theoretical and applied aspects, building competencies for professional practice.","Core auditing concepts, theoretical framework application, analytical problem-solving, academic research skills, practical auditing implementation",https://ueh.edu.vn/,Undergraduate,3 Credits / 1 Semester,Khoi A00/A01/D01. IELTS 5.5+.
Ho Chi Minh City University of Economics (UEH),Accounting,ACC3002 Advanced Financial Accounting,"Introduces financial and managerial accounting including double-entry bookkeeping, financial statement preparation, and cost accounting.","Double-entry bookkeeping, balance sheet preparation, income statement analysis, CVP analysis, ratio interpretation",https://ueh.edu.vn/,Undergraduate,3 Credits / 1 Semester,Khoi A00/A01/D01. IELTS 5.5+.
Ho Chi Minh City University of Economics (UEH),Accounting,ACC3003 Accounting Information Systems,"Introduces financial and managerial accounting including double-entry bookkeeping, financial statement preparation, and cost accounting.","Double-entry bookkeeping, balance sheet preparation, income statement analysis, CVP analysis, ratio interpretation",https://ueh.edu.vn/,Undergraduate,3 Credits / 1 Semester,Khoi A00/A01/D01. IELTS 5.5+.
Ho Chi Minh City University of Economics (UEH),Accounting,ACC3004 Internal Control,"Studies feedback control systems, PID controllers, stability analysis, and state-space methods.","PID controller tuning, stability analysis, Bode plot interpretation, state-space modelling, digital control design",https://ueh.edu.vn/,Undergraduate,3 Credits / 1 Semester,Khoi A00/A01/D01. IELTS 5.5+.
Ho Chi Minh City University of Economics (UEH),Accounting,ACC4001 IFRS and International Accounting,"Introduces financial and managerial accounting including double-entry bookkeeping, financial statement preparation, and cost accounting.","Double-entry bookkeeping, balance sheet preparation, income statement analysis, CVP analysis, ratio interpretation",https://ueh.edu.vn/,Undergraduate,3 Credits / 1 Semester,Khoi A00/A01/D01. IELTS 5.5+.
Ho Chi Minh City University of Economics (UEH),Accounting,ACC4002 Forensic Accounting,"Introduces financial and managerial accounting including double-entry bookkeeping, financial statement preparation, and cost accounting.","Double-entry bookkeeping, balance sheet preparation, income statement analysis, CVP analysis, ratio interpretation",https://ueh.edu.vn/,Undergraduate,3 Credits / 1 Semester,Khoi A00/A01/D01. IELTS 5.5+.
Ho Chi Minh City University of Economics (UEH),Accounting,ACC4003 Government Accounting,"Introduces financial and managerial accounting including double-entry bookkeeping, financial statement preparation, and cost accounting.","Double-entry bookkeeping, balance sheet preparation, income statement analysis, CVP analysis, ratio interpretation",https://ueh.edu.vn/,Undergraduate,3 Credits / 1 Semester,Khoi A00/A01/D01. IELTS 5.5+.
Ho Chi Minh City University of Economics (UEH),Accounting,ACC4900 Accounting Thesis,"Introduces financial and managerial accounting including double-entry bookkeeping, financial statement preparation, and cost accounting.","Double-entry bookkeeping, balance sheet preparation, income statement analysis, CVP analysis, ratio interpretation",https://ueh.edu.vn/,Undergraduate,9 Credits / 1 Semester,Khoi A00/A01/D01. IELTS 5.5+.
Ho Chi Minh City University of Economics (UEH),Business Administration,MGT1001 Principles of Management,"Covers planning, organising, leading, and controlling including strategy, change management, and organisational behaviour.","Strategic planning, team leadership, change management, performance measurement, stakeholder analysis",https://ueh.edu.vn/,Undergraduate,3 Credits / 1 Semester,Khoi A00/A01/D01. IELTS 5.5+.
Ho Chi Minh City University of Economics (UEH),Business Administration,MKT1001 Marketing Principles,"Explores market segmentation, consumer behaviour, product development, pricing strategy, and digital marketing channels.","Market segmentation, consumer analysis, brand positioning, marketing mix optimisation, digital strategy",https://ueh.edu.vn/,Undergraduate,3 Credits / 1 Semester,Khoi A00/A01/D01. IELTS 5.5+.
Ho Chi Minh City University of Economics (UEH),Business Administration,MGT2001 Organisational Behaviour,"This module covers organisational behaviour, part of the Business Administration programme at Ho Chi Minh City University of Economics (UEH). Students explore core theoretical and applied aspects, building competencies for professional practice.","Core organisational behaviour concepts, theoretical framework application, analytical problem-solving, academic research skills, practical organisational behaviour implementation",https://ueh.edu.vn/,Undergraduate,3 Credits / 1 Semester,Khoi A00/A01/D01. IELTS 5.5+.
Ho Chi Minh City University of Economics (UEH),Business Administration,MGT2002 Human Resource Management,"Covers recruitment, performance management, training, compensation, and employment law.","Recruitment design, performance appraisal, training needs analysis, compensation benchmarking, HR policy formulation",https://ueh.edu.vn/,Undergraduate,3 Credits / 1 Semester,Khoi A00/A01/D01. IELTS 5.5+.
Ho Chi Minh City University of Economics (UEH),Business Administration,MGT2003 Operations Management,"Covers planning, organising, leading, and controlling including strategy, change management, and organisational behaviour.","Strategic planning, team leadership, change management, performance measurement, stakeholder analysis",https://ueh.edu.vn/,Undergraduate,3 Credits / 1 Semester,Khoi A00/A01/D01. IELTS 5.5+.
Ho Chi Minh City University of Economics (UEH),Business Administration,SCM3001 Supply Chain Management,"Covers supply chain design, procurement, inventory management, demand forecasting, and logistics optimisation.","Inventory optimisation, demand forecasting, supplier evaluation, logistics cost analysis, risk management",https://ueh.edu.vn/,Undergraduate,3 Credits / 1 Semester,Khoi A00/A01/D01. IELTS 5.5+.
Ho Chi Minh City University of Economics (UEH),Business Administration,MGT3001 Strategic Management,"Covers planning, organising, leading, and controlling including strategy, change management, and organisational behaviour.","Strategic planning, team leadership, change management, performance measurement, stakeholder analysis",https://ueh.edu.vn/,Undergraduate,3 Credits / 1 Semester,Khoi A00/A01/D01. IELTS 5.5+.
Ho Chi Minh City University of Economics (UEH),Business Administration,ENT3001 Entrepreneurship,Guides students from opportunity recognition through business model development and lean startup methodology.,"Business model canvas, lean startup, market validation, investor pitch, financial forecasting",https://ueh.edu.vn/,Undergraduate,3 Credits / 1 Semester,Khoi A00/A01/D01. IELTS 5.5+.
Ho Chi Minh City University of Economics (UEH),Business Administration,MKT3001 Digital Marketing,"Covers SEO, SEM, social media, content marketing, analytics, and marketing automation.","SEO/SEM optimisation, social media strategy, content marketing, Google Analytics, marketing automation",https://ueh.edu.vn/,Undergraduate,3 Credits / 1 Semester,Khoi A00/A01/D01. IELTS 5.5+.
Ho Chi Minh City University of Economics (UEH),Business Administration,MGT4001 Change Management,"Covers planning, organising, leading, and controlling including strategy, change management, and organisational behaviour.","Strategic planning, team leadership, change management, performance measurement, stakeholder analysis",https://ueh.edu.vn/,Undergraduate,3 Credits / 1 Semester,Khoi A00/A01/D01. IELTS 5.5+.
Ho Chi Minh City University of Economics (UEH),Business Administration,MGT4002 Business Analytics,"This module covers business analytics, part of the Business Administration programme at Ho Chi Minh City University of Economics (UEH). Students explore core theoretical and applied aspects, building competencies for professional practice.","Core business analytics concepts, theoretical framework application, analytical problem-solving, academic research skills, practical business analytics implementation",https://ueh.edu.vn/,Undergraduate,3 Credits / 1 Semester,Khoi A00/A01/D01. IELTS 5.5+.
Ho Chi Minh City University of Economics (UEH),Business Administration,MGT4900 BBA Thesis,"This module covers bba thesis, part of the Business Administration programme at Ho Chi Minh City University of Economics (UEH). Students explore core theoretical and applied aspects, building competencies for professional practice.","Core bba thesis concepts, theoretical framework application, analytical problem-solving, academic research skills, practical bba thesis implementation",https://ueh.edu.vn/,Undergraduate,9 Credits / 1 Semester,Khoi A00/A01/D01. IELTS 5.5+.
Ho Chi Minh City University of Economics (UEH),Marketing,MKT2001 Consumer Behaviour,"This module covers consumer behaviour, part of the Marketing programme at Ho Chi Minh City University of Economics (UEH). Students explore core theoretical and applied aspects, building competencies for professional practice.","Core consumer behaviour concepts, theoretical framework application, analytical problem-solving, academic research skills, practical consumer behaviour implementation",https://ueh.edu.vn/,Undergraduate,3 Credits / 1 Semester,Khoi D01/A00/A01. IELTS 5.5+.
Ho Chi Minh City University of Economics (UEH),Marketing,MKT2002 Market Research,"This module covers market research, part of the Marketing programme at Ho Chi Minh City University of Economics (UEH). Students explore core theoretical and applied aspects, building competencies for professional practice.","Core market research concepts, theoretical framework application, analytical problem-solving, academic research skills, practical market research implementation",https://ueh.edu.vn/,Undergraduate,3 Credits / 1 Semester,Khoi D01/A00/A01. IELTS 5.5+.
Ho Chi Minh City University of Economics (UEH),Marketing,MKT2003 Brand Management,"Covers planning, organising, leading, and controlling including strategy, change management, and organisational behaviour.","Strategic planning, team leadership, change management, performance measurement, stakeholder analysis",https://ueh.edu.vn/,Undergraduate,3 Credits / 1 Semester,Khoi D01/A00/A01. IELTS 5.5+.
Ho Chi Minh City University of Economics (UEH),Marketing,MKT2004 Advertising Management,"Covers planning, organising, leading, and controlling including strategy, change management, and organisational behaviour.","Strategic planning, team leadership, change management, performance measurement, stakeholder analysis",https://ueh.edu.vn/,Undergraduate,3 Credits / 1 Semester,Khoi D01/A00/A01. IELTS 5.5+.
Ho Chi Minh City University of Economics (UEH),Marketing,MKT3002 Social Media Marketing,"Explores market segmentation, consumer behaviour, product development, pricing strategy, and digital marketing channels.","Market segmentation, consumer analysis, brand positioning, marketing mix optimisation, digital strategy",https://ueh.edu.vn/,Undergraduate,3 Credits / 1 Semester,Khoi D01/A00/A01. IELTS 5.5+.
Ho Chi Minh City University of Economics (UEH),Marketing,MKT3003 E-Commerce,"This module covers e-commerce, part of the Marketing programme at Ho Chi Minh City University of Economics (UEH). Students explore core theoretical and applied aspects, building competencies for professional practice.","Core e-commerce concepts, theoretical framework application, analytical problem-solving, academic research skills, practical e-commerce implementation",https://ueh.edu.vn/,Undergraduate,3 Credits / 1 Semester,Khoi D01/A00/A01. IELTS 5.5+.
Ho Chi Minh City University of Economics (UEH),Marketing,MKT3004 Retail Marketing,"Explores market segmentation, consumer behaviour, product development, pricing strategy, and digital marketing channels.","Market segmentation, consumer analysis, brand positioning, marketing mix optimisation, digital strategy",https://ueh.edu.vn/,Undergraduate,3 Credits / 1 Semester,Khoi D01/A00/A01. IELTS 5.5+.
Ho Chi Minh City University of Economics (UEH),Marketing,MKT3005 International Marketing,"Explores market segmentation, consumer behaviour, product development, pricing strategy, and digital marketing channels.","Market segmentation, consumer analysis, brand positioning, marketing mix optimisation, digital strategy",https://ueh.edu.vn/,Undergraduate,3 Credits / 1 Semester,Khoi D01/A00/A01. IELTS 5.5+.
Ho Chi Minh City University of Economics (UEH),Marketing,MKT4001 Marketing Analytics,"Explores market segmentation, consumer behaviour, product development, pricing strategy, and digital marketing channels.","Market segmentation, consumer analysis, brand positioning, marketing mix optimisation, digital strategy",https://ueh.edu.vn/,Undergraduate,3 Credits / 1 Semester,Khoi D01/A00/A01. IELTS 5.5+.
Ho Chi Minh City University of Economics (UEH),Marketing,MKT4002 Marketing Strategy,"Explores market segmentation, consumer behaviour, product development, pricing strategy, and digital marketing channels.","Market segmentation, consumer analysis, brand positioning, marketing mix optimisation, digital strategy",https://ueh.edu.vn/,Undergraduate,3 Credits / 1 Semester,Khoi D01/A00/A01. IELTS 5.5+.
Ho Chi Minh City University of Economics (UEH),Marketing,MKT4003 Product Development,"This module covers product development, part of the Marketing programme at Ho Chi Minh City University of Economics (UEH). Students explore core theoretical and applied aspects, building competencies for professional practice.","Core product development concepts, theoretical framework application, analytical problem-solving, academic research skills, practical product development implementation",https://ueh.edu.vn/,Undergraduate,3 Credits / 1 Semester,Khoi D01/A00/A01. IELTS 5.5+.
Ho Chi Minh City University of Economics (UEH),Marketing,MKT4900 Marketing Thesis,"Explores market segmentation, consumer behaviour, product development, pricing strategy, and digital marketing channels.","Market segmentation, consumer analysis, brand positioning, marketing mix optimisation, digital strategy",https://ueh.edu.vn/,Undergraduate,9 Credits / 1 Semester,Khoi D01/A00/A01. IELTS 5.5+.
Ho Chi Minh City University of Economics (UEH),Economics,STAT1001 Statistics for Economics,Analyses individual and firm behaviour and national economic systems with policy implications.,"Supply-demand analysis, elasticity calculation, game theory, GDP interpretation, fiscal policy assessment",https://ueh.edu.vn/,Undergraduate,3 Credits / 1 Semester,Khoi A00/A01/D01. Quantitative aptitude.
Ho Chi Minh City University of Economics (UEH),Economics,MATH1001 Mathematics for Economics,Analyses individual and firm behaviour and national economic systems with policy implications.,"Supply-demand analysis, elasticity calculation, game theory, GDP interpretation, fiscal policy assessment",https://ueh.edu.vn/,Undergraduate,3 Credits / 1 Semester,Khoi A00/A01/D01. Quantitative aptitude.
Ho Chi Minh City University of Economics (UEH),Economics,ECO2001 Intermediate Microeconomics,Analyses individual and firm behaviour and national economic systems with policy implications.,"Supply-demand analysis, elasticity calculation, game theory, GDP interpretation, fiscal policy assessment",https://ueh.edu.vn/,Undergraduate,3 Credits / 1 Semester,Khoi A00/A01/D01. Quantitative aptitude.
Ho Chi Minh City University of Economics (UEH),Economics,ECO2002 Intermediate Macroeconomics,Analyses individual and firm behaviour and national economic systems with policy implications.,"Supply-demand analysis, elasticity calculation, game theory, GDP interpretation, fiscal policy assessment",https://ueh.edu.vn/,Undergraduate,3 Credits / 1 Semester,Khoi A00/A01/D01. Quantitative aptitude.
Ho Chi Minh City University of Economics (UEH),Economics,ECO2003 Development Economics,Analyses individual and firm behaviour and national economic systems with policy implications.,"Supply-demand analysis, elasticity calculation, game theory, GDP interpretation, fiscal policy assessment",https://ueh.edu.vn/,Undergraduate,3 Credits / 1 Semester,Khoi A00/A01/D01. Quantitative aptitude.
Ho Chi Minh City University of Economics (UEH),Economics,ECO3001 Econometrics 1,"Covers linear regression, time series analysis, panel data methods, and causal inference for economics.","OLS regression, time series modelling, panel data estimation, hypothesis testing, causal inference",https://ueh.edu.vn/,Undergraduate,3 Credits / 1 Semester,Khoi A00/A01/D01. Quantitative aptitude.
Ho Chi Minh City University of Economics (UEH),Economics,ECO3002 Econometrics 2,"Covers linear regression, time series analysis, panel data methods, and causal inference for economics.","OLS regression, time series modelling, panel data estimation, hypothesis testing, causal inference",https://ueh.edu.vn/,Undergraduate,3 Credits / 1 Semester,Khoi A00/A01/D01. Quantitative aptitude.
Ho Chi Minh City University of Economics (UEH),Economics,ECO3003 Public Economics,Analyses individual and firm behaviour and national economic systems with policy implications.,"Supply-demand analysis, elasticity calculation, game theory, GDP interpretation, fiscal policy assessment",https://ueh.edu.vn/,Undergraduate,3 Credits / 1 Semester,Khoi A00/A01/D01. Quantitative aptitude.
Ho Chi Minh City University of Economics (UEH),Economics,ECO3004 International Trade Theory,"Examines comparative advantage, trade policy, tariffs, and global supply chain management.","Trade policy analysis, comparative advantage modelling, tariff impact, WTO framework, export documentation",https://ueh.edu.vn/,Undergraduate,3 Credits / 1 Semester,Khoi A00/A01/D01. Quantitative aptitude.
Ho Chi Minh City University of Economics (UEH),Economics,ECO3005 Labour Economics,Analyses individual and firm behaviour and national economic systems with policy implications.,"Supply-demand analysis, elasticity calculation, game theory, GDP interpretation, fiscal policy assessment",https://ueh.edu.vn/,Undergraduate,3 Credits / 1 Semester,Khoi A00/A01/D01. Quantitative aptitude.
Ho Chi Minh City University of Economics (UEH),Economics,ECO4001 Game Theory,"This module covers game theory, part of the Economics programme at Ho Chi Minh City University of Economics (UEH). Students explore core theoretical and applied aspects, building competencies for professional practice.","Core game theory concepts, theoretical framework application, analytical problem-solving, academic research skills, practical game theory implementation",https://ueh.edu.vn/,Undergraduate,3 Credits / 1 Semester,Khoi A00/A01/D01. Quantitative aptitude.
Ho Chi Minh City University of Economics (UEH),Economics,ECO4002 Economic Policy,"This module covers economic policy, part of the Economics programme at Ho Chi Minh City University of Economics (UEH). Students explore core theoretical and applied aspects, building competencies for professional practice.","Core economic policy concepts, theoretical framework application, analytical problem-solving, academic research skills, practical economic policy implementation",https://ueh.edu.vn/,Undergraduate,3 Credits / 1 Semester,Khoi A00/A01/D01. Quantitative aptitude.
Ho Chi Minh City University of Economics (UEH),Economics,ECO4900 Economics Thesis,Analyses individual and firm behaviour and national economic systems with policy implications.,"Supply-demand analysis, elasticity calculation, game theory, GDP interpretation, fiscal policy assessment",https://ueh.edu.vn/,Undergraduate,9 Credits / 1 Semester,Khoi A00/A01/D01. Quantitative aptitude.
Ton Duc Thang University (TDTU),Computer Science,COMP10001 Introduction to Computing,"This module covers introduction to computing, part of the Computer Science programme at Ton Duc Thang University (TDTU). Students explore core theoretical and applied aspects, building competencies for professional practice.","Core introduction to computing concepts, theoretical framework application, analytical problem-solving, academic research skills, practical introduction to computing implementation",https://www.tdtu.edu.vn/,Undergraduate,3 Credits / 1 Semester,Khoi A00/A01. DGNL >= 750. IELTS 5.5+ for English-medium.
Ton Duc Thang University (TDTU),Computer Science,COMP10002 Programming 1,"This module covers programming 1, part of the Computer Science programme at Ton Duc Thang University (TDTU). Students explore core theoretical and applied aspects, building competencies for professional practice.","Core programming 1 concepts, theoretical framework application, analytical problem-solving, academic research skills, practical programming 1 implementation",https://www.tdtu.edu.vn/,Undergraduate,4 Credits / 1 Semester,Khoi A00/A01. DGNL >= 750. IELTS 5.5+ for English-medium.
Ton Duc Thang University (TDTU),Computer Science,MATH10001 Discrete Mathematics,"Introduces logic, set theory, combinatorics, graph theory, and proof techniques essential for computer science.","Formal proof writing, graph theory application, combinatorial counting, Boolean logic, mathematical induction",https://www.tdtu.edu.vn/,Undergraduate,3 Credits / 1 Semester,Khoi A00/A01. DGNL >= 750. IELTS 5.5+ for English-medium.
Ton Duc Thang University (TDTU),Computer Science,MATH10002 Calculus,"Covers differential and integral calculus, series, and multivariable calculus for engineering and science applications.","Differentiation, integration, limit evaluation, partial derivatives, optimisation techniques",https://www.tdtu.edu.vn/,Undergraduate,4 Credits / 1 Semester,Khoi A00/A01. DGNL >= 750. IELTS 5.5+ for English-medium.
Ton Duc Thang University (TDTU),Computer Science,COMP20001 Programming 2,"This module covers programming 2, part of the Computer Science programme at Ton Duc Thang University (TDTU). Students explore core theoretical and applied aspects, building competencies for professional practice.","Core programming 2 concepts, theoretical framework application, analytical problem-solving, academic research skills, practical programming 2 implementation",https://www.tdtu.edu.vn/,Undergraduate,3 Credits / 1 Semester,Khoi A00/A01. DGNL >= 750. IELTS 5.5+ for English-medium.
Ton Duc Thang University (TDTU),Computer Science,COMP20002 Data Structures,"Covers fundamental data organisation techniques including arrays, linked lists, stacks, queues, trees, heaps, and hash tables. Students analyse time and space complexity and apply structures to solve real computational problems.","Array manipulation, linked list operations, binary tree traversal, hash table design, stack and queue implementation",https://www.tdtu.edu.vn/,Undergraduate,3 Credits / 1 Semester,Khoi A00/A01. DGNL >= 750. IELTS 5.5+ for English-medium.
Ton Duc Thang University (TDTU),Computer Science,COMP20003 Computer Architecture,"This module covers computer architecture, part of the Computer Science programme at Ton Duc Thang University (TDTU). Students explore core theoretical and applied aspects, building competencies for professional practice.","Core computer architecture concepts, theoretical framework application, analytical problem-solving, academic research skills, practical computer architecture implementation",https://www.tdtu.edu.vn/,Undergraduate,3 Credits / 1 Semester,Khoi A00/A01. DGNL >= 750. IELTS 5.5+ for English-medium.
Ton Duc Thang University (TDTU),Computer Science,COMP20004 Database Systems,"Examines relational database design, SQL querying, normalisation theory, transaction management, and indexing strategies.","SQL query writing, ER diagram design, normalisation, transaction management, index optimisation",https://www.tdtu.edu.vn/,Undergraduate,3 Credits / 1 Semester,Khoi A00/A01. DGNL >= 750. IELTS 5.5+ for English-medium.
Ton Duc Thang University (TDTU),Computer Science,MATH20001 Probability and Statistics,"Covers random variables, distributions, Bayes theorem, expectation, and limit theorems with engineering applications.","Probability modelling, Bayesian inference, Monte Carlo simulation, hypothesis testing, stochastic analysis",https://www.tdtu.edu.vn/,Undergraduate,3 Credits / 1 Semester,Khoi A00/A01. DGNL >= 750. IELTS 5.5+ for English-medium.
Ton Duc Thang University (TDTU),Computer Science,COMP30001 Algorithms,"Introduces algorithm design paradigms including divide and conquer, dynamic programming, greedy methods, and backtracking. Students prove correctness and analyse Big-O complexity.","Algorithm complexity analysis, divide and conquer design, dynamic programming, greedy implementation, correctness proof writing",https://www.tdtu.edu.vn/,Undergraduate,3 Credits / 1 Semester,Khoi A00/A01. DGNL >= 750. IELTS 5.5+ for English-medium.
Ton Duc Thang University (TDTU),Computer Science,COMP30002 Operating Systems,"Analyses process scheduling, memory management, file systems, and I/O handling with practical implementation labs.","Process scheduling, memory allocation, file system design, deadlock detection, system call programming",https://www.tdtu.edu.vn/,Undergraduate,3 Credits / 1 Semester,Khoi A00/A01. DGNL >= 750. IELTS 5.5+ for English-medium.
Ton Duc Thang University (TDTU),Computer Science,COMP30003 Computer Networks,"Studies OSI and TCP/IP network architectures, routing, switching, HTTP, DNS, and network security protocols.","TCP/IP configuration, routing protocol analysis, socket programming, network security evaluation, Wireshark analysis",https://www.tdtu.edu.vn/,Undergraduate,3 Credits / 1 Semester,Khoi A00/A01. DGNL >= 750. IELTS 5.5+ for English-medium.
Ton Duc Thang University (TDTU),Computer Science,COMP30004 Machine Learning,"Covers supervised learning, unsupervised learning, model evaluation, regularisation, and neural network fundamentals for predictive modelling.","Supervised model training, cross-validation, feature engineering, clustering algorithms, neural network design",https://www.tdtu.edu.vn/,Undergraduate,3 Credits / 1 Semester,Khoi A00/A01. DGNL >= 750. IELTS 5.5+ for English-medium.
Ton Duc Thang University (TDTU),Computer Science,COMP30005 Software Engineering,"Covers the full SDLC from requirements through design, implementation, testing, and maintenance, emphasising agile methods.","Requirements documentation, UML modelling, agile sprint planning, integration testing, Git version control",https://www.tdtu.edu.vn/,Undergraduate,3 Credits / 1 Semester,Khoi A00/A01. DGNL >= 750. IELTS 5.5+ for English-medium.
Ton Duc Thang University (TDTU),Computer Science,COMP40001 Artificial Intelligence,"Explores search algorithms, knowledge representation, planning, and reasoning under uncertainty.","Heuristic search, Bayesian reasoning, propositional logic, constraint satisfaction, decision tree construction",https://www.tdtu.edu.vn/,Undergraduate,3 Credits / 1 Semester,Khoi A00/A01. DGNL >= 750. IELTS 5.5+ for English-medium.
Ton Duc Thang University (TDTU),Computer Science,COMP40002 Big Data,"Covers Hadoop, Apache Spark, real-time stream processing, and NoSQL storage for large-scale data pipelines.","Spark DataFrame programming, HDFS management, Kafka streaming, NoSQL querying, ETL pipeline design",https://www.tdtu.edu.vn/,Undergraduate,3 Credits / 1 Semester,Khoi A00/A01. DGNL >= 750. IELTS 5.5+ for English-medium.
Ton Duc Thang University (TDTU),Computer Science,COMP40003 Cybersecurity,"Covers cryptography, authentication, network security, secure coding, and ethical hacking fundamentals.","Cryptographic protocols, penetration testing, vulnerability scanning, secure coding practices, incident response",https://www.tdtu.edu.vn/,Undergraduate,3 Credits / 1 Semester,Khoi A00/A01. DGNL >= 750. IELTS 5.5+ for English-medium.
Ton Duc Thang University (TDTU),Computer Science,COMP40004 Cloud Computing,"Examines IaaS/PaaS/SaaS models with AWS/Azure/GCP hands-on, containerisation, and serverless computing.","Cloud provisioning, Docker containerisation, Kubernetes orchestration, serverless functions, cost optimisation",https://www.tdtu.edu.vn/,Undergraduate,3 Credits / 1 Semester,Khoi A00/A01. DGNL >= 750. IELTS 5.5+ for English-medium.
Ton Duc Thang University (TDTU),Computer Science,COMP4900 Thesis,"This module covers thesis, part of the Computer Science programme at Ton Duc Thang University (TDTU). Students explore core theoretical and applied aspects, building competencies for professional practice.","Core thesis concepts, theoretical framework application, analytical problem-solving, academic research skills, practical thesis implementation",https://www.tdtu.edu.vn/,Undergraduate,9 Credits / 1 Semester,Khoi A00/A01. DGNL >= 750. IELTS 5.5+ for English-medium.
Ton Duc Thang University (TDTU),Data Science,MATH10003 Linear Algebra,"Covers vector spaces, matrix operations, eigenvalues, and SVD foundational for machine learning and optimisation.","Matrix factorisation, eigenvalue computation, vector space analysis, linear transformation, gradient optimisation",https://www.tdtu.edu.vn/,Undergraduate,3 Credits / 1 Semester,Khoi A00/A01/D07. Strong Mathematics. IELTS 5.5+.
Ton Duc Thang University (TDTU),Data Science,COMP20008 Data Processing,"This module covers data processing, part of the Data Science programme at Ton Duc Thang University (TDTU). Students explore core theoretical and applied aspects, building competencies for professional practice.","Core data processing concepts, theoretical framework application, analytical problem-solving, academic research skills, practical data processing implementation",https://www.tdtu.edu.vn/,Undergraduate,3 Credits / 1 Semester,Khoi A00/A01/D07. Strong Mathematics. IELTS 5.5+.
Ton Duc Thang University (TDTU),Data Science,COMP20009 Statistical Learning,"This module covers statistical learning, part of the Data Science programme at Ton Duc Thang University (TDTU). Students explore core theoretical and applied aspects, building competencies for professional practice.","Core statistical learning concepts, theoretical framework application, analytical problem-solving, academic research skills, practical statistical learning implementation",https://www.tdtu.edu.vn/,Undergraduate,3 Credits / 1 Semester,Khoi A00/A01/D07. Strong Mathematics. IELTS 5.5+.
Ton Duc Thang University (TDTU),Data Science,COMP30006 Data Visualisation,"This module covers data visualisation, part of the Data Science programme at Ton Duc Thang University (TDTU). Students explore core theoretical and applied aspects, building competencies for professional practice.","Core data visualisation concepts, theoretical framework application, analytical problem-solving, academic research skills, practical data visualisation implementation",https://www.tdtu.edu.vn/,Undergraduate,3 Credits / 1 Semester,Khoi A00/A01/D07. Strong Mathematics. IELTS 5.5+.
Ton Duc Thang University (TDTU),Data Science,COMP30007 Big Data Technologies,"Covers Hadoop, Apache Spark, real-time stream processing, and NoSQL storage for large-scale data pipelines.","Spark DataFrame programming, HDFS management, Kafka streaming, NoSQL querying, ETL pipeline design",https://www.tdtu.edu.vn/,Undergraduate,3 Credits / 1 Semester,Khoi A00/A01/D07. Strong Mathematics. IELTS 5.5+.
Ton Duc Thang University (TDTU),Data Science,COMP30008 Deep Learning,"Covers CNNs, RNNs, attention mechanisms, and transformers applied to computer vision and NLP tasks using modern frameworks.","CNN design, RNN sequence modelling, transformer fine-tuning, PyTorch/TensorFlow, transfer learning",https://www.tdtu.edu.vn/,Undergraduate,3 Credits / 1 Semester,Khoi A00/A01/D07. Strong Mathematics. IELTS 5.5+.
Ton Duc Thang University (TDTU),Data Science,COMP30009 Time Series Analysis,"This module covers time series analysis, part of the Data Science programme at Ton Duc Thang University (TDTU). Students explore core theoretical and applied aspects, building competencies for professional practice.","Core time series analysis concepts, theoretical framework application, analytical problem-solving, academic research skills, practical time series analysis implementation",https://www.tdtu.edu.vn/,Undergraduate,3 Credits / 1 Semester,Khoi A00/A01/D07. Strong Mathematics. IELTS 5.5+.
Ton Duc Thang University (TDTU),Data Science,COMP40005 Natural Language Processing,"Covers tokenisation, language models, sentiment analysis, NER, and transformer-based models such as BERT.","Text preprocessing, language model evaluation, sentiment classification, NER extraction, BERT fine-tuning",https://www.tdtu.edu.vn/,Undergraduate,3 Credits / 1 Semester,Khoi A00/A01/D07. Strong Mathematics. IELTS 5.5+.
Ton Duc Thang University (TDTU),Data Science,COMP40006 Computer Vision,"Covers image processing, feature extraction, object detection, and segmentation using classical and deep learning methods.","Image preprocessing, CNN classification, YOLO object detection, semantic segmentation, feature extraction",https://www.tdtu.edu.vn/,Undergraduate,3 Credits / 1 Semester,Khoi A00/A01/D07. Strong Mathematics. IELTS 5.5+.
Ton Duc Thang University (TDTU),Data Science,COMP40007 MLOps,"This module covers mlops, part of the Data Science programme at Ton Duc Thang University (TDTU). Students explore core theoretical and applied aspects, building competencies for professional practice.","Core mlops concepts, theoretical framework application, analytical problem-solving, academic research skills, practical mlops implementation",https://www.tdtu.edu.vn/,Undergraduate,3 Credits / 1 Semester,Khoi A00/A01/D07. Strong Mathematics. IELTS 5.5+.
Ton Duc Thang University (TDTU),Data Science,COMP4901 Data Science Thesis,"This module covers data science thesis, part of the Data Science programme at Ton Duc Thang University (TDTU). Students explore core theoretical and applied aspects, building competencies for professional practice.","Core data science thesis concepts, theoretical framework application, analytical problem-solving, academic research skills, practical data science thesis implementation",https://www.tdtu.edu.vn/,Undergraduate,9 Credits / 1 Semester,Khoi A00/A01/D07. Strong Mathematics. IELTS 5.5+.
Ton Duc Thang University (TDTU),Business Administration,MGMT10001 Introduction to Management,"Covers planning, organising, leading, and controlling including strategy, change management, and organisational behaviour.","Strategic planning, team leadership, change management, performance measurement, stakeholder analysis",https://www.tdtu.edu.vn/,Undergraduate,3 Credits / 1 Semester,Khoi A00/A01/D01. IELTS 5.5+.
Ton Duc Thang University (TDTU),Business Administration,ACCT10001 Financial Accounting,"Introduces financial and managerial accounting including double-entry bookkeeping, financial statement preparation, and cost accounting.","Double-entry bookkeeping, balance sheet preparation, income statement analysis, CVP analysis, ratio interpretation",https://www.tdtu.edu.vn/,Undergraduate,3 Credits / 1 Semester,Khoi A00/A01/D01. IELTS 5.5+.
Ton Duc Thang University (TDTU),Business Administration,ECON10001 Microeconomics,Analyses individual and firm behaviour and national economic systems with policy implications.,"Supply-demand analysis, elasticity calculation, game theory, GDP interpretation, fiscal policy assessment",https://www.tdtu.edu.vn/,Undergraduate,3 Credits / 1 Semester,Khoi A00/A01/D01. IELTS 5.5+.
Ton Duc Thang University (TDTU),Business Administration,ECON10002 Macroeconomics,Analyses individual and firm behaviour and national economic systems with policy implications.,"Supply-demand analysis, elasticity calculation, game theory, GDP interpretation, fiscal policy assessment",https://www.tdtu.edu.vn/,Undergraduate,3 Credits / 1 Semester,Khoi A00/A01/D01. IELTS 5.5+.
Ton Duc Thang University (TDTU),Business Administration,MKTG20001 Marketing Management,"Covers planning, organising, leading, and controlling including strategy, change management, and organisational behaviour.","Strategic planning, team leadership, change management, performance measurement, stakeholder analysis",https://www.tdtu.edu.vn/,Undergraduate,3 Credits / 1 Semester,Khoi A00/A01/D01. IELTS 5.5+.
Ton Duc Thang University (TDTU),Business Administration,MGMT20001 Organisational Behaviour,"This module covers organisational behaviour, part of the Business Administration programme at Ton Duc Thang University (TDTU). Students explore core theoretical and applied aspects, building competencies for professional practice.","Core organisational behaviour concepts, theoretical framework application, analytical problem-solving, academic research skills, practical organisational behaviour implementation",https://www.tdtu.edu.vn/,Undergraduate,3 Credits / 1 Semester,Khoi A00/A01/D01. IELTS 5.5+.
Ton Duc Thang University (TDTU),Business Administration,FNCE20001 Business Finance,"This module covers business finance, part of the Business Administration programme at Ton Duc Thang University (TDTU). Students explore core theoretical and applied aspects, building competencies for professional practice.","Core business finance concepts, theoretical framework application, analytical problem-solving, academic research skills, practical business finance implementation",https://www.tdtu.edu.vn/,Undergraduate,3 Credits / 1 Semester,Khoi A00/A01/D01. IELTS 5.5+.
Ton Duc Thang University (TDTU),Business Administration,MGMT20002 Operations Management,"Covers planning, organising, leading, and controlling including strategy, change management, and organisational behaviour.","Strategic planning, team leadership, change management, performance measurement, stakeholder analysis",https://www.tdtu.edu.vn/,Undergraduate,3 Credits / 1 Semester,Khoi A00/A01/D01. IELTS 5.5+.
Ton Duc Thang University (TDTU),Business Administration,MGMT20003 Human Resource Management,"Covers recruitment, performance management, training, compensation, and employment law.","Recruitment design, performance appraisal, training needs analysis, compensation benchmarking, HR policy formulation",https://www.tdtu.edu.vn/,Undergraduate,3 Credits / 1 Semester,Khoi A00/A01/D01. IELTS 5.5+.
Ton Duc Thang University (TDTU),Business Administration,MGMT30001 Strategic Management,"Covers planning, organising, leading, and controlling including strategy, change management, and organisational behaviour.","Strategic planning, team leadership, change management, performance measurement, stakeholder analysis",https://www.tdtu.edu.vn/,Undergraduate,3 Credits / 1 Semester,Khoi A00/A01/D01. IELTS 5.5+.
Ton Duc Thang University (TDTU),Business Administration,MGMT30002 Supply Chain Management,"Covers supply chain design, procurement, inventory management, demand forecasting, and logistics optimisation.","Inventory optimisation, demand forecasting, supplier evaluation, logistics cost analysis, risk management",https://www.tdtu.edu.vn/,Undergraduate,3 Credits / 1 Semester,Khoi A00/A01/D01. IELTS 5.5+.
Ton Duc Thang University (TDTU),Business Administration,MGMT30003 Entrepreneurship,Guides students from opportunity recognition through business model development and lean startup methodology.,"Business model canvas, lean startup, market validation, investor pitch, financial forecasting",https://www.tdtu.edu.vn/,Undergraduate,3 Credits / 1 Semester,Khoi A00/A01/D01. IELTS 5.5+.
Ton Duc Thang University (TDTU),Business Administration,MKTG30001 Digital Marketing,"Covers SEO, SEM, social media, content marketing, analytics, and marketing automation.","SEO/SEM optimisation, social media strategy, content marketing, Google Analytics, marketing automation",https://www.tdtu.edu.vn/,Undergraduate,3 Credits / 1 Semester,Khoi A00/A01/D01. IELTS 5.5+.
Ton Duc Thang University (TDTU),Business Administration,MGMT40001 International Business,"This module covers international business, part of the Business Administration programme at Ton Duc Thang University (TDTU). Students explore core theoretical and applied aspects, building competencies for professional practice.","Core international business concepts, theoretical framework application, analytical problem-solving, academic research skills, practical international business implementation",https://www.tdtu.edu.vn/,Undergraduate,3 Credits / 1 Semester,Khoi A00/A01/D01. IELTS 5.5+.
Ton Duc Thang University (TDTU),Business Administration,MGMT4900 BBA Thesis,"This module covers bba thesis, part of the Business Administration programme at Ton Duc Thang University (TDTU). Students explore core theoretical and applied aspects, building competencies for professional practice.","Core bba thesis concepts, theoretical framework application, analytical problem-solving, academic research skills, practical bba thesis implementation",https://www.tdtu.edu.vn/,Undergraduate,9 Credits / 1 Semester,Khoi A00/A01/D01. IELTS 5.5+.
Ton Duc Thang University (TDTU),Finance,FNCE10001 Introduction to Finance,"This module covers introduction to finance, part of the Finance programme at Ton Duc Thang University (TDTU). Students explore core theoretical and applied aspects, building competencies for professional practice.","Core introduction to finance concepts, theoretical framework application, analytical problem-solving, academic research skills, practical introduction to finance implementation",https://www.tdtu.edu.vn/,Undergraduate,3 Credits / 1 Semester,Khoi A00/A01/D01. IELTS 5.5+.
Ton Duc Thang University (TDTU),Finance,FNCE20001 Corporate Finance,"This module covers corporate finance, part of the Finance programme at Ton Duc Thang University (TDTU). Students explore core theoretical and applied aspects, building competencies for professional practice.","Core corporate finance concepts, theoretical framework application, analytical problem-solving, academic research skills, practical corporate finance implementation",https://www.tdtu.edu.vn/,Undergraduate,3 Credits / 1 Semester,Khoi A00/A01/D01. IELTS 5.5+.
Ton Duc Thang University (TDTU),Finance,FNCE20002 Financial Markets,"Examines time value of money, capital budgeting, risk and return, portfolio theory, and corporate financing decisions.","DCF valuation, portfolio analysis, CAPM application, capital structure decisions, financial modelling",https://www.tdtu.edu.vn/,Undergraduate,3 Credits / 1 Semester,Khoi A00/A01/D01. IELTS 5.5+.
Ton Duc Thang University (TDTU),Finance,FNCE20003 Money and Banking,"Covers commercial and investment banking including lending, capital markets, regulatory frameworks, and risk management.","Credit analysis, lending decisions, capital market operations, regulatory compliance, interest rate risk management",https://www.tdtu.edu.vn/,Undergraduate,3 Credits / 1 Semester,Khoi A00/A01/D01. IELTS 5.5+.
Ton Duc Thang University (TDTU),Finance,FNCE30001 Investment Analysis,"Examines equities, bonds, derivatives, portfolio construction, and performance evaluation.","Security valuation, portfolio construction, derivative pricing, performance attribution, factor model application",https://www.tdtu.edu.vn/,Undergraduate,3 Credits / 1 Semester,Khoi A00/A01/D01. IELTS 5.5+.
Ton Duc Thang University (TDTU),Finance,FNCE30002 Portfolio Management,"Covers planning, organising, leading, and controlling including strategy, change management, and organisational behaviour.","Strategic planning, team leadership, change management, performance measurement, stakeholder analysis",https://www.tdtu.edu.vn/,Undergraduate,3 Credits / 1 Semester,Khoi A00/A01/D01. IELTS 5.5+.
Ton Duc Thang University (TDTU),Finance,FNCE30003 International Finance,"This module covers international finance, part of the Finance programme at Ton Duc Thang University (TDTU). Students explore core theoretical and applied aspects, building competencies for professional practice.","Core international finance concepts, theoretical framework application, analytical problem-solving, academic research skills, practical international finance implementation",https://www.tdtu.edu.vn/,Undergraduate,3 Credits / 1 Semester,Khoi A00/A01/D01. IELTS 5.5+.
Ton Duc Thang University (TDTU),Finance,FNCE30004 Fixed Income Securities,"This module covers fixed income securities, part of the Finance programme at Ton Duc Thang University (TDTU). Students explore core theoretical and applied aspects, building competencies for professional practice.","Core fixed income securities concepts, theoretical framework application, analytical problem-solving, academic research skills, practical fixed income securities implementation",https://www.tdtu.edu.vn/,Undergraduate,3 Credits / 1 Semester,Khoi A00/A01/D01. IELTS 5.5+.
Ton Duc Thang University (TDTU),Finance,FNCE40001 Financial Risk Management,"Covers planning, organising, leading, and controlling including strategy, change management, and organisational behaviour.","Strategic planning, team leadership, change management, performance measurement, stakeholder analysis",https://www.tdtu.edu.vn/,Undergraduate,3 Credits / 1 Semester,Khoi A00/A01/D01. IELTS 5.5+.
Ton Duc Thang University (TDTU),Finance,FNCE40002 Financial Derivatives,"Examines time value of money, capital budgeting, risk and return, portfolio theory, and corporate financing decisions.","DCF valuation, portfolio analysis, CAPM application, capital structure decisions, financial modelling",https://www.tdtu.edu.vn/,Undergraduate,3 Credits / 1 Semester,Khoi A00/A01/D01. IELTS 5.5+.
Ton Duc Thang University (TDTU),Finance,FNCE40003 Financial Modelling,"Examines time value of money, capital budgeting, risk and return, portfolio theory, and corporate financing decisions.","DCF valuation, portfolio analysis, CAPM application, capital structure decisions, financial modelling",https://www.tdtu.edu.vn/,Undergraduate,3 Credits / 1 Semester,Khoi A00/A01/D01. IELTS 5.5+.
Ton Duc Thang University (TDTU),Finance,FNCE4900 Finance Thesis,"This module covers finance thesis, part of the Finance programme at Ton Duc Thang University (TDTU). Students explore core theoretical and applied aspects, building competencies for professional practice.","Core finance thesis concepts, theoretical framework application, analytical problem-solving, academic research skills, practical finance thesis implementation",https://www.tdtu.edu.vn/,Undergraduate,9 Credits / 1 Semester,Khoi A00/A01/D01. IELTS 5.5+.
Ton Duc Thang University (TDTU),Electrical Engineering,EENG10001 Circuit Theory 1,"Studies electrical circuit analysis using KVL/KCL, Thevenin/Norton theorems, AC phasors, and transient analysis.","KVL/KCL application, Thevenin equivalent circuit, AC phasor analysis, transient response, circuit simulation",https://www.tdtu.edu.vn/,Undergraduate,3 Credits / 1 Semester,Khoi A00/A01. Strong Physics.
Ton Duc Thang University (TDTU),Electrical Engineering,EENG10002 Digital Electronics,"Covers semiconductor physics, diode and transistor circuits, op-amps, and digital logic design.","Diode circuit analysis, transistor biasing, op-amp circuit design, digital logic implementation, circuit simulation",https://www.tdtu.edu.vn/,Undergraduate,3 Credits / 1 Semester,Khoi A00/A01. Strong Physics.
Ton Duc Thang University (TDTU),Electrical Engineering,EENG20001 Circuit Theory 2,"Studies electrical circuit analysis using KVL/KCL, Thevenin/Norton theorems, AC phasors, and transient analysis.","KVL/KCL application, Thevenin equivalent circuit, AC phasor analysis, transient response, circuit simulation",https://www.tdtu.edu.vn/,Undergraduate,3 Credits / 1 Semester,Khoi A00/A01. Strong Physics.
Ton Duc Thang University (TDTU),Electrical Engineering,EENG20002 Electronics 1,"Covers semiconductor physics, diode and transistor circuits, op-amps, and digital logic design.","Diode circuit analysis, transistor biasing, op-amp circuit design, digital logic implementation, circuit simulation",https://www.tdtu.edu.vn/,Undergraduate,3 Credits / 1 Semester,Khoi A00/A01. Strong Physics.
Ton Duc Thang University (TDTU),Electrical Engineering,EENG20003 Signals and Systems,"This module covers signals and systems, part of the Electrical Engineering programme at Ton Duc Thang University (TDTU). Students explore core theoretical and applied aspects, building competencies for professional practice.","Core signals and systems concepts, theoretical framework application, analytical problem-solving, academic research skills, practical signals and systems implementation",https://www.tdtu.edu.vn/,Undergraduate,3 Credits / 1 Semester,Khoi A00/A01. Strong Physics.
Ton Duc Thang University (TDTU),Electrical Engineering,EENG20004 Electromagnetic Fields,"This module covers electromagnetic fields, part of the Electrical Engineering programme at Ton Duc Thang University (TDTU). Students explore core theoretical and applied aspects, building competencies for professional practice.","Core electromagnetic fields concepts, theoretical framework application, analytical problem-solving, academic research skills, practical electromagnetic fields implementation",https://www.tdtu.edu.vn/,Undergraduate,3 Credits / 1 Semester,Khoi A00/A01. Strong Physics.
Ton Duc Thang University (TDTU),Electrical Engineering,EENG30001 Power Systems,"Covers power generation, transmission, distribution, and protection systems.","Power flow analysis, fault calculation, protection coordination, transformer design, grid stability",https://www.tdtu.edu.vn/,Undergraduate,3 Credits / 1 Semester,Khoi A00/A01. Strong Physics.
Ton Duc Thang University (TDTU),Electrical Engineering,EENG30002 Power Electronics,"Covers semiconductor physics, diode and transistor circuits, op-amps, and digital logic design.","Diode circuit analysis, transistor biasing, op-amp circuit design, digital logic implementation, circuit simulation",https://www.tdtu.edu.vn/,Undergraduate,3 Credits / 1 Semester,Khoi A00/A01. Strong Physics.
Ton Duc Thang University (TDTU),Electrical Engineering,EENG30003 Control Systems,"Studies feedback control systems, PID controllers, stability analysis, and state-space methods.","PID controller tuning, stability analysis, Bode plot interpretation, state-space modelling, digital control design",https://www.tdtu.edu.vn/,Undergraduate,3 Credits / 1 Semester,Khoi A00/A01. Strong Physics.
Ton Duc Thang University (TDTU),Electrical Engineering,EENG30004 Electric Machines,"This module covers electric machines, part of the Electrical Engineering programme at Ton Duc Thang University (TDTU). Students explore core theoretical and applied aspects, building competencies for professional practice.","Core electric machines concepts, theoretical framework application, analytical problem-solving, academic research skills, practical electric machines implementation",https://www.tdtu.edu.vn/,Undergraduate,3 Credits / 1 Semester,Khoi A00/A01. Strong Physics.
Ton Duc Thang University (TDTU),Electrical Engineering,EENG40001 Renewable Energy,"Examines solar, wind, hydro, and bioenergy systems including resource assessment, design, and grid integration.","Solar irradiance analysis, wind turbine sizing, grid integration, energy storage, techno-economic assessment",https://www.tdtu.edu.vn/,Undergraduate,3 Credits / 1 Semester,Khoi A00/A01. Strong Physics.
Ton Duc Thang University (TDTU),Electrical Engineering,EENG40002 Smart Grid,"This module covers smart grid, part of the Electrical Engineering programme at Ton Duc Thang University (TDTU). Students explore core theoretical and applied aspects, building competencies for professional practice.","Core smart grid concepts, theoretical framework application, analytical problem-solving, academic research skills, practical smart grid implementation",https://www.tdtu.edu.vn/,Undergraduate,3 Credits / 1 Semester,Khoi A00/A01. Strong Physics.
Ton Duc Thang University (TDTU),Electrical Engineering,EENG4900 EE Thesis,"This module covers ee thesis, part of the Electrical Engineering programme at Ton Duc Thang University (TDTU). Students explore core theoretical and applied aspects, building competencies for professional practice.","Core ee thesis concepts, theoretical framework application, analytical problem-solving, academic research skills, practical ee thesis implementation",https://www.tdtu.edu.vn/,Undergraduate,9 Credits / 1 Semester,Khoi A00/A01. Strong Physics.
Vietnam Germany University (VGU),Computer Science,CS101 Fundamentals of Programming,"This module covers fundamentals of programming, part of the Computer Science programme at Vietnam Germany University (VGU). Students explore core theoretical and applied aspects, building competencies for professional practice.","Core fundamentals of programming concepts, theoretical framework application, analytical problem-solving, academic research skills, practical fundamentals of programming implementation",https://www.vgu.edu.vn/,Undergraduate,5 Credits / 1 Semester,Khoi A00/A01. DGNL >= 750. IELTS 5.5+ for English-medium.
Vietnam Germany University (VGU),Computer Science,CS102 Object-Oriented Programming,"This module covers object-oriented programming, part of the Computer Science programme at Vietnam Germany University (VGU). Students explore core theoretical and applied aspects, building competencies for professional practice.","Core object-oriented programming concepts, theoretical framework application, analytical problem-solving, academic research skills, practical object-oriented programming implementation",https://www.vgu.edu.vn/,Undergraduate,5 Credits / 1 Semester,Khoi A00/A01. DGNL >= 750. IELTS 5.5+ for English-medium.
Vietnam Germany University (VGU),Computer Science,MATH101 Engineering Mathematics 1,"This module covers engineering mathematics 1, part of the Computer Science programme at Vietnam Germany University (VGU). Students explore core theoretical and applied aspects, building competencies for professional practice.","Core engineering mathematics 1 concepts, theoretical framework application, analytical problem-solving, academic research skills, practical engineering mathematics 1 implementation",https://www.vgu.edu.vn/,Undergraduate,5 Credits / 1 Semester,Khoi A00/A01. DGNL >= 750. IELTS 5.5+ for English-medium.
Vietnam Germany University (VGU),Computer Science,CS201 Data Structures and Algorithms,"Covers fundamental data organisation techniques including arrays, linked lists, stacks, queues, trees, heaps, and hash tables. Students analyse time and space complexity and apply structures to solve real computational problems.","Array manipulation, linked list operations, binary tree traversal, hash table design, stack and queue implementation",https://www.vgu.edu.vn/,Undergraduate,5 Credits / 1 Semester,Khoi A00/A01. DGNL >= 750. IELTS 5.5+ for English-medium.
Vietnam Germany University (VGU),Computer Science,CS202 Computer Architecture,"This module covers computer architecture, part of the Computer Science programme at Vietnam Germany University (VGU). Students explore core theoretical and applied aspects, building competencies for professional practice.","Core computer architecture concepts, theoretical framework application, analytical problem-solving, academic research skills, practical computer architecture implementation",https://www.vgu.edu.vn/,Undergraduate,5 Credits / 1 Semester,Khoi A00/A01. DGNL >= 750. IELTS 5.5+ for English-medium.
Vietnam Germany University (VGU),Computer Science,CS203 Database Systems,"Examines relational database design, SQL querying, normalisation theory, transaction management, and indexing strategies.","SQL query writing, ER diagram design, normalisation, transaction management, index optimisation",https://www.vgu.edu.vn/,Undergraduate,5 Credits / 1 Semester,Khoi A00/A01. DGNL >= 750. IELTS 5.5+ for English-medium.
Vietnam Germany University (VGU),Computer Science,CS204 Operating Systems,"Analyses process scheduling, memory management, file systems, and I/O handling with practical implementation labs.","Process scheduling, memory allocation, file system design, deadlock detection, system call programming",https://www.vgu.edu.vn/,Undergraduate,5 Credits / 1 Semester,Khoi A00/A01. DGNL >= 750. IELTS 5.5+ for English-medium.
Vietnam Germany University (VGU),Computer Science,MATH201 Statistics and Probability,"Covers random variables, distributions, Bayes theorem, expectation, and limit theorems with engineering applications.","Probability modelling, Bayesian inference, Monte Carlo simulation, hypothesis testing, stochastic analysis",https://www.vgu.edu.vn/,Undergraduate,4 Credits / 1 Semester,Khoi A00/A01. DGNL >= 750. IELTS 5.5+ for English-medium.
Vietnam Germany University (VGU),Computer Science,CS301 Computer Networks,"Studies OSI and TCP/IP network architectures, routing, switching, HTTP, DNS, and network security protocols.","TCP/IP configuration, routing protocol analysis, socket programming, network security evaluation, Wireshark analysis",https://www.vgu.edu.vn/,Undergraduate,5 Credits / 1 Semester,Khoi A00/A01. DGNL >= 750. IELTS 5.5+ for English-medium.
Vietnam Germany University (VGU),Computer Science,CS302 Software Engineering,"Covers the full SDLC from requirements through design, implementation, testing, and maintenance, emphasising agile methods.","Requirements documentation, UML modelling, agile sprint planning, integration testing, Git version control",https://www.vgu.edu.vn/,Undergraduate,5 Credits / 1 Semester,Khoi A00/A01. DGNL >= 750. IELTS 5.5+ for English-medium.
Vietnam Germany University (VGU),Computer Science,CS303 Machine Learning,"Covers supervised learning, unsupervised learning, model evaluation, regularisation, and neural network fundamentals for predictive modelling.","Supervised model training, cross-validation, feature engineering, clustering algorithms, neural network design",https://www.vgu.edu.vn/,Undergraduate,5 Credits / 1 Semester,Khoi A00/A01. DGNL >= 750. IELTS 5.5+ for English-medium.
Vietnam Germany University (VGU),Computer Science,CS304 Artificial Intelligence,"Explores search algorithms, knowledge representation, planning, and reasoning under uncertainty.","Heuristic search, Bayesian reasoning, propositional logic, constraint satisfaction, decision tree construction",https://www.vgu.edu.vn/,Undergraduate,5 Credits / 1 Semester,Khoi A00/A01. DGNL >= 750. IELTS 5.5+ for English-medium.
Vietnam Germany University (VGU),Computer Science,CS401 Cybersecurity,"Covers cryptography, authentication, network security, secure coding, and ethical hacking fundamentals.","Cryptographic protocols, penetration testing, vulnerability scanning, secure coding practices, incident response",https://www.vgu.edu.vn/,Undergraduate,5 Credits / 1 Semester,Khoi A00/A01. DGNL >= 750. IELTS 5.5+ for English-medium.
Vietnam Germany University (VGU),Computer Science,CS402 Cloud Computing,"Examines IaaS/PaaS/SaaS models with AWS/Azure/GCP hands-on, containerisation, and serverless computing.","Cloud provisioning, Docker containerisation, Kubernetes orchestration, serverless functions, cost optimisation",https://www.vgu.edu.vn/,Undergraduate,5 Credits / 1 Semester,Khoi A00/A01. DGNL >= 750. IELTS 5.5+ for English-medium.
Vietnam Germany University (VGU),Computer Science,CS403 Deep Learning,"Covers CNNs, RNNs, attention mechanisms, and transformers applied to computer vision and NLP tasks using modern frameworks.","CNN design, RNN sequence modelling, transformer fine-tuning, PyTorch/TensorFlow, transfer learning",https://www.vgu.edu.vn/,Undergraduate,5 Credits / 1 Semester,Khoi A00/A01. DGNL >= 750. IELTS 5.5+ for English-medium.
Vietnam Germany University (VGU),Computer Science,CS4901 Bachelor Thesis,"This module covers bachelor thesis, part of the Computer Science programme at Vietnam Germany University (VGU). Students explore core theoretical and applied aspects, building competencies for professional practice.","Core bachelor thesis concepts, theoretical framework application, analytical problem-solving, academic research skills, practical bachelor thesis implementation",https://www.vgu.edu.vn/,Undergraduate,12 Credits / 1 Semester,Khoi A00/A01. DGNL >= 750. IELTS 5.5+ for English-medium.
Vietnam Germany University (VGU),Electrical Engineering,EE101 Electrical Circuit Theory,"Studies electrical circuit analysis using KVL/KCL, Thevenin/Norton theorems, AC phasors, and transient analysis.","KVL/KCL application, Thevenin equivalent circuit, AC phasor analysis, transient response, circuit simulation",https://www.vgu.edu.vn/,Undergraduate,5 Credits / 1 Semester,Khoi A00/A01. Strong Physics.
Vietnam Germany University (VGU),Electrical Engineering,EE102 Electronics 1,"Covers semiconductor physics, diode and transistor circuits, op-amps, and digital logic design.","Diode circuit analysis, transistor biasing, op-amp circuit design, digital logic implementation, circuit simulation",https://www.vgu.edu.vn/,Undergraduate,5 Credits / 1 Semester,Khoi A00/A01. Strong Physics.
Vietnam Germany University (VGU),Electrical Engineering,EE201 Electronics 2,"Covers semiconductor physics, diode and transistor circuits, op-amps, and digital logic design.","Diode circuit analysis, transistor biasing, op-amp circuit design, digital logic implementation, circuit simulation",https://www.vgu.edu.vn/,Undergraduate,5 Credits / 1 Semester,Khoi A00/A01. Strong Physics.
Vietnam Germany University (VGU),Electrical Engineering,EE202 Signals and Systems,"This module covers signals and systems, part of the Electrical Engineering programme at Vietnam Germany University (VGU). Students explore core theoretical and applied aspects, building competencies for professional practice.","Core signals and systems concepts, theoretical framework application, analytical problem-solving, academic research skills, practical signals and systems implementation",https://www.vgu.edu.vn/,Undergraduate,5 Credits / 1 Semester,Khoi A00/A01. Strong Physics.
Vietnam Germany University (VGU),Electrical Engineering,EE203 Digital Systems,"This module covers digital systems, part of the Electrical Engineering programme at Vietnam Germany University (VGU). Students explore core theoretical and applied aspects, building competencies for professional practice.","Core digital systems concepts, theoretical framework application, analytical problem-solving, academic research skills, practical digital systems implementation",https://www.vgu.edu.vn/,Undergraduate,5 Credits / 1 Semester,Khoi A00/A01. Strong Physics.
Vietnam Germany University (VGU),Electrical Engineering,EE204 Microcontrollers,"Studies feedback control systems, PID controllers, stability analysis, and state-space methods.","PID controller tuning, stability analysis, Bode plot interpretation, state-space modelling, digital control design",https://www.vgu.edu.vn/,Undergraduate,5 Credits / 1 Semester,Khoi A00/A01. Strong Physics.
Vietnam Germany University (VGU),Electrical Engineering,EE301 Control Engineering,"Studies feedback control systems, PID controllers, stability analysis, and state-space methods.","PID controller tuning, stability analysis, Bode plot interpretation, state-space modelling, digital control design",https://www.vgu.edu.vn/,Undergraduate,5 Credits / 1 Semester,Khoi A00/A01. Strong Physics.
Vietnam Germany University (VGU),Electrical Engineering,EE302 Power Electronics,"Covers semiconductor physics, diode and transistor circuits, op-amps, and digital logic design.","Diode circuit analysis, transistor biasing, op-amp circuit design, digital logic implementation, circuit simulation",https://www.vgu.edu.vn/,Undergraduate,5 Credits / 1 Semester,Khoi A00/A01. Strong Physics.
Vietnam Germany University (VGU),Electrical Engineering,EE303 Communication Systems,"This module covers communication systems, part of the Electrical Engineering programme at Vietnam Germany University (VGU). Students explore core theoretical and applied aspects, building competencies for professional practice.","Core communication systems concepts, theoretical framework application, analytical problem-solving, academic research skills, practical communication systems implementation",https://www.vgu.edu.vn/,Undergraduate,5 Credits / 1 Semester,Khoi A00/A01. Strong Physics.
Vietnam Germany University (VGU),Electrical Engineering,EE304 Embedded Systems,"Covers microcontroller architecture, bare-metal and RTOS programming, hardware interfaces, and low-power design.","C programming for microcontrollers, interrupt handling, SPI/I2C interfaces, real-time task scheduling, power optimisation",https://www.vgu.edu.vn/,Undergraduate,5 Credits / 1 Semester,Khoi A00/A01. Strong Physics.
Vietnam Germany University (VGU),Electrical Engineering,EE401 Renewable Energy Systems,"Examines solar, wind, hydro, and bioenergy systems including resource assessment, design, and grid integration.","Solar irradiance analysis, wind turbine sizing, grid integration, energy storage, techno-economic assessment",https://www.vgu.edu.vn/,Undergraduate,5 Credits / 1 Semester,Khoi A00/A01. Strong Physics.
Vietnam Germany University (VGU),Electrical Engineering,EE402 IoT Engineering,"This module covers iot engineering, part of the Electrical Engineering programme at Vietnam Germany University (VGU). Students explore core theoretical and applied aspects, building competencies for professional practice.","Core iot engineering concepts, theoretical framework application, analytical problem-solving, academic research skills, practical iot engineering implementation",https://www.vgu.edu.vn/,Undergraduate,5 Credits / 1 Semester,Khoi A00/A01. Strong Physics.
Vietnam Germany University (VGU),Electrical Engineering,EE403 Robotics,"Covers robot kinematics, dynamics, sensors, actuators, perception, and motion planning.","Kinematic chain modelling, sensor fusion, motion planning, ROS programming, robot simulation",https://www.vgu.edu.vn/,Undergraduate,5 Credits / 1 Semester,Khoi A00/A01. Strong Physics.
Vietnam Germany University (VGU),Electrical Engineering,EE4901 EE Bachelor Thesis,"This module covers ee bachelor thesis, part of the Electrical Engineering programme at Vietnam Germany University (VGU). Students explore core theoretical and applied aspects, building competencies for professional practice.","Core ee bachelor thesis concepts, theoretical framework application, analytical problem-solving, academic research skills, practical ee bachelor thesis implementation",https://www.vgu.edu.vn/,Undergraduate,12 Credits / 1 Semester,Khoi A00/A01. Strong Physics.
Vietnam Germany University (VGU),Civil Engineering,CE101 Statics and Dynamics,"This module covers statics and dynamics, part of the Civil Engineering programme at Vietnam Germany University (VGU). Students explore core theoretical and applied aspects, building competencies for professional practice.","Core statics and dynamics concepts, theoretical framework application, analytical problem-solving, academic research skills, practical statics and dynamics implementation",https://www.vgu.edu.vn/,Undergraduate,5 Credits / 1 Semester,Khoi A00. Strong Physics and Mathematics.
Vietnam Germany University (VGU),Civil Engineering,CE102 Engineering Drawing and CAD,"This module covers engineering drawing and cad, part of the Civil Engineering programme at Vietnam Germany University (VGU). Students explore core theoretical and applied aspects, building competencies for professional practice.","Core engineering drawing and cad concepts, theoretical framework application, analytical problem-solving, academic research skills, practical engineering drawing and cad implementation",https://www.vgu.edu.vn/,Undergraduate,5 Credits / 1 Semester,Khoi A00. Strong Physics and Mathematics.
Vietnam Germany University (VGU),Civil Engineering,CE201 Mechanics of Materials,"Covers statics, dynamics, kinematics, and material behaviour for engineering applications.","Free body diagram, moment calculation, kinematic analysis, material stress-strain, FEA application",https://www.vgu.edu.vn/,Undergraduate,5 Credits / 1 Semester,Khoi A00. Strong Physics and Mathematics.
Vietnam Germany University (VGU),Civil Engineering,CE202 Structural Analysis,"Covers structural analysis methods, load calculations, and material behaviour for civil engineering.","Structural load analysis, beam design, truss calculation, material testing, finite element analysis",https://www.vgu.edu.vn/,Undergraduate,5 Credits / 1 Semester,Khoi A00. Strong Physics and Mathematics.
Vietnam Germany University (VGU),Civil Engineering,CE203 Soil Mechanics,"Covers statics, dynamics, kinematics, and material behaviour for engineering applications.","Free body diagram, moment calculation, kinematic analysis, material stress-strain, FEA application",https://www.vgu.edu.vn/,Undergraduate,5 Credits / 1 Semester,Khoi A00. Strong Physics and Mathematics.
Vietnam Germany University (VGU),Civil Engineering,CE204 Fluid Mechanics and Hydraulics,"Covers fluid statics, flow dynamics, viscous effects, and turbomachinery for engineering applications.","Bernoulli equation, Reynolds number analysis, pipe flow calculation, turbine design, CFD simulation",https://www.vgu.edu.vn/,Undergraduate,5 Credits / 1 Semester,Khoi A00. Strong Physics and Mathematics.
Vietnam Germany University (VGU),Civil Engineering,CE205 Surveying,"This module covers surveying, part of the Civil Engineering programme at Vietnam Germany University (VGU). Students explore core theoretical and applied aspects, building competencies for professional practice.","Core surveying concepts, theoretical framework application, analytical problem-solving, academic research skills, practical surveying implementation",https://www.vgu.edu.vn/,Undergraduate,5 Credits / 1 Semester,Khoi A00. Strong Physics and Mathematics.
Vietnam Germany University (VGU),Civil Engineering,CE301 Reinforced Concrete Design,"This module covers reinforced concrete design, part of the Civil Engineering programme at Vietnam Germany University (VGU). Students explore core theoretical and applied aspects, building competencies for professional practice.","Core reinforced concrete design concepts, theoretical framework application, analytical problem-solving, academic research skills, practical reinforced concrete design implementation",https://www.vgu.edu.vn/,Undergraduate,5 Credits / 1 Semester,Khoi A00. Strong Physics and Mathematics.
Vietnam Germany University (VGU),Civil Engineering,CE302 Foundation Engineering,"This module covers foundation engineering, part of the Civil Engineering programme at Vietnam Germany University (VGU). Students explore core theoretical and applied aspects, building competencies for professional practice.","Core foundation engineering concepts, theoretical framework application, analytical problem-solving, academic research skills, practical foundation engineering implementation",https://www.vgu.edu.vn/,Undergraduate,5 Credits / 1 Semester,Khoi A00. Strong Physics and Mathematics.
Vietnam Germany University (VGU),Civil Engineering,CE303 Steel Structures,"This module covers steel structures, part of the Civil Engineering programme at Vietnam Germany University (VGU). Students explore core theoretical and applied aspects, building competencies for professional practice.","Core steel structures concepts, theoretical framework application, analytical problem-solving, academic research skills, practical steel structures implementation",https://www.vgu.edu.vn/,Undergraduate,5 Credits / 1 Semester,Khoi A00. Strong Physics and Mathematics.
Vietnam Germany University (VGU),Civil Engineering,CE304 Highway Engineering,"This module covers highway engineering, part of the Civil Engineering programme at Vietnam Germany University (VGU). Students explore core theoretical and applied aspects, building competencies for professional practice.","Core highway engineering concepts, theoretical framework application, analytical problem-solving, academic research skills, practical highway engineering implementation",https://www.vgu.edu.vn/,Undergraduate,5 Credits / 1 Semester,Khoi A00. Strong Physics and Mathematics.
Vietnam Germany University (VGU),Civil Engineering,CE401 Construction Management,"Covers planning, organising, leading, and controlling including strategy, change management, and organisational behaviour.","Strategic planning, team leadership, change management, performance measurement, stakeholder analysis",https://www.vgu.edu.vn/,Undergraduate,5 Credits / 1 Semester,Khoi A00. Strong Physics and Mathematics.
Vietnam Germany University (VGU),Civil Engineering,CE402 Earthquake Engineering,"This module covers earthquake engineering, part of the Civil Engineering programme at Vietnam Germany University (VGU). Students explore core theoretical and applied aspects, building competencies for professional practice.","Core earthquake engineering concepts, theoretical framework application, analytical problem-solving, academic research skills, practical earthquake engineering implementation",https://www.vgu.edu.vn/,Undergraduate,5 Credits / 1 Semester,Khoi A00. Strong Physics and Mathematics.
Vietnam Germany University (VGU),Civil Engineering,CE4901 Civil Engineering Thesis,"This module covers civil engineering thesis, part of the Civil Engineering programme at Vietnam Germany University (VGU). Students explore core theoretical and applied aspects, building competencies for professional practice.","Core civil engineering thesis concepts, theoretical framework application, analytical problem-solving, academic research skills, practical civil engineering thesis implementation",https://www.vgu.edu.vn/,Undergraduate,12 Credits / 1 Semester,Khoi A00. Strong Physics and Mathematics.
Vietnam Germany University (VGU),Business Administration,BA101 Introduction to Management,"Covers planning, organising, leading, and controlling including strategy, change management, and organisational behaviour.","Strategic planning, team leadership, change management, performance measurement, stakeholder analysis",https://www.vgu.edu.vn/,Undergraduate,5 Credits / 1 Semester,Khoi A00/A01/D01. IELTS 5.5+.
Vietnam Germany University (VGU),Business Administration,BA102 Principles of Economics,Analyses individual and firm behaviour and national economic systems with policy implications.,"Supply-demand analysis, elasticity calculation, game theory, GDP interpretation, fiscal policy assessment",https://www.vgu.edu.vn/,Undergraduate,5 Credits / 1 Semester,Khoi A00/A01/D01. IELTS 5.5+.
Vietnam Germany University (VGU),Business Administration,BA103 Financial Accounting,"Introduces financial and managerial accounting including double-entry bookkeeping, financial statement preparation, and cost accounting.","Double-entry bookkeeping, balance sheet preparation, income statement analysis, CVP analysis, ratio interpretation",https://www.vgu.edu.vn/,Undergraduate,5 Credits / 1 Semester,Khoi A00/A01/D01. IELTS 5.5+.
Vietnam Germany University (VGU),Business Administration,BA201 Marketing Management,"Covers planning, organising, leading, and controlling including strategy, change management, and organisational behaviour.","Strategic planning, team leadership, change management, performance measurement, stakeholder analysis",https://www.vgu.edu.vn/,Undergraduate,5 Credits / 1 Semester,Khoi A00/A01/D01. IELTS 5.5+.
Vietnam Germany University (VGU),Business Administration,BA202 Corporate Finance,"This module covers corporate finance, part of the Business Administration programme at Vietnam Germany University (VGU). Students explore core theoretical and applied aspects, building competencies for professional practice.","Core corporate finance concepts, theoretical framework application, analytical problem-solving, academic research skills, practical corporate finance implementation",https://www.vgu.edu.vn/,Undergraduate,5 Credits / 1 Semester,Khoi A00/A01/D01. IELTS 5.5+.
Vietnam Germany University (VGU),Business Administration,BA203 Organisational Behaviour,"This module covers organisational behaviour, part of the Business Administration programme at Vietnam Germany University (VGU). Students explore core theoretical and applied aspects, building competencies for professional practice.","Core organisational behaviour concepts, theoretical framework application, analytical problem-solving, academic research skills, practical organisational behaviour implementation",https://www.vgu.edu.vn/,Undergraduate,5 Credits / 1 Semester,Khoi A00/A01/D01. IELTS 5.5+.
Vietnam Germany University (VGU),Business Administration,BA204 Business Law,"Introduces legal principles, contract formation, tort liability, and legal reasoning through case analysis.","Legal case analysis, contract elements, tort assessment, statutory interpretation, legal research",https://www.vgu.edu.vn/,Undergraduate,5 Credits / 1 Semester,Khoi A00/A01/D01. IELTS 5.5+.
Vietnam Germany University (VGU),Business Administration,BA301 Strategic Management,"Covers planning, organising, leading, and controlling including strategy, change management, and organisational behaviour.","Strategic planning, team leadership, change management, performance measurement, stakeholder analysis",https://www.vgu.edu.vn/,Undergraduate,5 Credits / 1 Semester,Khoi A00/A01/D01. IELTS 5.5+.
Vietnam Germany University (VGU),Business Administration,BA302 Human Resource Management,"Covers recruitment, performance management, training, compensation, and employment law.","Recruitment design, performance appraisal, training needs analysis, compensation benchmarking, HR policy formulation",https://www.vgu.edu.vn/,Undergraduate,5 Credits / 1 Semester,Khoi A00/A01/D01. IELTS 5.5+.
Vietnam Germany University (VGU),Business Administration,BA303 Operations Management,"Covers planning, organising, leading, and controlling including strategy, change management, and organisational behaviour.","Strategic planning, team leadership, change management, performance measurement, stakeholder analysis",https://www.vgu.edu.vn/,Undergraduate,5 Credits / 1 Semester,Khoi A00/A01/D01. IELTS 5.5+.
Vietnam Germany University (VGU),Business Administration,BA304 Entrepreneurship,Guides students from opportunity recognition through business model development and lean startup methodology.,"Business model canvas, lean startup, market validation, investor pitch, financial forecasting",https://www.vgu.edu.vn/,Undergraduate,5 Credits / 1 Semester,Khoi A00/A01/D01. IELTS 5.5+.
Vietnam Germany University (VGU),Business Administration,BA401 International Business,"This module covers international business, part of the Business Administration programme at Vietnam Germany University (VGU). Students explore core theoretical and applied aspects, building competencies for professional practice.","Core international business concepts, theoretical framework application, analytical problem-solving, academic research skills, practical international business implementation",https://www.vgu.edu.vn/,Undergraduate,5 Credits / 1 Semester,Khoi A00/A01/D01. IELTS 5.5+.
Vietnam Germany University (VGU),Business Administration,BA402 Project Management,"Covers project planning, execution, monitoring, and closure using agile and waterfall methodologies.","Gantt scheduling, risk management, agile sprint planning, stakeholder communication, cost variance analysis",https://www.vgu.edu.vn/,Undergraduate,5 Credits / 1 Semester,Khoi A00/A01/D01. IELTS 5.5+.
Vietnam Germany University (VGU),Business Administration,BA403 Digital Marketing,"Covers SEO, SEM, social media, content marketing, analytics, and marketing automation.","SEO/SEM optimisation, social media strategy, content marketing, Google Analytics, marketing automation",https://www.vgu.edu.vn/,Undergraduate,5 Credits / 1 Semester,Khoi A00/A01/D01. IELTS 5.5+.
Vietnam Germany University (VGU),Business Administration,BA4901 BBA Thesis,"This module covers bba thesis, part of the Business Administration programme at Vietnam Germany University (VGU). Students explore core theoretical and applied aspects, building competencies for professional practice.","Core bba thesis concepts, theoretical framework application, analytical problem-solving, academic research skills, practical bba thesis implementation",https://www.vgu.edu.vn/,Undergraduate,12 Credits / 1 Semester,Khoi A00/A01/D01. IELTS 5.5+.
Vietnam Germany University (VGU),Mechatronics Engineering,ME101 Engineering Mechanics,"Covers statics, dynamics, kinematics, and material behaviour for engineering applications.","Free body diagram, moment calculation, kinematic analysis, material stress-strain, FEA application",https://www.vgu.edu.vn/,Undergraduate,5 Credits / 1 Semester,Khoi A00/A01. Entrance exam.
Vietnam Germany University (VGU),Mechatronics Engineering,ME201 Mechanics of Materials,"Covers statics, dynamics, kinematics, and material behaviour for engineering applications.","Free body diagram, moment calculation, kinematic analysis, material stress-strain, FEA application",https://www.vgu.edu.vn/,Undergraduate,5 Credits / 1 Semester,Khoi A00/A01. Entrance exam.
Vietnam Germany University (VGU),Mechatronics Engineering,ME202 Thermodynamics,"Studies heat, work, energy conversion, entropy, and thermodynamic cycles for engineering systems.","Thermodynamic cycle analysis, entropy calculation, heat exchanger design, energy efficiency, combustion analysis",https://www.vgu.edu.vn/,Undergraduate,5 Credits / 1 Semester,Khoi A00/A01. Entrance exam.
Vietnam Germany University (VGU),Mechatronics Engineering,EE201 Electronics,"Covers semiconductor physics, diode and transistor circuits, op-amps, and digital logic design.","Diode circuit analysis, transistor biasing, op-amp circuit design, digital logic implementation, circuit simulation",https://www.vgu.edu.vn/,Undergraduate,5 Credits / 1 Semester,Khoi A00/A01. Entrance exam.
Vietnam Germany University (VGU),Mechatronics Engineering,ME203 Machine Design,"This module covers machine design, part of the Mechatronics Engineering programme at Vietnam Germany University (VGU). Students explore core theoretical and applied aspects, building competencies for professional practice.","Core machine design concepts, theoretical framework application, analytical problem-solving, academic research skills, practical machine design implementation",https://www.vgu.edu.vn/,Undergraduate,5 Credits / 1 Semester,Khoi A00/A01. Entrance exam.
Vietnam Germany University (VGU),Mechatronics Engineering,ME301 Control Systems,"Studies feedback control systems, PID controllers, stability analysis, and state-space methods.","PID controller tuning, stability analysis, Bode plot interpretation, state-space modelling, digital control design",https://www.vgu.edu.vn/,Undergraduate,5 Credits / 1 Semester,Khoi A00/A01. Entrance exam.
Vietnam Germany University (VGU),Mechatronics Engineering,ME302 Robotics,"Covers robot kinematics, dynamics, sensors, actuators, perception, and motion planning.","Kinematic chain modelling, sensor fusion, motion planning, ROS programming, robot simulation",https://www.vgu.edu.vn/,Undergraduate,5 Credits / 1 Semester,Khoi A00/A01. Entrance exam.
Vietnam Germany University (VGU),Mechatronics Engineering,ME303 Industrial Automation,"This module covers industrial automation, part of the Mechatronics Engineering programme at Vietnam Germany University (VGU). Students explore core theoretical and applied aspects, building competencies for professional practice.","Core industrial automation concepts, theoretical framework application, analytical problem-solving, academic research skills, practical industrial automation implementation",https://www.vgu.edu.vn/,Undergraduate,5 Credits / 1 Semester,Khoi A00/A01. Entrance exam.
Vietnam Germany University (VGU),Mechatronics Engineering,ME304 Manufacturing Technology,"This module covers manufacturing technology, part of the Mechatronics Engineering programme at Vietnam Germany University (VGU). Students explore core theoretical and applied aspects, building competencies for professional practice.","Core manufacturing technology concepts, theoretical framework application, analytical problem-solving, academic research skills, practical manufacturing technology implementation",https://www.vgu.edu.vn/,Undergraduate,5 Credits / 1 Semester,Khoi A00/A01. Entrance exam.
Vietnam Germany University (VGU),Mechatronics Engineering,ME401 Embedded Control Systems,"Covers microcontroller architecture, bare-metal and RTOS programming, hardware interfaces, and low-power design.","C programming for microcontrollers, interrupt handling, SPI/I2C interfaces, real-time task scheduling, power optimisation",https://www.vgu.edu.vn/,Undergraduate,5 Credits / 1 Semester,Khoi A00/A01. Entrance exam.
Vietnam Germany University (VGU),Mechatronics Engineering,ME402 Computer-Aided Manufacturing,"This module covers computer-aided manufacturing, part of the Mechatronics Engineering programme at Vietnam Germany University (VGU). Students explore core theoretical and applied aspects, building competencies for professional practice.","Core computer-aided manufacturing concepts, theoretical framework application, analytical problem-solving, academic research skills, practical computer-aided manufacturing implementation",https://www.vgu.edu.vn/,Undergraduate,5 Credits / 1 Semester,Khoi A00/A01. Entrance exam.
Vietnam Germany University (VGU),Mechatronics Engineering,ME403 Intelligent Systems,"This module covers intelligent systems, part of the Mechatronics Engineering programme at Vietnam Germany University (VGU). Students explore core theoretical and applied aspects, building competencies for professional practice.","Core intelligent systems concepts, theoretical framework application, analytical problem-solving, academic research skills, practical intelligent systems implementation",https://www.vgu.edu.vn/,Undergraduate,5 Credits / 1 Semester,Khoi A00/A01. Entrance exam.
Vietnam Germany University (VGU),Mechatronics Engineering,ME4901 Mechatronics Thesis,"This module covers mechatronics thesis, part of the Mechatronics Engineering programme at Vietnam Germany University (VGU). Students explore core theoretical and applied aspects, building competencies for professional practice.","Core mechatronics thesis concepts, theoretical framework application, analytical problem-solving, academic research skills, practical mechatronics thesis implementation",https://www.vgu.edu.vn/,Undergraduate,12 Credits / 1 Semester,Khoi A00/A01. Entrance exam.
British University Vietnam (BUV),Computer Science,CM1005 Introduction to Programming I,"This module covers introduction to programming i, part of the Computer Science programme at British University Vietnam (BUV). Students explore core theoretical and applied aspects, building competencies for professional practice.","Core introduction to programming i concepts, theoretical framework application, analytical problem-solving, academic research skills, practical introduction to programming i implementation",https://www.buv.edu.vn/undergraduate/bsc-hons-computer-science/,Undergraduate,20 Credits / 1 Semester,Khoi A00/A01. DGNL >= 750. IELTS 5.5+ for English-medium.
British University Vietnam (BUV),Computer Science,CM1010 Introduction to Programming II,"This module covers introduction to programming ii, part of the Computer Science programme at British University Vietnam (BUV). Students explore core theoretical and applied aspects, building competencies for professional practice.","Core introduction to programming ii concepts, theoretical framework application, analytical problem-solving, academic research skills, practical introduction to programming ii implementation",https://www.buv.edu.vn/undergraduate/bsc-hons-computer-science/,Undergraduate,20 Credits / 1 Semester,Khoi A00/A01. DGNL >= 750. IELTS 5.5+ for English-medium.
British University Vietnam (BUV),Computer Science,CM1015 Computational Mathematics,"This module covers computational mathematics, part of the Computer Science programme at British University Vietnam (BUV). Students explore core theoretical and applied aspects, building competencies for professional practice.","Core computational mathematics concepts, theoretical framework application, analytical problem-solving, academic research skills, practical computational mathematics implementation",https://www.buv.edu.vn/undergraduate/bsc-hons-computer-science/,Undergraduate,20 Credits / 1 Semester,Khoi A00/A01. DGNL >= 750. IELTS 5.5+ for English-medium.
British University Vietnam (BUV),Computer Science,CM1020 Discrete Mathematics,"Introduces logic, set theory, combinatorics, graph theory, and proof techniques essential for computer science.","Formal proof writing, graph theory application, combinatorial counting, Boolean logic, mathematical induction",https://www.buv.edu.vn/undergraduate/bsc-hons-computer-science/,Undergraduate,20 Credits / 1 Semester,Khoi A00/A01. DGNL >= 750. IELTS 5.5+ for English-medium.
British University Vietnam (BUV),Computer Science,CM1035 Algorithms and Data Structures I,"Covers fundamental data organisation techniques including arrays, linked lists, stacks, queues, trees, heaps, and hash tables. Students analyse time and space complexity and apply structures to solve real computational problems.","Array manipulation, linked list operations, binary tree traversal, hash table design, stack and queue implementation",https://www.buv.edu.vn/undergraduate/bsc-hons-computer-science/,Undergraduate,20 Credits / 1 Semester,Khoi A00/A01. DGNL >= 750. IELTS 5.5+ for English-medium.
British University Vietnam (BUV),Computer Science,CM1040 Web Development,"Covers full-stack web development including front-end frameworks, RESTful APIs, authentication, and database integration.","HTML/CSS/JavaScript, REST API design, React or Vue.js, backend frameworks, database integration",https://www.buv.edu.vn/undergraduate/bsc-hons-computer-science/,Undergraduate,20 Credits / 1 Semester,Khoi A00/A01. DGNL >= 750. IELTS 5.5+ for English-medium.
British University Vietnam (BUV),Computer Science,CM2005 Object Oriented Programming,"This module covers object oriented programming, part of the Computer Science programme at British University Vietnam (BUV). Students explore core theoretical and applied aspects, building competencies for professional practice.","Core object oriented programming concepts, theoretical framework application, analytical problem-solving, academic research skills, practical object oriented programming implementation",https://www.buv.edu.vn/undergraduate/bsc-hons-computer-science/,Undergraduate,20 Credits / 1 Semester,Khoi A00/A01. DGNL >= 750. IELTS 5.5+ for English-medium.
British University Vietnam (BUV),Computer Science,CM2010 Software Design and Development,"This module covers software design and development, part of the Computer Science programme at British University Vietnam (BUV). Students explore core theoretical and applied aspects, building competencies for professional practice.","Core software design and development concepts, theoretical framework application, analytical problem-solving, academic research skills, practical software design and development implementation",https://www.buv.edu.vn/undergraduate/bsc-hons-computer-science/,Undergraduate,20 Credits / 1 Semester,Khoi A00/A01. DGNL >= 750. IELTS 5.5+ for English-medium.
British University Vietnam (BUV),Computer Science,CM2020 Agile Software Projects,"This module covers agile software projects, part of the Computer Science programme at British University Vietnam (BUV). Students explore core theoretical and applied aspects, building competencies for professional practice.","Core agile software projects concepts, theoretical framework application, analytical problem-solving, academic research skills, practical agile software projects implementation",https://www.buv.edu.vn/undergraduate/bsc-hons-computer-science/,Undergraduate,20 Credits / 1 Semester,Khoi A00/A01. DGNL >= 750. IELTS 5.5+ for English-medium.
British University Vietnam (BUV),Computer Science,CM2025 Computer Security,"This module covers computer security, part of the Computer Science programme at British University Vietnam (BUV). Students explore core theoretical and applied aspects, building competencies for professional practice.","Core computer security concepts, theoretical framework application, analytical problem-solving, academic research skills, practical computer security implementation",https://www.buv.edu.vn/undergraduate/bsc-hons-computer-science/,Undergraduate,20 Credits / 1 Semester,Khoi A00/A01. DGNL >= 750. IELTS 5.5+ for English-medium.
British University Vietnam (BUV),Computer Science,CM2035 Algorithms and Data Structures II,"Covers fundamental data organisation techniques including arrays, linked lists, stacks, queues, trees, heaps, and hash tables. Students analyse time and space complexity and apply structures to solve real computational problems.","Array manipulation, linked list operations, binary tree traversal, hash table design, stack and queue implementation",https://www.buv.edu.vn/undergraduate/bsc-hons-computer-science/,Undergraduate,20 Credits / 1 Semester,Khoi A00/A01. DGNL >= 750. IELTS 5.5+ for English-medium.
British University Vietnam (BUV),Computer Science,CM3005 Data Science,"This module covers data science, part of the Computer Science programme at British University Vietnam (BUV). Students explore core theoretical and applied aspects, building competencies for professional practice.","Core data science concepts, theoretical framework application, analytical problem-solving, academic research skills, practical data science implementation",https://www.buv.edu.vn/undergraduate/bsc-hons-computer-science/,Undergraduate,20 Credits / 1 Semester,Khoi A00/A01. DGNL >= 750. IELTS 5.5+ for English-medium.
British University Vietnam (BUV),Computer Science,CM3010 Databases Networks and the Web,"Examines relational database design, SQL querying, normalisation theory, transaction management, and indexing strategies.","SQL query writing, ER diagram design, normalisation, transaction management, index optimisation",https://www.buv.edu.vn/undergraduate/bsc-hons-computer-science/,Undergraduate,20 Credits / 1 Semester,Khoi A00/A01. DGNL >= 750. IELTS 5.5+ for English-medium.
British University Vietnam (BUV),Computer Science,CM3015 Machine Learning and Neural Networks,"Covers supervised learning, unsupervised learning, model evaluation, regularisation, and neural network fundamentals for predictive modelling.","Supervised model training, cross-validation, feature engineering, clustering algorithms, neural network design",https://www.buv.edu.vn/undergraduate/bsc-hons-computer-science/,Undergraduate,20 Credits / 1 Semester,Khoi A00/A01. DGNL >= 750. IELTS 5.5+ for English-medium.
British University Vietnam (BUV),Computer Science,CM3020 Artificial Intelligence,"Explores search algorithms, knowledge representation, planning, and reasoning under uncertainty.","Heuristic search, Bayesian reasoning, propositional logic, constraint satisfaction, decision tree construction",https://www.buv.edu.vn/undergraduate/bsc-hons-computer-science/,Undergraduate,20 Credits / 1 Semester,Khoi A00/A01. DGNL >= 750. IELTS 5.5+ for English-medium.
British University Vietnam (BUV),Computer Science,CM3035 Advanced Web Development,"Covers full-stack web development including front-end frameworks, RESTful APIs, authentication, and database integration.","HTML/CSS/JavaScript, REST API design, React or Vue.js, backend frameworks, database integration",https://www.buv.edu.vn/undergraduate/bsc-hons-computer-science/,Undergraduate,20 Credits / 1 Semester,Khoi A00/A01. DGNL >= 750. IELTS 5.5+ for English-medium.
British University Vietnam (BUV),Computer Science,CM3040 Physical Computing and IoT,"This module covers physical computing and iot, part of the Computer Science programme at British University Vietnam (BUV). Students explore core theoretical and applied aspects, building competencies for professional practice.","Core physical computing and iot concepts, theoretical framework application, analytical problem-solving, academic research skills, practical physical computing and iot implementation",https://www.buv.edu.vn/undergraduate/bsc-hons-computer-science/,Undergraduate,20 Credits / 1 Semester,Khoi A00/A01. DGNL >= 750. IELTS 5.5+ for English-medium.
British University Vietnam (BUV),Computer Science,CM3050 Mobile Development,"Covers Android and iOS app development including UI design, data persistence, API consumption, and app store deployment.","Android/iOS UI design, REST API consumption, local storage, push notifications, app publishing",https://www.buv.edu.vn/undergraduate/bsc-hons-computer-science/,Undergraduate,20 Credits / 1 Semester,Khoi A00/A01. DGNL >= 750. IELTS 5.5+ for English-medium.
British University Vietnam (BUV),Computer Science,CM3060 Natural Language Processing,"Covers tokenisation, language models, sentiment analysis, NER, and transformer-based models such as BERT.","Text preprocessing, language model evaluation, sentiment classification, NER extraction, BERT fine-tuning",https://www.buv.edu.vn/undergraduate/bsc-hons-computer-science/,Undergraduate,20 Credits / 1 Semester,Khoi A00/A01. DGNL >= 750. IELTS 5.5+ for English-medium.
British University Vietnam (BUV),Computer Science,CM3070 Final Project,"This module covers final project, part of the Computer Science programme at British University Vietnam (BUV). Students explore core theoretical and applied aspects, building competencies for professional practice.","Core final project concepts, theoretical framework application, analytical problem-solving, academic research skills, practical final project implementation",https://www.buv.edu.vn/undergraduate/bsc-hons-computer-science/,Undergraduate,30 Credits / 1 Semester,Khoi A00/A01. DGNL >= 750. IELTS 5.5+ for English-medium.
British University Vietnam (BUV),Data Science and Business Analytics,BM1001 Business and Management 1,"Covers planning, organising, leading, and controlling including strategy, change management, and organisational behaviour.","Strategic planning, team leadership, change management, performance measurement, stakeholder analysis",https://www.buv.edu.vn/undergraduate/bsc-hons-data-science-artificial-intelligence/,Undergraduate,20 Credits / 1 Semester,Khoi A00/A01/D07. Strong Mathematics. IELTS 5.5+.
British University Vietnam (BUV),Data Science and Business Analytics,CM2015 Programming with Data,"This module covers programming with data, part of the Data Science and Business Analytics programme at British University Vietnam (BUV). Students explore core theoretical and applied aspects, building competencies for professional practice.","Core programming with data concepts, theoretical framework application, analytical problem-solving, academic research skills, practical programming with data implementation",https://www.buv.edu.vn/undergraduate/bsc-hons-data-science-artificial-intelligence/,Undergraduate,20 Credits / 1 Semester,Khoi A00/A01/D07. Strong Mathematics. IELTS 5.5+.
British University Vietnam (BUV),Data Science and Business Analytics,BM2001 Business Analytics,"This module covers business analytics, part of the Data Science and Business Analytics programme at British University Vietnam (BUV). Students explore core theoretical and applied aspects, building competencies for professional practice.","Core business analytics concepts, theoretical framework application, analytical problem-solving, academic research skills, practical business analytics implementation",https://www.buv.edu.vn/undergraduate/bsc-hons-data-science-artificial-intelligence/,Undergraduate,20 Credits / 1 Semester,Khoi A00/A01/D07. Strong Mathematics. IELTS 5.5+.
British University Vietnam (BUV),Data Science and Business Analytics,BM2002 Statistical Methods,"This module covers statistical methods, part of the Data Science and Business Analytics programme at British University Vietnam (BUV). Students explore core theoretical and applied aspects, building competencies for professional practice.","Core statistical methods concepts, theoretical framework application, analytical problem-solving, academic research skills, practical statistical methods implementation",https://www.buv.edu.vn/undergraduate/bsc-hons-data-science-artificial-intelligence/,Undergraduate,20 Credits / 1 Semester,Khoi A00/A01/D07. Strong Mathematics. IELTS 5.5+.
British University Vietnam (BUV),Data Science and Business Analytics,BM3001 Big Data Technologies,"Covers Hadoop, Apache Spark, real-time stream processing, and NoSQL storage for large-scale data pipelines.","Spark DataFrame programming, HDFS management, Kafka streaming, NoSQL querying, ETL pipeline design",https://www.buv.edu.vn/undergraduate/bsc-hons-data-science-artificial-intelligence/,Undergraduate,20 Credits / 1 Semester,Khoi A00/A01/D07. Strong Mathematics. IELTS 5.5+.
British University Vietnam (BUV),Data Science and Business Analytics,BM3002 Visualisation and Storytelling,"This module covers visualisation and storytelling, part of the Data Science and Business Analytics programme at British University Vietnam (BUV). Students explore core theoretical and applied aspects, building competencies for professional practice.","Core visualisation and storytelling concepts, theoretical framework application, analytical problem-solving, academic research skills, practical visualisation and storytelling implementation",https://www.buv.edu.vn/undergraduate/bsc-hons-data-science-artificial-intelligence/,Undergraduate,20 Credits / 1 Semester,Khoi A00/A01/D07. Strong Mathematics. IELTS 5.5+.
British University Vietnam (BUV),Data Science and Business Analytics,BM4001 Final Project: Data Science,"This module covers final project: data science, part of the Data Science and Business Analytics programme at British University Vietnam (BUV). Students explore core theoretical and applied aspects, building competencies for professional practice.","Core final project: data science concepts, theoretical framework application, analytical problem-solving, academic research skills, practical final project: data science implementation",https://www.buv.edu.vn/undergraduate/bsc-hons-data-science-artificial-intelligence/,Undergraduate,30 Credits / 1 Semester,Khoi A00/A01/D07. Strong Mathematics. IELTS 5.5+.
British University Vietnam (BUV),Business and Management,BM1002 Economics,Analyses individual and firm behaviour and national economic systems with policy implications.,"Supply-demand analysis, elasticity calculation, game theory, GDP interpretation, fiscal policy assessment",https://www.buv.edu.vn/undergraduate/ba-hons-business-management/,Undergraduate,20 Credits / 1 Semester,THPT graduation. University entrance exam. IELTS 5.5+ for English-taught programmes.
British University Vietnam (BUV),Business and Management,BM1003 Accounting and Finance,"Introduces financial and managerial accounting including double-entry bookkeeping, financial statement preparation, and cost accounting.","Double-entry bookkeeping, balance sheet preparation, income statement analysis, CVP analysis, ratio interpretation",https://www.buv.edu.vn/undergraduate/ba-hons-business-management/,Undergraduate,20 Credits / 1 Semester,THPT graduation. University entrance exam. IELTS 5.5+ for English-taught programmes.
British University Vietnam (BUV),Business and Management,BM1004 Marketing,"Explores market segmentation, consumer behaviour, product development, pricing strategy, and digital marketing channels.","Market segmentation, consumer analysis, brand positioning, marketing mix optimisation, digital strategy",https://www.buv.edu.vn/undergraduate/ba-hons-business-management/,Undergraduate,20 Credits / 1 Semester,THPT graduation. University entrance exam. IELTS 5.5+ for English-taught programmes.
British University Vietnam (BUV),Business and Management,BM2001 Organisational Behaviour,"This module covers organisational behaviour, part of the Business and Management programme at British University Vietnam (BUV). Students explore core theoretical and applied aspects, building competencies for professional practice.","Core organisational behaviour concepts, theoretical framework application, analytical problem-solving, academic research skills, practical organisational behaviour implementation",https://www.buv.edu.vn/undergraduate/ba-hons-business-management/,Undergraduate,20 Credits / 1 Semester,THPT graduation. University entrance exam. IELTS 5.5+ for English-taught programmes.
British University Vietnam (BUV),Business and Management,BM2002 Strategic Management,"Covers planning, organising, leading, and controlling including strategy, change management, and organisational behaviour.","Strategic planning, team leadership, change management, performance measurement, stakeholder analysis",https://www.buv.edu.vn/undergraduate/ba-hons-business-management/,Undergraduate,20 Credits / 1 Semester,THPT graduation. University entrance exam. IELTS 5.5+ for English-taught programmes.
British University Vietnam (BUV),Business and Management,BM2003 Operations Management,"Covers planning, organising, leading, and controlling including strategy, change management, and organisational behaviour.","Strategic planning, team leadership, change management, performance measurement, stakeholder analysis",https://www.buv.edu.vn/undergraduate/ba-hons-business-management/,Undergraduate,20 Credits / 1 Semester,THPT graduation. University entrance exam. IELTS 5.5+ for English-taught programmes.
British University Vietnam (BUV),Business and Management,BM2004 Human Resource Management,"Covers recruitment, performance management, training, compensation, and employment law.","Recruitment design, performance appraisal, training needs analysis, compensation benchmarking, HR policy formulation",https://www.buv.edu.vn/undergraduate/ba-hons-business-management/,Undergraduate,20 Credits / 1 Semester,THPT graduation. University entrance exam. IELTS 5.5+ for English-taught programmes.
British University Vietnam (BUV),Business and Management,BM3001 Corporate Finance,"This module covers corporate finance, part of the Business and Management programme at British University Vietnam (BUV). Students explore core theoretical and applied aspects, building competencies for professional practice.","Core corporate finance concepts, theoretical framework application, analytical problem-solving, academic research skills, practical corporate finance implementation",https://www.buv.edu.vn/undergraduate/ba-hons-business-management/,Undergraduate,20 Credits / 1 Semester,THPT graduation. University entrance exam. IELTS 5.5+ for English-taught programmes.
British University Vietnam (BUV),Business and Management,BM3002 Entrepreneurship,Guides students from opportunity recognition through business model development and lean startup methodology.,"Business model canvas, lean startup, market validation, investor pitch, financial forecasting",https://www.buv.edu.vn/undergraduate/ba-hons-business-management/,Undergraduate,20 Credits / 1 Semester,THPT graduation. University entrance exam. IELTS 5.5+ for English-taught programmes.
British University Vietnam (BUV),Business and Management,BM3003 International Business,"This module covers international business, part of the Business and Management programme at British University Vietnam (BUV). Students explore core theoretical and applied aspects, building competencies for professional practice.","Core international business concepts, theoretical framework application, analytical problem-solving, academic research skills, practical international business implementation",https://www.buv.edu.vn/undergraduate/ba-hons-business-management/,Undergraduate,20 Credits / 1 Semester,THPT graduation. University entrance exam. IELTS 5.5+ for English-taught programmes.
British University Vietnam (BUV),Business and Management,BM3004 Business Law,"Introduces legal principles, contract formation, tort liability, and legal reasoning through case analysis.","Legal case analysis, contract elements, tort assessment, statutory interpretation, legal research",https://www.buv.edu.vn/undergraduate/ba-hons-business-management/,Undergraduate,20 Credits / 1 Semester,THPT graduation. University entrance exam. IELTS 5.5+ for English-taught programmes.
British University Vietnam (BUV),Business and Management,BM3005 Digital Business,"This module covers digital business, part of the Business and Management programme at British University Vietnam (BUV). Students explore core theoretical and applied aspects, building competencies for professional practice.","Core digital business concepts, theoretical framework application, analytical problem-solving, academic research skills, practical digital business implementation",https://www.buv.edu.vn/undergraduate/ba-hons-business-management/,Undergraduate,20 Credits / 1 Semester,THPT graduation. University entrance exam. IELTS 5.5+ for English-taught programmes.
British University Vietnam (BUV),Business and Management,BM4001 Business Dissertation,"This module covers business dissertation, part of the Business and Management programme at British University Vietnam (BUV). Students explore core theoretical and applied aspects, building competencies for professional practice.","Core business dissertation concepts, theoretical framework application, analytical problem-solving, academic research skills, practical business dissertation implementation",https://www.buv.edu.vn/undergraduate/ba-hons-business-management/,Undergraduate,30 Credits / 1 Semester,THPT graduation. University entrance exam. IELTS 5.5+ for English-taught programmes.
British University Vietnam (BUV),Accounting and Finance,AF1001 Financial Accounting 1,"Introduces financial and managerial accounting including double-entry bookkeeping, financial statement preparation, and cost accounting.","Double-entry bookkeeping, balance sheet preparation, income statement analysis, CVP analysis, ratio interpretation",https://www.buv.edu.vn/undergraduate/bsc-hons-accounting-and-finance/,Undergraduate,20 Credits / 1 Semester,Khoi A00/A01/D01. IELTS 5.5+.
British University Vietnam (BUV),Accounting and Finance,AF1002 Business Economics,Analyses individual and firm behaviour and national economic systems with policy implications.,"Supply-demand analysis, elasticity calculation, game theory, GDP interpretation, fiscal policy assessment",https://www.buv.edu.vn/undergraduate/bsc-hons-accounting-and-finance/,Undergraduate,20 Credits / 1 Semester,Khoi A00/A01/D01. IELTS 5.5+.
British University Vietnam (BUV),Accounting and Finance,AF1003 Quantitative Methods,"This module covers quantitative methods, part of the Accounting and Finance programme at British University Vietnam (BUV). Students explore core theoretical and applied aspects, building competencies for professional practice.","Core quantitative methods concepts, theoretical framework application, analytical problem-solving, academic research skills, practical quantitative methods implementation",https://www.buv.edu.vn/undergraduate/bsc-hons-accounting-and-finance/,Undergraduate,20 Credits / 1 Semester,Khoi A00/A01/D01. IELTS 5.5+.
British University Vietnam (BUV),Accounting and Finance,AF2001 Financial Accounting 2,"Introduces financial and managerial accounting including double-entry bookkeeping, financial statement preparation, and cost accounting.","Double-entry bookkeeping, balance sheet preparation, income statement analysis, CVP analysis, ratio interpretation",https://www.buv.edu.vn/undergraduate/bsc-hons-accounting-and-finance/,Undergraduate,20 Credits / 1 Semester,Khoi A00/A01/D01. IELTS 5.5+.
British University Vietnam (BUV),Accounting and Finance,AF2002 Management Accounting,"Introduces financial and managerial accounting including double-entry bookkeeping, financial statement preparation, and cost accounting.","Double-entry bookkeeping, balance sheet preparation, income statement analysis, CVP analysis, ratio interpretation",https://www.buv.edu.vn/undergraduate/bsc-hons-accounting-and-finance/,Undergraduate,20 Credits / 1 Semester,Khoi A00/A01/D01. IELTS 5.5+.
British University Vietnam (BUV),Accounting and Finance,AF2003 Corporate Finance,"This module covers corporate finance, part of the Accounting and Finance programme at British University Vietnam (BUV). Students explore core theoretical and applied aspects, building competencies for professional practice.","Core corporate finance concepts, theoretical framework application, analytical problem-solving, academic research skills, practical corporate finance implementation",https://www.buv.edu.vn/undergraduate/bsc-hons-accounting-and-finance/,Undergraduate,20 Credits / 1 Semester,Khoi A00/A01/D01. IELTS 5.5+.
British University Vietnam (BUV),Accounting and Finance,AF2004 Taxation,"This module covers taxation, part of the Accounting and Finance programme at British University Vietnam (BUV). Students explore core theoretical and applied aspects, building competencies for professional practice.","Core taxation concepts, theoretical framework application, analytical problem-solving, academic research skills, practical taxation implementation",https://www.buv.edu.vn/undergraduate/bsc-hons-accounting-and-finance/,Undergraduate,20 Credits / 1 Semester,Khoi A00/A01/D01. IELTS 5.5+.
British University Vietnam (BUV),Accounting and Finance,AF3001 Auditing and Assurance,"This module covers auditing and assurance, part of the Accounting and Finance programme at British University Vietnam (BUV). Students explore core theoretical and applied aspects, building competencies for professional practice.","Core auditing and assurance concepts, theoretical framework application, analytical problem-solving, academic research skills, practical auditing and assurance implementation",https://www.buv.edu.vn/undergraduate/bsc-hons-accounting-and-finance/,Undergraduate,20 Credits / 1 Semester,Khoi A00/A01/D01. IELTS 5.5+.
British University Vietnam (BUV),Accounting and Finance,AF3002 Advanced Financial Reporting,"Examines time value of money, capital budgeting, risk and return, portfolio theory, and corporate financing decisions.","DCF valuation, portfolio analysis, CAPM application, capital structure decisions, financial modelling",https://www.buv.edu.vn/undergraduate/bsc-hons-accounting-and-finance/,Undergraduate,20 Credits / 1 Semester,Khoi A00/A01/D01. IELTS 5.5+.
British University Vietnam (BUV),Accounting and Finance,AF3003 Financial Risk Management,"Covers planning, organising, leading, and controlling including strategy, change management, and organisational behaviour.","Strategic planning, team leadership, change management, performance measurement, stakeholder analysis",https://www.buv.edu.vn/undergraduate/bsc-hons-accounting-and-finance/,Undergraduate,20 Credits / 1 Semester,Khoi A00/A01/D01. IELTS 5.5+.
British University Vietnam (BUV),Accounting and Finance,AF3004 Investment Analysis,"Examines equities, bonds, derivatives, portfolio construction, and performance evaluation.","Security valuation, portfolio construction, derivative pricing, performance attribution, factor model application",https://www.buv.edu.vn/undergraduate/bsc-hons-accounting-and-finance/,Undergraduate,20 Credits / 1 Semester,Khoi A00/A01/D01. IELTS 5.5+.
British University Vietnam (BUV),Accounting and Finance,AF3005 IFRS Standards,"This module covers ifrs standards, part of the Accounting and Finance programme at British University Vietnam (BUV). Students explore core theoretical and applied aspects, building competencies for professional practice.","Core ifrs standards concepts, theoretical framework application, analytical problem-solving, academic research skills, practical ifrs standards implementation",https://www.buv.edu.vn/undergraduate/bsc-hons-accounting-and-finance/,Undergraduate,20 Credits / 1 Semester,Khoi A00/A01/D01. IELTS 5.5+.
British University Vietnam (BUV),Accounting and Finance,AF4001 Accounting Dissertation,"Introduces financial and managerial accounting including double-entry bookkeeping, financial statement preparation, and cost accounting.","Double-entry bookkeeping, balance sheet preparation, income statement analysis, CVP analysis, ratio interpretation",https://www.buv.edu.vn/undergraduate/bsc-hons-accounting-and-finance/,Undergraduate,30 Credits / 1 Semester,Khoi A00/A01/D01. IELTS 5.5+.
British University Vietnam (BUV),Tourism Management,TM1001 Introduction to Tourism,"Examines global tourism industry, destination management, tourist behaviour, sustainability, and tourism policy.","Destination analysis, tourist behaviour, sustainability planning, tourism impact assessment, policy evaluation",https://www.buv.edu.vn/undergraduate/ba-hons-tourism-and-hospitality-management/,Undergraduate,20 Credits / 1 Semester,Khoi D01/A01. IELTS 5.0+.
British University Vietnam (BUV),Tourism Management,TM1002 Hospitality Operations,"Covers hospitality operations including front-of-house, F and B, revenue management, and customer service.","Hospitality operations, revenue management, F and B management, customer service standards, quality control",https://www.buv.edu.vn/undergraduate/ba-hons-tourism-and-hospitality-management/,Undergraduate,20 Credits / 1 Semester,Khoi D01/A01. IELTS 5.0+.
British University Vietnam (BUV),Tourism Management,TM1003 Tourism Geography,"Examines global tourism industry, destination management, tourist behaviour, sustainability, and tourism policy.","Destination analysis, tourist behaviour, sustainability planning, tourism impact assessment, policy evaluation",https://www.buv.edu.vn/undergraduate/ba-hons-tourism-and-hospitality-management/,Undergraduate,20 Credits / 1 Semester,Khoi D01/A01. IELTS 5.0+.
British University Vietnam (BUV),Tourism Management,TM2001 Tourist Behaviour,"This module covers tourist behaviour, part of the Tourism Management programme at British University Vietnam (BUV). Students explore core theoretical and applied aspects, building competencies for professional practice.","Core tourist behaviour concepts, theoretical framework application, analytical problem-solving, academic research skills, practical tourist behaviour implementation",https://www.buv.edu.vn/undergraduate/ba-hons-tourism-and-hospitality-management/,Undergraduate,20 Credits / 1 Semester,Khoi D01/A01. IELTS 5.0+.
British University Vietnam (BUV),Tourism Management,TM2002 Destination Management,"Covers planning, organising, leading, and controlling including strategy, change management, and organisational behaviour.","Strategic planning, team leadership, change management, performance measurement, stakeholder analysis",https://www.buv.edu.vn/undergraduate/ba-hons-tourism-and-hospitality-management/,Undergraduate,20 Credits / 1 Semester,Khoi D01/A01. IELTS 5.0+.
British University Vietnam (BUV),Tourism Management,TM2003 Tourism Marketing,"Explores market segmentation, consumer behaviour, product development, pricing strategy, and digital marketing channels.","Market segmentation, consumer analysis, brand positioning, marketing mix optimisation, digital strategy",https://www.buv.edu.vn/undergraduate/ba-hons-tourism-and-hospitality-management/,Undergraduate,20 Credits / 1 Semester,Khoi D01/A01. IELTS 5.0+.
British University Vietnam (BUV),Tourism Management,TM2004 Hospitality Finance,"Covers hospitality operations including front-of-house, F and B, revenue management, and customer service.","Hospitality operations, revenue management, F and B management, customer service standards, quality control",https://www.buv.edu.vn/undergraduate/ba-hons-tourism-and-hospitality-management/,Undergraduate,20 Credits / 1 Semester,Khoi D01/A01. IELTS 5.0+.
British University Vietnam (BUV),Tourism Management,TM3001 Sustainable Tourism,"Examines global tourism industry, destination management, tourist behaviour, sustainability, and tourism policy.","Destination analysis, tourist behaviour, sustainability planning, tourism impact assessment, policy evaluation",https://www.buv.edu.vn/undergraduate/ba-hons-tourism-and-hospitality-management/,Undergraduate,20 Credits / 1 Semester,Khoi D01/A01. IELTS 5.0+.
British University Vietnam (BUV),Tourism Management,TM3002 Events Management,"Covers planning, organising, leading, and controlling including strategy, change management, and organisational behaviour.","Strategic planning, team leadership, change management, performance measurement, stakeholder analysis",https://www.buv.edu.vn/undergraduate/ba-hons-tourism-and-hospitality-management/,Undergraduate,20 Credits / 1 Semester,Khoi D01/A01. IELTS 5.0+.
British University Vietnam (BUV),Tourism Management,TM3003 Heritage and Cultural Tourism,"Examines global tourism industry, destination management, tourist behaviour, sustainability, and tourism policy.","Destination analysis, tourist behaviour, sustainability planning, tourism impact assessment, policy evaluation",https://www.buv.edu.vn/undergraduate/ba-hons-tourism-and-hospitality-management/,Undergraduate,20 Credits / 1 Semester,Khoi D01/A01. IELTS 5.0+.
British University Vietnam (BUV),Tourism Management,TM3004 Revenue Management,"Covers planning, organising, leading, and controlling including strategy, change management, and organisational behaviour.","Strategic planning, team leadership, change management, performance measurement, stakeholder analysis",https://www.buv.edu.vn/undergraduate/ba-hons-tourism-and-hospitality-management/,Undergraduate,20 Credits / 1 Semester,Khoi D01/A01. IELTS 5.0+.
British University Vietnam (BUV),Tourism Management,TM3005 Tourism Policy and Planning,"Examines global tourism industry, destination management, tourist behaviour, sustainability, and tourism policy.","Destination analysis, tourist behaviour, sustainability planning, tourism impact assessment, policy evaluation",https://www.buv.edu.vn/undergraduate/ba-hons-tourism-and-hospitality-management/,Undergraduate,20 Credits / 1 Semester,Khoi D01/A01. IELTS 5.0+.
British University Vietnam (BUV),Tourism Management,TM4001 Tourism Dissertation,"Examines global tourism industry, destination management, tourist behaviour, sustainability, and tourism policy.","Destination analysis, tourist behaviour, sustainability planning, tourism impact assessment, policy evaluation",https://www.buv.edu.vn/undergraduate/ba-hons-tourism-and-hospitality-management/,Undergraduate,30 Credits / 1 Semester,Khoi D01/A01. IELTS 5.0+.
HCMC University of Technology and Education (HUTE),Information Technology,CNTT101 Programming Techniques,"This module covers programming techniques, part of the Information Technology programme at HCMC University of Technology and Education (HUTE). Students explore core theoretical and applied aspects, building competencies for professional practice.","Core programming techniques concepts, theoretical framework application, analytical problem-solving, academic research skills, practical programming techniques implementation",https://hcmute.edu.vn/,Undergraduate,3 Credits / 1 Semester,Khoi A00/A01. IELTS 5.5+.
HCMC University of Technology and Education (HUTE),Information Technology,CNTT102 C++ Programming,"This module covers c++ programming, part of the Information Technology programme at HCMC University of Technology and Education (HUTE). Students explore core theoretical and applied aspects, building competencies for professional practice.","Core c++ programming concepts, theoretical framework application, analytical problem-solving, academic research skills, practical c++ programming implementation",https://hcmute.edu.vn/,Undergraduate,3 Credits / 1 Semester,Khoi A00/A01. IELTS 5.5+.
HCMC University of Technology and Education (HUTE),Information Technology,CNTT201 Data Structures and Algorithms,"Covers fundamental data organisation techniques including arrays, linked lists, stacks, queues, trees, heaps, and hash tables. Students analyse time and space complexity and apply structures to solve real computational problems.","Array manipulation, linked list operations, binary tree traversal, hash table design, stack and queue implementation",https://hcmute.edu.vn/,Undergraduate,3 Credits / 1 Semester,Khoi A00/A01. IELTS 5.5+.
HCMC University of Technology and Education (HUTE),Information Technology,CNTT202 Discrete Mathematics,"Introduces logic, set theory, combinatorics, graph theory, and proof techniques essential for computer science.","Formal proof writing, graph theory application, combinatorial counting, Boolean logic, mathematical induction",https://hcmute.edu.vn/,Undergraduate,3 Credits / 1 Semester,Khoi A00/A01. IELTS 5.5+.
HCMC University of Technology and Education (HUTE),Information Technology,CNTT301 Operating Systems,"Analyses process scheduling, memory management, file systems, and I/O handling with practical implementation labs.","Process scheduling, memory allocation, file system design, deadlock detection, system call programming",https://hcmute.edu.vn/,Undergraduate,3 Credits / 1 Semester,Khoi A00/A01. IELTS 5.5+.
HCMC University of Technology and Education (HUTE),Information Technology,CNTT302 Computer Architecture,"This module covers computer architecture, part of the Information Technology programme at HCMC University of Technology and Education (HUTE). Students explore core theoretical and applied aspects, building competencies for professional practice.","Core computer architecture concepts, theoretical framework application, analytical problem-solving, academic research skills, practical computer architecture implementation",https://hcmute.edu.vn/,Undergraduate,3 Credits / 1 Semester,Khoi A00/A01. IELTS 5.5+.
HCMC University of Technology and Education (HUTE),Information Technology,CNTT401 Computer Networks,"Studies OSI and TCP/IP network architectures, routing, switching, HTTP, DNS, and network security protocols.","TCP/IP configuration, routing protocol analysis, socket programming, network security evaluation, Wireshark analysis",https://hcmute.edu.vn/,Undergraduate,3 Credits / 1 Semester,Khoi A00/A01. IELTS 5.5+.
HCMC University of Technology and Education (HUTE),Information Technology,CNTT402 Network Security,"This module covers network security, part of the Information Technology programme at HCMC University of Technology and Education (HUTE). Students explore core theoretical and applied aspects, building competencies for professional practice.","Core network security concepts, theoretical framework application, analytical problem-solving, academic research skills, practical network security implementation",https://hcmute.edu.vn/,Undergraduate,3 Credits / 1 Semester,Khoi A00/A01. IELTS 5.5+.
HCMC University of Technology and Education (HUTE),Information Technology,CNTT501 Database Systems,"Examines relational database design, SQL querying, normalisation theory, transaction management, and indexing strategies.","SQL query writing, ER diagram design, normalisation, transaction management, index optimisation",https://hcmute.edu.vn/,Undergraduate,3 Credits / 1 Semester,Khoi A00/A01. IELTS 5.5+.
HCMC University of Technology and Education (HUTE),Information Technology,CNTT502 Advanced Database Management,"Covers planning, organising, leading, and controlling including strategy, change management, and organisational behaviour.","Strategic planning, team leadership, change management, performance measurement, stakeholder analysis",https://hcmute.edu.vn/,Undergraduate,3 Credits / 1 Semester,Khoi A00/A01. IELTS 5.5+.
HCMC University of Technology and Education (HUTE),Information Technology,CNTT601 Software Engineering,"Covers the full SDLC from requirements through design, implementation, testing, and maintenance, emphasising agile methods.","Requirements documentation, UML modelling, agile sprint planning, integration testing, Git version control",https://hcmute.edu.vn/,Undergraduate,3 Credits / 1 Semester,Khoi A00/A01. IELTS 5.5+.
HCMC University of Technology and Education (HUTE),Information Technology,CNTT602 Software Testing,"This module covers software testing, part of the Information Technology programme at HCMC University of Technology and Education (HUTE). Students explore core theoretical and applied aspects, building competencies for professional practice.","Core software testing concepts, theoretical framework application, analytical problem-solving, academic research skills, practical software testing implementation",https://hcmute.edu.vn/,Undergraduate,3 Credits / 1 Semester,Khoi A00/A01. IELTS 5.5+.
HCMC University of Technology and Education (HUTE),Information Technology,CNTT701 Artificial Intelligence,"Explores search algorithms, knowledge representation, planning, and reasoning under uncertainty.","Heuristic search, Bayesian reasoning, propositional logic, constraint satisfaction, decision tree construction",https://hcmute.edu.vn/,Undergraduate,3 Credits / 1 Semester,Khoi A00/A01. IELTS 5.5+.
HCMC University of Technology and Education (HUTE),Information Technology,CNTT702 Machine Learning,"Covers supervised learning, unsupervised learning, model evaluation, regularisation, and neural network fundamentals for predictive modelling.","Supervised model training, cross-validation, feature engineering, clustering algorithms, neural network design",https://hcmute.edu.vn/,Undergraduate,3 Credits / 1 Semester,Khoi A00/A01. IELTS 5.5+.
HCMC University of Technology and Education (HUTE),Information Technology,CNTT801 Web Application Development,"Covers full-stack web development including front-end frameworks, RESTful APIs, authentication, and database integration.","HTML/CSS/JavaScript, REST API design, React or Vue.js, backend frameworks, database integration",https://hcmute.edu.vn/,Undergraduate,3 Credits / 1 Semester,Khoi A00/A01. IELTS 5.5+.
HCMC University of Technology and Education (HUTE),Information Technology,CNTT802 Mobile App Development,"Covers Android and iOS app development including UI design, data persistence, API consumption, and app store deployment.","Android/iOS UI design, REST API consumption, local storage, push notifications, app publishing",https://hcmute.edu.vn/,Undergraduate,3 Credits / 1 Semester,Khoi A00/A01. IELTS 5.5+.
HCMC University of Technology and Education (HUTE),Information Technology,CNTT901 Cloud Computing,"Examines IaaS/PaaS/SaaS models with AWS/Azure/GCP hands-on, containerisation, and serverless computing.","Cloud provisioning, Docker containerisation, Kubernetes orchestration, serverless functions, cost optimisation",https://hcmute.edu.vn/,Undergraduate,3 Credits / 1 Semester,Khoi A00/A01. IELTS 5.5+.
HCMC University of Technology and Education (HUTE),Information Technology,CNTT902 IT Capstone Project,"This module covers it capstone project, part of the Information Technology programme at HCMC University of Technology and Education (HUTE). Students explore core theoretical and applied aspects, building competencies for professional practice.","Core it capstone project concepts, theoretical framework application, analytical problem-solving, academic research skills, practical it capstone project implementation",https://hcmute.edu.vn/,Undergraduate,9 Credits / 1 Semester,Khoi A00/A01. IELTS 5.5+.
HCMC University of Technology and Education (HUTE),Electrical Engineering,DIEN001 Circuit Theory 1,"Studies electrical circuit analysis using KVL/KCL, Thevenin/Norton theorems, AC phasors, and transient analysis.","KVL/KCL application, Thevenin equivalent circuit, AC phasor analysis, transient response, circuit simulation",https://hcmute.edu.vn/,Undergraduate,3 Credits / 1 Semester,Khoi A00/A01. Strong Physics.
HCMC University of Technology and Education (HUTE),Electrical Engineering,DIEN002 Circuit Theory 2,"Studies electrical circuit analysis using KVL/KCL, Thevenin/Norton theorems, AC phasors, and transient analysis.","KVL/KCL application, Thevenin equivalent circuit, AC phasor analysis, transient response, circuit simulation",https://hcmute.edu.vn/,Undergraduate,3 Credits / 1 Semester,Khoi A00/A01. Strong Physics.
HCMC University of Technology and Education (HUTE),Electrical Engineering,DIEN101 Electronics 1,"Covers semiconductor physics, diode and transistor circuits, op-amps, and digital logic design.","Diode circuit analysis, transistor biasing, op-amp circuit design, digital logic implementation, circuit simulation",https://hcmute.edu.vn/,Undergraduate,3 Credits / 1 Semester,Khoi A00/A01. Strong Physics.
HCMC University of Technology and Education (HUTE),Electrical Engineering,DIEN102 Electronics 2,"Covers semiconductor physics, diode and transistor circuits, op-amps, and digital logic design.","Diode circuit analysis, transistor biasing, op-amp circuit design, digital logic implementation, circuit simulation",https://hcmute.edu.vn/,Undergraduate,3 Credits / 1 Semester,Khoi A00/A01. Strong Physics.
HCMC University of Technology and Education (HUTE),Electrical Engineering,DIEN201 Signals and Systems,"This module covers signals and systems, part of the Electrical Engineering programme at HCMC University of Technology and Education (HUTE). Students explore core theoretical and applied aspects, building competencies for professional practice.","Core signals and systems concepts, theoretical framework application, analytical problem-solving, academic research skills, practical signals and systems implementation",https://hcmute.edu.vn/,Undergraduate,3 Credits / 1 Semester,Khoi A00/A01. Strong Physics.
HCMC University of Technology and Education (HUTE),Electrical Engineering,DIEN202 Control Systems,"Studies feedback control systems, PID controllers, stability analysis, and state-space methods.","PID controller tuning, stability analysis, Bode plot interpretation, state-space modelling, digital control design",https://hcmute.edu.vn/,Undergraduate,3 Credits / 1 Semester,Khoi A00/A01. Strong Physics.
HCMC University of Technology and Education (HUTE),Electrical Engineering,DIEN301 Power Systems,"Covers power generation, transmission, distribution, and protection systems.","Power flow analysis, fault calculation, protection coordination, transformer design, grid stability",https://hcmute.edu.vn/,Undergraduate,3 Credits / 1 Semester,Khoi A00/A01. Strong Physics.
HCMC University of Technology and Education (HUTE),Electrical Engineering,DIEN302 Power Electronics,"Covers semiconductor physics, diode and transistor circuits, op-amps, and digital logic design.","Diode circuit analysis, transistor biasing, op-amp circuit design, digital logic implementation, circuit simulation",https://hcmute.edu.vn/,Undergraduate,3 Credits / 1 Semester,Khoi A00/A01. Strong Physics.
HCMC University of Technology and Education (HUTE),Electrical Engineering,DIEN303 Electric Machines,"This module covers electric machines, part of the Electrical Engineering programme at HCMC University of Technology and Education (HUTE). Students explore core theoretical and applied aspects, building competencies for professional practice.","Core electric machines concepts, theoretical framework application, analytical problem-solving, academic research skills, practical electric machines implementation",https://hcmute.edu.vn/,Undergraduate,3 Credits / 1 Semester,Khoi A00/A01. Strong Physics.
HCMC University of Technology and Education (HUTE),Electrical Engineering,DIEN401 Renewable Energy,"Examines solar, wind, hydro, and bioenergy systems including resource assessment, design, and grid integration.","Solar irradiance analysis, wind turbine sizing, grid integration, energy storage, techno-economic assessment",https://hcmute.edu.vn/,Undergraduate,3 Credits / 1 Semester,Khoi A00/A01. Strong Physics.
HCMC University of Technology and Education (HUTE),Electrical Engineering,DIEN402 PLC and Automation,"This module covers plc and automation, part of the Electrical Engineering programme at HCMC University of Technology and Education (HUTE). Students explore core theoretical and applied aspects, building competencies for professional practice.","Core plc and automation concepts, theoretical framework application, analytical problem-solving, academic research skills, practical plc and automation implementation",https://hcmute.edu.vn/,Undergraduate,3 Credits / 1 Semester,Khoi A00/A01. Strong Physics.
HCMC University of Technology and Education (HUTE),Electrical Engineering,DIEN403 Digital Signal Processing,"Covers Fourier transforms, FIR/IIR filtering, and spectral analysis for communications and audio applications.","Fourier transform application, FIR/IIR filter design, spectrum analysis, sampling theorem, noise reduction",https://hcmute.edu.vn/,Undergraduate,3 Credits / 1 Semester,Khoi A00/A01. Strong Physics.
HCMC University of Technology and Education (HUTE),Electrical Engineering,DIEN501 High Voltage Engineering,"This module covers high voltage engineering, part of the Electrical Engineering programme at HCMC University of Technology and Education (HUTE). Students explore core theoretical and applied aspects, building competencies for professional practice.","Core high voltage engineering concepts, theoretical framework application, analytical problem-solving, academic research skills, practical high voltage engineering implementation",https://hcmute.edu.vn/,Undergraduate,3 Credits / 1 Semester,Khoi A00/A01. Strong Physics.
HCMC University of Technology and Education (HUTE),Electrical Engineering,DIEN502 Smart Grid,"This module covers smart grid, part of the Electrical Engineering programme at HCMC University of Technology and Education (HUTE). Students explore core theoretical and applied aspects, building competencies for professional practice.","Core smart grid concepts, theoretical framework application, analytical problem-solving, academic research skills, practical smart grid implementation",https://hcmute.edu.vn/,Undergraduate,3 Credits / 1 Semester,Khoi A00/A01. Strong Physics.
HCMC University of Technology and Education (HUTE),Electrical Engineering,DIEN900 Electrical Engineering Thesis,"This module covers electrical engineering thesis, part of the Electrical Engineering programme at HCMC University of Technology and Education (HUTE). Students explore core theoretical and applied aspects, building competencies for professional practice.","Core electrical engineering thesis concepts, theoretical framework application, analytical problem-solving, academic research skills, practical electrical engineering thesis implementation",https://hcmute.edu.vn/,Undergraduate,9 Credits / 1 Semester,Khoi A00/A01. Strong Physics.
HCMC University of Technology and Education (HUTE),Mechanical Engineering,CO001 Engineering Mechanics,"Covers statics, dynamics, kinematics, and material behaviour for engineering applications.","Free body diagram, moment calculation, kinematic analysis, material stress-strain, FEA application",https://hcmute.edu.vn/,Undergraduate,3 Credits / 1 Semester,Khoi A00. Strong Physics and Mathematics.
HCMC University of Technology and Education (HUTE),Mechanical Engineering,CO002 Mechanics of Materials,"Covers statics, dynamics, kinematics, and material behaviour for engineering applications.","Free body diagram, moment calculation, kinematic analysis, material stress-strain, FEA application",https://hcmute.edu.vn/,Undergraduate,3 Credits / 1 Semester,Khoi A00. Strong Physics and Mathematics.
HCMC University of Technology and Education (HUTE),Mechanical Engineering,CO003 Fluid Mechanics,"Covers fluid statics, flow dynamics, viscous effects, and turbomachinery for engineering applications.","Bernoulli equation, Reynolds number analysis, pipe flow calculation, turbine design, CFD simulation",https://hcmute.edu.vn/,Undergraduate,3 Credits / 1 Semester,Khoi A00. Strong Physics and Mathematics.
HCMC University of Technology and Education (HUTE),Mechanical Engineering,CO004 Thermodynamics,"Studies heat, work, energy conversion, entropy, and thermodynamic cycles for engineering systems.","Thermodynamic cycle analysis, entropy calculation, heat exchanger design, energy efficiency, combustion analysis",https://hcmute.edu.vn/,Undergraduate,3 Credits / 1 Semester,Khoi A00. Strong Physics and Mathematics.
HCMC University of Technology and Education (HUTE),Mechanical Engineering,CO101 Machine Design,"This module covers machine design, part of the Mechanical Engineering programme at HCMC University of Technology and Education (HUTE). Students explore core theoretical and applied aspects, building competencies for professional practice.","Core machine design concepts, theoretical framework application, analytical problem-solving, academic research skills, practical machine design implementation",https://hcmute.edu.vn/,Undergraduate,3 Credits / 1 Semester,Khoi A00. Strong Physics and Mathematics.
HCMC University of Technology and Education (HUTE),Mechanical Engineering,CO102 Manufacturing Technology,"This module covers manufacturing technology, part of the Mechanical Engineering programme at HCMC University of Technology and Education (HUTE). Students explore core theoretical and applied aspects, building competencies for professional practice.","Core manufacturing technology concepts, theoretical framework application, analytical problem-solving, academic research skills, practical manufacturing technology implementation",https://hcmute.edu.vn/,Undergraduate,3 Credits / 1 Semester,Khoi A00. Strong Physics and Mathematics.
HCMC University of Technology and Education (HUTE),Mechanical Engineering,CO103 CAD/CAM,"This module covers cad/cam, part of the Mechanical Engineering programme at HCMC University of Technology and Education (HUTE). Students explore core theoretical and applied aspects, building competencies for professional practice.","Core cad/cam concepts, theoretical framework application, analytical problem-solving, academic research skills, practical cad/cam implementation",https://hcmute.edu.vn/,Undergraduate,3 Credits / 1 Semester,Khoi A00. Strong Physics and Mathematics.
HCMC University of Technology and Education (HUTE),Mechanical Engineering,CO201 Heat Transfer,"This module covers heat transfer, part of the Mechanical Engineering programme at HCMC University of Technology and Education (HUTE). Students explore core theoretical and applied aspects, building competencies for professional practice.","Core heat transfer concepts, theoretical framework application, analytical problem-solving, academic research skills, practical heat transfer implementation",https://hcmute.edu.vn/,Undergraduate,3 Credits / 1 Semester,Khoi A00. Strong Physics and Mathematics.
HCMC University of Technology and Education (HUTE),Mechanical Engineering,CO202 CNC Programming,"This module covers cnc programming, part of the Mechanical Engineering programme at HCMC University of Technology and Education (HUTE). Students explore core theoretical and applied aspects, building competencies for professional practice.","Core cnc programming concepts, theoretical framework application, analytical problem-solving, academic research skills, practical cnc programming implementation",https://hcmute.edu.vn/,Undergraduate,3 Credits / 1 Semester,Khoi A00. Strong Physics and Mathematics.
HCMC University of Technology and Education (HUTE),Mechanical Engineering,CO203 Industrial Robotics,"Covers robot kinematics, dynamics, sensors, actuators, perception, and motion planning.","Kinematic chain modelling, sensor fusion, motion planning, ROS programming, robot simulation",https://hcmute.edu.vn/,Undergraduate,3 Credits / 1 Semester,Khoi A00. Strong Physics and Mathematics.
HCMC University of Technology and Education (HUTE),Mechanical Engineering,CO301 Finite Element Methods,"This module covers finite element methods, part of the Mechanical Engineering programme at HCMC University of Technology and Education (HUTE). Students explore core theoretical and applied aspects, building competencies for professional practice.","Core finite element methods concepts, theoretical framework application, analytical problem-solving, academic research skills, practical finite element methods implementation",https://hcmute.edu.vn/,Undergraduate,3 Credits / 1 Semester,Khoi A00. Strong Physics and Mathematics.
HCMC University of Technology and Education (HUTE),Mechanical Engineering,CO302 Quality Engineering,"This module covers quality engineering, part of the Mechanical Engineering programme at HCMC University of Technology and Education (HUTE). Students explore core theoretical and applied aspects, building competencies for professional practice.","Core quality engineering concepts, theoretical framework application, analytical problem-solving, academic research skills, practical quality engineering implementation",https://hcmute.edu.vn/,Undergraduate,3 Credits / 1 Semester,Khoi A00. Strong Physics and Mathematics.
HCMC University of Technology and Education (HUTE),Mechanical Engineering,CO401 Automation and Control,"Studies feedback control systems, PID controllers, stability analysis, and state-space methods.","PID controller tuning, stability analysis, Bode plot interpretation, state-space modelling, digital control design",https://hcmute.edu.vn/,Undergraduate,3 Credits / 1 Semester,Khoi A00. Strong Physics and Mathematics.
HCMC University of Technology and Education (HUTE),Mechanical Engineering,CO402 Tribology,"This module covers tribology, part of the Mechanical Engineering programme at HCMC University of Technology and Education (HUTE). Students explore core theoretical and applied aspects, building competencies for professional practice.","Core tribology concepts, theoretical framework application, analytical problem-solving, academic research skills, practical tribology implementation",https://hcmute.edu.vn/,Undergraduate,3 Credits / 1 Semester,Khoi A00. Strong Physics and Mathematics.
HCMC University of Technology and Education (HUTE),Mechanical Engineering,CO900 Mechanical Engineering Thesis,"This module covers mechanical engineering thesis, part of the Mechanical Engineering programme at HCMC University of Technology and Education (HUTE). Students explore core theoretical and applied aspects, building competencies for professional practice.","Core mechanical engineering thesis concepts, theoretical framework application, analytical problem-solving, academic research skills, practical mechanical engineering thesis implementation",https://hcmute.edu.vn/,Undergraduate,9 Credits / 1 Semester,Khoi A00. Strong Physics and Mathematics.
HCMC University of Technology and Education (HUTE),Civil Engineering,CE001 Engineering Mechanics,"Covers statics, dynamics, kinematics, and material behaviour for engineering applications.","Free body diagram, moment calculation, kinematic analysis, material stress-strain, FEA application",https://hcmute.edu.vn/,Undergraduate,3 Credits / 1 Semester,Khoi A00. Strong Physics and Mathematics.
HCMC University of Technology and Education (HUTE),Civil Engineering,CE002 Engineering Drawing,"This module covers engineering drawing, part of the Civil Engineering programme at HCMC University of Technology and Education (HUTE). Students explore core theoretical and applied aspects, building competencies for professional practice.","Core engineering drawing concepts, theoretical framework application, analytical problem-solving, academic research skills, practical engineering drawing implementation",https://hcmute.edu.vn/,Undergraduate,3 Credits / 1 Semester,Khoi A00. Strong Physics and Mathematics.
HCMC University of Technology and Education (HUTE),Civil Engineering,CE101 Structural Mechanics,"Covers structural analysis methods, load calculations, and material behaviour for civil engineering.","Structural load analysis, beam design, truss calculation, material testing, finite element analysis",https://hcmute.edu.vn/,Undergraduate,3 Credits / 1 Semester,Khoi A00. Strong Physics and Mathematics.
HCMC University of Technology and Education (HUTE),Civil Engineering,CE102 Mechanics of Materials,"Covers statics, dynamics, kinematics, and material behaviour for engineering applications.","Free body diagram, moment calculation, kinematic analysis, material stress-strain, FEA application",https://hcmute.edu.vn/,Undergraduate,3 Credits / 1 Semester,Khoi A00. Strong Physics and Mathematics.
HCMC University of Technology and Education (HUTE),Civil Engineering,CE103 Soil Mechanics,"Covers statics, dynamics, kinematics, and material behaviour for engineering applications.","Free body diagram, moment calculation, kinematic analysis, material stress-strain, FEA application",https://hcmute.edu.vn/,Undergraduate,3 Credits / 1 Semester,Khoi A00. Strong Physics and Mathematics.
HCMC University of Technology and Education (HUTE),Civil Engineering,CE104 Hydraulics,"This module covers hydraulics, part of the Civil Engineering programme at HCMC University of Technology and Education (HUTE). Students explore core theoretical and applied aspects, building competencies for professional practice.","Core hydraulics concepts, theoretical framework application, analytical problem-solving, academic research skills, practical hydraulics implementation",https://hcmute.edu.vn/,Undergraduate,3 Credits / 1 Semester,Khoi A00. Strong Physics and Mathematics.
HCMC University of Technology and Education (HUTE),Civil Engineering,CE201 Reinforced Concrete Design,"This module covers reinforced concrete design, part of the Civil Engineering programme at HCMC University of Technology and Education (HUTE). Students explore core theoretical and applied aspects, building competencies for professional practice.","Core reinforced concrete design concepts, theoretical framework application, analytical problem-solving, academic research skills, practical reinforced concrete design implementation",https://hcmute.edu.vn/,Undergraduate,3 Credits / 1 Semester,Khoi A00. Strong Physics and Mathematics.
HCMC University of Technology and Education (HUTE),Civil Engineering,CE202 Steel Structures,"This module covers steel structures, part of the Civil Engineering programme at HCMC University of Technology and Education (HUTE). Students explore core theoretical and applied aspects, building competencies for professional practice.","Core steel structures concepts, theoretical framework application, analytical problem-solving, academic research skills, practical steel structures implementation",https://hcmute.edu.vn/,Undergraduate,3 Credits / 1 Semester,Khoi A00. Strong Physics and Mathematics.
HCMC University of Technology and Education (HUTE),Civil Engineering,CE203 Foundation Engineering,"This module covers foundation engineering, part of the Civil Engineering programme at HCMC University of Technology and Education (HUTE). Students explore core theoretical and applied aspects, building competencies for professional practice.","Core foundation engineering concepts, theoretical framework application, analytical problem-solving, academic research skills, practical foundation engineering implementation",https://hcmute.edu.vn/,Undergraduate,3 Credits / 1 Semester,Khoi A00. Strong Physics and Mathematics.
HCMC University of Technology and Education (HUTE),Civil Engineering,CE204 Surveying,"This module covers surveying, part of the Civil Engineering programme at HCMC University of Technology and Education (HUTE). Students explore core theoretical and applied aspects, building competencies for professional practice.","Core surveying concepts, theoretical framework application, analytical problem-solving, academic research skills, practical surveying implementation",https://hcmute.edu.vn/,Undergraduate,3 Credits / 1 Semester,Khoi A00. Strong Physics and Mathematics.
HCMC University of Technology and Education (HUTE),Civil Engineering,CE301 Road Engineering,"This module covers road engineering, part of the Civil Engineering programme at HCMC University of Technology and Education (HUTE). Students explore core theoretical and applied aspects, building competencies for professional practice.","Core road engineering concepts, theoretical framework application, analytical problem-solving, academic research skills, practical road engineering implementation",https://hcmute.edu.vn/,Undergraduate,3 Credits / 1 Semester,Khoi A00. Strong Physics and Mathematics.
HCMC University of Technology and Education (HUTE),Civil Engineering,CE302 Construction Management,"Covers planning, organising, leading, and controlling including strategy, change management, and organisational behaviour.","Strategic planning, team leadership, change management, performance measurement, stakeholder analysis",https://hcmute.edu.vn/,Undergraduate,3 Credits / 1 Semester,Khoi A00. Strong Physics and Mathematics.
HCMC University of Technology and Education (HUTE),Civil Engineering,CE401 Bridge Engineering,"This module covers bridge engineering, part of the Civil Engineering programme at HCMC University of Technology and Education (HUTE). Students explore core theoretical and applied aspects, building competencies for professional practice.","Core bridge engineering concepts, theoretical framework application, analytical problem-solving, academic research skills, practical bridge engineering implementation",https://hcmute.edu.vn/,Undergraduate,3 Credits / 1 Semester,Khoi A00. Strong Physics and Mathematics.
HCMC University of Technology and Education (HUTE),Civil Engineering,CE402 Environmental Engineering,"Covers environmental chemistry, ecology, pollution control, environmental impact assessment, and sustainability.","Environmental impact assessment, pollution monitoring, ecological modelling, sustainability analysis, EIA reporting",https://hcmute.edu.vn/,Undergraduate,3 Credits / 1 Semester,Khoi A00. Strong Physics and Mathematics.
HCMC University of Technology and Education (HUTE),Civil Engineering,CE900 Civil Engineering Thesis,"This module covers civil engineering thesis, part of the Civil Engineering programme at HCMC University of Technology and Education (HUTE). Students explore core theoretical and applied aspects, building competencies for professional practice.","Core civil engineering thesis concepts, theoretical framework application, analytical problem-solving, academic research skills, practical civil engineering thesis implementation",https://hcmute.edu.vn/,Undergraduate,9 Credits / 1 Semester,Khoi A00. Strong Physics and Mathematics.
HCMC University of Technology and Education (HUTE),Biomedical Engineering,BM001 Introduction to Biomedical Engineering,"Covers physiological signal acquisition, medical device design, imaging systems, and biomedical instrumentation.","Biosignal processing, medical device testing, imaging analysis, biomedical data interpretation, clinical validation",https://hcmute.edu.vn/,Undergraduate,3 Credits / 1 Semester,Khoi B00/A00. Possible interview.
HCMC University of Technology and Education (HUTE),Biomedical Engineering,BM002 Biology for Engineers,"Introduces cell biology, genetics, physiology, ecology, and molecular biology principles.","Cell biology analysis, genetic problem solving, physiological assessment, ecological modelling, lab techniques",https://hcmute.edu.vn/,Undergraduate,3 Credits / 1 Semester,Khoi B00/A00. Possible interview.
HCMC University of Technology and Education (HUTE),Biomedical Engineering,BM003 Biomedical Signals and Systems,"Covers physiological signal acquisition, medical device design, imaging systems, and biomedical instrumentation.","Biosignal processing, medical device testing, imaging analysis, biomedical data interpretation, clinical validation",https://hcmute.edu.vn/,Undergraduate,3 Credits / 1 Semester,Khoi B00/A00. Possible interview.
HCMC University of Technology and Education (HUTE),Biomedical Engineering,BM004 Medical Instrumentation,"This module covers medical instrumentation, part of the Biomedical Engineering programme at HCMC University of Technology and Education (HUTE). Students explore core theoretical and applied aspects, building competencies for professional practice.","Core medical instrumentation concepts, theoretical framework application, analytical problem-solving, academic research skills, practical medical instrumentation implementation",https://hcmute.edu.vn/,Undergraduate,3 Credits / 1 Semester,Khoi B00/A00. Possible interview.
HCMC University of Technology and Education (HUTE),Biomedical Engineering,BM101 Biomechanics,"Covers statics, dynamics, kinematics, and material behaviour for engineering applications.","Free body diagram, moment calculation, kinematic analysis, material stress-strain, FEA application",https://hcmute.edu.vn/,Undergraduate,3 Credits / 1 Semester,Khoi B00/A00. Possible interview.
HCMC University of Technology and Education (HUTE),Biomedical Engineering,BM102 Physiology for Engineers,"This module covers physiology for engineers, part of the Biomedical Engineering programme at HCMC University of Technology and Education (HUTE). Students explore core theoretical and applied aspects, building competencies for professional practice.","Core physiology for engineers concepts, theoretical framework application, analytical problem-solving, academic research skills, practical physiology for engineers implementation",https://hcmute.edu.vn/,Undergraduate,3 Credits / 1 Semester,Khoi B00/A00. Possible interview.
HCMC University of Technology and Education (HUTE),Biomedical Engineering,BM103 Medical Imaging,"This module covers medical imaging, part of the Biomedical Engineering programme at HCMC University of Technology and Education (HUTE). Students explore core theoretical and applied aspects, building competencies for professional practice.","Core medical imaging concepts, theoretical framework application, analytical problem-solving, academic research skills, practical medical imaging implementation",https://hcmute.edu.vn/,Undergraduate,3 Credits / 1 Semester,Khoi B00/A00. Possible interview.
HCMC University of Technology and Education (HUTE),Biomedical Engineering,BM104 Biosensors,"This module covers biosensors, part of the Biomedical Engineering programme at HCMC University of Technology and Education (HUTE). Students explore core theoretical and applied aspects, building competencies for professional practice.","Core biosensors concepts, theoretical framework application, analytical problem-solving, academic research skills, practical biosensors implementation",https://hcmute.edu.vn/,Undergraduate,3 Credits / 1 Semester,Khoi B00/A00. Possible interview.
HCMC University of Technology and Education (HUTE),Biomedical Engineering,BM201 Neural Engineering,"This module covers neural engineering, part of the Biomedical Engineering programme at HCMC University of Technology and Education (HUTE). Students explore core theoretical and applied aspects, building competencies for professional practice.","Core neural engineering concepts, theoretical framework application, analytical problem-solving, academic research skills, practical neural engineering implementation",https://hcmute.edu.vn/,Undergraduate,3 Credits / 1 Semester,Khoi B00/A00. Possible interview.
HCMC University of Technology and Education (HUTE),Biomedical Engineering,BM202 Biomaterials,"Studies crystal structures, mechanical and thermal and electrical properties, and characterisation of engineering materials.","Crystallography, tensile testing, phase diagram reading, materials selection, microstructure analysis",https://hcmute.edu.vn/,Undergraduate,3 Credits / 1 Semester,Khoi B00/A00. Possible interview.
HCMC University of Technology and Education (HUTE),Biomedical Engineering,BM203 Rehabilitation Engineering,"This module covers rehabilitation engineering, part of the Biomedical Engineering programme at HCMC University of Technology and Education (HUTE). Students explore core theoretical and applied aspects, building competencies for professional practice.","Core rehabilitation engineering concepts, theoretical framework application, analytical problem-solving, academic research skills, practical rehabilitation engineering implementation",https://hcmute.edu.vn/,Undergraduate,3 Credits / 1 Semester,Khoi B00/A00. Possible interview.
HCMC University of Technology and Education (HUTE),Biomedical Engineering,BM301 Medical Device Regulation,"This module covers medical device regulation, part of the Biomedical Engineering programme at HCMC University of Technology and Education (HUTE). Students explore core theoretical and applied aspects, building competencies for professional practice.","Core medical device regulation concepts, theoretical framework application, analytical problem-solving, academic research skills, practical medical device regulation implementation",https://hcmute.edu.vn/,Undergraduate,3 Credits / 1 Semester,Khoi B00/A00. Possible interview.
HCMC University of Technology and Education (HUTE),Biomedical Engineering,BM302 Clinical Engineering,"This module covers clinical engineering, part of the Biomedical Engineering programme at HCMC University of Technology and Education (HUTE). Students explore core theoretical and applied aspects, building competencies for professional practice.","Core clinical engineering concepts, theoretical framework application, analytical problem-solving, academic research skills, practical clinical engineering implementation",https://hcmute.edu.vn/,Undergraduate,3 Credits / 1 Semester,Khoi B00/A00. Possible interview.
HCMC University of Technology and Education (HUTE),Biomedical Engineering,BM303 Tissue Engineering,"This module covers tissue engineering, part of the Biomedical Engineering programme at HCMC University of Technology and Education (HUTE). Students explore core theoretical and applied aspects, building competencies for professional practice.","Core tissue engineering concepts, theoretical framework application, analytical problem-solving, academic research skills, practical tissue engineering implementation",https://hcmute.edu.vn/,Undergraduate,3 Credits / 1 Semester,Khoi B00/A00. Possible interview.
HCMC University of Technology and Education (HUTE),Biomedical Engineering,BM900 Biomedical Engineering Thesis,"Covers physiological signal acquisition, medical device design, imaging systems, and biomedical instrumentation.","Biosignal processing, medical device testing, imaging analysis, biomedical data interpretation, clinical validation",https://hcmute.edu.vn/,Undergraduate,9 Credits / 1 Semester,Khoi B00/A00. Possible interview.
Hanoi University (HANU),Business Administration,BA101 Introduction to Business,"This module covers introduction to business, part of the Business Administration programme at Hanoi University (HANU). Students explore core theoretical and applied aspects, building competencies for professional practice.","Core introduction to business concepts, theoretical framework application, analytical problem-solving, academic research skills, practical introduction to business implementation",https://www.hanu.edu.vn/,Undergraduate,3 Credits / 1 Semester,Khoi A00/A01/D01. IELTS 5.5+.
Hanoi University (HANU),Business Administration,BA102 Business Communication,"This module covers business communication, part of the Business Administration programme at Hanoi University (HANU). Students explore core theoretical and applied aspects, building competencies for professional practice.","Core business communication concepts, theoretical framework application, analytical problem-solving, academic research skills, practical business communication implementation",https://www.hanu.edu.vn/,Undergraduate,3 Credits / 1 Semester,Khoi A00/A01/D01. IELTS 5.5+.
Hanoi University (HANU),Business Administration,ECO101 Microeconomics,Analyses individual and firm behaviour and national economic systems with policy implications.,"Supply-demand analysis, elasticity calculation, game theory, GDP interpretation, fiscal policy assessment",https://www.hanu.edu.vn/,Undergraduate,3 Credits / 1 Semester,Khoi A00/A01/D01. IELTS 5.5+.
Hanoi University (HANU),Business Administration,ACC101 Financial Accounting,"Introduces financial and managerial accounting including double-entry bookkeeping, financial statement preparation, and cost accounting.","Double-entry bookkeeping, balance sheet preparation, income statement analysis, CVP analysis, ratio interpretation",https://www.hanu.edu.vn/,Undergraduate,3 Credits / 1 Semester,Khoi A00/A01/D01. IELTS 5.5+.
Hanoi University (HANU),Business Administration,MGT201 Organisational Behaviour,"This module covers organisational behaviour, part of the Business Administration programme at Hanoi University (HANU). Students explore core theoretical and applied aspects, building competencies for professional practice.","Core organisational behaviour concepts, theoretical framework application, analytical problem-solving, academic research skills, practical organisational behaviour implementation",https://www.hanu.edu.vn/,Undergraduate,3 Credits / 1 Semester,Khoi A00/A01/D01. IELTS 5.5+.
Hanoi University (HANU),Business Administration,MKT201 Marketing Management,"Covers planning, organising, leading, and controlling including strategy, change management, and organisational behaviour.","Strategic planning, team leadership, change management, performance measurement, stakeholder analysis",https://www.hanu.edu.vn/,Undergraduate,3 Credits / 1 Semester,Khoi A00/A01/D01. IELTS 5.5+.
Hanoi University (HANU),Business Administration,FIN201 Corporate Finance,"This module covers corporate finance, part of the Business Administration programme at Hanoi University (HANU). Students explore core theoretical and applied aspects, building competencies for professional practice.","Core corporate finance concepts, theoretical framework application, analytical problem-solving, academic research skills, practical corporate finance implementation",https://www.hanu.edu.vn/,Undergraduate,3 Credits / 1 Semester,Khoi A00/A01/D01. IELTS 5.5+.
Hanoi University (HANU),Business Administration,HRM201 Human Resource Management,"Covers recruitment, performance management, training, compensation, and employment law.","Recruitment design, performance appraisal, training needs analysis, compensation benchmarking, HR policy formulation",https://www.hanu.edu.vn/,Undergraduate,3 Credits / 1 Semester,Khoi A00/A01/D01. IELTS 5.5+.
Hanoi University (HANU),Business Administration,MGT202 Operations Management,"Covers planning, organising, leading, and controlling including strategy, change management, and organisational behaviour.","Strategic planning, team leadership, change management, performance measurement, stakeholder analysis",https://www.hanu.edu.vn/,Undergraduate,3 Credits / 1 Semester,Khoi A00/A01/D01. IELTS 5.5+.
Hanoi University (HANU),Business Administration,SCM301 Supply Chain Management,"Covers supply chain design, procurement, inventory management, demand forecasting, and logistics optimisation.","Inventory optimisation, demand forecasting, supplier evaluation, logistics cost analysis, risk management",https://www.hanu.edu.vn/,Undergraduate,3 Credits / 1 Semester,Khoi A00/A01/D01. IELTS 5.5+.
Hanoi University (HANU),Business Administration,MGT301 Strategic Management,"Covers planning, organising, leading, and controlling including strategy, change management, and organisational behaviour.","Strategic planning, team leadership, change management, performance measurement, stakeholder analysis",https://www.hanu.edu.vn/,Undergraduate,3 Credits / 1 Semester,Khoi A00/A01/D01. IELTS 5.5+.
Hanoi University (HANU),Business Administration,ENT301 Entrepreneurship,Guides students from opportunity recognition through business model development and lean startup methodology.,"Business model canvas, lean startup, market validation, investor pitch, financial forecasting",https://www.hanu.edu.vn/,Undergraduate,3 Credits / 1 Semester,Khoi A00/A01/D01. IELTS 5.5+.
Hanoi University (HANU),Business Administration,MKT302 Digital Marketing,"Covers SEO, SEM, social media, content marketing, analytics, and marketing automation.","SEO/SEM optimisation, social media strategy, content marketing, Google Analytics, marketing automation",https://www.hanu.edu.vn/,Undergraduate,3 Credits / 1 Semester,Khoi A00/A01/D01. IELTS 5.5+.
Hanoi University (HANU),Business Administration,MGT401 International Business,"This module covers international business, part of the Business Administration programme at Hanoi University (HANU). Students explore core theoretical and applied aspects, building competencies for professional practice.","Core international business concepts, theoretical framework application, analytical problem-solving, academic research skills, practical international business implementation",https://www.hanu.edu.vn/,Undergraduate,3 Credits / 1 Semester,Khoi A00/A01/D01. IELTS 5.5+.
Hanoi University (HANU),Business Administration,BA900 BBA Thesis,"This module covers bba thesis, part of the Business Administration programme at Hanoi University (HANU). Students explore core theoretical and applied aspects, building competencies for professional practice.","Core bba thesis concepts, theoretical framework application, analytical problem-solving, academic research skills, practical bba thesis implementation",https://www.hanu.edu.vn/,Undergraduate,9 Credits / 1 Semester,Khoi A00/A01/D01. IELTS 5.5+.
Hanoi University (HANU),Finance,FIN101 Principles of Finance,"This module covers principles of finance, part of the Finance programme at Hanoi University (HANU). Students explore core theoretical and applied aspects, building competencies for professional practice.","Core principles of finance concepts, theoretical framework application, analytical problem-solving, academic research skills, practical principles of finance implementation",https://www.hanu.edu.vn/,Undergraduate,3 Credits / 1 Semester,Khoi A00/A01/D01. IELTS 5.5+.
Hanoi University (HANU),Finance,ECO102 Macroeconomics,Analyses individual and firm behaviour and national economic systems with policy implications.,"Supply-demand analysis, elasticity calculation, game theory, GDP interpretation, fiscal policy assessment",https://www.hanu.edu.vn/,Undergraduate,3 Credits / 1 Semester,Khoi A00/A01/D01. IELTS 5.5+.
Hanoi University (HANU),Finance,FIN202 Financial Markets,"Examines time value of money, capital budgeting, risk and return, portfolio theory, and corporate financing decisions.","DCF valuation, portfolio analysis, CAPM application, capital structure decisions, financial modelling",https://www.hanu.edu.vn/,Undergraduate,3 Credits / 1 Semester,Khoi A00/A01/D01. IELTS 5.5+.
Hanoi University (HANU),Finance,FIN203 Money and Banking,"Covers commercial and investment banking including lending, capital markets, regulatory frameworks, and risk management.","Credit analysis, lending decisions, capital market operations, regulatory compliance, interest rate risk management",https://www.hanu.edu.vn/,Undergraduate,3 Credits / 1 Semester,Khoi A00/A01/D01. IELTS 5.5+.
Hanoi University (HANU),Finance,FIN301 Investment Analysis,"Examines equities, bonds, derivatives, portfolio construction, and performance evaluation.","Security valuation, portfolio construction, derivative pricing, performance attribution, factor model application",https://www.hanu.edu.vn/,Undergraduate,3 Credits / 1 Semester,Khoi A00/A01/D01. IELTS 5.5+.
Hanoi University (HANU),Finance,FIN302 Portfolio Management,"Covers planning, organising, leading, and controlling including strategy, change management, and organisational behaviour.","Strategic planning, team leadership, change management, performance measurement, stakeholder analysis",https://www.hanu.edu.vn/,Undergraduate,3 Credits / 1 Semester,Khoi A00/A01/D01. IELTS 5.5+.
Hanoi University (HANU),Finance,FIN303 International Finance,"This module covers international finance, part of the Finance programme at Hanoi University (HANU). Students explore core theoretical and applied aspects, building competencies for professional practice.","Core international finance concepts, theoretical framework application, analytical problem-solving, academic research skills, practical international finance implementation",https://www.hanu.edu.vn/,Undergraduate,3 Credits / 1 Semester,Khoi A00/A01/D01. IELTS 5.5+.
Hanoi University (HANU),Finance,FIN304 Derivatives,"This module covers derivatives, part of the Finance programme at Hanoi University (HANU). Students explore core theoretical and applied aspects, building competencies for professional practice.","Core derivatives concepts, theoretical framework application, analytical problem-solving, academic research skills, practical derivatives implementation",https://www.hanu.edu.vn/,Undergraduate,3 Credits / 1 Semester,Khoi A00/A01/D01. IELTS 5.5+.
Hanoi University (HANU),Finance,FIN401 Financial Risk Management,"Covers planning, organising, leading, and controlling including strategy, change management, and organisational behaviour.","Strategic planning, team leadership, change management, performance measurement, stakeholder analysis",https://www.hanu.edu.vn/,Undergraduate,3 Credits / 1 Semester,Khoi A00/A01/D01. IELTS 5.5+.
Hanoi University (HANU),Finance,FIN402 Financial Modelling,"Examines time value of money, capital budgeting, risk and return, portfolio theory, and corporate financing decisions.","DCF valuation, portfolio analysis, CAPM application, capital structure decisions, financial modelling",https://www.hanu.edu.vn/,Undergraduate,3 Credits / 1 Semester,Khoi A00/A01/D01. IELTS 5.5+.
Hanoi University (HANU),Finance,FIN403 FinTech,"This module covers fintech, part of the Finance programme at Hanoi University (HANU). Students explore core theoretical and applied aspects, building competencies for professional practice.","Core fintech concepts, theoretical framework application, analytical problem-solving, academic research skills, practical fintech implementation",https://www.hanu.edu.vn/,Undergraduate,3 Credits / 1 Semester,Khoi A00/A01/D01. IELTS 5.5+.
Hanoi University (HANU),Finance,FIN900 Finance Thesis,"This module covers finance thesis, part of the Finance programme at Hanoi University (HANU). Students explore core theoretical and applied aspects, building competencies for professional practice.","Core finance thesis concepts, theoretical framework application, analytical problem-solving, academic research skills, practical finance thesis implementation",https://www.hanu.edu.vn/,Undergraduate,9 Credits / 1 Semester,Khoi A00/A01/D01. IELTS 5.5+.
Hanoi University (HANU),Tourism Management,TOU101 Introduction to Tourism,"Examines global tourism industry, destination management, tourist behaviour, sustainability, and tourism policy.","Destination analysis, tourist behaviour, sustainability planning, tourism impact assessment, policy evaluation",https://www.hanu.edu.vn/,Undergraduate,3 Credits / 1 Semester,Khoi D01/A01. IELTS 5.0+.
Hanoi University (HANU),Tourism Management,TOU102 Tourist Behaviour,"This module covers tourist behaviour, part of the Tourism Management programme at Hanoi University (HANU). Students explore core theoretical and applied aspects, building competencies for professional practice.","Core tourist behaviour concepts, theoretical framework application, analytical problem-solving, academic research skills, practical tourist behaviour implementation",https://www.hanu.edu.vn/,Undergraduate,3 Credits / 1 Semester,Khoi D01/A01. IELTS 5.0+.
Hanoi University (HANU),Tourism Management,TOU103 Tourism Geography,"Examines global tourism industry, destination management, tourist behaviour, sustainability, and tourism policy.","Destination analysis, tourist behaviour, sustainability planning, tourism impact assessment, policy evaluation",https://www.hanu.edu.vn/,Undergraduate,3 Credits / 1 Semester,Khoi D01/A01. IELTS 5.0+.
Hanoi University (HANU),Tourism Management,TOU201 Destination Management,"Covers planning, organising, leading, and controlling including strategy, change management, and organisational behaviour.","Strategic planning, team leadership, change management, performance measurement, stakeholder analysis",https://www.hanu.edu.vn/,Undergraduate,3 Credits / 1 Semester,Khoi D01/A01. IELTS 5.0+.
Hanoi University (HANU),Tourism Management,TOU202 Tourism Marketing,"Explores market segmentation, consumer behaviour, product development, pricing strategy, and digital marketing channels.","Market segmentation, consumer analysis, brand positioning, marketing mix optimisation, digital strategy",https://www.hanu.edu.vn/,Undergraduate,3 Credits / 1 Semester,Khoi D01/A01. IELTS 5.0+.
Hanoi University (HANU),Tourism Management,TOU203 Hospitality Operations,"Covers hospitality operations including front-of-house, F and B, revenue management, and customer service.","Hospitality operations, revenue management, F and B management, customer service standards, quality control",https://www.hanu.edu.vn/,Undergraduate,3 Credits / 1 Semester,Khoi D01/A01. IELTS 5.0+.
Hanoi University (HANU),Tourism Management,TOU301 Sustainable Tourism,"Examines global tourism industry, destination management, tourist behaviour, sustainability, and tourism policy.","Destination analysis, tourist behaviour, sustainability planning, tourism impact assessment, policy evaluation",https://www.hanu.edu.vn/,Undergraduate,3 Credits / 1 Semester,Khoi D01/A01. IELTS 5.0+.
Hanoi University (HANU),Tourism Management,TOU302 Heritage Tourism,"Examines global tourism industry, destination management, tourist behaviour, sustainability, and tourism policy.","Destination analysis, tourist behaviour, sustainability planning, tourism impact assessment, policy evaluation",https://www.hanu.edu.vn/,Undergraduate,3 Credits / 1 Semester,Khoi D01/A01. IELTS 5.0+.
Hanoi University (HANU),Tourism Management,TOU303 MICE and Events,"This module covers mice and events, part of the Tourism Management programme at Hanoi University (HANU). Students explore core theoretical and applied aspects, building competencies for professional practice.","Core mice and events concepts, theoretical framework application, analytical problem-solving, academic research skills, practical mice and events implementation",https://www.hanu.edu.vn/,Undergraduate,3 Credits / 1 Semester,Khoi D01/A01. IELTS 5.0+.
Hanoi University (HANU),Tourism Management,TOU304 Revenue Management,"Covers planning, organising, leading, and controlling including strategy, change management, and organisational behaviour.","Strategic planning, team leadership, change management, performance measurement, stakeholder analysis",https://www.hanu.edu.vn/,Undergraduate,3 Credits / 1 Semester,Khoi D01/A01. IELTS 5.0+.
Hanoi University (HANU),Tourism Management,TOU401 Tourism Policy,"Examines global tourism industry, destination management, tourist behaviour, sustainability, and tourism policy.","Destination analysis, tourist behaviour, sustainability planning, tourism impact assessment, policy evaluation",https://www.hanu.edu.vn/,Undergraduate,3 Credits / 1 Semester,Khoi D01/A01. IELTS 5.0+.
Hanoi University (HANU),Tourism Management,TOU402 Ecotourism,"Examines global tourism industry, destination management, tourist behaviour, sustainability, and tourism policy.","Destination analysis, tourist behaviour, sustainability planning, tourism impact assessment, policy evaluation",https://www.hanu.edu.vn/,Undergraduate,3 Credits / 1 Semester,Khoi D01/A01. IELTS 5.0+.
Hanoi University (HANU),Tourism Management,TOU403 Tour Operations Management,"Covers planning, organising, leading, and controlling including strategy, change management, and organisational behaviour.","Strategic planning, team leadership, change management, performance measurement, stakeholder analysis",https://www.hanu.edu.vn/,Undergraduate,3 Credits / 1 Semester,Khoi D01/A01. IELTS 5.0+.
Hanoi University (HANU),Tourism Management,TOU404 Crisis Management in Tourism,"Covers planning, organising, leading, and controlling including strategy, change management, and organisational behaviour.","Strategic planning, team leadership, change management, performance measurement, stakeholder analysis",https://www.hanu.edu.vn/,Undergraduate,3 Credits / 1 Semester,Khoi D01/A01. IELTS 5.0+.
Hanoi University (HANU),Tourism Management,TOU900 Tourism Thesis,"Examines global tourism industry, destination management, tourist behaviour, sustainability, and tourism policy.","Destination analysis, tourist behaviour, sustainability planning, tourism impact assessment, policy evaluation",https://www.hanu.edu.vn/,Undergraduate,9 Credits / 1 Semester,Khoi D01/A01. IELTS 5.0+.
Hanoi University (HANU),Law,LAW101 Introduction to Law,"Introduces legal principles, contract formation, tort liability, and legal reasoning through case analysis.","Legal case analysis, contract elements, tort assessment, statutory interpretation, legal research",https://www.hanu.edu.vn/,Undergraduate,3 Credits / 1 Semester,Khoi C00/D01. IELTS 6.0+.
Hanoi University (HANU),Law,LAW102 Constitutional Law,"Introduces legal principles, contract formation, tort liability, and legal reasoning through case analysis.","Legal case analysis, contract elements, tort assessment, statutory interpretation, legal research",https://www.hanu.edu.vn/,Undergraduate,3 Credits / 1 Semester,Khoi C00/D01. IELTS 6.0+.
Hanoi University (HANU),Law,LAW103 Legal Methods,"Introduces legal principles, contract formation, tort liability, and legal reasoning through case analysis.","Legal case analysis, contract elements, tort assessment, statutory interpretation, legal research",https://www.hanu.edu.vn/,Undergraduate,3 Credits / 1 Semester,Khoi C00/D01. IELTS 6.0+.
Hanoi University (HANU),Law,LAW201 Contract Law,"Introduces legal principles, contract formation, tort liability, and legal reasoning through case analysis.","Legal case analysis, contract elements, tort assessment, statutory interpretation, legal research",https://www.hanu.edu.vn/,Undergraduate,3 Credits / 1 Semester,Khoi C00/D01. IELTS 6.0+.
Hanoi University (HANU),Law,LAW202 Tort Law,"Introduces legal principles, contract formation, tort liability, and legal reasoning through case analysis.","Legal case analysis, contract elements, tort assessment, statutory interpretation, legal research",https://www.hanu.edu.vn/,Undergraduate,3 Credits / 1 Semester,Khoi C00/D01. IELTS 6.0+.
Hanoi University (HANU),Law,LAW203 Criminal Law,"Introduces legal principles, contract formation, tort liability, and legal reasoning through case analysis.","Legal case analysis, contract elements, tort assessment, statutory interpretation, legal research",https://www.hanu.edu.vn/,Undergraduate,3 Credits / 1 Semester,Khoi C00/D01. IELTS 6.0+.
Hanoi University (HANU),Law,LAW204 Commercial Law,"Introduces legal principles, contract formation, tort liability, and legal reasoning through case analysis.","Legal case analysis, contract elements, tort assessment, statutory interpretation, legal research",https://www.hanu.edu.vn/,Undergraduate,3 Credits / 1 Semester,Khoi C00/D01. IELTS 6.0+.
Hanoi University (HANU),Law,LAW301 International Commercial Law,"Introduces legal principles, contract formation, tort liability, and legal reasoning through case analysis.","Legal case analysis, contract elements, tort assessment, statutory interpretation, legal research",https://www.hanu.edu.vn/,Undergraduate,3 Credits / 1 Semester,Khoi C00/D01. IELTS 6.0+.
Hanoi University (HANU),Law,LAW302 WTO Law,"Introduces legal principles, contract formation, tort liability, and legal reasoning through case analysis.","Legal case analysis, contract elements, tort assessment, statutory interpretation, legal research",https://www.hanu.edu.vn/,Undergraduate,3 Credits / 1 Semester,Khoi C00/D01. IELTS 6.0+.
Hanoi University (HANU),Law,LAW303 Investment Law,"Examines equities, bonds, derivatives, portfolio construction, and performance evaluation.","Security valuation, portfolio construction, derivative pricing, performance attribution, factor model application",https://www.hanu.edu.vn/,Undergraduate,3 Credits / 1 Semester,Khoi C00/D01. IELTS 6.0+.
Hanoi University (HANU),Law,LAW304 Intellectual Property Law,"Introduces legal principles, contract formation, tort liability, and legal reasoning through case analysis.","Legal case analysis, contract elements, tort assessment, statutory interpretation, legal research",https://www.hanu.edu.vn/,Undergraduate,3 Credits / 1 Semester,Khoi C00/D01. IELTS 6.0+.
Hanoi University (HANU),Law,LAW401 Labour Law,"Introduces legal principles, contract formation, tort liability, and legal reasoning through case analysis.","Legal case analysis, contract elements, tort assessment, statutory interpretation, legal research",https://www.hanu.edu.vn/,Undergraduate,3 Credits / 1 Semester,Khoi C00/D01. IELTS 6.0+.
Hanoi University (HANU),Law,LAW402 Competition Law,"Introduces legal principles, contract formation, tort liability, and legal reasoning through case analysis.","Legal case analysis, contract elements, tort assessment, statutory interpretation, legal research",https://www.hanu.edu.vn/,Undergraduate,3 Credits / 1 Semester,Khoi C00/D01. IELTS 6.0+.
Hanoi University (HANU),Law,LAW403 International Arbitration,"Introduces legal principles, contract formation, tort liability, and legal reasoning through case analysis.","Legal case analysis, contract elements, tort assessment, statutory interpretation, legal research",https://www.hanu.edu.vn/,Undergraduate,3 Credits / 1 Semester,Khoi C00/D01. IELTS 6.0+.
Hanoi University (HANU),Law,LAW900 Law Thesis,"Introduces legal principles, contract formation, tort liability, and legal reasoning through case analysis.","Legal case analysis, contract elements, tort assessment, statutory interpretation, legal research",https://www.hanu.edu.vn/,Undergraduate,9 Credits / 1 Semester,Khoi C00/D01. IELTS 6.0+.
Hanoi University (HANU),International Business,INT101 Introduction to International Business,"This module covers introduction to international business, part of the International Business programme at Hanoi University (HANU). Students explore core theoretical and applied aspects, building competencies for professional practice.","Core introduction to international business concepts, theoretical framework application, analytical problem-solving, academic research skills, practical introduction to international business implementation",https://www.hanu.edu.vn/,Undergraduate,3 Credits / 1 Semester,Khoi D01 preferred. IELTS 5.5+.
Hanoi University (HANU),International Business,INT102 Business English,"This module covers business english, part of the International Business programme at Hanoi University (HANU). Students explore core theoretical and applied aspects, building competencies for professional practice.","Core business english concepts, theoretical framework application, analytical problem-solving, academic research skills, practical business english implementation",https://www.hanu.edu.vn/,Undergraduate,3 Credits / 1 Semester,Khoi D01 preferred. IELTS 5.5+.
Hanoi University (HANU),International Business,INT201 International Trade Policy,"Examines comparative advantage, trade policy, tariffs, and global supply chain management.","Trade policy analysis, comparative advantage modelling, tariff impact, WTO framework, export documentation",https://www.hanu.edu.vn/,Undergraduate,3 Credits / 1 Semester,Khoi D01 preferred. IELTS 5.5+.
Hanoi University (HANU),International Business,INT202 Cross-Cultural Management,"Covers planning, organising, leading, and controlling including strategy, change management, and organisational behaviour.","Strategic planning, team leadership, change management, performance measurement, stakeholder analysis",https://www.hanu.edu.vn/,Undergraduate,3 Credits / 1 Semester,Khoi D01 preferred. IELTS 5.5+.
Hanoi University (HANU),International Business,INT203 Export-Import Procedures,"This module covers export-import procedures, part of the International Business programme at Hanoi University (HANU). Students explore core theoretical and applied aspects, building competencies for professional practice.","Core export-import procedures concepts, theoretical framework application, analytical problem-solving, academic research skills, practical export-import procedures implementation",https://www.hanu.edu.vn/,Undergraduate,3 Credits / 1 Semester,Khoi D01 preferred. IELTS 5.5+.
Hanoi University (HANU),International Business,FIN201 International Finance,"This module covers international finance, part of the International Business programme at Hanoi University (HANU). Students explore core theoretical and applied aspects, building competencies for professional practice.","Core international finance concepts, theoretical framework application, analytical problem-solving, academic research skills, practical international finance implementation",https://www.hanu.edu.vn/,Undergraduate,3 Credits / 1 Semester,Khoi D01 preferred. IELTS 5.5+.
Hanoi University (HANU),International Business,LOG201 Global Logistics,"Covers freight forwarding, customs, warehousing, transport management, and global supply chain optimisation.","Freight documentation, customs procedures, warehouse layout, route optimisation, supply chain analytics",https://www.hanu.edu.vn/,Undergraduate,3 Credits / 1 Semester,Khoi D01 preferred. IELTS 5.5+.
Hanoi University (HANU),International Business,INT301 WTO and Trade Agreements,"This module covers wto and trade agreements, part of the International Business programme at Hanoi University (HANU). Students explore core theoretical and applied aspects, building competencies for professional practice.","Core wto and trade agreements concepts, theoretical framework application, analytical problem-solving, academic research skills, practical wto and trade agreements implementation",https://www.hanu.edu.vn/,Undergraduate,3 Credits / 1 Semester,Khoi D01 preferred. IELTS 5.5+.
Hanoi University (HANU),International Business,INT302 Foreign Direct Investment,"Examines equities, bonds, derivatives, portfolio construction, and performance evaluation.","Security valuation, portfolio construction, derivative pricing, performance attribution, factor model application",https://www.hanu.edu.vn/,Undergraduate,3 Credits / 1 Semester,Khoi D01 preferred. IELTS 5.5+.
Hanoi University (HANU),International Business,INT303 Global Value Chains,"This module covers global value chains, part of the International Business programme at Hanoi University (HANU). Students explore core theoretical and applied aspects, building competencies for professional practice.","Core global value chains concepts, theoretical framework application, analytical problem-solving, academic research skills, practical global value chains implementation",https://www.hanu.edu.vn/,Undergraduate,3 Credits / 1 Semester,Khoi D01 preferred. IELTS 5.5+.
Hanoi University (HANU),International Business,INT304 International Marketing,"Explores market segmentation, consumer behaviour, product development, pricing strategy, and digital marketing channels.","Market segmentation, consumer analysis, brand positioning, marketing mix optimisation, digital strategy",https://www.hanu.edu.vn/,Undergraduate,3 Credits / 1 Semester,Khoi D01 preferred. IELTS 5.5+.
Hanoi University (HANU),International Business,INT401 International Business Strategy,"This module covers international business strategy, part of the International Business programme at Hanoi University (HANU). Students explore core theoretical and applied aspects, building competencies for professional practice.","Core international business strategy concepts, theoretical framework application, analytical problem-solving, academic research skills, practical international business strategy implementation",https://www.hanu.edu.vn/,Undergraduate,3 Credits / 1 Semester,Khoi D01 preferred. IELTS 5.5+.
Hanoi University (HANU),International Business,INT402 Emerging Markets,"This module covers emerging markets, part of the International Business programme at Hanoi University (HANU). Students explore core theoretical and applied aspects, building competencies for professional practice.","Core emerging markets concepts, theoretical framework application, analytical problem-solving, academic research skills, practical emerging markets implementation",https://www.hanu.edu.vn/,Undergraduate,3 Credits / 1 Semester,Khoi D01 preferred. IELTS 5.5+.
Hanoi University (HANU),International Business,INT900 IB Thesis,"This module covers ib thesis, part of the International Business programme at Hanoi University (HANU). Students explore core theoretical and applied aspects, building competencies for professional practice.","Core ib thesis concepts, theoretical framework application, analytical problem-solving, academic research skills, practical ib thesis implementation",https://www.hanu.edu.vn/,Undergraduate,9 Credits / 1 Semester,Khoi D01 preferred. IELTS 5.5+.
Foreign Trade University (FTU),International Business,INT1001 Introduction to International Business,"This module covers introduction to international business, part of the International Business programme at Foreign Trade University (FTU). Students explore core theoretical and applied aspects, building competencies for professional practice.","Core introduction to international business concepts, theoretical framework application, analytical problem-solving, academic research skills, practical introduction to international business implementation",https://www.ftu.edu.vn/,Undergraduate,3 Credits / 1 Semester,Khoi D01 preferred. IELTS 5.5+.
Foreign Trade University (FTU),International Business,ECO1001 Microeconomics,Analyses individual and firm behaviour and national economic systems with policy implications.,"Supply-demand analysis, elasticity calculation, game theory, GDP interpretation, fiscal policy assessment",https://www.ftu.edu.vn/,Undergraduate,3 Credits / 1 Semester,Khoi D01 preferred. IELTS 5.5+.
Foreign Trade University (FTU),International Business,LAW1001 International Commercial Law,"Introduces legal principles, contract formation, tort liability, and legal reasoning through case analysis.","Legal case analysis, contract elements, tort assessment, statutory interpretation, legal research",https://www.ftu.edu.vn/,Undergraduate,3 Credits / 1 Semester,Khoi D01 preferred. IELTS 5.5+.
Foreign Trade University (FTU),International Business,INT1002 Business English,"This module covers business english, part of the International Business programme at Foreign Trade University (FTU). Students explore core theoretical and applied aspects, building competencies for professional practice.","Core business english concepts, theoretical framework application, analytical problem-solving, academic research skills, practical business english implementation",https://www.ftu.edu.vn/,Undergraduate,3 Credits / 1 Semester,Khoi D01 preferred. IELTS 5.5+.
Foreign Trade University (FTU),International Business,INT2001 International Trade Policy,"Examines comparative advantage, trade policy, tariffs, and global supply chain management.","Trade policy analysis, comparative advantage modelling, tariff impact, WTO framework, export documentation",https://www.ftu.edu.vn/,Undergraduate,3 Credits / 1 Semester,Khoi D01 preferred. IELTS 5.5+.
Foreign Trade University (FTU),International Business,INT2002 Cross-Cultural Management,"Covers planning, organising, leading, and controlling including strategy, change management, and organisational behaviour.","Strategic planning, team leadership, change management, performance measurement, stakeholder analysis",https://www.ftu.edu.vn/,Undergraduate,3 Credits / 1 Semester,Khoi D01 preferred. IELTS 5.5+.
Foreign Trade University (FTU),International Business,INT2003 Export-Import Procedures,"This module covers export-import procedures, part of the International Business programme at Foreign Trade University (FTU). Students explore core theoretical and applied aspects, building competencies for professional practice.","Core export-import procedures concepts, theoretical framework application, analytical problem-solving, academic research skills, practical export-import procedures implementation",https://www.ftu.edu.vn/,Undergraduate,3 Credits / 1 Semester,Khoi D01 preferred. IELTS 5.5+.
Foreign Trade University (FTU),International Business,FIN2001 International Finance,"This module covers international finance, part of the International Business programme at Foreign Trade University (FTU). Students explore core theoretical and applied aspects, building competencies for professional practice.","Core international finance concepts, theoretical framework application, analytical problem-solving, academic research skills, practical international finance implementation",https://www.ftu.edu.vn/,Undergraduate,3 Credits / 1 Semester,Khoi D01 preferred. IELTS 5.5+.
Foreign Trade University (FTU),International Business,LOG2001 Global Logistics,"Covers freight forwarding, customs, warehousing, transport management, and global supply chain optimisation.","Freight documentation, customs procedures, warehouse layout, route optimisation, supply chain analytics",https://www.ftu.edu.vn/,Undergraduate,3 Credits / 1 Semester,Khoi D01 preferred. IELTS 5.5+.
Foreign Trade University (FTU),International Business,INT2004 Global Value Chains,"This module covers global value chains, part of the International Business programme at Foreign Trade University (FTU). Students explore core theoretical and applied aspects, building competencies for professional practice.","Core global value chains concepts, theoretical framework application, analytical problem-solving, academic research skills, practical global value chains implementation",https://www.ftu.edu.vn/,Undergraduate,3 Credits / 1 Semester,Khoi D01 preferred. IELTS 5.5+.
Foreign Trade University (FTU),International Business,INT3001 WTO Law and Agreements,"Introduces legal principles, contract formation, tort liability, and legal reasoning through case analysis.","Legal case analysis, contract elements, tort assessment, statutory interpretation, legal research",https://www.ftu.edu.vn/,Undergraduate,3 Credits / 1 Semester,Khoi D01 preferred. IELTS 5.5+.
Foreign Trade University (FTU),International Business,INT3002 Foreign Direct Investment,"Examines equities, bonds, derivatives, portfolio construction, and performance evaluation.","Security valuation, portfolio construction, derivative pricing, performance attribution, factor model application",https://www.ftu.edu.vn/,Undergraduate,3 Credits / 1 Semester,Khoi D01 preferred. IELTS 5.5+.
Foreign Trade University (FTU),International Business,INT3003 International Marketing,"Explores market segmentation, consumer behaviour, product development, pricing strategy, and digital marketing channels.","Market segmentation, consumer analysis, brand positioning, marketing mix optimisation, digital strategy",https://www.ftu.edu.vn/,Undergraduate,3 Credits / 1 Semester,Khoi D01 preferred. IELTS 5.5+.
Foreign Trade University (FTU),International Business,INT3004 Multinational Enterprise Management,"Covers planning, organising, leading, and controlling including strategy, change management, and organisational behaviour.","Strategic planning, team leadership, change management, performance measurement, stakeholder analysis",https://www.ftu.edu.vn/,Undergraduate,3 Credits / 1 Semester,Khoi D01 preferred. IELTS 5.5+.
Foreign Trade University (FTU),International Business,INT3005 Digital Trade and E-Commerce,"This module covers digital trade and e-commerce, part of the International Business programme at Foreign Trade University (FTU). Students explore core theoretical and applied aspects, building competencies for professional practice.","Core digital trade and e-commerce concepts, theoretical framework application, analytical problem-solving, academic research skills, practical digital trade and e-commerce implementation",https://www.ftu.edu.vn/,Undergraduate,3 Credits / 1 Semester,Khoi D01 preferred. IELTS 5.5+.
Foreign Trade University (FTU),International Business,INT4001 International Business Strategy,"This module covers international business strategy, part of the International Business programme at Foreign Trade University (FTU). Students explore core theoretical and applied aspects, building competencies for professional practice.","Core international business strategy concepts, theoretical framework application, analytical problem-solving, academic research skills, practical international business strategy implementation",https://www.ftu.edu.vn/,Undergraduate,3 Credits / 1 Semester,Khoi D01 preferred. IELTS 5.5+.
Foreign Trade University (FTU),International Business,INT4002 Emerging Markets,"This module covers emerging markets, part of the International Business programme at Foreign Trade University (FTU). Students explore core theoretical and applied aspects, building competencies for professional practice.","Core emerging markets concepts, theoretical framework application, analytical problem-solving, academic research skills, practical emerging markets implementation",https://www.ftu.edu.vn/,Undergraduate,3 Credits / 1 Semester,Khoi D01 preferred. IELTS 5.5+.
Foreign Trade University (FTU),International Business,INT4003 International Business Negotiation,"This module covers international business negotiation, part of the International Business programme at Foreign Trade University (FTU). Students explore core theoretical and applied aspects, building competencies for professional practice.","Core international business negotiation concepts, theoretical framework application, analytical problem-solving, academic research skills, practical international business negotiation implementation",https://www.ftu.edu.vn/,Undergraduate,3 Credits / 1 Semester,Khoi D01 preferred. IELTS 5.5+.
Foreign Trade University (FTU),International Business,INT4900 IB Thesis,"This module covers ib thesis, part of the International Business programme at Foreign Trade University (FTU). Students explore core theoretical and applied aspects, building competencies for professional practice.","Core ib thesis concepts, theoretical framework application, analytical problem-solving, academic research skills, practical ib thesis implementation",https://www.ftu.edu.vn/,Undergraduate,9 Credits / 1 Semester,Khoi D01 preferred. IELTS 5.5+.
Foreign Trade University (FTU),Finance,FIN1001 Principles of Finance,"This module covers principles of finance, part of the Finance programme at Foreign Trade University (FTU). Students explore core theoretical and applied aspects, building competencies for professional practice.","Core principles of finance concepts, theoretical framework application, analytical problem-solving, academic research skills, practical principles of finance implementation",https://www.ftu.edu.vn/,Undergraduate,3 Credits / 1 Semester,Khoi A00/A01/D01. IELTS 5.5+.
Foreign Trade University (FTU),Finance,ACC1001 Financial Accounting,"Introduces financial and managerial accounting including double-entry bookkeeping, financial statement preparation, and cost accounting.","Double-entry bookkeeping, balance sheet preparation, income statement analysis, CVP analysis, ratio interpretation",https://www.ftu.edu.vn/,Undergraduate,3 Credits / 1 Semester,Khoi A00/A01/D01. IELTS 5.5+.
Foreign Trade University (FTU),Finance,FIN2001 Corporate Finance,"This module covers corporate finance, part of the Finance programme at Foreign Trade University (FTU). Students explore core theoretical and applied aspects, building competencies for professional practice.","Core corporate finance concepts, theoretical framework application, analytical problem-solving, academic research skills, practical corporate finance implementation",https://www.ftu.edu.vn/,Undergraduate,3 Credits / 1 Semester,Khoi A00/A01/D01. IELTS 5.5+.
Foreign Trade University (FTU),Finance,FIN2002 Financial Markets,"Examines time value of money, capital budgeting, risk and return, portfolio theory, and corporate financing decisions.","DCF valuation, portfolio analysis, CAPM application, capital structure decisions, financial modelling",https://www.ftu.edu.vn/,Undergraduate,3 Credits / 1 Semester,Khoi A00/A01/D01. IELTS 5.5+.
Foreign Trade University (FTU),Finance,FIN2003 International Finance,"This module covers international finance, part of the Finance programme at Foreign Trade University (FTU). Students explore core theoretical and applied aspects, building competencies for professional practice.","Core international finance concepts, theoretical framework application, analytical problem-solving, academic research skills, practical international finance implementation",https://www.ftu.edu.vn/,Undergraduate,3 Credits / 1 Semester,Khoi A00/A01/D01. IELTS 5.5+.
Foreign Trade University (FTU),Finance,FIN2004 Foreign Exchange Markets,"This module covers foreign exchange markets, part of the Finance programme at Foreign Trade University (FTU). Students explore core theoretical and applied aspects, building competencies for professional practice.","Core foreign exchange markets concepts, theoretical framework application, analytical problem-solving, academic research skills, practical foreign exchange markets implementation",https://www.ftu.edu.vn/,Undergraduate,3 Credits / 1 Semester,Khoi A00/A01/D01. IELTS 5.5+.
Foreign Trade University (FTU),Finance,FIN3001 Investment Analysis,"Examines equities, bonds, derivatives, portfolio construction, and performance evaluation.","Security valuation, portfolio construction, derivative pricing, performance attribution, factor model application",https://www.ftu.edu.vn/,Undergraduate,3 Credits / 1 Semester,Khoi A00/A01/D01. IELTS 5.5+.
Foreign Trade University (FTU),Finance,FIN3002 Portfolio Management,"Covers planning, organising, leading, and controlling including strategy, change management, and organisational behaviour.","Strategic planning, team leadership, change management, performance measurement, stakeholder analysis",https://www.ftu.edu.vn/,Undergraduate,3 Credits / 1 Semester,Khoi A00/A01/D01. IELTS 5.5+.
Foreign Trade University (FTU),Finance,FIN3003 Trade Finance and Credit,"This module covers trade finance and credit, part of the Finance programme at Foreign Trade University (FTU). Students explore core theoretical and applied aspects, building competencies for professional practice.","Core trade finance and credit concepts, theoretical framework application, analytical problem-solving, academic research skills, practical trade finance and credit implementation",https://www.ftu.edu.vn/,Undergraduate,3 Credits / 1 Semester,Khoi A00/A01/D01. IELTS 5.5+.
Foreign Trade University (FTU),Finance,FIN3004 Derivatives and Risk Management,"Covers planning, organising, leading, and controlling including strategy, change management, and organisational behaviour.","Strategic planning, team leadership, change management, performance measurement, stakeholder analysis",https://www.ftu.edu.vn/,Undergraduate,3 Credits / 1 Semester,Khoi A00/A01/D01. IELTS 5.5+.
Foreign Trade University (FTU),Finance,FIN4001 Financial Modelling,"Examines time value of money, capital budgeting, risk and return, portfolio theory, and corporate financing decisions.","DCF valuation, portfolio analysis, CAPM application, capital structure decisions, financial modelling",https://www.ftu.edu.vn/,Undergraduate,3 Credits / 1 Semester,Khoi A00/A01/D01. IELTS 5.5+.
Foreign Trade University (FTU),Finance,FIN4002 FinTech,"This module covers fintech, part of the Finance programme at Foreign Trade University (FTU). Students explore core theoretical and applied aspects, building competencies for professional practice.","Core fintech concepts, theoretical framework application, analytical problem-solving, academic research skills, practical fintech implementation",https://www.ftu.edu.vn/,Undergraduate,3 Credits / 1 Semester,Khoi A00/A01/D01. IELTS 5.5+.
Foreign Trade University (FTU),Finance,FIN4003 Mergers and Acquisitions,"This module covers mergers and acquisitions, part of the Finance programme at Foreign Trade University (FTU). Students explore core theoretical and applied aspects, building competencies for professional practice.","Core mergers and acquisitions concepts, theoretical framework application, analytical problem-solving, academic research skills, practical mergers and acquisitions implementation",https://www.ftu.edu.vn/,Undergraduate,3 Credits / 1 Semester,Khoi A00/A01/D01. IELTS 5.5+.
Foreign Trade University (FTU),Finance,FIN4900 Finance Thesis,"This module covers finance thesis, part of the Finance programme at Foreign Trade University (FTU). Students explore core theoretical and applied aspects, building competencies for professional practice.","Core finance thesis concepts, theoretical framework application, analytical problem-solving, academic research skills, practical finance thesis implementation",https://www.ftu.edu.vn/,Undergraduate,9 Credits / 1 Semester,Khoi A00/A01/D01. IELTS 5.5+.
Foreign Trade University (FTU),Accounting,ACC1002 Business Law,"Introduces legal principles, contract formation, tort liability, and legal reasoning through case analysis.","Legal case analysis, contract elements, tort assessment, statutory interpretation, legal research",https://www.ftu.edu.vn/,Undergraduate,3 Credits / 1 Semester,Khoi A00/A01/D01. IELTS 5.5+.
Foreign Trade University (FTU),Accounting,ACC2001 Intermediate Accounting,"Introduces financial and managerial accounting including double-entry bookkeeping, financial statement preparation, and cost accounting.","Double-entry bookkeeping, balance sheet preparation, income statement analysis, CVP analysis, ratio interpretation",https://www.ftu.edu.vn/,Undergraduate,3 Credits / 1 Semester,Khoi A00/A01/D01. IELTS 5.5+.
Foreign Trade University (FTU),Accounting,ACC2002 Managerial Accounting,"Introduces financial and managerial accounting including double-entry bookkeeping, financial statement preparation, and cost accounting.","Double-entry bookkeeping, balance sheet preparation, income statement analysis, CVP analysis, ratio interpretation",https://www.ftu.edu.vn/,Undergraduate,3 Credits / 1 Semester,Khoi A00/A01/D01. IELTS 5.5+.
Foreign Trade University (FTU),Accounting,ACC2003 Cost Accounting,"Introduces financial and managerial accounting including double-entry bookkeeping, financial statement preparation, and cost accounting.","Double-entry bookkeeping, balance sheet preparation, income statement analysis, CVP analysis, ratio interpretation",https://www.ftu.edu.vn/,Undergraduate,3 Credits / 1 Semester,Khoi A00/A01/D01. IELTS 5.5+.
Foreign Trade University (FTU),Accounting,ACC2004 Tax Accounting,"Introduces financial and managerial accounting including double-entry bookkeeping, financial statement preparation, and cost accounting.","Double-entry bookkeeping, balance sheet preparation, income statement analysis, CVP analysis, ratio interpretation",https://www.ftu.edu.vn/,Undergraduate,3 Credits / 1 Semester,Khoi A00/A01/D01. IELTS 5.5+.
Foreign Trade University (FTU),Accounting,ACC3001 Auditing,"This module covers auditing, part of the Accounting programme at Foreign Trade University (FTU). Students explore core theoretical and applied aspects, building competencies for professional practice.","Core auditing concepts, theoretical framework application, analytical problem-solving, academic research skills, practical auditing implementation",https://www.ftu.edu.vn/,Undergraduate,3 Credits / 1 Semester,Khoi A00/A01/D01. IELTS 5.5+.
Foreign Trade University (FTU),Accounting,ACC3002 Advanced Financial Accounting,"Introduces financial and managerial accounting including double-entry bookkeeping, financial statement preparation, and cost accounting.","Double-entry bookkeeping, balance sheet preparation, income statement analysis, CVP analysis, ratio interpretation",https://www.ftu.edu.vn/,Undergraduate,3 Credits / 1 Semester,Khoi A00/A01/D01. IELTS 5.5+.
Foreign Trade University (FTU),Accounting,ACC3003 Accounting Information Systems,"Introduces financial and managerial accounting including double-entry bookkeeping, financial statement preparation, and cost accounting.","Double-entry bookkeeping, balance sheet preparation, income statement analysis, CVP analysis, ratio interpretation",https://www.ftu.edu.vn/,Undergraduate,3 Credits / 1 Semester,Khoi A00/A01/D01. IELTS 5.5+.
Foreign Trade University (FTU),Accounting,ACC3004 International Accounting IFRS,"Introduces financial and managerial accounting including double-entry bookkeeping, financial statement preparation, and cost accounting.","Double-entry bookkeeping, balance sheet preparation, income statement analysis, CVP analysis, ratio interpretation",https://www.ftu.edu.vn/,Undergraduate,3 Credits / 1 Semester,Khoi A00/A01/D01. IELTS 5.5+.
Foreign Trade University (FTU),Accounting,ACC4001 Forensic Accounting,"Introduces financial and managerial accounting including double-entry bookkeeping, financial statement preparation, and cost accounting.","Double-entry bookkeeping, balance sheet preparation, income statement analysis, CVP analysis, ratio interpretation",https://www.ftu.edu.vn/,Undergraduate,3 Credits / 1 Semester,Khoi A00/A01/D01. IELTS 5.5+.
Foreign Trade University (FTU),Accounting,ACC4002 Government Accounting,"Introduces financial and managerial accounting including double-entry bookkeeping, financial statement preparation, and cost accounting.","Double-entry bookkeeping, balance sheet preparation, income statement analysis, CVP analysis, ratio interpretation",https://www.ftu.edu.vn/,Undergraduate,3 Credits / 1 Semester,Khoi A00/A01/D01. IELTS 5.5+.
Foreign Trade University (FTU),Accounting,ACC4003 Corporate Reporting,"This module covers corporate reporting, part of the Accounting programme at Foreign Trade University (FTU). Students explore core theoretical and applied aspects, building competencies for professional practice.","Core corporate reporting concepts, theoretical framework application, analytical problem-solving, academic research skills, practical corporate reporting implementation",https://www.ftu.edu.vn/,Undergraduate,3 Credits / 1 Semester,Khoi A00/A01/D01. IELTS 5.5+.
Foreign Trade University (FTU),Accounting,ACC4900 Accounting Thesis,"Introduces financial and managerial accounting including double-entry bookkeeping, financial statement preparation, and cost accounting.","Double-entry bookkeeping, balance sheet preparation, income statement analysis, CVP analysis, ratio interpretation",https://www.ftu.edu.vn/,Undergraduate,9 Credits / 1 Semester,Khoi A00/A01/D01. IELTS 5.5+.
Foreign Trade University (FTU),Marketing,MKT1001 Marketing Principles,"Explores market segmentation, consumer behaviour, product development, pricing strategy, and digital marketing channels.","Market segmentation, consumer analysis, brand positioning, marketing mix optimisation, digital strategy",https://www.ftu.edu.vn/,Undergraduate,3 Credits / 1 Semester,Khoi D01/A00/A01. IELTS 5.5+.
Foreign Trade University (FTU),Marketing,MKT2001 Consumer Behaviour,"This module covers consumer behaviour, part of the Marketing programme at Foreign Trade University (FTU). Students explore core theoretical and applied aspects, building competencies for professional practice.","Core consumer behaviour concepts, theoretical framework application, analytical problem-solving, academic research skills, practical consumer behaviour implementation",https://www.ftu.edu.vn/,Undergraduate,3 Credits / 1 Semester,Khoi D01/A00/A01. IELTS 5.5+.
Foreign Trade University (FTU),Marketing,MKT2002 International Marketing,"Explores market segmentation, consumer behaviour, product development, pricing strategy, and digital marketing channels.","Market segmentation, consumer analysis, brand positioning, marketing mix optimisation, digital strategy",https://www.ftu.edu.vn/,Undergraduate,3 Credits / 1 Semester,Khoi D01/A00/A01. IELTS 5.5+.
Foreign Trade University (FTU),Marketing,MKT2003 Market Research,"This module covers market research, part of the Marketing programme at Foreign Trade University (FTU). Students explore core theoretical and applied aspects, building competencies for professional practice.","Core market research concepts, theoretical framework application, analytical problem-solving, academic research skills, practical market research implementation",https://www.ftu.edu.vn/,Undergraduate,3 Credits / 1 Semester,Khoi D01/A00/A01. IELTS 5.5+.
Foreign Trade University (FTU),Marketing,MKT2004 Brand Management,"Covers planning, organising, leading, and controlling including strategy, change management, and organisational behaviour.","Strategic planning, team leadership, change management, performance measurement, stakeholder analysis",https://www.ftu.edu.vn/,Undergraduate,3 Credits / 1 Semester,Khoi D01/A00/A01. IELTS 5.5+.
Foreign Trade University (FTU),Marketing,MKT3001 Digital Marketing,"Covers SEO, SEM, social media, content marketing, analytics, and marketing automation.","SEO/SEM optimisation, social media strategy, content marketing, Google Analytics, marketing automation",https://www.ftu.edu.vn/,Undergraduate,3 Credits / 1 Semester,Khoi D01/A00/A01. IELTS 5.5+.
Foreign Trade University (FTU),Marketing,MKT3002 Social Media Marketing,"Explores market segmentation, consumer behaviour, product development, pricing strategy, and digital marketing channels.","Market segmentation, consumer analysis, brand positioning, marketing mix optimisation, digital strategy",https://www.ftu.edu.vn/,Undergraduate,3 Credits / 1 Semester,Khoi D01/A00/A01. IELTS 5.5+.
Foreign Trade University (FTU),Marketing,MKT3003 E-Commerce,"This module covers e-commerce, part of the Marketing programme at Foreign Trade University (FTU). Students explore core theoretical and applied aspects, building competencies for professional practice.","Core e-commerce concepts, theoretical framework application, analytical problem-solving, academic research skills, practical e-commerce implementation",https://www.ftu.edu.vn/,Undergraduate,3 Credits / 1 Semester,Khoi D01/A00/A01. IELTS 5.5+.
Foreign Trade University (FTU),Marketing,MKT3004 Export Marketing,"Explores market segmentation, consumer behaviour, product development, pricing strategy, and digital marketing channels.","Market segmentation, consumer analysis, brand positioning, marketing mix optimisation, digital strategy",https://www.ftu.edu.vn/,Undergraduate,3 Credits / 1 Semester,Khoi D01/A00/A01. IELTS 5.5+.
Foreign Trade University (FTU),Marketing,MKT3005 Advertising Management,"Covers planning, organising, leading, and controlling including strategy, change management, and organisational behaviour.","Strategic planning, team leadership, change management, performance measurement, stakeholder analysis",https://www.ftu.edu.vn/,Undergraduate,3 Credits / 1 Semester,Khoi D01/A00/A01. IELTS 5.5+.
Foreign Trade University (FTU),Marketing,MKT4001 Marketing Analytics,"Explores market segmentation, consumer behaviour, product development, pricing strategy, and digital marketing channels.","Market segmentation, consumer analysis, brand positioning, marketing mix optimisation, digital strategy",https://www.ftu.edu.vn/,Undergraduate,3 Credits / 1 Semester,Khoi D01/A00/A01. IELTS 5.5+.
Foreign Trade University (FTU),Marketing,MKT4002 Marketing Strategy,"Explores market segmentation, consumer behaviour, product development, pricing strategy, and digital marketing channels.","Market segmentation, consumer analysis, brand positioning, marketing mix optimisation, digital strategy",https://www.ftu.edu.vn/,Undergraduate,3 Credits / 1 Semester,Khoi D01/A00/A01. IELTS 5.5+.
Foreign Trade University (FTU),Marketing,MKT4003 B2B Marketing,"Explores market segmentation, consumer behaviour, product development, pricing strategy, and digital marketing channels.","Market segmentation, consumer analysis, brand positioning, marketing mix optimisation, digital strategy",https://www.ftu.edu.vn/,Undergraduate,3 Credits / 1 Semester,Khoi D01/A00/A01. IELTS 5.5+.
Foreign Trade University (FTU),Marketing,MKT4900 Marketing Thesis,"Explores market segmentation, consumer behaviour, product development, pricing strategy, and digital marketing channels.","Market segmentation, consumer analysis, brand positioning, marketing mix optimisation, digital strategy",https://www.ftu.edu.vn/,Undergraduate,9 Credits / 1 Semester,Khoi D01/A00/A01. IELTS 5.5+.
Foreign Trade University (FTU),Logistics and Supply Chain,LOG1001 Introduction to Logistics,"Covers freight forwarding, customs, warehousing, transport management, and global supply chain optimisation.","Freight documentation, customs procedures, warehouse layout, route optimisation, supply chain analytics",https://www.ftu.edu.vn/,Undergraduate,3 Credits / 1 Semester,Khoi A00/A01/D01. IELTS 5.5+.
Foreign Trade University (FTU),Logistics and Supply Chain,LOG1002 Introduction to Supply Chain,"Covers supply chain design, procurement, inventory management, demand forecasting, and logistics optimisation.","Inventory optimisation, demand forecasting, supplier evaluation, logistics cost analysis, risk management",https://www.ftu.edu.vn/,Undergraduate,3 Credits / 1 Semester,Khoi A00/A01/D01. IELTS 5.5+.
Foreign Trade University (FTU),Logistics and Supply Chain,LOG2001 Freight Forwarding,"This module covers freight forwarding, part of the Logistics and Supply Chain programme at Foreign Trade University (FTU). Students explore core theoretical and applied aspects, building competencies for professional practice.","Core freight forwarding concepts, theoretical framework application, analytical problem-solving, academic research skills, practical freight forwarding implementation",https://www.ftu.edu.vn/,Undergraduate,3 Credits / 1 Semester,Khoi A00/A01/D01. IELTS 5.5+.
Foreign Trade University (FTU),Logistics and Supply Chain,LOG2002 Customs Procedures,"This module covers customs procedures, part of the Logistics and Supply Chain programme at Foreign Trade University (FTU). Students explore core theoretical and applied aspects, building competencies for professional practice.","Core customs procedures concepts, theoretical framework application, analytical problem-solving, academic research skills, practical customs procedures implementation",https://www.ftu.edu.vn/,Undergraduate,3 Credits / 1 Semester,Khoi A00/A01/D01. IELTS 5.5+.
Foreign Trade University (FTU),Logistics and Supply Chain,LOG2003 Port and Shipping Operations,"This module covers port and shipping operations, part of the Logistics and Supply Chain programme at Foreign Trade University (FTU). Students explore core theoretical and applied aspects, building competencies for professional practice.","Core port and shipping operations concepts, theoretical framework application, analytical problem-solving, academic research skills, practical port and shipping operations implementation",https://www.ftu.edu.vn/,Undergraduate,3 Credits / 1 Semester,Khoi A00/A01/D01. IELTS 5.5+.
Foreign Trade University (FTU),Logistics and Supply Chain,LOG2004 Warehouse Management,"Covers planning, organising, leading, and controlling including strategy, change management, and organisational behaviour.","Strategic planning, team leadership, change management, performance measurement, stakeholder analysis",https://www.ftu.edu.vn/,Undergraduate,3 Credits / 1 Semester,Khoi A00/A01/D01. IELTS 5.5+.
Foreign Trade University (FTU),Logistics and Supply Chain,LOG3001 Global Logistics,"Covers freight forwarding, customs, warehousing, transport management, and global supply chain optimisation.","Freight documentation, customs procedures, warehouse layout, route optimisation, supply chain analytics",https://www.ftu.edu.vn/,Undergraduate,3 Credits / 1 Semester,Khoi A00/A01/D01. IELTS 5.5+.
Foreign Trade University (FTU),Logistics and Supply Chain,LOG3002 Inventory Management,"Covers planning, organising, leading, and controlling including strategy, change management, and organisational behaviour.","Strategic planning, team leadership, change management, performance measurement, stakeholder analysis",https://www.ftu.edu.vn/,Undergraduate,3 Credits / 1 Semester,Khoi A00/A01/D01. IELTS 5.5+.
Foreign Trade University (FTU),Logistics and Supply Chain,LOG3003 Procurement Management,"Covers planning, organising, leading, and controlling including strategy, change management, and organisational behaviour.","Strategic planning, team leadership, change management, performance measurement, stakeholder analysis",https://www.ftu.edu.vn/,Undergraduate,3 Credits / 1 Semester,Khoi A00/A01/D01. IELTS 5.5+.
Foreign Trade University (FTU),Logistics and Supply Chain,LOG3004 Transport Management,"Covers planning, organising, leading, and controlling including strategy, change management, and organisational behaviour.","Strategic planning, team leadership, change management, performance measurement, stakeholder analysis",https://www.ftu.edu.vn/,Undergraduate,3 Credits / 1 Semester,Khoi A00/A01/D01. IELTS 5.5+.
Foreign Trade University (FTU),Logistics and Supply Chain,LOG3005 Supply Chain Analytics,"Covers supply chain design, procurement, inventory management, demand forecasting, and logistics optimisation.","Inventory optimisation, demand forecasting, supplier evaluation, logistics cost analysis, risk management",https://www.ftu.edu.vn/,Undergraduate,3 Credits / 1 Semester,Khoi A00/A01/D01. IELTS 5.5+.
Foreign Trade University (FTU),Logistics and Supply Chain,LOG4001 Green Logistics,"Covers freight forwarding, customs, warehousing, transport management, and global supply chain optimisation.","Freight documentation, customs procedures, warehouse layout, route optimisation, supply chain analytics",https://www.ftu.edu.vn/,Undergraduate,3 Credits / 1 Semester,Khoi A00/A01/D01. IELTS 5.5+.
Foreign Trade University (FTU),Logistics and Supply Chain,LOG4002 Digital Supply Chain,"Covers supply chain design, procurement, inventory management, demand forecasting, and logistics optimisation.","Inventory optimisation, demand forecasting, supplier evaluation, logistics cost analysis, risk management",https://www.ftu.edu.vn/,Undergraduate,3 Credits / 1 Semester,Khoi A00/A01/D01. IELTS 5.5+.
Foreign Trade University (FTU),Logistics and Supply Chain,LOG4003 Risk Management in Logistics,"Covers planning, organising, leading, and controlling including strategy, change management, and organisational behaviour.","Strategic planning, team leadership, change management, performance measurement, stakeholder analysis",https://www.ftu.edu.vn/,Undergraduate,3 Credits / 1 Semester,Khoi A00/A01/D01. IELTS 5.5+.
Foreign Trade University (FTU),Logistics and Supply Chain,LOG4900 Logistics Thesis,"Covers freight forwarding, customs, warehousing, transport management, and global supply chain optimisation.","Freight documentation, customs procedures, warehouse layout, route optimisation, supply chain analytics",https://www.ftu.edu.vn/,Undergraduate,9 Credits / 1 Semester,Khoi A00/A01/D01. IELTS 5.5+.
National Economics University (NEU),Economics,ECO101 Microeconomics,Analyses individual and firm behaviour and national economic systems with policy implications.,"Supply-demand analysis, elasticity calculation, game theory, GDP interpretation, fiscal policy assessment",https://neu.edu.vn/,Undergraduate,3 Credits / 1 Semester,Khoi A00/A01/D01. Quantitative aptitude.
National Economics University (NEU),Economics,ECO102 Macroeconomics,Analyses individual and firm behaviour and national economic systems with policy implications.,"Supply-demand analysis, elasticity calculation, game theory, GDP interpretation, fiscal policy assessment",https://neu.edu.vn/,Undergraduate,3 Credits / 1 Semester,Khoi A00/A01/D01. Quantitative aptitude.
National Economics University (NEU),Economics,MATH101 Mathematics for Economics,Analyses individual and firm behaviour and national economic systems with policy implications.,"Supply-demand analysis, elasticity calculation, game theory, GDP interpretation, fiscal policy assessment",https://neu.edu.vn/,Undergraduate,3 Credits / 1 Semester,Khoi A00/A01/D01. Quantitative aptitude.
National Economics University (NEU),Economics,STAT101 Statistics,"This module covers statistics, part of the Economics programme at National Economics University (NEU). Students explore core theoretical and applied aspects, building competencies for professional practice.","Core statistics concepts, theoretical framework application, analytical problem-solving, academic research skills, practical statistics implementation",https://neu.edu.vn/,Undergraduate,3 Credits / 1 Semester,Khoi A00/A01/D01. Quantitative aptitude.
National Economics University (NEU),Economics,ECO201 Intermediate Microeconomics,Analyses individual and firm behaviour and national economic systems with policy implications.,"Supply-demand analysis, elasticity calculation, game theory, GDP interpretation, fiscal policy assessment",https://neu.edu.vn/,Undergraduate,3 Credits / 1 Semester,Khoi A00/A01/D01. Quantitative aptitude.
National Economics University (NEU),Economics,ECO202 Intermediate Macroeconomics,Analyses individual and firm behaviour and national economic systems with policy implications.,"Supply-demand analysis, elasticity calculation, game theory, GDP interpretation, fiscal policy assessment",https://neu.edu.vn/,Undergraduate,3 Credits / 1 Semester,Khoi A00/A01/D01. Quantitative aptitude.
National Economics University (NEU),Economics,ECO203 Development Economics,Analyses individual and firm behaviour and national economic systems with policy implications.,"Supply-demand analysis, elasticity calculation, game theory, GDP interpretation, fiscal policy assessment",https://neu.edu.vn/,Undergraduate,3 Credits / 1 Semester,Khoi A00/A01/D01. Quantitative aptitude.
National Economics University (NEU),Economics,ECO204 Labour Economics,Analyses individual and firm behaviour and national economic systems with policy implications.,"Supply-demand analysis, elasticity calculation, game theory, GDP interpretation, fiscal policy assessment",https://neu.edu.vn/,Undergraduate,3 Credits / 1 Semester,Khoi A00/A01/D01. Quantitative aptitude.
National Economics University (NEU),Economics,ECO301 Econometrics 1,"Covers linear regression, time series analysis, panel data methods, and causal inference for economics.","OLS regression, time series modelling, panel data estimation, hypothesis testing, causal inference",https://neu.edu.vn/,Undergraduate,3 Credits / 1 Semester,Khoi A00/A01/D01. Quantitative aptitude.
National Economics University (NEU),Economics,ECO302 Econometrics 2,"Covers linear regression, time series analysis, panel data methods, and causal inference for economics.","OLS regression, time series modelling, panel data estimation, hypothesis testing, causal inference",https://neu.edu.vn/,Undergraduate,3 Credits / 1 Semester,Khoi A00/A01/D01. Quantitative aptitude.
National Economics University (NEU),Economics,ECO303 Public Economics,Analyses individual and firm behaviour and national economic systems with policy implications.,"Supply-demand analysis, elasticity calculation, game theory, GDP interpretation, fiscal policy assessment",https://neu.edu.vn/,Undergraduate,3 Credits / 1 Semester,Khoi A00/A01/D01. Quantitative aptitude.
National Economics University (NEU),Economics,ECO304 International Trade Theory,"Examines comparative advantage, trade policy, tariffs, and global supply chain management.","Trade policy analysis, comparative advantage modelling, tariff impact, WTO framework, export documentation",https://neu.edu.vn/,Undergraduate,3 Credits / 1 Semester,Khoi A00/A01/D01. Quantitative aptitude.
National Economics University (NEU),Economics,ECO401 Game Theory,"This module covers game theory, part of the Economics programme at National Economics University (NEU). Students explore core theoretical and applied aspects, building competencies for professional practice.","Core game theory concepts, theoretical framework application, analytical problem-solving, academic research skills, practical game theory implementation",https://neu.edu.vn/,Undergraduate,3 Credits / 1 Semester,Khoi A00/A01/D01. Quantitative aptitude.
National Economics University (NEU),Economics,ECO402 Environmental Economics,"Covers environmental chemistry, ecology, pollution control, environmental impact assessment, and sustainability.","Environmental impact assessment, pollution monitoring, ecological modelling, sustainability analysis, EIA reporting",https://neu.edu.vn/,Undergraduate,3 Credits / 1 Semester,Khoi A00/A01/D01. Quantitative aptitude.
National Economics University (NEU),Economics,ECO403 Economic Policy Analysis,"This module covers economic policy analysis, part of the Economics programme at National Economics University (NEU). Students explore core theoretical and applied aspects, building competencies for professional practice.","Core economic policy analysis concepts, theoretical framework application, analytical problem-solving, academic research skills, practical economic policy analysis implementation",https://neu.edu.vn/,Undergraduate,3 Credits / 1 Semester,Khoi A00/A01/D01. Quantitative aptitude.
National Economics University (NEU),Economics,ECO900 Economics Thesis,Analyses individual and firm behaviour and national economic systems with policy implications.,"Supply-demand analysis, elasticity calculation, game theory, GDP interpretation, fiscal policy assessment",https://neu.edu.vn/,Undergraduate,9 Credits / 1 Semester,Khoi A00/A01/D01. Quantitative aptitude.
National Economics University (NEU),Finance and Banking,FIN101 Monetary Theory,"This module covers monetary theory, part of the Finance and Banking programme at National Economics University (NEU). Students explore core theoretical and applied aspects, building competencies for professional practice.","Core monetary theory concepts, theoretical framework application, analytical problem-solving, academic research skills, practical monetary theory implementation",https://neu.edu.vn/,Undergraduate,3 Credits / 1 Semester,Khoi A00/A01/D01. IELTS 5.5+.
National Economics University (NEU),Finance and Banking,FIN102 Commercial Banking,"Covers commercial and investment banking including lending, capital markets, regulatory frameworks, and risk management.","Credit analysis, lending decisions, capital market operations, regulatory compliance, interest rate risk management",https://neu.edu.vn/,Undergraduate,3 Credits / 1 Semester,Khoi A00/A01/D01. IELTS 5.5+.
National Economics University (NEU),Finance and Banking,ACC101 Financial Accounting,"Introduces financial and managerial accounting including double-entry bookkeeping, financial statement preparation, and cost accounting.","Double-entry bookkeeping, balance sheet preparation, income statement analysis, CVP analysis, ratio interpretation",https://neu.edu.vn/,Undergraduate,3 Credits / 1 Semester,Khoi A00/A01/D01. IELTS 5.5+.
National Economics University (NEU),Finance and Banking,FIN201 Corporate Finance,"This module covers corporate finance, part of the Finance and Banking programme at National Economics University (NEU). Students explore core theoretical and applied aspects, building competencies for professional practice.","Core corporate finance concepts, theoretical framework application, analytical problem-solving, academic research skills, practical corporate finance implementation",https://neu.edu.vn/,Undergraduate,3 Credits / 1 Semester,Khoi A00/A01/D01. IELTS 5.5+.
National Economics University (NEU),Finance and Banking,FIN202 Financial Markets,"Examines time value of money, capital budgeting, risk and return, portfolio theory, and corporate financing decisions.","DCF valuation, portfolio analysis, CAPM application, capital structure decisions, financial modelling",https://neu.edu.vn/,Undergraduate,3 Credits / 1 Semester,Khoi A00/A01/D01. IELTS 5.5+.
National Economics University (NEU),Finance and Banking,FIN203 Credit Analysis and Lending,"This module covers credit analysis and lending, part of the Finance and Banking programme at National Economics University (NEU). Students explore core theoretical and applied aspects, building competencies for professional practice.","Core credit analysis and lending concepts, theoretical framework application, analytical problem-solving, academic research skills, practical credit analysis and lending implementation",https://neu.edu.vn/,Undergraduate,3 Credits / 1 Semester,Khoi A00/A01/D01. IELTS 5.5+.
National Economics University (NEU),Finance and Banking,FIN204 Investment Banking,"Examines equities, bonds, derivatives, portfolio construction, and performance evaluation.","Security valuation, portfolio construction, derivative pricing, performance attribution, factor model application",https://neu.edu.vn/,Undergraduate,3 Credits / 1 Semester,Khoi A00/A01/D01. IELTS 5.5+.
National Economics University (NEU),Finance and Banking,FIN301 Capital Markets,"This module covers capital markets, part of the Finance and Banking programme at National Economics University (NEU). Students explore core theoretical and applied aspects, building competencies for professional practice.","Core capital markets concepts, theoretical framework application, analytical problem-solving, academic research skills, practical capital markets implementation",https://neu.edu.vn/,Undergraduate,3 Credits / 1 Semester,Khoi A00/A01/D01. IELTS 5.5+.
National Economics University (NEU),Finance and Banking,FIN302 Risk Management in Banking,"Covers planning, organising, leading, and controlling including strategy, change management, and organisational behaviour.","Strategic planning, team leadership, change management, performance measurement, stakeholder analysis",https://neu.edu.vn/,Undergraduate,3 Credits / 1 Semester,Khoi A00/A01/D01. IELTS 5.5+.
National Economics University (NEU),Finance and Banking,FIN303 International Finance,"This module covers international finance, part of the Finance and Banking programme at National Economics University (NEU). Students explore core theoretical and applied aspects, building competencies for professional practice.","Core international finance concepts, theoretical framework application, analytical problem-solving, academic research skills, practical international finance implementation",https://neu.edu.vn/,Undergraduate,3 Credits / 1 Semester,Khoi A00/A01/D01. IELTS 5.5+.
National Economics University (NEU),Finance and Banking,FIN304 FinTech and Digital Banking,"Covers commercial and investment banking including lending, capital markets, regulatory frameworks, and risk management.","Credit analysis, lending decisions, capital market operations, regulatory compliance, interest rate risk management",https://neu.edu.vn/,Undergraduate,3 Credits / 1 Semester,Khoi A00/A01/D01. IELTS 5.5+.
National Economics University (NEU),Finance and Banking,FIN401 Bank Supervision and Regulation,"This module covers bank supervision and regulation, part of the Finance and Banking programme at National Economics University (NEU). Students explore core theoretical and applied aspects, building competencies for professional practice.","Core bank supervision and regulation concepts, theoretical framework application, analytical problem-solving, academic research skills, practical bank supervision and regulation implementation",https://neu.edu.vn/,Undergraduate,3 Credits / 1 Semester,Khoi A00/A01/D01. IELTS 5.5+.
National Economics University (NEU),Finance and Banking,FIN402 Public Finance,"This module covers public finance, part of the Finance and Banking programme at National Economics University (NEU). Students explore core theoretical and applied aspects, building competencies for professional practice.","Core public finance concepts, theoretical framework application, analytical problem-solving, academic research skills, practical public finance implementation",https://neu.edu.vn/,Undergraduate,3 Credits / 1 Semester,Khoi A00/A01/D01. IELTS 5.5+.
National Economics University (NEU),Finance and Banking,FIN900 Finance and Banking Thesis,"Covers commercial and investment banking including lending, capital markets, regulatory frameworks, and risk management.","Credit analysis, lending decisions, capital market operations, regulatory compliance, interest rate risk management",https://neu.edu.vn/,Undergraduate,9 Credits / 1 Semester,Khoi A00/A01/D01. IELTS 5.5+.
National Economics University (NEU),Accounting,ACC101 Financial Accounting 1,"Introduces financial and managerial accounting including double-entry bookkeeping, financial statement preparation, and cost accounting.","Double-entry bookkeeping, balance sheet preparation, income statement analysis, CVP analysis, ratio interpretation",https://neu.edu.vn/,Undergraduate,3 Credits / 1 Semester,Khoi A00/A01/D01. IELTS 5.5+.
National Economics University (NEU),Accounting,ACC201 Financial Accounting 2,"Introduces financial and managerial accounting including double-entry bookkeeping, financial statement preparation, and cost accounting.","Double-entry bookkeeping, balance sheet preparation, income statement analysis, CVP analysis, ratio interpretation",https://neu.edu.vn/,Undergraduate,3 Credits / 1 Semester,Khoi A00/A01/D01. IELTS 5.5+.
National Economics University (NEU),Accounting,ACC202 Managerial Accounting,"Introduces financial and managerial accounting including double-entry bookkeeping, financial statement preparation, and cost accounting.","Double-entry bookkeeping, balance sheet preparation, income statement analysis, CVP analysis, ratio interpretation",https://neu.edu.vn/,Undergraduate,3 Credits / 1 Semester,Khoi A00/A01/D01. IELTS 5.5+.
National Economics University (NEU),Accounting,ACC203 Cost Accounting,"Introduces financial and managerial accounting including double-entry bookkeeping, financial statement preparation, and cost accounting.","Double-entry bookkeeping, balance sheet preparation, income statement analysis, CVP analysis, ratio interpretation",https://neu.edu.vn/,Undergraduate,3 Credits / 1 Semester,Khoi A00/A01/D01. IELTS 5.5+.
National Economics University (NEU),Accounting,ACC204 Tax Accounting,"Introduces financial and managerial accounting including double-entry bookkeeping, financial statement preparation, and cost accounting.","Double-entry bookkeeping, balance sheet preparation, income statement analysis, CVP analysis, ratio interpretation",https://neu.edu.vn/,Undergraduate,3 Credits / 1 Semester,Khoi A00/A01/D01. IELTS 5.5+.
National Economics University (NEU),Accounting,ACC301 Auditing,"This module covers auditing, part of the Accounting programme at National Economics University (NEU). Students explore core theoretical and applied aspects, building competencies for professional practice.","Core auditing concepts, theoretical framework application, analytical problem-solving, academic research skills, practical auditing implementation",https://neu.edu.vn/,Undergraduate,3 Credits / 1 Semester,Khoi A00/A01/D01. IELTS 5.5+.
National Economics University (NEU),Accounting,ACC302 Internal Audit,"This module covers internal audit, part of the Accounting programme at National Economics University (NEU). Students explore core theoretical and applied aspects, building competencies for professional practice.","Core internal audit concepts, theoretical framework application, analytical problem-solving, academic research skills, practical internal audit implementation",https://neu.edu.vn/,Undergraduate,3 Credits / 1 Semester,Khoi A00/A01/D01. IELTS 5.5+.
National Economics University (NEU),Accounting,ACC303 Accounting Information Systems,"Introduces financial and managerial accounting including double-entry bookkeeping, financial statement preparation, and cost accounting.","Double-entry bookkeeping, balance sheet preparation, income statement analysis, CVP analysis, ratio interpretation",https://neu.edu.vn/,Undergraduate,3 Credits / 1 Semester,Khoi A00/A01/D01. IELTS 5.5+.
National Economics University (NEU),Accounting,ACC304 Advanced Financial Accounting,"Introduces financial and managerial accounting including double-entry bookkeeping, financial statement preparation, and cost accounting.","Double-entry bookkeeping, balance sheet preparation, income statement analysis, CVP analysis, ratio interpretation",https://neu.edu.vn/,Undergraduate,3 Credits / 1 Semester,Khoi A00/A01/D01. IELTS 5.5+.
National Economics University (NEU),Accounting,ACC401 IFRS,"This module covers ifrs, part of the Accounting programme at National Economics University (NEU). Students explore core theoretical and applied aspects, building competencies for professional practice.","Core ifrs concepts, theoretical framework application, analytical problem-solving, academic research skills, practical ifrs implementation",https://neu.edu.vn/,Undergraduate,3 Credits / 1 Semester,Khoi A00/A01/D01. IELTS 5.5+.
National Economics University (NEU),Accounting,ACC402 Forensic Accounting,"Introduces financial and managerial accounting including double-entry bookkeeping, financial statement preparation, and cost accounting.","Double-entry bookkeeping, balance sheet preparation, income statement analysis, CVP analysis, ratio interpretation",https://neu.edu.vn/,Undergraduate,3 Credits / 1 Semester,Khoi A00/A01/D01. IELTS 5.5+.
National Economics University (NEU),Accounting,ACC403 Government Accounting,"Introduces financial and managerial accounting including double-entry bookkeeping, financial statement preparation, and cost accounting.","Double-entry bookkeeping, balance sheet preparation, income statement analysis, CVP analysis, ratio interpretation",https://neu.edu.vn/,Undergraduate,3 Credits / 1 Semester,Khoi A00/A01/D01. IELTS 5.5+.
National Economics University (NEU),Accounting,ACC404 Sustainability Reporting,"This module covers sustainability reporting, part of the Accounting programme at National Economics University (NEU). Students explore core theoretical and applied aspects, building competencies for professional practice.","Core sustainability reporting concepts, theoretical framework application, analytical problem-solving, academic research skills, practical sustainability reporting implementation",https://neu.edu.vn/,Undergraduate,3 Credits / 1 Semester,Khoi A00/A01/D01. IELTS 5.5+.
National Economics University (NEU),Accounting,ACC900 Accounting Thesis,"Introduces financial and managerial accounting including double-entry bookkeeping, financial statement preparation, and cost accounting.","Double-entry bookkeeping, balance sheet preparation, income statement analysis, CVP analysis, ratio interpretation",https://neu.edu.vn/,Undergraduate,9 Credits / 1 Semester,Khoi A00/A01/D01. IELTS 5.5+.
National Economics University (NEU),Business Administration,MGT101 Business Management,"Covers planning, organising, leading, and controlling including strategy, change management, and organisational behaviour.","Strategic planning, team leadership, change management, performance measurement, stakeholder analysis",https://neu.edu.vn/,Undergraduate,3 Credits / 1 Semester,Khoi A00/A01/D01. IELTS 5.5+.
National Economics University (NEU),Business Administration,MGT102 Organisational Behaviour,"This module covers organisational behaviour, part of the Business Administration programme at National Economics University (NEU). Students explore core theoretical and applied aspects, building competencies for professional practice.","Core organisational behaviour concepts, theoretical framework application, analytical problem-solving, academic research skills, practical organisational behaviour implementation",https://neu.edu.vn/,Undergraduate,3 Credits / 1 Semester,Khoi A00/A01/D01. IELTS 5.5+.
National Economics University (NEU),Business Administration,MKT101 Marketing Management,"Covers planning, organising, leading, and controlling including strategy, change management, and organisational behaviour.","Strategic planning, team leadership, change management, performance measurement, stakeholder analysis",https://neu.edu.vn/,Undergraduate,3 Credits / 1 Semester,Khoi A00/A01/D01. IELTS 5.5+.
National Economics University (NEU),Business Administration,MGT201 Strategic Management,"Covers planning, organising, leading, and controlling including strategy, change management, and organisational behaviour.","Strategic planning, team leadership, change management, performance measurement, stakeholder analysis",https://neu.edu.vn/,Undergraduate,3 Credits / 1 Semester,Khoi A00/A01/D01. IELTS 5.5+.
National Economics University (NEU),Business Administration,HRM201 Human Resource Management,"Covers recruitment, performance management, training, compensation, and employment law.","Recruitment design, performance appraisal, training needs analysis, compensation benchmarking, HR policy formulation",https://neu.edu.vn/,Undergraduate,3 Credits / 1 Semester,Khoi A00/A01/D01. IELTS 5.5+.
National Economics University (NEU),Business Administration,MGT202 Operations Management,"Covers planning, organising, leading, and controlling including strategy, change management, and organisational behaviour.","Strategic planning, team leadership, change management, performance measurement, stakeholder analysis",https://neu.edu.vn/,Undergraduate,3 Credits / 1 Semester,Khoi A00/A01/D01. IELTS 5.5+.
National Economics University (NEU),Business Administration,SCM301 Supply Chain Management,"Covers supply chain design, procurement, inventory management, demand forecasting, and logistics optimisation.","Inventory optimisation, demand forecasting, supplier evaluation, logistics cost analysis, risk management",https://neu.edu.vn/,Undergraduate,3 Credits / 1 Semester,Khoi A00/A01/D01. IELTS 5.5+.
National Economics University (NEU),Business Administration,ENT301 Entrepreneurship,Guides students from opportunity recognition through business model development and lean startup methodology.,"Business model canvas, lean startup, market validation, investor pitch, financial forecasting",https://neu.edu.vn/,Undergraduate,3 Credits / 1 Semester,Khoi A00/A01/D01. IELTS 5.5+.
National Economics University (NEU),Business Administration,MKT302 Digital Marketing,"Covers SEO, SEM, social media, content marketing, analytics, and marketing automation.","SEO/SEM optimisation, social media strategy, content marketing, Google Analytics, marketing automation",https://neu.edu.vn/,Undergraduate,3 Credits / 1 Semester,Khoi A00/A01/D01. IELTS 5.5+.
National Economics University (NEU),Business Administration,IT401 Business Analytics,"This module covers business analytics, part of the Business Administration programme at National Economics University (NEU). Students explore core theoretical and applied aspects, building competencies for professional practice.","Core business analytics concepts, theoretical framework application, analytical problem-solving, academic research skills, practical business analytics implementation",https://neu.edu.vn/,Undergraduate,3 Credits / 1 Semester,Khoi A00/A01/D01. IELTS 5.5+.
National Economics University (NEU),Business Administration,MGT401 Change Management,"Covers planning, organising, leading, and controlling including strategy, change management, and organisational behaviour.","Strategic planning, team leadership, change management, performance measurement, stakeholder analysis",https://neu.edu.vn/,Undergraduate,3 Credits / 1 Semester,Khoi A00/A01/D01. IELTS 5.5+.
National Economics University (NEU),Business Administration,MGT402 Corporate Governance,"This module covers corporate governance, part of the Business Administration programme at National Economics University (NEU). Students explore core theoretical and applied aspects, building competencies for professional practice.","Core corporate governance concepts, theoretical framework application, analytical problem-solving, academic research skills, practical corporate governance implementation",https://neu.edu.vn/,Undergraduate,3 Credits / 1 Semester,Khoi A00/A01/D01. IELTS 5.5+.
National Economics University (NEU),Business Administration,MGT900 BBA Thesis,"This module covers bba thesis, part of the Business Administration programme at National Economics University (NEU). Students explore core theoretical and applied aspects, building competencies for professional practice.","Core bba thesis concepts, theoretical framework application, analytical problem-solving, academic research skills, practical bba thesis implementation",https://neu.edu.vn/,Undergraduate,9 Credits / 1 Semester,Khoi A00/A01/D01. IELTS 5.5+.
National Economics University (NEU),Information Systems,IT101 Introduction to Information Systems,"This module covers introduction to information systems, part of the Information Systems programme at National Economics University (NEU). Students explore core theoretical and applied aspects, building competencies for professional practice.","Core introduction to information systems concepts, theoretical framework application, analytical problem-solving, academic research skills, practical introduction to information systems implementation",https://neu.edu.vn/,Undergraduate,3 Credits / 1 Semester,Khoi A00/A01/D01. IELTS 5.5+.
National Economics University (NEU),Information Systems,IT102 Programming Basics,"This module covers programming basics, part of the Information Systems programme at National Economics University (NEU). Students explore core theoretical and applied aspects, building competencies for professional practice.","Core programming basics concepts, theoretical framework application, analytical problem-solving, academic research skills, practical programming basics implementation",https://neu.edu.vn/,Undergraduate,3 Credits / 1 Semester,Khoi A00/A01/D01. IELTS 5.5+.
National Economics University (NEU),Information Systems,IT201 Database Systems,"Examines relational database design, SQL querying, normalisation theory, transaction management, and indexing strategies.","SQL query writing, ER diagram design, normalisation, transaction management, index optimisation",https://neu.edu.vn/,Undergraduate,3 Credits / 1 Semester,Khoi A00/A01/D01. IELTS 5.5+.
National Economics University (NEU),Information Systems,IT202 Systems Analysis and Design,"This module covers systems analysis and design, part of the Information Systems programme at National Economics University (NEU). Students explore core theoretical and applied aspects, building competencies for professional practice.","Core systems analysis and design concepts, theoretical framework application, analytical problem-solving, academic research skills, practical systems analysis and design implementation",https://neu.edu.vn/,Undergraduate,3 Credits / 1 Semester,Khoi A00/A01/D01. IELTS 5.5+.
National Economics University (NEU),Information Systems,IT203 Enterprise Resource Planning,"This module covers enterprise resource planning, part of the Information Systems programme at National Economics University (NEU). Students explore core theoretical and applied aspects, building competencies for professional practice.","Core enterprise resource planning concepts, theoretical framework application, analytical problem-solving, academic research skills, practical enterprise resource planning implementation",https://neu.edu.vn/,Undergraduate,3 Credits / 1 Semester,Khoi A00/A01/D01. IELTS 5.5+.
National Economics University (NEU),Information Systems,IT204 Business Intelligence,"This module covers business intelligence, part of the Information Systems programme at National Economics University (NEU). Students explore core theoretical and applied aspects, building competencies for professional practice.","Core business intelligence concepts, theoretical framework application, analytical problem-solving, academic research skills, practical business intelligence implementation",https://neu.edu.vn/,Undergraduate,3 Credits / 1 Semester,Khoi A00/A01/D01. IELTS 5.5+.
National Economics University (NEU),Information Systems,IT301 Data Warehousing,"This module covers data warehousing, part of the Information Systems programme at National Economics University (NEU). Students explore core theoretical and applied aspects, building competencies for professional practice.","Core data warehousing concepts, theoretical framework application, analytical problem-solving, academic research skills, practical data warehousing implementation",https://neu.edu.vn/,Undergraduate,3 Credits / 1 Semester,Khoi A00/A01/D01. IELTS 5.5+.
National Economics University (NEU),Information Systems,IT302 Business Analytics,"This module covers business analytics, part of the Information Systems programme at National Economics University (NEU). Students explore core theoretical and applied aspects, building competencies for professional practice.","Core business analytics concepts, theoretical framework application, analytical problem-solving, academic research skills, practical business analytics implementation",https://neu.edu.vn/,Undergraduate,3 Credits / 1 Semester,Khoi A00/A01/D01. IELTS 5.5+.
National Economics University (NEU),Information Systems,IT303 E-Commerce Systems,"This module covers e-commerce systems, part of the Information Systems programme at National Economics University (NEU). Students explore core theoretical and applied aspects, building competencies for professional practice.","Core e-commerce systems concepts, theoretical framework application, analytical problem-solving, academic research skills, practical e-commerce systems implementation",https://neu.edu.vn/,Undergraduate,3 Credits / 1 Semester,Khoi A00/A01/D01. IELTS 5.5+.
National Economics University (NEU),Information Systems,IT304 IT Project Management,"Covers project planning, execution, monitoring, and closure using agile and waterfall methodologies.","Gantt scheduling, risk management, agile sprint planning, stakeholder communication, cost variance analysis",https://neu.edu.vn/,Undergraduate,3 Credits / 1 Semester,Khoi A00/A01/D01. IELTS 5.5+.
National Economics University (NEU),Information Systems,IT401 Big Data for Business,"Covers Hadoop, Apache Spark, real-time stream processing, and NoSQL storage for large-scale data pipelines.","Spark DataFrame programming, HDFS management, Kafka streaming, NoSQL querying, ETL pipeline design",https://neu.edu.vn/,Undergraduate,3 Credits / 1 Semester,Khoi A00/A01/D01. IELTS 5.5+.
National Economics University (NEU),Information Systems,IT402 Machine Learning for Business,"Covers supervised learning, unsupervised learning, model evaluation, regularisation, and neural network fundamentals for predictive modelling.","Supervised model training, cross-validation, feature engineering, clustering algorithms, neural network design",https://neu.edu.vn/,Undergraduate,3 Credits / 1 Semester,Khoi A00/A01/D01. IELTS 5.5+.
National Economics University (NEU),Information Systems,IT403 Digital Transformation,"This module covers digital transformation, part of the Information Systems programme at National Economics University (NEU). Students explore core theoretical and applied aspects, building competencies for professional practice.","Core digital transformation concepts, theoretical framework application, analytical problem-solving, academic research skills, practical digital transformation implementation",https://neu.edu.vn/,Undergraduate,3 Credits / 1 Semester,Khoi A00/A01/D01. IELTS 5.5+.
National Economics University (NEU),Information Systems,IT404 AI in Business,"This module covers ai in business, part of the Information Systems programme at National Economics University (NEU). Students explore core theoretical and applied aspects, building competencies for professional practice.","Core ai in business concepts, theoretical framework application, analytical problem-solving, academic research skills, practical ai in business implementation",https://neu.edu.vn/,Undergraduate,3 Credits / 1 Semester,Khoi A00/A01/D01. IELTS 5.5+.
National Economics University (NEU),Information Systems,IT900 IS Thesis,"This module covers is thesis, part of the Information Systems programme at National Economics University (NEU). Students explore core theoretical and applied aspects, building competencies for professional practice.","Core is thesis concepts, theoretical framework application, analytical problem-solving, academic research skills, practical is thesis implementation",https://neu.edu.vn/,Undergraduate,9 Credits / 1 Semester,Khoi A00/A01/D01. IELTS 5.5+.
University of Information Technology – VNU HCM (UIT),Computer Science,IT001 Introduction to Programming,"This module covers introduction to programming, part of the Computer Science programme at University of Information Technology – VNU HCM (UIT). Students explore core theoretical and applied aspects, building competencies for professional practice.","Core introduction to programming concepts, theoretical framework application, analytical problem-solving, academic research skills, practical introduction to programming implementation",https://www.uit.edu.vn/,Undergraduate,4 Credits / 1 Semester,Khoi A00/A01. DGNL >= 750. IELTS 5.5+ for English-medium.
University of Information Technology – VNU HCM (UIT),Computer Science,IT002 Object-Oriented Programming,"This module covers object-oriented programming, part of the Computer Science programme at University of Information Technology – VNU HCM (UIT). Students explore core theoretical and applied aspects, building competencies for professional practice.","Core object-oriented programming concepts, theoretical framework application, analytical problem-solving, academic research skills, practical object-oriented programming implementation",https://www.uit.edu.vn/,Undergraduate,4 Credits / 1 Semester,Khoi A00/A01. DGNL >= 750. IELTS 5.5+ for English-medium.
University of Information Technology – VNU HCM (UIT),Computer Science,IT003 Data Structures and Algorithms,"Covers fundamental data organisation techniques including arrays, linked lists, stacks, queues, trees, heaps, and hash tables. Students analyse time and space complexity and apply structures to solve real computational problems.","Array manipulation, linked list operations, binary tree traversal, hash table design, stack and queue implementation",https://www.uit.edu.vn/,Undergraduate,4 Credits / 1 Semester,Khoi A00/A01. DGNL >= 750. IELTS 5.5+ for English-medium.
University of Information Technology – VNU HCM (UIT),Computer Science,MATH001 Discrete Mathematics,"Introduces logic, set theory, combinatorics, graph theory, and proof techniques essential for computer science.","Formal proof writing, graph theory application, combinatorial counting, Boolean logic, mathematical induction",https://www.uit.edu.vn/,Undergraduate,3 Credits / 1 Semester,Khoi A00/A01. DGNL >= 750. IELTS 5.5+ for English-medium.
University of Information Technology – VNU HCM (UIT),Computer Science,MATH002 Linear Algebra,"Covers vector spaces, matrix operations, eigenvalues, and SVD foundational for machine learning and optimisation.","Matrix factorisation, eigenvalue computation, vector space analysis, linear transformation, gradient optimisation",https://www.uit.edu.vn/,Undergraduate,3 Credits / 1 Semester,Khoi A00/A01. DGNL >= 750. IELTS 5.5+ for English-medium.
University of Information Technology – VNU HCM (UIT),Computer Science,IT004 Database Systems,"Examines relational database design, SQL querying, normalisation theory, transaction management, and indexing strategies.","SQL query writing, ER diagram design, normalisation, transaction management, index optimisation",https://www.uit.edu.vn/,Undergraduate,3 Credits / 1 Semester,Khoi A00/A01. DGNL >= 750. IELTS 5.5+ for English-medium.
University of Information Technology – VNU HCM (UIT),Computer Science,IT005 Computer Networks,"Studies OSI and TCP/IP network architectures, routing, switching, HTTP, DNS, and network security protocols.","TCP/IP configuration, routing protocol analysis, socket programming, network security evaluation, Wireshark analysis",https://www.uit.edu.vn/,Undergraduate,3 Credits / 1 Semester,Khoi A00/A01. DGNL >= 750. IELTS 5.5+ for English-medium.
University of Information Technology – VNU HCM (UIT),Computer Science,IT006 Operating Systems,"Analyses process scheduling, memory management, file systems, and I/O handling with practical implementation labs.","Process scheduling, memory allocation, file system design, deadlock detection, system call programming",https://www.uit.edu.vn/,Undergraduate,3 Credits / 1 Semester,Khoi A00/A01. DGNL >= 750. IELTS 5.5+ for English-medium.
University of Information Technology – VNU HCM (UIT),Computer Science,MATH003 Probability and Statistics,"Covers random variables, distributions, Bayes theorem, expectation, and limit theorems with engineering applications.","Probability modelling, Bayesian inference, Monte Carlo simulation, hypothesis testing, stochastic analysis",https://www.uit.edu.vn/,Undergraduate,3 Credits / 1 Semester,Khoi A00/A01. DGNL >= 750. IELTS 5.5+ for English-medium.
University of Information Technology – VNU HCM (UIT),Computer Science,IT007 Software Engineering,"Covers the full SDLC from requirements through design, implementation, testing, and maintenance, emphasising agile methods.","Requirements documentation, UML modelling, agile sprint planning, integration testing, Git version control",https://www.uit.edu.vn/,Undergraduate,3 Credits / 1 Semester,Khoi A00/A01. DGNL >= 750. IELTS 5.5+ for English-medium.
University of Information Technology – VNU HCM (UIT),Computer Science,IT008 Artificial Intelligence,"Explores search algorithms, knowledge representation, planning, and reasoning under uncertainty.","Heuristic search, Bayesian reasoning, propositional logic, constraint satisfaction, decision tree construction",https://www.uit.edu.vn/,Undergraduate,3 Credits / 1 Semester,Khoi A00/A01. DGNL >= 750. IELTS 5.5+ for English-medium.
University of Information Technology – VNU HCM (UIT),Computer Science,IT009 Machine Learning,"Covers supervised learning, unsupervised learning, model evaluation, regularisation, and neural network fundamentals for predictive modelling.","Supervised model training, cross-validation, feature engineering, clustering algorithms, neural network design",https://www.uit.edu.vn/,Undergraduate,3 Credits / 1 Semester,Khoi A00/A01. DGNL >= 750. IELTS 5.5+ for English-medium.
University of Information Technology – VNU HCM (UIT),Computer Science,IT010 Information Security,"Studies access control, authentication, cryptography, network defence, and security policy for enterprise environments.","Access control design, public key cryptography, firewall configuration, security policy writing, risk assessment",https://www.uit.edu.vn/,Undergraduate,3 Credits / 1 Semester,Khoi A00/A01. DGNL >= 750. IELTS 5.5+ for English-medium.
University of Information Technology – VNU HCM (UIT),Computer Science,IT011 Compiler Design,"This module covers compiler design, part of the Computer Science programme at University of Information Technology – VNU HCM (UIT). Students explore core theoretical and applied aspects, building competencies for professional practice.","Core compiler design concepts, theoretical framework application, analytical problem-solving, academic research skills, practical compiler design implementation",https://www.uit.edu.vn/,Undergraduate,3 Credits / 1 Semester,Khoi A00/A01. DGNL >= 750. IELTS 5.5+ for English-medium.
University of Information Technology – VNU HCM (UIT),Computer Science,IT012 Distributed Systems,"This module covers distributed systems, part of the Computer Science programme at University of Information Technology – VNU HCM (UIT). Students explore core theoretical and applied aspects, building competencies for professional practice.","Core distributed systems concepts, theoretical framework application, analytical problem-solving, academic research skills, practical distributed systems implementation",https://www.uit.edu.vn/,Undergraduate,3 Credits / 1 Semester,Khoi A00/A01. DGNL >= 750. IELTS 5.5+ for English-medium.
University of Information Technology – VNU HCM (UIT),Computer Science,IT013 Deep Learning,"Covers CNNs, RNNs, attention mechanisms, and transformers applied to computer vision and NLP tasks using modern frameworks.","CNN design, RNN sequence modelling, transformer fine-tuning, PyTorch/TensorFlow, transfer learning",https://www.uit.edu.vn/,Undergraduate,3 Credits / 1 Semester,Khoi A00/A01. DGNL >= 750. IELTS 5.5+ for English-medium.
University of Information Technology – VNU HCM (UIT),Computer Science,IT014 Computer Vision,"Covers image processing, feature extraction, object detection, and segmentation using classical and deep learning methods.","Image preprocessing, CNN classification, YOLO object detection, semantic segmentation, feature extraction",https://www.uit.edu.vn/,Undergraduate,3 Credits / 1 Semester,Khoi A00/A01. DGNL >= 750. IELTS 5.5+ for English-medium.
University of Information Technology – VNU HCM (UIT),Computer Science,IT015 Natural Language Processing,"Covers tokenisation, language models, sentiment analysis, NER, and transformer-based models such as BERT.","Text preprocessing, language model evaluation, sentiment classification, NER extraction, BERT fine-tuning",https://www.uit.edu.vn/,Undergraduate,3 Credits / 1 Semester,Khoi A00/A01. DGNL >= 750. IELTS 5.5+ for English-medium.
University of Information Technology – VNU HCM (UIT),Computer Science,IT016 Cloud Computing,"Examines IaaS/PaaS/SaaS models with AWS/Azure/GCP hands-on, containerisation, and serverless computing.","Cloud provisioning, Docker containerisation, Kubernetes orchestration, serverless functions, cost optimisation",https://www.uit.edu.vn/,Undergraduate,3 Credits / 1 Semester,Khoi A00/A01. DGNL >= 750. IELTS 5.5+ for English-medium.
University of Information Technology – VNU HCM (UIT),Computer Science,IT900 CS Thesis,"This module covers cs thesis, part of the Computer Science programme at University of Information Technology – VNU HCM (UIT). Students explore core theoretical and applied aspects, building competencies for professional practice.","Core cs thesis concepts, theoretical framework application, analytical problem-solving, academic research skills, practical cs thesis implementation",https://www.uit.edu.vn/,Undergraduate,9 Credits / 1 Semester,Khoi A00/A01. DGNL >= 750. IELTS 5.5+ for English-medium.
University of Information Technology – VNU HCM (UIT),Software Engineering,SE101 Software Requirements Engineering,"This module covers software requirements engineering, part of the Software Engineering programme at University of Information Technology – VNU HCM (UIT). Students explore core theoretical and applied aspects, building competencies for professional practice.","Core software requirements engineering concepts, theoretical framework application, analytical problem-solving, academic research skills, practical software requirements engineering implementation",https://www.uit.edu.vn/,Undergraduate,3 Credits / 1 Semester,Khoi A00/A01. IELTS 5.5+.
University of Information Technology – VNU HCM (UIT),Software Engineering,SE102 Software Architecture and Design,"This module covers software architecture and design, part of the Software Engineering programme at University of Information Technology – VNU HCM (UIT). Students explore core theoretical and applied aspects, building competencies for professional practice.","Core software architecture and design concepts, theoretical framework application, analytical problem-solving, academic research skills, practical software architecture and design implementation",https://www.uit.edu.vn/,Undergraduate,3 Credits / 1 Semester,Khoi A00/A01. IELTS 5.5+.
University of Information Technology – VNU HCM (UIT),Software Engineering,SE103 Software Testing and Verification,"This module covers software testing and verification, part of the Software Engineering programme at University of Information Technology – VNU HCM (UIT). Students explore core theoretical and applied aspects, building competencies for professional practice.","Core software testing and verification concepts, theoretical framework application, analytical problem-solving, academic research skills, practical software testing and verification implementation",https://www.uit.edu.vn/,Undergraduate,3 Credits / 1 Semester,Khoi A00/A01. IELTS 5.5+.
University of Information Technology – VNU HCM (UIT),Software Engineering,SE104 Agile Development,"This module covers agile development, part of the Software Engineering programme at University of Information Technology – VNU HCM (UIT). Students explore core theoretical and applied aspects, building competencies for professional practice.","Core agile development concepts, theoretical framework application, analytical problem-solving, academic research skills, practical agile development implementation",https://www.uit.edu.vn/,Undergraduate,3 Credits / 1 Semester,Khoi A00/A01. IELTS 5.5+.
University of Information Technology – VNU HCM (UIT),Software Engineering,SE105 DevOps and CI/CD,"This module covers devops and ci/cd, part of the Software Engineering programme at University of Information Technology – VNU HCM (UIT). Students explore core theoretical and applied aspects, building competencies for professional practice.","Core devops and ci/cd concepts, theoretical framework application, analytical problem-solving, academic research skills, practical devops and ci/cd implementation",https://www.uit.edu.vn/,Undergraduate,3 Credits / 1 Semester,Khoi A00/A01. IELTS 5.5+.
University of Information Technology – VNU HCM (UIT),Software Engineering,SE106 Microservices Architecture,"This module covers microservices architecture, part of the Software Engineering programme at University of Information Technology – VNU HCM (UIT). Students explore core theoretical and applied aspects, building competencies for professional practice.","Core microservices architecture concepts, theoretical framework application, analytical problem-solving, academic research skills, practical microservices architecture implementation",https://www.uit.edu.vn/,Undergraduate,3 Credits / 1 Semester,Khoi A00/A01. IELTS 5.5+.
University of Information Technology – VNU HCM (UIT),Software Engineering,SE107 UI/UX Design,"This module covers ui/ux design, part of the Software Engineering programme at University of Information Technology – VNU HCM (UIT). Students explore core theoretical and applied aspects, building competencies for professional practice.","Core ui/ux design concepts, theoretical framework application, analytical problem-solving, academic research skills, practical ui/ux design implementation",https://www.uit.edu.vn/,Undergraduate,3 Credits / 1 Semester,Khoi A00/A01. IELTS 5.5+.
University of Information Technology – VNU HCM (UIT),Software Engineering,SE108 Mobile Application Development,"Covers Android and iOS app development including UI design, data persistence, API consumption, and app store deployment.","Android/iOS UI design, REST API consumption, local storage, push notifications, app publishing",https://www.uit.edu.vn/,Undergraduate,3 Credits / 1 Semester,Khoi A00/A01. IELTS 5.5+.
University of Information Technology – VNU HCM (UIT),Software Engineering,SE109 Web Application Development,"Covers full-stack web development including front-end frameworks, RESTful APIs, authentication, and database integration.","HTML/CSS/JavaScript, REST API design, React or Vue.js, backend frameworks, database integration",https://www.uit.edu.vn/,Undergraduate,3 Credits / 1 Semester,Khoi A00/A01. IELTS 5.5+.
University of Information Technology – VNU HCM (UIT),Software Engineering,SE110 Software Project Management,"Covers project planning, execution, monitoring, and closure using agile and waterfall methodologies.","Gantt scheduling, risk management, agile sprint planning, stakeholder communication, cost variance analysis",https://www.uit.edu.vn/,Undergraduate,3 Credits / 1 Semester,Khoi A00/A01. IELTS 5.5+.
University of Information Technology – VNU HCM (UIT),Software Engineering,SE111 Code Quality and Refactoring,"This module covers code quality and refactoring, part of the Software Engineering programme at University of Information Technology – VNU HCM (UIT). Students explore core theoretical and applied aspects, building competencies for professional practice.","Core code quality and refactoring concepts, theoretical framework application, analytical problem-solving, academic research skills, practical code quality and refactoring implementation",https://www.uit.edu.vn/,Undergraduate,3 Credits / 1 Semester,Khoi A00/A01. IELTS 5.5+.
University of Information Technology – VNU HCM (UIT),Software Engineering,SE112 Open Source Development,"This module covers open source development, part of the Software Engineering programme at University of Information Technology – VNU HCM (UIT). Students explore core theoretical and applied aspects, building competencies for professional practice.","Core open source development concepts, theoretical framework application, analytical problem-solving, academic research skills, practical open source development implementation",https://www.uit.edu.vn/,Undergraduate,3 Credits / 1 Semester,Khoi A00/A01. IELTS 5.5+.
University of Information Technology – VNU HCM (UIT),Software Engineering,SE113 Cloud-Native Development,"This module covers cloud-native development, part of the Software Engineering programme at University of Information Technology – VNU HCM (UIT). Students explore core theoretical and applied aspects, building competencies for professional practice.","Core cloud-native development concepts, theoretical framework application, analytical problem-solving, academic research skills, practical cloud-native development implementation",https://www.uit.edu.vn/,Undergraduate,3 Credits / 1 Semester,Khoi A00/A01. IELTS 5.5+.
University of Information Technology – VNU HCM (UIT),Software Engineering,SE900 SE Thesis,"This module covers se thesis, part of the Software Engineering programme at University of Information Technology – VNU HCM (UIT). Students explore core theoretical and applied aspects, building competencies for professional practice.","Core se thesis concepts, theoretical framework application, analytical problem-solving, academic research skills, practical se thesis implementation",https://www.uit.edu.vn/,Undergraduate,9 Credits / 1 Semester,Khoi A00/A01. IELTS 5.5+.
University of Information Technology – VNU HCM (UIT),Data Science,DS101 Introduction to Data Science,"This module covers introduction to data science, part of the Data Science programme at University of Information Technology – VNU HCM (UIT). Students explore core theoretical and applied aspects, building competencies for professional practice.","Core introduction to data science concepts, theoretical framework application, analytical problem-solving, academic research skills, practical introduction to data science implementation",https://www.uit.edu.vn/,Undergraduate,3 Credits / 1 Semester,Khoi A00/A01/D07. Strong Mathematics. IELTS 5.5+.
University of Information Technology – VNU HCM (UIT),Data Science,DS102 Data Wrangling and Visualisation,"This module covers data wrangling and visualisation, part of the Data Science programme at University of Information Technology – VNU HCM (UIT). Students explore core theoretical and applied aspects, building competencies for professional practice.","Core data wrangling and visualisation concepts, theoretical framework application, analytical problem-solving, academic research skills, practical data wrangling and visualisation implementation",https://www.uit.edu.vn/,Undergraduate,3 Credits / 1 Semester,Khoi A00/A01/D07. Strong Mathematics. IELTS 5.5+.
University of Information Technology – VNU HCM (UIT),Data Science,DS103 Statistical Learning,"This module covers statistical learning, part of the Data Science programme at University of Information Technology – VNU HCM (UIT). Students explore core theoretical and applied aspects, building competencies for professional practice.","Core statistical learning concepts, theoretical framework application, analytical problem-solving, academic research skills, practical statistical learning implementation",https://www.uit.edu.vn/,Undergraduate,3 Credits / 1 Semester,Khoi A00/A01/D07. Strong Mathematics. IELTS 5.5+.
University of Information Technology – VNU HCM (UIT),Data Science,DS104 Machine Learning,"Covers supervised learning, unsupervised learning, model evaluation, regularisation, and neural network fundamentals for predictive modelling.","Supervised model training, cross-validation, feature engineering, clustering algorithms, neural network design",https://www.uit.edu.vn/,Undergraduate,3 Credits / 1 Semester,Khoi A00/A01/D07. Strong Mathematics. IELTS 5.5+.
University of Information Technology – VNU HCM (UIT),Data Science,DS105 Deep Learning,"Covers CNNs, RNNs, attention mechanisms, and transformers applied to computer vision and NLP tasks using modern frameworks.","CNN design, RNN sequence modelling, transformer fine-tuning, PyTorch/TensorFlow, transfer learning",https://www.uit.edu.vn/,Undergraduate,3 Credits / 1 Semester,Khoi A00/A01/D07. Strong Mathematics. IELTS 5.5+.
University of Information Technology – VNU HCM (UIT),Data Science,DS106 Big Data Technologies,"Covers Hadoop, Apache Spark, real-time stream processing, and NoSQL storage for large-scale data pipelines.","Spark DataFrame programming, HDFS management, Kafka streaming, NoSQL querying, ETL pipeline design",https://www.uit.edu.vn/,Undergraduate,3 Credits / 1 Semester,Khoi A00/A01/D07. Strong Mathematics. IELTS 5.5+.
University of Information Technology – VNU HCM (UIT),Data Science,DS107 Natural Language Processing,"Covers tokenisation, language models, sentiment analysis, NER, and transformer-based models such as BERT.","Text preprocessing, language model evaluation, sentiment classification, NER extraction, BERT fine-tuning",https://www.uit.edu.vn/,Undergraduate,3 Credits / 1 Semester,Khoi A00/A01/D07. Strong Mathematics. IELTS 5.5+.
University of Information Technology – VNU HCM (UIT),Data Science,DS108 Computer Vision,"Covers image processing, feature extraction, object detection, and segmentation using classical and deep learning methods.","Image preprocessing, CNN classification, YOLO object detection, semantic segmentation, feature extraction",https://www.uit.edu.vn/,Undergraduate,3 Credits / 1 Semester,Khoi A00/A01/D07. Strong Mathematics. IELTS 5.5+.
University of Information Technology – VNU HCM (UIT),Data Science,DS109 Time Series Analysis,"This module covers time series analysis, part of the Data Science programme at University of Information Technology – VNU HCM (UIT). Students explore core theoretical and applied aspects, building competencies for professional practice.","Core time series analysis concepts, theoretical framework application, analytical problem-solving, academic research skills, practical time series analysis implementation",https://www.uit.edu.vn/,Undergraduate,3 Credits / 1 Semester,Khoi A00/A01/D07. Strong Mathematics. IELTS 5.5+.
University of Information Technology – VNU HCM (UIT),Data Science,DS110 Feature Engineering,"This module covers feature engineering, part of the Data Science programme at University of Information Technology – VNU HCM (UIT). Students explore core theoretical and applied aspects, building competencies for professional practice.","Core feature engineering concepts, theoretical framework application, analytical problem-solving, academic research skills, practical feature engineering implementation",https://www.uit.edu.vn/,Undergraduate,3 Credits / 1 Semester,Khoi A00/A01/D07. Strong Mathematics. IELTS 5.5+.
University of Information Technology – VNU HCM (UIT),Data Science,DS111 MLOps,"This module covers mlops, part of the Data Science programme at University of Information Technology – VNU HCM (UIT). Students explore core theoretical and applied aspects, building competencies for professional practice.","Core mlops concepts, theoretical framework application, analytical problem-solving, academic research skills, practical mlops implementation",https://www.uit.edu.vn/,Undergraduate,3 Credits / 1 Semester,Khoi A00/A01/D07. Strong Mathematics. IELTS 5.5+.
University of Information Technology – VNU HCM (UIT),Data Science,DS900 DS Thesis,"This module covers ds thesis, part of the Data Science programme at University of Information Technology – VNU HCM (UIT). Students explore core theoretical and applied aspects, building competencies for professional practice.","Core ds thesis concepts, theoretical framework application, analytical problem-solving, academic research skills, practical ds thesis implementation",https://www.uit.edu.vn/,Undergraduate,9 Credits / 1 Semester,Khoi A00/A01/D07. Strong Mathematics. IELTS 5.5+.
University of Information Technology – VNU HCM (UIT),Information Security,SC101 Foundations of Cybersecurity,"Covers cryptography, authentication, network security, secure coding, and ethical hacking fundamentals.","Cryptographic protocols, penetration testing, vulnerability scanning, secure coding practices, incident response",https://www.uit.edu.vn/,Undergraduate,3 Credits / 1 Semester,Khoi A00/A01. IELTS 5.5+.
University of Information Technology – VNU HCM (UIT),Information Security,SC102 Cryptography,"This module covers cryptography, part of the Information Security programme at University of Information Technology – VNU HCM (UIT). Students explore core theoretical and applied aspects, building competencies for professional practice.","Core cryptography concepts, theoretical framework application, analytical problem-solving, academic research skills, practical cryptography implementation",https://www.uit.edu.vn/,Undergraduate,3 Credits / 1 Semester,Khoi A00/A01. IELTS 5.5+.
University of Information Technology – VNU HCM (UIT),Information Security,SC103 Network Security,"This module covers network security, part of the Information Security programme at University of Information Technology – VNU HCM (UIT). Students explore core theoretical and applied aspects, building competencies for professional practice.","Core network security concepts, theoretical framework application, analytical problem-solving, academic research skills, practical network security implementation",https://www.uit.edu.vn/,Undergraduate,3 Credits / 1 Semester,Khoi A00/A01. IELTS 5.5+.
University of Information Technology – VNU HCM (UIT),Information Security,SC104 Web Security,"Covers full-stack web development including front-end frameworks, RESTful APIs, authentication, and database integration.","HTML/CSS/JavaScript, REST API design, React or Vue.js, backend frameworks, database integration",https://www.uit.edu.vn/,Undergraduate,3 Credits / 1 Semester,Khoi A00/A01. IELTS 5.5+.
University of Information Technology – VNU HCM (UIT),Information Security,SC105 Operating System Security,"Analyses process scheduling, memory management, file systems, and I/O handling with practical implementation labs.","Process scheduling, memory allocation, file system design, deadlock detection, system call programming",https://www.uit.edu.vn/,Undergraduate,3 Credits / 1 Semester,Khoi A00/A01. IELTS 5.5+.
University of Information Technology – VNU HCM (UIT),Information Security,SC106 Secure Software Development,"This module covers secure software development, part of the Information Security programme at University of Information Technology – VNU HCM (UIT). Students explore core theoretical and applied aspects, building competencies for professional practice.","Core secure software development concepts, theoretical framework application, analytical problem-solving, academic research skills, practical secure software development implementation",https://www.uit.edu.vn/,Undergraduate,3 Credits / 1 Semester,Khoi A00/A01. IELTS 5.5+.
University of Information Technology – VNU HCM (UIT),Information Security,SC107 Penetration Testing,"This module covers penetration testing, part of the Information Security programme at University of Information Technology – VNU HCM (UIT). Students explore core theoretical and applied aspects, building competencies for professional practice.","Core penetration testing concepts, theoretical framework application, analytical problem-solving, academic research skills, practical penetration testing implementation",https://www.uit.edu.vn/,Undergraduate,3 Credits / 1 Semester,Khoi A00/A01. IELTS 5.5+.
University of Information Technology – VNU HCM (UIT),Information Security,SC108 Malware Analysis,"This module covers malware analysis, part of the Information Security programme at University of Information Technology – VNU HCM (UIT). Students explore core theoretical and applied aspects, building competencies for professional practice.","Core malware analysis concepts, theoretical framework application, analytical problem-solving, academic research skills, practical malware analysis implementation",https://www.uit.edu.vn/,Undergraduate,3 Credits / 1 Semester,Khoi A00/A01. IELTS 5.5+.
University of Information Technology – VNU HCM (UIT),Information Security,SC109 Digital Forensics,"This module covers digital forensics, part of the Information Security programme at University of Information Technology – VNU HCM (UIT). Students explore core theoretical and applied aspects, building competencies for professional practice.","Core digital forensics concepts, theoretical framework application, analytical problem-solving, academic research skills, practical digital forensics implementation",https://www.uit.edu.vn/,Undergraduate,3 Credits / 1 Semester,Khoi A00/A01. IELTS 5.5+.
University of Information Technology – VNU HCM (UIT),Information Security,SC110 Cloud Security,"This module covers cloud security, part of the Information Security programme at University of Information Technology – VNU HCM (UIT). Students explore core theoretical and applied aspects, building competencies for professional practice.","Core cloud security concepts, theoretical framework application, analytical problem-solving, academic research skills, practical cloud security implementation",https://www.uit.edu.vn/,Undergraduate,3 Credits / 1 Semester,Khoi A00/A01. IELTS 5.5+.
University of Information Technology – VNU HCM (UIT),Information Security,SC111 IoT Security,"This module covers iot security, part of the Information Security programme at University of Information Technology – VNU HCM (UIT). Students explore core theoretical and applied aspects, building competencies for professional practice.","Core iot security concepts, theoretical framework application, analytical problem-solving, academic research skills, practical iot security implementation",https://www.uit.edu.vn/,Undergraduate,3 Credits / 1 Semester,Khoi A00/A01. IELTS 5.5+.
University of Information Technology – VNU HCM (UIT),Information Security,SC112 Security Operations Centre,"This module covers security operations centre, part of the Information Security programme at University of Information Technology – VNU HCM (UIT). Students explore core theoretical and applied aspects, building competencies for professional practice.","Core security operations centre concepts, theoretical framework application, analytical problem-solving, academic research skills, practical security operations centre implementation",https://www.uit.edu.vn/,Undergraduate,3 Credits / 1 Semester,Khoi A00/A01. IELTS 5.5+.
University of Information Technology – VNU HCM (UIT),Information Security,SC113 Incident Response,"This module covers incident response, part of the Information Security programme at University of Information Technology – VNU HCM (UIT). Students explore core theoretical and applied aspects, building competencies for professional practice.","Core incident response concepts, theoretical framework application, analytical problem-solving, academic research skills, practical incident response implementation",https://www.uit.edu.vn/,Undergraduate,3 Credits / 1 Semester,Khoi A00/A01. IELTS 5.5+.
University of Information Technology – VNU HCM (UIT),Information Security,SC900 Security Thesis,"This module covers security thesis, part of the Information Security programme at University of Information Technology – VNU HCM (UIT). Students explore core theoretical and applied aspects, building competencies for professional practice.","Core security thesis concepts, theoretical framework application, analytical problem-solving, academic research skills, practical security thesis implementation",https://www.uit.edu.vn/,Undergraduate,9 Credits / 1 Semester,Khoi A00/A01. IELTS 5.5+.
University of Information Technology – VNU HCM (UIT),Computer Networks,NT101 Computer Networks Fundamentals,"Studies OSI and TCP/IP network architectures, routing, switching, HTTP, DNS, and network security protocols.","TCP/IP configuration, routing protocol analysis, socket programming, network security evaluation, Wireshark analysis",https://www.uit.edu.vn/,Undergraduate,3 Credits / 1 Semester,THPT graduation. University entrance exam. IELTS 5.5+ for English-taught programmes.
University of Information Technology – VNU HCM (UIT),Computer Networks,NT102 Network Administration,"This module covers network administration, part of the Computer Networks programme at University of Information Technology – VNU HCM (UIT). Students explore core theoretical and applied aspects, building competencies for professional practice.","Core network administration concepts, theoretical framework application, analytical problem-solving, academic research skills, practical network administration implementation",https://www.uit.edu.vn/,Undergraduate,3 Credits / 1 Semester,THPT graduation. University entrance exam. IELTS 5.5+ for English-taught programmes.
University of Information Technology – VNU HCM (UIT),Computer Networks,NT103 Routing and Switching,"This module covers routing and switching, part of the Computer Networks programme at University of Information Technology – VNU HCM (UIT). Students explore core theoretical and applied aspects, building competencies for professional practice.","Core routing and switching concepts, theoretical framework application, analytical problem-solving, academic research skills, practical routing and switching implementation",https://www.uit.edu.vn/,Undergraduate,3 Credits / 1 Semester,THPT graduation. University entrance exam. IELTS 5.5+ for English-taught programmes.
University of Information Technology – VNU HCM (UIT),Computer Networks,NT104 Wireless Networking,"This module covers wireless networking, part of the Computer Networks programme at University of Information Technology – VNU HCM (UIT). Students explore core theoretical and applied aspects, building competencies for professional practice.","Core wireless networking concepts, theoretical framework application, analytical problem-solving, academic research skills, practical wireless networking implementation",https://www.uit.edu.vn/,Undergraduate,3 Credits / 1 Semester,THPT graduation. University entrance exam. IELTS 5.5+ for English-taught programmes.
University of Information Technology – VNU HCM (UIT),Computer Networks,NT105 Network Security,"This module covers network security, part of the Computer Networks programme at University of Information Technology – VNU HCM (UIT). Students explore core theoretical and applied aspects, building competencies for professional practice.","Core network security concepts, theoretical framework application, analytical problem-solving, academic research skills, practical network security implementation",https://www.uit.edu.vn/,Undergraduate,3 Credits / 1 Semester,THPT graduation. University entrance exam. IELTS 5.5+ for English-taught programmes.
University of Information Technology – VNU HCM (UIT),Computer Networks,NT106 VoIP and Multimedia,"This module covers voip and multimedia, part of the Computer Networks programme at University of Information Technology – VNU HCM (UIT). Students explore core theoretical and applied aspects, building competencies for professional practice.","Core voip and multimedia concepts, theoretical framework application, analytical problem-solving, academic research skills, practical voip and multimedia implementation",https://www.uit.edu.vn/,Undergraduate,3 Credits / 1 Semester,THPT graduation. University entrance exam. IELTS 5.5+ for English-taught programmes.
University of Information Technology – VNU HCM (UIT),Computer Networks,NT107 Software-Defined Networking,"This module covers software-defined networking, part of the Computer Networks programme at University of Information Technology – VNU HCM (UIT). Students explore core theoretical and applied aspects, building competencies for professional practice.","Core software-defined networking concepts, theoretical framework application, analytical problem-solving, academic research skills, practical software-defined networking implementation",https://www.uit.edu.vn/,Undergraduate,3 Credits / 1 Semester,THPT graduation. University entrance exam. IELTS 5.5+ for English-taught programmes.
University of Information Technology – VNU HCM (UIT),Computer Networks,NT108 Cloud Computing,"Examines IaaS/PaaS/SaaS models with AWS/Azure/GCP hands-on, containerisation, and serverless computing.","Cloud provisioning, Docker containerisation, Kubernetes orchestration, serverless functions, cost optimisation",https://www.uit.edu.vn/,Undergraduate,3 Credits / 1 Semester,THPT graduation. University entrance exam. IELTS 5.5+ for English-taught programmes.
University of Information Technology – VNU HCM (UIT),Computer Networks,NT109 Network Virtualisation,"This module covers network virtualisation, part of the Computer Networks programme at University of Information Technology – VNU HCM (UIT). Students explore core theoretical and applied aspects, building competencies for professional practice.","Core network virtualisation concepts, theoretical framework application, analytical problem-solving, academic research skills, practical network virtualisation implementation",https://www.uit.edu.vn/,Undergraduate,3 Credits / 1 Semester,THPT graduation. University entrance exam. IELTS 5.5+ for English-taught programmes.
University of Information Technology – VNU HCM (UIT),Computer Networks,NT110 IoT Networks,"This module covers iot networks, part of the Computer Networks programme at University of Information Technology – VNU HCM (UIT). Students explore core theoretical and applied aspects, building competencies for professional practice.","Core iot networks concepts, theoretical framework application, analytical problem-solving, academic research skills, practical iot networks implementation",https://www.uit.edu.vn/,Undergraduate,3 Credits / 1 Semester,THPT graduation. University entrance exam. IELTS 5.5+ for English-taught programmes.
University of Information Technology – VNU HCM (UIT),Computer Networks,NT111 5G Networks,"This module covers 5g networks, part of the Computer Networks programme at University of Information Technology – VNU HCM (UIT). Students explore core theoretical and applied aspects, building competencies for professional practice.","Core 5g networks concepts, theoretical framework application, analytical problem-solving, academic research skills, practical 5g networks implementation",https://www.uit.edu.vn/,Undergraduate,3 Credits / 1 Semester,THPT graduation. University entrance exam. IELTS 5.5+ for English-taught programmes.
University of Information Technology – VNU HCM (UIT),Computer Networks,NT112 Network Troubleshooting,"This module covers network troubleshooting, part of the Computer Networks programme at University of Information Technology – VNU HCM (UIT). Students explore core theoretical and applied aspects, building competencies for professional practice.","Core network troubleshooting concepts, theoretical framework application, analytical problem-solving, academic research skills, practical network troubleshooting implementation",https://www.uit.edu.vn/,Undergraduate,3 Credits / 1 Semester,THPT graduation. University entrance exam. IELTS 5.5+ for English-taught programmes.
University of Information Technology – VNU HCM (UIT),Computer Networks,NT113 Network Programming,"This module covers network programming, part of the Computer Networks programme at University of Information Technology – VNU HCM (UIT). Students explore core theoretical and applied aspects, building competencies for professional practice.","Core network programming concepts, theoretical framework application, analytical problem-solving, academic research skills, practical network programming implementation",https://www.uit.edu.vn/,Undergraduate,3 Credits / 1 Semester,THPT graduation. University entrance exam. IELTS 5.5+ for English-taught programmes.
University of Information Technology – VNU HCM (UIT),Computer Networks,NT900 Networks Thesis,"This module covers networks thesis, part of the Computer Networks programme at University of Information Technology – VNU HCM (UIT). Students explore core theoretical and applied aspects, building competencies for professional practice.","Core networks thesis concepts, theoretical framework application, analytical problem-solving, academic research skills, practical networks thesis implementation",https://www.uit.edu.vn/,Undergraduate,9 Credits / 1 Semester,THPT graduation. University entrance exam. IELTS 5.5+ for English-taught programmes.
Can Tho University (CTU),Computer Science,CNTT101 Introduction to Programming,"This module covers introduction to programming, part of the Computer Science programme at Can Tho University (CTU). Students explore core theoretical and applied aspects, building competencies for professional practice.","Core introduction to programming concepts, theoretical framework application, analytical problem-solving, academic research skills, practical introduction to programming implementation",https://www.ctu.edu.vn/,Undergraduate,3 Credits / 1 Semester,Khoi A00/A01. DGNL >= 750. IELTS 5.5+ for English-medium.
Can Tho University (CTU),Computer Science,CNTT102 Python Programming,"This module covers python programming, part of the Computer Science programme at Can Tho University (CTU). Students explore core theoretical and applied aspects, building competencies for professional practice.","Core python programming concepts, theoretical framework application, analytical problem-solving, academic research skills, practical python programming implementation",https://www.ctu.edu.vn/,Undergraduate,3 Credits / 1 Semester,Khoi A00/A01. DGNL >= 750. IELTS 5.5+ for English-medium.
Can Tho University (CTU),Computer Science,CNTT201 Data Structures and Algorithms,"Covers fundamental data organisation techniques including arrays, linked lists, stacks, queues, trees, heaps, and hash tables. Students analyse time and space complexity and apply structures to solve real computational problems.","Array manipulation, linked list operations, binary tree traversal, hash table design, stack and queue implementation",https://www.ctu.edu.vn/,Undergraduate,3 Credits / 1 Semester,Khoi A00/A01. DGNL >= 750. IELTS 5.5+ for English-medium.
Can Tho University (CTU),Computer Science,CNTT202 Discrete Mathematics,"Introduces logic, set theory, combinatorics, graph theory, and proof techniques essential for computer science.","Formal proof writing, graph theory application, combinatorial counting, Boolean logic, mathematical induction",https://www.ctu.edu.vn/,Undergraduate,3 Credits / 1 Semester,Khoi A00/A01. DGNL >= 750. IELTS 5.5+ for English-medium.
Can Tho University (CTU),Computer Science,CNTT301 Database Systems,"Examines relational database design, SQL querying, normalisation theory, transaction management, and indexing strategies.","SQL query writing, ER diagram design, normalisation, transaction management, index optimisation",https://www.ctu.edu.vn/,Undergraduate,3 Credits / 1 Semester,Khoi A00/A01. DGNL >= 750. IELTS 5.5+ for English-medium.
Can Tho University (CTU),Computer Science,CNTT302 Computer Networks,"Studies OSI and TCP/IP network architectures, routing, switching, HTTP, DNS, and network security protocols.","TCP/IP configuration, routing protocol analysis, socket programming, network security evaluation, Wireshark analysis",https://www.ctu.edu.vn/,Undergraduate,3 Credits / 1 Semester,Khoi A00/A01. DGNL >= 750. IELTS 5.5+ for English-medium.
Can Tho University (CTU),Computer Science,CNTT303 Operating Systems,"Analyses process scheduling, memory management, file systems, and I/O handling with practical implementation labs.","Process scheduling, memory allocation, file system design, deadlock detection, system call programming",https://www.ctu.edu.vn/,Undergraduate,3 Credits / 1 Semester,Khoi A00/A01. DGNL >= 750. IELTS 5.5+ for English-medium.
Can Tho University (CTU),Computer Science,CNTT401 Software Engineering,"Covers the full SDLC from requirements through design, implementation, testing, and maintenance, emphasising agile methods.","Requirements documentation, UML modelling, agile sprint planning, integration testing, Git version control",https://www.ctu.edu.vn/,Undergraduate,3 Credits / 1 Semester,Khoi A00/A01. DGNL >= 750. IELTS 5.5+ for English-medium.
Can Tho University (CTU),Computer Science,CNTT402 Machine Learning,"Covers supervised learning, unsupervised learning, model evaluation, regularisation, and neural network fundamentals for predictive modelling.","Supervised model training, cross-validation, feature engineering, clustering algorithms, neural network design",https://www.ctu.edu.vn/,Undergraduate,3 Credits / 1 Semester,Khoi A00/A01. DGNL >= 750. IELTS 5.5+ for English-medium.
Can Tho University (CTU),Computer Science,CNTT403 Artificial Intelligence,"Explores search algorithms, knowledge representation, planning, and reasoning under uncertainty.","Heuristic search, Bayesian reasoning, propositional logic, constraint satisfaction, decision tree construction",https://www.ctu.edu.vn/,Undergraduate,3 Credits / 1 Semester,Khoi A00/A01. DGNL >= 750. IELTS 5.5+ for English-medium.
Can Tho University (CTU),Computer Science,CNTT501 Web Development,"Covers full-stack web development including front-end frameworks, RESTful APIs, authentication, and database integration.","HTML/CSS/JavaScript, REST API design, React or Vue.js, backend frameworks, database integration",https://www.ctu.edu.vn/,Undergraduate,3 Credits / 1 Semester,Khoi A00/A01. DGNL >= 750. IELTS 5.5+ for English-medium.
Can Tho University (CTU),Computer Science,CNTT502 Mobile Computing,"Covers Android and iOS app development including UI design, data persistence, API consumption, and app store deployment.","Android/iOS UI design, REST API consumption, local storage, push notifications, app publishing",https://www.ctu.edu.vn/,Undergraduate,3 Credits / 1 Semester,Khoi A00/A01. DGNL >= 750. IELTS 5.5+ for English-medium.
Can Tho University (CTU),Computer Science,CNTT601 Cloud Computing,"Examines IaaS/PaaS/SaaS models with AWS/Azure/GCP hands-on, containerisation, and serverless computing.","Cloud provisioning, Docker containerisation, Kubernetes orchestration, serverless functions, cost optimisation",https://www.ctu.edu.vn/,Undergraduate,3 Credits / 1 Semester,Khoi A00/A01. DGNL >= 750. IELTS 5.5+ for English-medium.
Can Tho University (CTU),Computer Science,CNTT602 Cybersecurity,"Covers cryptography, authentication, network security, secure coding, and ethical hacking fundamentals.","Cryptographic protocols, penetration testing, vulnerability scanning, secure coding practices, incident response",https://www.ctu.edu.vn/,Undergraduate,3 Credits / 1 Semester,Khoi A00/A01. DGNL >= 750. IELTS 5.5+ for English-medium.
Can Tho University (CTU),Computer Science,CNTT603 Big Data,"Covers Hadoop, Apache Spark, real-time stream processing, and NoSQL storage for large-scale data pipelines.","Spark DataFrame programming, HDFS management, Kafka streaming, NoSQL querying, ETL pipeline design",https://www.ctu.edu.vn/,Undergraduate,3 Credits / 1 Semester,Khoi A00/A01. DGNL >= 750. IELTS 5.5+ for English-medium.
Can Tho University (CTU),Computer Science,CNTT900 CS Thesis,"This module covers cs thesis, part of the Computer Science programme at Can Tho University (CTU). Students explore core theoretical and applied aspects, building competencies for professional practice.","Core cs thesis concepts, theoretical framework application, analytical problem-solving, academic research skills, practical cs thesis implementation",https://www.ctu.edu.vn/,Undergraduate,9 Credits / 1 Semester,Khoi A00/A01. DGNL >= 750. IELTS 5.5+ for English-medium.
Can Tho University (CTU),Electrical Engineering,EE101 Circuit Theory,"Studies electrical circuit analysis using KVL/KCL, Thevenin/Norton theorems, AC phasors, and transient analysis.","KVL/KCL application, Thevenin equivalent circuit, AC phasor analysis, transient response, circuit simulation",https://www.ctu.edu.vn/,Undergraduate,3 Credits / 1 Semester,Khoi A00/A01. Strong Physics.
Can Tho University (CTU),Electrical Engineering,EE102 Electronics,"Covers semiconductor physics, diode and transistor circuits, op-amps, and digital logic design.","Diode circuit analysis, transistor biasing, op-amp circuit design, digital logic implementation, circuit simulation",https://www.ctu.edu.vn/,Undergraduate,3 Credits / 1 Semester,Khoi A00/A01. Strong Physics.
Can Tho University (CTU),Electrical Engineering,EE103 Digital Systems,"This module covers digital systems, part of the Electrical Engineering programme at Can Tho University (CTU). Students explore core theoretical and applied aspects, building competencies for professional practice.","Core digital systems concepts, theoretical framework application, analytical problem-solving, academic research skills, practical digital systems implementation",https://www.ctu.edu.vn/,Undergraduate,3 Credits / 1 Semester,Khoi A00/A01. Strong Physics.
Can Tho University (CTU),Electrical Engineering,EE104 Signals and Systems,"This module covers signals and systems, part of the Electrical Engineering programme at Can Tho University (CTU). Students explore core theoretical and applied aspects, building competencies for professional practice.","Core signals and systems concepts, theoretical framework application, analytical problem-solving, academic research skills, practical signals and systems implementation",https://www.ctu.edu.vn/,Undergraduate,3 Credits / 1 Semester,Khoi A00/A01. Strong Physics.
Can Tho University (CTU),Electrical Engineering,EE201 Power Systems,"Covers power generation, transmission, distribution, and protection systems.","Power flow analysis, fault calculation, protection coordination, transformer design, grid stability",https://www.ctu.edu.vn/,Undergraduate,3 Credits / 1 Semester,Khoi A00/A01. Strong Physics.
Can Tho University (CTU),Electrical Engineering,EE202 Power Electronics,"Covers semiconductor physics, diode and transistor circuits, op-amps, and digital logic design.","Diode circuit analysis, transistor biasing, op-amp circuit design, digital logic implementation, circuit simulation",https://www.ctu.edu.vn/,Undergraduate,3 Credits / 1 Semester,Khoi A00/A01. Strong Physics.
Can Tho University (CTU),Electrical Engineering,EE203 Control Systems,"Studies feedback control systems, PID controllers, stability analysis, and state-space methods.","PID controller tuning, stability analysis, Bode plot interpretation, state-space modelling, digital control design",https://www.ctu.edu.vn/,Undergraduate,3 Credits / 1 Semester,Khoi A00/A01. Strong Physics.
Can Tho University (CTU),Electrical Engineering,EE204 Electric Machines,"This module covers electric machines, part of the Electrical Engineering programme at Can Tho University (CTU). Students explore core theoretical and applied aspects, building competencies for professional practice.","Core electric machines concepts, theoretical framework application, analytical problem-solving, academic research skills, practical electric machines implementation",https://www.ctu.edu.vn/,Undergraduate,3 Credits / 1 Semester,Khoi A00/A01. Strong Physics.
Can Tho University (CTU),Electrical Engineering,EE301 Renewable Energy,"Examines solar, wind, hydro, and bioenergy systems including resource assessment, design, and grid integration.","Solar irradiance analysis, wind turbine sizing, grid integration, energy storage, techno-economic assessment",https://www.ctu.edu.vn/,Undergraduate,3 Credits / 1 Semester,Khoi A00/A01. Strong Physics.
Can Tho University (CTU),Electrical Engineering,EE302 Industrial Automation,"This module covers industrial automation, part of the Electrical Engineering programme at Can Tho University (CTU). Students explore core theoretical and applied aspects, building competencies for professional practice.","Core industrial automation concepts, theoretical framework application, analytical problem-solving, academic research skills, practical industrial automation implementation",https://www.ctu.edu.vn/,Undergraduate,3 Credits / 1 Semester,Khoi A00/A01. Strong Physics.
Can Tho University (CTU),Electrical Engineering,EE303 Embedded Systems,"Covers microcontroller architecture, bare-metal and RTOS programming, hardware interfaces, and low-power design.","C programming for microcontrollers, interrupt handling, SPI/I2C interfaces, real-time task scheduling, power optimisation",https://www.ctu.edu.vn/,Undergraduate,3 Credits / 1 Semester,Khoi A00/A01. Strong Physics.
Can Tho University (CTU),Electrical Engineering,EE401 Smart Grid,"This module covers smart grid, part of the Electrical Engineering programme at Can Tho University (CTU). Students explore core theoretical and applied aspects, building competencies for professional practice.","Core smart grid concepts, theoretical framework application, analytical problem-solving, academic research skills, practical smart grid implementation",https://www.ctu.edu.vn/,Undergraduate,3 Credits / 1 Semester,Khoi A00/A01. Strong Physics.
Can Tho University (CTU),Electrical Engineering,EE402 IoT Engineering,"This module covers iot engineering, part of the Electrical Engineering programme at Can Tho University (CTU). Students explore core theoretical and applied aspects, building competencies for professional practice.","Core iot engineering concepts, theoretical framework application, analytical problem-solving, academic research skills, practical iot engineering implementation",https://www.ctu.edu.vn/,Undergraduate,3 Credits / 1 Semester,Khoi A00/A01. Strong Physics.
Can Tho University (CTU),Electrical Engineering,EE403 High Voltage Engineering,"This module covers high voltage engineering, part of the Electrical Engineering programme at Can Tho University (CTU). Students explore core theoretical and applied aspects, building competencies for professional practice.","Core high voltage engineering concepts, theoretical framework application, analytical problem-solving, academic research skills, practical high voltage engineering implementation",https://www.ctu.edu.vn/,Undergraduate,3 Credits / 1 Semester,Khoi A00/A01. Strong Physics.
Can Tho University (CTU),Electrical Engineering,EE900 EE Thesis,"This module covers ee thesis, part of the Electrical Engineering programme at Can Tho University (CTU). Students explore core theoretical and applied aspects, building competencies for professional practice.","Core ee thesis concepts, theoretical framework application, analytical problem-solving, academic research skills, practical ee thesis implementation",https://www.ctu.edu.vn/,Undergraduate,9 Credits / 1 Semester,Khoi A00/A01. Strong Physics.
Can Tho University (CTU),Business Administration,QT101 Business Management,"Covers planning, organising, leading, and controlling including strategy, change management, and organisational behaviour.","Strategic planning, team leadership, change management, performance measurement, stakeholder analysis",https://www.ctu.edu.vn/,Undergraduate,3 Credits / 1 Semester,Khoi A00/A01/D01. IELTS 5.5+.
Can Tho University (CTU),Business Administration,KT101 Microeconomics,Analyses individual and firm behaviour and national economic systems with policy implications.,"Supply-demand analysis, elasticity calculation, game theory, GDP interpretation, fiscal policy assessment",https://www.ctu.edu.vn/,Undergraduate,3 Credits / 1 Semester,Khoi A00/A01/D01. IELTS 5.5+.
Can Tho University (CTU),Business Administration,QT201 Organisational Behaviour,"This module covers organisational behaviour, part of the Business Administration programme at Can Tho University (CTU). Students explore core theoretical and applied aspects, building competencies for professional practice.","Core organisational behaviour concepts, theoretical framework application, analytical problem-solving, academic research skills, practical organisational behaviour implementation",https://www.ctu.edu.vn/,Undergraduate,3 Credits / 1 Semester,Khoi A00/A01/D01. IELTS 5.5+.
Can Tho University (CTU),Business Administration,MKT201 Marketing Management,"Covers planning, organising, leading, and controlling including strategy, change management, and organisational behaviour.","Strategic planning, team leadership, change management, performance measurement, stakeholder analysis",https://www.ctu.edu.vn/,Undergraduate,3 Credits / 1 Semester,Khoi A00/A01/D01. IELTS 5.5+.
Can Tho University (CTU),Business Administration,FIN201 Corporate Finance,"This module covers corporate finance, part of the Business Administration programme at Can Tho University (CTU). Students explore core theoretical and applied aspects, building competencies for professional practice.","Core corporate finance concepts, theoretical framework application, analytical problem-solving, academic research skills, practical corporate finance implementation",https://www.ctu.edu.vn/,Undergraduate,3 Credits / 1 Semester,Khoi A00/A01/D01. IELTS 5.5+.
Can Tho University (CTU),Business Administration,HRM201 Human Resource Management,"Covers recruitment, performance management, training, compensation, and employment law.","Recruitment design, performance appraisal, training needs analysis, compensation benchmarking, HR policy formulation",https://www.ctu.edu.vn/,Undergraduate,3 Credits / 1 Semester,Khoi A00/A01/D01. IELTS 5.5+.
Can Tho University (CTU),Business Administration,QT202 Operations Management,"Covers planning, organising, leading, and controlling including strategy, change management, and organisational behaviour.","Strategic planning, team leadership, change management, performance measurement, stakeholder analysis",https://www.ctu.edu.vn/,Undergraduate,3 Credits / 1 Semester,Khoi A00/A01/D01. IELTS 5.5+.
Can Tho University (CTU),Business Administration,SCM201 Supply Chain Management,"Covers supply chain design, procurement, inventory management, demand forecasting, and logistics optimisation.","Inventory optimisation, demand forecasting, supplier evaluation, logistics cost analysis, risk management",https://www.ctu.edu.vn/,Undergraduate,3 Credits / 1 Semester,Khoi A00/A01/D01. IELTS 5.5+.
Can Tho University (CTU),Business Administration,QT301 Strategic Management,"Covers planning, organising, leading, and controlling including strategy, change management, and organisational behaviour.","Strategic planning, team leadership, change management, performance measurement, stakeholder analysis",https://www.ctu.edu.vn/,Undergraduate,3 Credits / 1 Semester,Khoi A00/A01/D01. IELTS 5.5+.
Can Tho University (CTU),Business Administration,ENT301 Entrepreneurship,Guides students from opportunity recognition through business model development and lean startup methodology.,"Business model canvas, lean startup, market validation, investor pitch, financial forecasting",https://www.ctu.edu.vn/,Undergraduate,3 Credits / 1 Semester,Khoi A00/A01/D01. IELTS 5.5+.
Can Tho University (CTU),Business Administration,MKT301 Digital Marketing,"Covers SEO, SEM, social media, content marketing, analytics, and marketing automation.","SEO/SEM optimisation, social media strategy, content marketing, Google Analytics, marketing automation",https://www.ctu.edu.vn/,Undergraduate,3 Credits / 1 Semester,Khoi A00/A01/D01. IELTS 5.5+.
Can Tho University (CTU),Business Administration,QT401 International Business,"This module covers international business, part of the Business Administration programme at Can Tho University (CTU). Students explore core theoretical and applied aspects, building competencies for professional practice.","Core international business concepts, theoretical framework application, analytical problem-solving, academic research skills, practical international business implementation",https://www.ctu.edu.vn/,Undergraduate,3 Credits / 1 Semester,Khoi A00/A01/D01. IELTS 5.5+.
Can Tho University (CTU),Business Administration,QT402 Business Analytics,"This module covers business analytics, part of the Business Administration programme at Can Tho University (CTU). Students explore core theoretical and applied aspects, building competencies for professional practice.","Core business analytics concepts, theoretical framework application, analytical problem-solving, academic research skills, practical business analytics implementation",https://www.ctu.edu.vn/,Undergraduate,3 Credits / 1 Semester,Khoi A00/A01/D01. IELTS 5.5+.
Can Tho University (CTU),Business Administration,QT403 Project Management,"Covers project planning, execution, monitoring, and closure using agile and waterfall methodologies.","Gantt scheduling, risk management, agile sprint planning, stakeholder communication, cost variance analysis",https://www.ctu.edu.vn/,Undergraduate,3 Credits / 1 Semester,Khoi A00/A01/D01. IELTS 5.5+.
Can Tho University (CTU),Business Administration,QT900 BBA Thesis,"This module covers bba thesis, part of the Business Administration programme at Can Tho University (CTU). Students explore core theoretical and applied aspects, building competencies for professional practice.","Core bba thesis concepts, theoretical framework application, analytical problem-solving, academic research skills, practical bba thesis implementation",https://www.ctu.edu.vn/,Undergraduate,9 Credits / 1 Semester,Khoi A00/A01/D01. IELTS 5.5+.
Can Tho University (CTU),Economics,KT102 Macroeconomics,Analyses individual and firm behaviour and national economic systems with policy implications.,"Supply-demand analysis, elasticity calculation, game theory, GDP interpretation, fiscal policy assessment",https://www.ctu.edu.vn/,Undergraduate,3 Credits / 1 Semester,Khoi A00/A01/D01. Quantitative aptitude.
Can Tho University (CTU),Economics,STAT101 Statistics,"This module covers statistics, part of the Economics programme at Can Tho University (CTU). Students explore core theoretical and applied aspects, building competencies for professional practice.","Core statistics concepts, theoretical framework application, analytical problem-solving, academic research skills, practical statistics implementation",https://www.ctu.edu.vn/,Undergraduate,3 Credits / 1 Semester,Khoi A00/A01/D01. Quantitative aptitude.
Can Tho University (CTU),Economics,MATH101 Mathematics for Economics,Analyses individual and firm behaviour and national economic systems with policy implications.,"Supply-demand analysis, elasticity calculation, game theory, GDP interpretation, fiscal policy assessment",https://www.ctu.edu.vn/,Undergraduate,3 Credits / 1 Semester,Khoi A00/A01/D01. Quantitative aptitude.
Can Tho University (CTU),Economics,KT201 Development Economics,Analyses individual and firm behaviour and national economic systems with policy implications.,"Supply-demand analysis, elasticity calculation, game theory, GDP interpretation, fiscal policy assessment",https://www.ctu.edu.vn/,Undergraduate,3 Credits / 1 Semester,Khoi A00/A01/D01. Quantitative aptitude.
Can Tho University (CTU),Economics,KT202 Agricultural Economics,Analyses individual and firm behaviour and national economic systems with policy implications.,"Supply-demand analysis, elasticity calculation, game theory, GDP interpretation, fiscal policy assessment",https://www.ctu.edu.vn/,Undergraduate,3 Credits / 1 Semester,Khoi A00/A01/D01. Quantitative aptitude.
Can Tho University (CTU),Economics,KT203 Labour Economics,Analyses individual and firm behaviour and national economic systems with policy implications.,"Supply-demand analysis, elasticity calculation, game theory, GDP interpretation, fiscal policy assessment",https://www.ctu.edu.vn/,Undergraduate,3 Credits / 1 Semester,Khoi A00/A01/D01. Quantitative aptitude.
Can Tho University (CTU),Economics,KT301 Econometrics,"Covers linear regression, time series analysis, panel data methods, and causal inference for economics.","OLS regression, time series modelling, panel data estimation, hypothesis testing, causal inference",https://www.ctu.edu.vn/,Undergraduate,3 Credits / 1 Semester,Khoi A00/A01/D01. Quantitative aptitude.
Can Tho University (CTU),Economics,KT302 Public Economics,Analyses individual and firm behaviour and national economic systems with policy implications.,"Supply-demand analysis, elasticity calculation, game theory, GDP interpretation, fiscal policy assessment",https://www.ctu.edu.vn/,Undergraduate,3 Credits / 1 Semester,Khoi A00/A01/D01. Quantitative aptitude.
Can Tho University (CTU),Economics,KT303 International Economics,Analyses individual and firm behaviour and national economic systems with policy implications.,"Supply-demand analysis, elasticity calculation, game theory, GDP interpretation, fiscal policy assessment",https://www.ctu.edu.vn/,Undergraduate,3 Credits / 1 Semester,Khoi A00/A01/D01. Quantitative aptitude.
Can Tho University (CTU),Economics,KT304 Environmental Economics,"Covers environmental chemistry, ecology, pollution control, environmental impact assessment, and sustainability.","Environmental impact assessment, pollution monitoring, ecological modelling, sustainability analysis, EIA reporting",https://www.ctu.edu.vn/,Undergraduate,3 Credits / 1 Semester,Khoi A00/A01/D01. Quantitative aptitude.
Can Tho University (CTU),Economics,KT401 Economic Policy,"This module covers economic policy, part of the Economics programme at Can Tho University (CTU). Students explore core theoretical and applied aspects, building competencies for professional practice.","Core economic policy concepts, theoretical framework application, analytical problem-solving, academic research skills, practical economic policy implementation",https://www.ctu.edu.vn/,Undergraduate,3 Credits / 1 Semester,Khoi A00/A01/D01. Quantitative aptitude.
Can Tho University (CTU),Economics,KT402 Game Theory,"This module covers game theory, part of the Economics programme at Can Tho University (CTU). Students explore core theoretical and applied aspects, building competencies for professional practice.","Core game theory concepts, theoretical framework application, analytical problem-solving, academic research skills, practical game theory implementation",https://www.ctu.edu.vn/,Undergraduate,3 Credits / 1 Semester,Khoi A00/A01/D01. Quantitative aptitude.
Can Tho University (CTU),Economics,KT403 Monetary Economics,Analyses individual and firm behaviour and national economic systems with policy implications.,"Supply-demand analysis, elasticity calculation, game theory, GDP interpretation, fiscal policy assessment",https://www.ctu.edu.vn/,Undergraduate,3 Credits / 1 Semester,Khoi A00/A01/D01. Quantitative aptitude.
Can Tho University (CTU),Economics,KT900 Economics Thesis,Analyses individual and firm behaviour and national economic systems with policy implications.,"Supply-demand analysis, elasticity calculation, game theory, GDP interpretation, fiscal policy assessment",https://www.ctu.edu.vn/,Undergraduate,9 Credits / 1 Semester,Khoi A00/A01/D01. Quantitative aptitude.
Can Tho University (CTU),Environmental Science,ENV101 Introduction to Environmental Science,"Covers environmental chemistry, ecology, pollution control, environmental impact assessment, and sustainability.","Environmental impact assessment, pollution monitoring, ecological modelling, sustainability analysis, EIA reporting",https://www.ctu.edu.vn/,Undergraduate,3 Credits / 1 Semester,Khoi B00/A00/D01.
Can Tho University (CTU),Environmental Science,ENV102 Ecology,"This module covers ecology, part of the Environmental Science programme at Can Tho University (CTU). Students explore core theoretical and applied aspects, building competencies for professional practice.","Core ecology concepts, theoretical framework application, analytical problem-solving, academic research skills, practical ecology implementation",https://www.ctu.edu.vn/,Undergraduate,3 Credits / 1 Semester,Khoi B00/A00/D01.
Can Tho University (CTU),Environmental Science,ENV103 Aquaculture Science,"This module covers aquaculture science, part of the Environmental Science programme at Can Tho University (CTU). Students explore core theoretical and applied aspects, building competencies for professional practice.","Core aquaculture science concepts, theoretical framework application, analytical problem-solving, academic research skills, practical aquaculture science implementation",https://www.ctu.edu.vn/,Undergraduate,3 Credits / 1 Semester,Khoi B00/A00/D01.
Can Tho University (CTU),Environmental Science,ENV201 Environmental Chemistry,"Covers environmental chemistry, ecology, pollution control, environmental impact assessment, and sustainability.","Environmental impact assessment, pollution monitoring, ecological modelling, sustainability analysis, EIA reporting",https://www.ctu.edu.vn/,Undergraduate,3 Credits / 1 Semester,Khoi B00/A00/D01.
Can Tho University (CTU),Environmental Science,ENV202 Water Resources Management,"Covers planning, organising, leading, and controlling including strategy, change management, and organisational behaviour.","Strategic planning, team leadership, change management, performance measurement, stakeholder analysis",https://www.ctu.edu.vn/,Undergraduate,3 Credits / 1 Semester,Khoi B00/A00/D01.
Can Tho University (CTU),Environmental Science,ENV203 Air Quality Management,"Covers planning, organising, leading, and controlling including strategy, change management, and organisational behaviour.","Strategic planning, team leadership, change management, performance measurement, stakeholder analysis",https://www.ctu.edu.vn/,Undergraduate,3 Credits / 1 Semester,Khoi B00/A00/D01.
Can Tho University (CTU),Environmental Science,ENV204 Soil and Land Degradation,"This module covers soil and land degradation, part of the Environmental Science programme at Can Tho University (CTU). Students explore core theoretical and applied aspects, building competencies for professional practice.","Core soil and land degradation concepts, theoretical framework application, analytical problem-solving, academic research skills, practical soil and land degradation implementation",https://www.ctu.edu.vn/,Undergraduate,3 Credits / 1 Semester,Khoi B00/A00/D01.
Can Tho University (CTU),Environmental Science,ENV301 Environmental Impact Assessment,"Covers environmental chemistry, ecology, pollution control, environmental impact assessment, and sustainability.","Environmental impact assessment, pollution monitoring, ecological modelling, sustainability analysis, EIA reporting",https://www.ctu.edu.vn/,Undergraduate,3 Credits / 1 Semester,Khoi B00/A00/D01.
Can Tho University (CTU),Environmental Science,ENV302 Climate Change Science,"This module covers climate change science, part of the Environmental Science programme at Can Tho University (CTU). Students explore core theoretical and applied aspects, building competencies for professional practice.","Core climate change science concepts, theoretical framework application, analytical problem-solving, academic research skills, practical climate change science implementation",https://www.ctu.edu.vn/,Undergraduate,3 Credits / 1 Semester,Khoi B00/A00/D01.
Can Tho University (CTU),Environmental Science,ENV303 Waste Management,"Covers planning, organising, leading, and controlling including strategy, change management, and organisational behaviour.","Strategic planning, team leadership, change management, performance measurement, stakeholder analysis",https://www.ctu.edu.vn/,Undergraduate,3 Credits / 1 Semester,Khoi B00/A00/D01.
Can Tho University (CTU),Environmental Science,ENV304 Remote Sensing and GIS,"This module covers remote sensing and gis, part of the Environmental Science programme at Can Tho University (CTU). Students explore core theoretical and applied aspects, building competencies for professional practice.","Core remote sensing and gis concepts, theoretical framework application, analytical problem-solving, academic research skills, practical remote sensing and gis implementation",https://www.ctu.edu.vn/,Undergraduate,3 Credits / 1 Semester,Khoi B00/A00/D01.
Can Tho University (CTU),Environmental Science,ENV401 Environmental Policy,"Covers environmental chemistry, ecology, pollution control, environmental impact assessment, and sustainability.","Environmental impact assessment, pollution monitoring, ecological modelling, sustainability analysis, EIA reporting",https://www.ctu.edu.vn/,Undergraduate,3 Credits / 1 Semester,Khoi B00/A00/D01.
Can Tho University (CTU),Environmental Science,ENV402 Sustainability Management,"Covers planning, organising, leading, and controlling including strategy, change management, and organisational behaviour.","Strategic planning, team leadership, change management, performance measurement, stakeholder analysis",https://www.ctu.edu.vn/,Undergraduate,3 Credits / 1 Semester,Khoi B00/A00/D01.
Can Tho University (CTU),Environmental Science,ENV403 Mekong Delta Environment,"This module covers mekong delta environment, part of the Environmental Science programme at Can Tho University (CTU). Students explore core theoretical and applied aspects, building competencies for professional practice.","Core mekong delta environment concepts, theoretical framework application, analytical problem-solving, academic research skills, practical mekong delta environment implementation",https://www.ctu.edu.vn/,Undergraduate,3 Credits / 1 Semester,Khoi B00/A00/D01.
Can Tho University (CTU),Environmental Science,ENV900 Environmental Science Thesis,"Covers environmental chemistry, ecology, pollution control, environmental impact assessment, and sustainability.","Environmental impact assessment, pollution monitoring, ecological modelling, sustainability analysis, EIA reporting",https://www.ctu.edu.vn/,Undergraduate,9 Credits / 1 Semester,Khoi B00/A00/D01.
Da Nang University of Science and Technology (DUT),Computer Science,CS101 Introduction to Computer Science,"This module covers introduction to computer science, part of the Computer Science programme at Da Nang University of Science and Technology (DUT). Students explore core theoretical and applied aspects, building competencies for professional practice.","Core introduction to computer science concepts, theoretical framework application, analytical problem-solving, academic research skills, practical introduction to computer science implementation",https://dut.udn.vn/,Undergraduate,3 Credits / 1 Semester,Khoi A00/A01. DGNL >= 750. IELTS 5.5+ for English-medium.
Da Nang University of Science and Technology (DUT),Computer Science,CS102 Programming Techniques,"This module covers programming techniques, part of the Computer Science programme at Da Nang University of Science and Technology (DUT). Students explore core theoretical and applied aspects, building competencies for professional practice.","Core programming techniques concepts, theoretical framework application, analytical problem-solving, academic research skills, practical programming techniques implementation",https://dut.udn.vn/,Undergraduate,3 Credits / 1 Semester,Khoi A00/A01. DGNL >= 750. IELTS 5.5+ for English-medium.
Da Nang University of Science and Technology (DUT),Computer Science,CS201 Data Structures,"Covers fundamental data organisation techniques including arrays, linked lists, stacks, queues, trees, heaps, and hash tables. Students analyse time and space complexity and apply structures to solve real computational problems.","Array manipulation, linked list operations, binary tree traversal, hash table design, stack and queue implementation",https://dut.udn.vn/,Undergraduate,3 Credits / 1 Semester,Khoi A00/A01. DGNL >= 750. IELTS 5.5+ for English-medium.
Da Nang University of Science and Technology (DUT),Computer Science,CS202 Algorithm Analysis,"Introduces algorithm design paradigms including divide and conquer, dynamic programming, greedy methods, and backtracking. Students prove correctness and analyse Big-O complexity.","Algorithm complexity analysis, divide and conquer design, dynamic programming, greedy implementation, correctness proof writing",https://dut.udn.vn/,Undergraduate,3 Credits / 1 Semester,Khoi A00/A01. DGNL >= 750. IELTS 5.5+ for English-medium.
Da Nang University of Science and Technology (DUT),Computer Science,CS203 Database Systems,"Examines relational database design, SQL querying, normalisation theory, transaction management, and indexing strategies.","SQL query writing, ER diagram design, normalisation, transaction management, index optimisation",https://dut.udn.vn/,Undergraduate,3 Credits / 1 Semester,Khoi A00/A01. DGNL >= 750. IELTS 5.5+ for English-medium.
Da Nang University of Science and Technology (DUT),Computer Science,CS301 Operating Systems,"Analyses process scheduling, memory management, file systems, and I/O handling with practical implementation labs.","Process scheduling, memory allocation, file system design, deadlock detection, system call programming",https://dut.udn.vn/,Undergraduate,3 Credits / 1 Semester,Khoi A00/A01. DGNL >= 750. IELTS 5.5+ for English-medium.
Da Nang University of Science and Technology (DUT),Computer Science,CS302 Computer Networks,"Studies OSI and TCP/IP network architectures, routing, switching, HTTP, DNS, and network security protocols.","TCP/IP configuration, routing protocol analysis, socket programming, network security evaluation, Wireshark analysis",https://dut.udn.vn/,Undergraduate,3 Credits / 1 Semester,Khoi A00/A01. DGNL >= 750. IELTS 5.5+ for English-medium.
Da Nang University of Science and Technology (DUT),Computer Science,CS303 Software Engineering,"Covers the full SDLC from requirements through design, implementation, testing, and maintenance, emphasising agile methods.","Requirements documentation, UML modelling, agile sprint planning, integration testing, Git version control",https://dut.udn.vn/,Undergraduate,3 Credits / 1 Semester,Khoi A00/A01. DGNL >= 750. IELTS 5.5+ for English-medium.
Da Nang University of Science and Technology (DUT),Computer Science,CS401 Machine Learning,"Covers supervised learning, unsupervised learning, model evaluation, regularisation, and neural network fundamentals for predictive modelling.","Supervised model training, cross-validation, feature engineering, clustering algorithms, neural network design",https://dut.udn.vn/,Undergraduate,3 Credits / 1 Semester,Khoi A00/A01. DGNL >= 750. IELTS 5.5+ for English-medium.
Da Nang University of Science and Technology (DUT),Computer Science,CS402 Artificial Intelligence,"Explores search algorithms, knowledge representation, planning, and reasoning under uncertainty.","Heuristic search, Bayesian reasoning, propositional logic, constraint satisfaction, decision tree construction",https://dut.udn.vn/,Undergraduate,3 Credits / 1 Semester,Khoi A00/A01. DGNL >= 750. IELTS 5.5+ for English-medium.
Da Nang University of Science and Technology (DUT),Computer Science,CS403 Web Technologies,"Covers full-stack web development including front-end frameworks, RESTful APIs, authentication, and database integration.","HTML/CSS/JavaScript, REST API design, React or Vue.js, backend frameworks, database integration",https://dut.udn.vn/,Undergraduate,3 Credits / 1 Semester,Khoi A00/A01. DGNL >= 750. IELTS 5.5+ for English-medium.
Da Nang University of Science and Technology (DUT),Computer Science,CS404 Mobile Application Development,"Covers Android and iOS app development including UI design, data persistence, API consumption, and app store deployment.","Android/iOS UI design, REST API consumption, local storage, push notifications, app publishing",https://dut.udn.vn/,Undergraduate,3 Credits / 1 Semester,Khoi A00/A01. DGNL >= 750. IELTS 5.5+ for English-medium.
Da Nang University of Science and Technology (DUT),Computer Science,CS405 Network Security,"This module covers network security, part of the Computer Science programme at Da Nang University of Science and Technology (DUT). Students explore core theoretical and applied aspects, building competencies for professional practice.","Core network security concepts, theoretical framework application, analytical problem-solving, academic research skills, practical network security implementation",https://dut.udn.vn/,Undergraduate,3 Credits / 1 Semester,Khoi A00/A01. DGNL >= 750. IELTS 5.5+ for English-medium.
Da Nang University of Science and Technology (DUT),Computer Science,CS406 Cloud Computing,"Examines IaaS/PaaS/SaaS models with AWS/Azure/GCP hands-on, containerisation, and serverless computing.","Cloud provisioning, Docker containerisation, Kubernetes orchestration, serverless functions, cost optimisation",https://dut.udn.vn/,Undergraduate,3 Credits / 1 Semester,Khoi A00/A01. DGNL >= 750. IELTS 5.5+ for English-medium.
Da Nang University of Science and Technology (DUT),Computer Science,CS407 IoT Systems,"This module covers iot systems, part of the Computer Science programme at Da Nang University of Science and Technology (DUT). Students explore core theoretical and applied aspects, building competencies for professional practice.","Core iot systems concepts, theoretical framework application, analytical problem-solving, academic research skills, practical iot systems implementation",https://dut.udn.vn/,Undergraduate,3 Credits / 1 Semester,Khoi A00/A01. DGNL >= 750. IELTS 5.5+ for English-medium.
Da Nang University of Science and Technology (DUT),Computer Science,CS900 CS Thesis,"This module covers cs thesis, part of the Computer Science programme at Da Nang University of Science and Technology (DUT). Students explore core theoretical and applied aspects, building competencies for professional practice.","Core cs thesis concepts, theoretical framework application, analytical problem-solving, academic research skills, practical cs thesis implementation",https://dut.udn.vn/,Undergraduate,9 Credits / 1 Semester,Khoi A00/A01. DGNL >= 750. IELTS 5.5+ for English-medium.
Da Nang University of Science and Technology (DUT),Electrical Engineering,EE101 Electric Circuit Theory,"Studies electrical circuit analysis using KVL/KCL, Thevenin/Norton theorems, AC phasors, and transient analysis.","KVL/KCL application, Thevenin equivalent circuit, AC phasor analysis, transient response, circuit simulation",https://dut.udn.vn/,Undergraduate,4 Credits / 1 Semester,Khoi A00/A01. Strong Physics.
Da Nang University of Science and Technology (DUT),Electrical Engineering,EE102 Electronics 1,"Covers semiconductor physics, diode and transistor circuits, op-amps, and digital logic design.","Diode circuit analysis, transistor biasing, op-amp circuit design, digital logic implementation, circuit simulation",https://dut.udn.vn/,Undergraduate,3 Credits / 1 Semester,Khoi A00/A01. Strong Physics.
Da Nang University of Science and Technology (DUT),Electrical Engineering,EE103 Digital Systems,"This module covers digital systems, part of the Electrical Engineering programme at Da Nang University of Science and Technology (DUT). Students explore core theoretical and applied aspects, building competencies for professional practice.","Core digital systems concepts, theoretical framework application, analytical problem-solving, academic research skills, practical digital systems implementation",https://dut.udn.vn/,Undergraduate,3 Credits / 1 Semester,Khoi A00/A01. Strong Physics.
Da Nang University of Science and Technology (DUT),Electrical Engineering,EE104 Microprocessors,"This module covers microprocessors, part of the Electrical Engineering programme at Da Nang University of Science and Technology (DUT). Students explore core theoretical and applied aspects, building competencies for professional practice.","Core microprocessors concepts, theoretical framework application, analytical problem-solving, academic research skills, practical microprocessors implementation",https://dut.udn.vn/,Undergraduate,3 Credits / 1 Semester,Khoi A00/A01. Strong Physics.
Da Nang University of Science and Technology (DUT),Electrical Engineering,EE201 Electronics 2,"Covers semiconductor physics, diode and transistor circuits, op-amps, and digital logic design.","Diode circuit analysis, transistor biasing, op-amp circuit design, digital logic implementation, circuit simulation",https://dut.udn.vn/,Undergraduate,3 Credits / 1 Semester,Khoi A00/A01. Strong Physics.
Da Nang University of Science and Technology (DUT),Electrical Engineering,EE202 Signals and Systems,"This module covers signals and systems, part of the Electrical Engineering programme at Da Nang University of Science and Technology (DUT). Students explore core theoretical and applied aspects, building competencies for professional practice.","Core signals and systems concepts, theoretical framework application, analytical problem-solving, academic research skills, practical signals and systems implementation",https://dut.udn.vn/,Undergraduate,3 Credits / 1 Semester,Khoi A00/A01. Strong Physics.
Da Nang University of Science and Technology (DUT),Electrical Engineering,EE203 Communication Theory,"This module covers communication theory, part of the Electrical Engineering programme at Da Nang University of Science and Technology (DUT). Students explore core theoretical and applied aspects, building competencies for professional practice.","Core communication theory concepts, theoretical framework application, analytical problem-solving, academic research skills, practical communication theory implementation",https://dut.udn.vn/,Undergraduate,3 Credits / 1 Semester,Khoi A00/A01. Strong Physics.
Da Nang University of Science and Technology (DUT),Electrical Engineering,EE301 Power Systems,"Covers power generation, transmission, distribution, and protection systems.","Power flow analysis, fault calculation, protection coordination, transformer design, grid stability",https://dut.udn.vn/,Undergraduate,3 Credits / 1 Semester,Khoi A00/A01. Strong Physics.
Da Nang University of Science and Technology (DUT),Electrical Engineering,EE302 Power Electronics,"Covers semiconductor physics, diode and transistor circuits, op-amps, and digital logic design.","Diode circuit analysis, transistor biasing, op-amp circuit design, digital logic implementation, circuit simulation",https://dut.udn.vn/,Undergraduate,3 Credits / 1 Semester,Khoi A00/A01. Strong Physics.
Da Nang University of Science and Technology (DUT),Electrical Engineering,EE303 Control Systems,"Studies feedback control systems, PID controllers, stability analysis, and state-space methods.","PID controller tuning, stability analysis, Bode plot interpretation, state-space modelling, digital control design",https://dut.udn.vn/,Undergraduate,3 Credits / 1 Semester,Khoi A00/A01. Strong Physics.
Da Nang University of Science and Technology (DUT),Electrical Engineering,EE304 Electric Machines,"This module covers electric machines, part of the Electrical Engineering programme at Da Nang University of Science and Technology (DUT). Students explore core theoretical and applied aspects, building competencies for professional practice.","Core electric machines concepts, theoretical framework application, analytical problem-solving, academic research skills, practical electric machines implementation",https://dut.udn.vn/,Undergraduate,3 Credits / 1 Semester,Khoi A00/A01. Strong Physics.
Da Nang University of Science and Technology (DUT),Electrical Engineering,EE401 Renewable Energy,"Examines solar, wind, hydro, and bioenergy systems including resource assessment, design, and grid integration.","Solar irradiance analysis, wind turbine sizing, grid integration, energy storage, techno-economic assessment",https://dut.udn.vn/,Undergraduate,3 Credits / 1 Semester,Khoi A00/A01. Strong Physics.
Da Nang University of Science and Technology (DUT),Electrical Engineering,EE402 Embedded Systems,"Covers microcontroller architecture, bare-metal and RTOS programming, hardware interfaces, and low-power design.","C programming for microcontrollers, interrupt handling, SPI/I2C interfaces, real-time task scheduling, power optimisation",https://dut.udn.vn/,Undergraduate,3 Credits / 1 Semester,Khoi A00/A01. Strong Physics.
Da Nang University of Science and Technology (DUT),Electrical Engineering,EE403 Digital Signal Processing,"Covers Fourier transforms, FIR/IIR filtering, and spectral analysis for communications and audio applications.","Fourier transform application, FIR/IIR filter design, spectrum analysis, sampling theorem, noise reduction",https://dut.udn.vn/,Undergraduate,3 Credits / 1 Semester,Khoi A00/A01. Strong Physics.
Da Nang University of Science and Technology (DUT),Electrical Engineering,EE900 EE Thesis,"This module covers ee thesis, part of the Electrical Engineering programme at Da Nang University of Science and Technology (DUT). Students explore core theoretical and applied aspects, building competencies for professional practice.","Core ee thesis concepts, theoretical framework application, analytical problem-solving, academic research skills, practical ee thesis implementation",https://dut.udn.vn/,Undergraduate,9 Credits / 1 Semester,Khoi A00/A01. Strong Physics.
Da Nang University of Science and Technology (DUT),Civil Engineering,CE101 Structural Mechanics,"Covers structural analysis methods, load calculations, and material behaviour for civil engineering.","Structural load analysis, beam design, truss calculation, material testing, finite element analysis",https://dut.udn.vn/,Undergraduate,4 Credits / 1 Semester,Khoi A00. Strong Physics and Mathematics.
Da Nang University of Science and Technology (DUT),Civil Engineering,CE102 Engineering Drawing,"This module covers engineering drawing, part of the Civil Engineering programme at Da Nang University of Science and Technology (DUT). Students explore core theoretical and applied aspects, building competencies for professional practice.","Core engineering drawing concepts, theoretical framework application, analytical problem-solving, academic research skills, practical engineering drawing implementation",https://dut.udn.vn/,Undergraduate,3 Credits / 1 Semester,Khoi A00. Strong Physics and Mathematics.
Da Nang University of Science and Technology (DUT),Civil Engineering,CE103 Engineering Mechanics,"Covers statics, dynamics, kinematics, and material behaviour for engineering applications.","Free body diagram, moment calculation, kinematic analysis, material stress-strain, FEA application",https://dut.udn.vn/,Undergraduate,3 Credits / 1 Semester,Khoi A00. Strong Physics and Mathematics.
Da Nang University of Science and Technology (DUT),Civil Engineering,CE201 Mechanics of Materials,"Covers statics, dynamics, kinematics, and material behaviour for engineering applications.","Free body diagram, moment calculation, kinematic analysis, material stress-strain, FEA application",https://dut.udn.vn/,Undergraduate,3 Credits / 1 Semester,Khoi A00. Strong Physics and Mathematics.
Da Nang University of Science and Technology (DUT),Civil Engineering,CE202 Reinforced Concrete Structures,"This module covers reinforced concrete structures, part of the Civil Engineering programme at Da Nang University of Science and Technology (DUT). Students explore core theoretical and applied aspects, building competencies for professional practice.","Core reinforced concrete structures concepts, theoretical framework application, analytical problem-solving, academic research skills, practical reinforced concrete structures implementation",https://dut.udn.vn/,Undergraduate,3 Credits / 1 Semester,Khoi A00. Strong Physics and Mathematics.
Da Nang University of Science and Technology (DUT),Civil Engineering,CE203 Steel Structures,"This module covers steel structures, part of the Civil Engineering programme at Da Nang University of Science and Technology (DUT). Students explore core theoretical and applied aspects, building competencies for professional practice.","Core steel structures concepts, theoretical framework application, analytical problem-solving, academic research skills, practical steel structures implementation",https://dut.udn.vn/,Undergraduate,3 Credits / 1 Semester,Khoi A00. Strong Physics and Mathematics.
Da Nang University of Science and Technology (DUT),Civil Engineering,CE204 Soil Mechanics,"Covers statics, dynamics, kinematics, and material behaviour for engineering applications.","Free body diagram, moment calculation, kinematic analysis, material stress-strain, FEA application",https://dut.udn.vn/,Undergraduate,3 Credits / 1 Semester,Khoi A00. Strong Physics and Mathematics.
Da Nang University of Science and Technology (DUT),Civil Engineering,CE205 Hydraulics,"This module covers hydraulics, part of the Civil Engineering programme at Da Nang University of Science and Technology (DUT). Students explore core theoretical and applied aspects, building competencies for professional practice.","Core hydraulics concepts, theoretical framework application, analytical problem-solving, academic research skills, practical hydraulics implementation",https://dut.udn.vn/,Undergraduate,3 Credits / 1 Semester,Khoi A00. Strong Physics and Mathematics.
Da Nang University of Science and Technology (DUT),Civil Engineering,CE301 Foundation Engineering,"This module covers foundation engineering, part of the Civil Engineering programme at Da Nang University of Science and Technology (DUT). Students explore core theoretical and applied aspects, building competencies for professional practice.","Core foundation engineering concepts, theoretical framework application, analytical problem-solving, academic research skills, practical foundation engineering implementation",https://dut.udn.vn/,Undergraduate,3 Credits / 1 Semester,Khoi A00. Strong Physics and Mathematics.
Da Nang University of Science and Technology (DUT),Civil Engineering,CE302 Road and Highway Engineering,"This module covers road and highway engineering, part of the Civil Engineering programme at Da Nang University of Science and Technology (DUT). Students explore core theoretical and applied aspects, building competencies for professional practice.","Core road and highway engineering concepts, theoretical framework application, analytical problem-solving, academic research skills, practical road and highway engineering implementation",https://dut.udn.vn/,Undergraduate,3 Credits / 1 Semester,Khoi A00. Strong Physics and Mathematics.
Da Nang University of Science and Technology (DUT),Civil Engineering,CE303 Surveying,"This module covers surveying, part of the Civil Engineering programme at Da Nang University of Science and Technology (DUT). Students explore core theoretical and applied aspects, building competencies for professional practice.","Core surveying concepts, theoretical framework application, analytical problem-solving, academic research skills, practical surveying implementation",https://dut.udn.vn/,Undergraduate,3 Credits / 1 Semester,Khoi A00. Strong Physics and Mathematics.
Da Nang University of Science and Technology (DUT),Civil Engineering,CE401 Bridge Engineering,"This module covers bridge engineering, part of the Civil Engineering programme at Da Nang University of Science and Technology (DUT). Students explore core theoretical and applied aspects, building competencies for professional practice.","Core bridge engineering concepts, theoretical framework application, analytical problem-solving, academic research skills, practical bridge engineering implementation",https://dut.udn.vn/,Undergraduate,3 Credits / 1 Semester,Khoi A00. Strong Physics and Mathematics.
Da Nang University of Science and Technology (DUT),Civil Engineering,CE402 Construction Management,"Covers planning, organising, leading, and controlling including strategy, change management, and organisational behaviour.","Strategic planning, team leadership, change management, performance measurement, stakeholder analysis",https://dut.udn.vn/,Undergraduate,3 Credits / 1 Semester,Khoi A00. Strong Physics and Mathematics.
Da Nang University of Science and Technology (DUT),Civil Engineering,CE403 Water Supply and Sanitation,"This module covers water supply and sanitation, part of the Civil Engineering programme at Da Nang University of Science and Technology (DUT). Students explore core theoretical and applied aspects, building competencies for professional practice.","Core water supply and sanitation concepts, theoretical framework application, analytical problem-solving, academic research skills, practical water supply and sanitation implementation",https://dut.udn.vn/,Undergraduate,3 Credits / 1 Semester,Khoi A00. Strong Physics and Mathematics.
Da Nang University of Science and Technology (DUT),Civil Engineering,CE900 Civil Engineering Thesis,"This module covers civil engineering thesis, part of the Civil Engineering programme at Da Nang University of Science and Technology (DUT). Students explore core theoretical and applied aspects, building competencies for professional practice.","Core civil engineering thesis concepts, theoretical framework application, analytical problem-solving, academic research skills, practical civil engineering thesis implementation",https://dut.udn.vn/,Undergraduate,9 Credits / 1 Semester,Khoi A00. Strong Physics and Mathematics.
Da Nang University of Science and Technology (DUT),Mechanical Engineering,ME101 Engineering Mechanics,"Covers statics, dynamics, kinematics, and material behaviour for engineering applications.","Free body diagram, moment calculation, kinematic analysis, material stress-strain, FEA application",https://dut.udn.vn/,Undergraduate,3 Credits / 1 Semester,Khoi A00. Strong Physics and Mathematics.
Da Nang University of Science and Technology (DUT),Mechanical Engineering,ME102 Thermodynamics,"Studies heat, work, energy conversion, entropy, and thermodynamic cycles for engineering systems.","Thermodynamic cycle analysis, entropy calculation, heat exchanger design, energy efficiency, combustion analysis",https://dut.udn.vn/,Undergraduate,3 Credits / 1 Semester,Khoi A00. Strong Physics and Mathematics.
Da Nang University of Science and Technology (DUT),Mechanical Engineering,ME103 Fluid Mechanics,"Covers fluid statics, flow dynamics, viscous effects, and turbomachinery for engineering applications.","Bernoulli equation, Reynolds number analysis, pipe flow calculation, turbine design, CFD simulation",https://dut.udn.vn/,Undergraduate,3 Credits / 1 Semester,Khoi A00. Strong Physics and Mathematics.
Da Nang University of Science and Technology (DUT),Mechanical Engineering,ME104 Mechanics of Materials,"Covers statics, dynamics, kinematics, and material behaviour for engineering applications.","Free body diagram, moment calculation, kinematic analysis, material stress-strain, FEA application",https://dut.udn.vn/,Undergraduate,3 Credits / 1 Semester,Khoi A00. Strong Physics and Mathematics.
Da Nang University of Science and Technology (DUT),Mechanical Engineering,ME201 Machine Design,"This module covers machine design, part of the Mechanical Engineering programme at Da Nang University of Science and Technology (DUT). Students explore core theoretical and applied aspects, building competencies for professional practice.","Core machine design concepts, theoretical framework application, analytical problem-solving, academic research skills, practical machine design implementation",https://dut.udn.vn/,Undergraduate,3 Credits / 1 Semester,Khoi A00. Strong Physics and Mathematics.
Da Nang University of Science and Technology (DUT),Mechanical Engineering,ME202 Manufacturing Technology,"This module covers manufacturing technology, part of the Mechanical Engineering programme at Da Nang University of Science and Technology (DUT). Students explore core theoretical and applied aspects, building competencies for professional practice.","Core manufacturing technology concepts, theoretical framework application, analytical problem-solving, academic research skills, practical manufacturing technology implementation",https://dut.udn.vn/,Undergraduate,3 Credits / 1 Semester,Khoi A00. Strong Physics and Mathematics.
Da Nang University of Science and Technology (DUT),Mechanical Engineering,ME203 CAD/CAM,"This module covers cad/cam, part of the Mechanical Engineering programme at Da Nang University of Science and Technology (DUT). Students explore core theoretical and applied aspects, building competencies for professional practice.","Core cad/cam concepts, theoretical framework application, analytical problem-solving, academic research skills, practical cad/cam implementation",https://dut.udn.vn/,Undergraduate,3 Credits / 1 Semester,Khoi A00. Strong Physics and Mathematics.
Da Nang University of Science and Technology (DUT),Mechanical Engineering,ME301 Heat Transfer,"This module covers heat transfer, part of the Mechanical Engineering programme at Da Nang University of Science and Technology (DUT). Students explore core theoretical and applied aspects, building competencies for professional practice.","Core heat transfer concepts, theoretical framework application, analytical problem-solving, academic research skills, practical heat transfer implementation",https://dut.udn.vn/,Undergraduate,3 Credits / 1 Semester,Khoi A00. Strong Physics and Mathematics.
Da Nang University of Science and Technology (DUT),Mechanical Engineering,ME302 Industrial Automation,"This module covers industrial automation, part of the Mechanical Engineering programme at Da Nang University of Science and Technology (DUT). Students explore core theoretical and applied aspects, building competencies for professional practice.","Core industrial automation concepts, theoretical framework application, analytical problem-solving, academic research skills, practical industrial automation implementation",https://dut.udn.vn/,Undergraduate,3 Credits / 1 Semester,Khoi A00. Strong Physics and Mathematics.
Da Nang University of Science and Technology (DUT),Mechanical Engineering,ME303 CNC Programming,"This module covers cnc programming, part of the Mechanical Engineering programme at Da Nang University of Science and Technology (DUT). Students explore core theoretical and applied aspects, building competencies for professional practice.","Core cnc programming concepts, theoretical framework application, analytical problem-solving, academic research skills, practical cnc programming implementation",https://dut.udn.vn/,Undergraduate,3 Credits / 1 Semester,Khoi A00. Strong Physics and Mathematics.
Da Nang University of Science and Technology (DUT),Mechanical Engineering,ME401 Finite Element Methods,"This module covers finite element methods, part of the Mechanical Engineering programme at Da Nang University of Science and Technology (DUT). Students explore core theoretical and applied aspects, building competencies for professional practice.","Core finite element methods concepts, theoretical framework application, analytical problem-solving, academic research skills, practical finite element methods implementation",https://dut.udn.vn/,Undergraduate,3 Credits / 1 Semester,Khoi A00. Strong Physics and Mathematics.
Da Nang University of Science and Technology (DUT),Mechanical Engineering,ME402 Robotics,"Covers robot kinematics, dynamics, sensors, actuators, perception, and motion planning.","Kinematic chain modelling, sensor fusion, motion planning, ROS programming, robot simulation",https://dut.udn.vn/,Undergraduate,3 Credits / 1 Semester,Khoi A00. Strong Physics and Mathematics.
Da Nang University of Science and Technology (DUT),Mechanical Engineering,ME403 Quality Engineering,"This module covers quality engineering, part of the Mechanical Engineering programme at Da Nang University of Science and Technology (DUT). Students explore core theoretical and applied aspects, building competencies for professional practice.","Core quality engineering concepts, theoretical framework application, analytical problem-solving, academic research skills, practical quality engineering implementation",https://dut.udn.vn/,Undergraduate,3 Credits / 1 Semester,Khoi A00. Strong Physics and Mathematics.
Da Nang University of Science and Technology (DUT),Mechanical Engineering,ME404 Mechatronics,"This module covers mechatronics, part of the Mechanical Engineering programme at Da Nang University of Science and Technology (DUT). Students explore core theoretical and applied aspects, building competencies for professional practice.","Core mechatronics concepts, theoretical framework application, analytical problem-solving, academic research skills, practical mechatronics implementation",https://dut.udn.vn/,Undergraduate,3 Credits / 1 Semester,Khoi A00. Strong Physics and Mathematics.
Da Nang University of Science and Technology (DUT),Mechanical Engineering,ME900 ME Thesis,"This module covers me thesis, part of the Mechanical Engineering programme at Da Nang University of Science and Technology (DUT). Students explore core theoretical and applied aspects, building competencies for professional practice.","Core me thesis concepts, theoretical framework application, analytical problem-solving, academic research skills, practical me thesis implementation",https://dut.udn.vn/,Undergraduate,9 Credits / 1 Semester,Khoi A00. Strong Physics and Mathematics.
Da Nang University of Science and Technology (DUT),Chemical Engineering,CH101 General Chemistry,"Covers atomic structure, chemical bonding, reactions, thermochemistry, and organic chemistry.","Chemical equation balancing, stoichiometry, organic synthesis, spectral analysis, lab safety",https://dut.udn.vn/,Undergraduate,3 Credits / 1 Semester,Khoi A00/B00. Strong Chemistry.
Da Nang University of Science and Technology (DUT),Chemical Engineering,CH102 Organic Chemistry,"Covers atomic structure, chemical bonding, reactions, thermochemistry, and organic chemistry.","Chemical equation balancing, stoichiometry, organic synthesis, spectral analysis, lab safety",https://dut.udn.vn/,Undergraduate,3 Credits / 1 Semester,Khoi A00/B00. Strong Chemistry.
Da Nang University of Science and Technology (DUT),Chemical Engineering,CH103 Physical Chemistry,"Covers atomic structure, chemical bonding, reactions, thermochemistry, and organic chemistry.","Chemical equation balancing, stoichiometry, organic synthesis, spectral analysis, lab safety",https://dut.udn.vn/,Undergraduate,3 Credits / 1 Semester,Khoi A00/B00. Strong Chemistry.
Da Nang University of Science and Technology (DUT),Chemical Engineering,CH201 Chemical Thermodynamics,"Studies heat, work, energy conversion, entropy, and thermodynamic cycles for engineering systems.","Thermodynamic cycle analysis, entropy calculation, heat exchanger design, energy efficiency, combustion analysis",https://dut.udn.vn/,Undergraduate,3 Credits / 1 Semester,Khoi A00/B00. Strong Chemistry.
Da Nang University of Science and Technology (DUT),Chemical Engineering,CH202 Mass Transfer Operations,"This module covers mass transfer operations, part of the Chemical Engineering programme at Da Nang University of Science and Technology (DUT). Students explore core theoretical and applied aspects, building competencies for professional practice.","Core mass transfer operations concepts, theoretical framework application, analytical problem-solving, academic research skills, practical mass transfer operations implementation",https://dut.udn.vn/,Undergraduate,3 Credits / 1 Semester,Khoi A00/B00. Strong Chemistry.
Da Nang University of Science and Technology (DUT),Chemical Engineering,CH203 Reaction Engineering,"This module covers reaction engineering, part of the Chemical Engineering programme at Da Nang University of Science and Technology (DUT). Students explore core theoretical and applied aspects, building competencies for professional practice.","Core reaction engineering concepts, theoretical framework application, analytical problem-solving, academic research skills, practical reaction engineering implementation",https://dut.udn.vn/,Undergraduate,3 Credits / 1 Semester,Khoi A00/B00. Strong Chemistry.
Da Nang University of Science and Technology (DUT),Chemical Engineering,CH204 Heat and Mass Transfer,"This module covers heat and mass transfer, part of the Chemical Engineering programme at Da Nang University of Science and Technology (DUT). Students explore core theoretical and applied aspects, building competencies for professional practice.","Core heat and mass transfer concepts, theoretical framework application, analytical problem-solving, academic research skills, practical heat and mass transfer implementation",https://dut.udn.vn/,Undergraduate,3 Credits / 1 Semester,Khoi A00/B00. Strong Chemistry.
Da Nang University of Science and Technology (DUT),Chemical Engineering,CH301 Process Control,"Studies feedback control systems, PID controllers, stability analysis, and state-space methods.","PID controller tuning, stability analysis, Bode plot interpretation, state-space modelling, digital control design",https://dut.udn.vn/,Undergraduate,3 Credits / 1 Semester,Khoi A00/B00. Strong Chemistry.
Da Nang University of Science and Technology (DUT),Chemical Engineering,CH302 Separation Processes,"This module covers separation processes, part of the Chemical Engineering programme at Da Nang University of Science and Technology (DUT). Students explore core theoretical and applied aspects, building competencies for professional practice.","Core separation processes concepts, theoretical framework application, analytical problem-solving, academic research skills, practical separation processes implementation",https://dut.udn.vn/,Undergraduate,3 Credits / 1 Semester,Khoi A00/B00. Strong Chemistry.
Da Nang University of Science and Technology (DUT),Chemical Engineering,CH303 Polymer Technology,"This module covers polymer technology, part of the Chemical Engineering programme at Da Nang University of Science and Technology (DUT). Students explore core theoretical and applied aspects, building competencies for professional practice.","Core polymer technology concepts, theoretical framework application, analytical problem-solving, academic research skills, practical polymer technology implementation",https://dut.udn.vn/,Undergraduate,3 Credits / 1 Semester,Khoi A00/B00. Strong Chemistry.
Da Nang University of Science and Technology (DUT),Chemical Engineering,CH401 Environmental Chemical Engineering,"Covers environmental chemistry, ecology, pollution control, environmental impact assessment, and sustainability.","Environmental impact assessment, pollution monitoring, ecological modelling, sustainability analysis, EIA reporting",https://dut.udn.vn/,Undergraduate,3 Credits / 1 Semester,Khoi A00/B00. Strong Chemistry.
Da Nang University of Science and Technology (DUT),Chemical Engineering,CH402 Food Technology,"This module covers food technology, part of the Chemical Engineering programme at Da Nang University of Science and Technology (DUT). Students explore core theoretical and applied aspects, building competencies for professional practice.","Core food technology concepts, theoretical framework application, analytical problem-solving, academic research skills, practical food technology implementation",https://dut.udn.vn/,Undergraduate,3 Credits / 1 Semester,Khoi A00/B00. Strong Chemistry.
Da Nang University of Science and Technology (DUT),Chemical Engineering,CH403 Pharmaceutical Technology,"This module covers pharmaceutical technology, part of the Chemical Engineering programme at Da Nang University of Science and Technology (DUT). Students explore core theoretical and applied aspects, building competencies for professional practice.","Core pharmaceutical technology concepts, theoretical framework application, analytical problem-solving, academic research skills, practical pharmaceutical technology implementation",https://dut.udn.vn/,Undergraduate,3 Credits / 1 Semester,Khoi A00/B00. Strong Chemistry.
Da Nang University of Science and Technology (DUT),Chemical Engineering,CH404 Petrochemical Engineering,"This module covers petrochemical engineering, part of the Chemical Engineering programme at Da Nang University of Science and Technology (DUT). Students explore core theoretical and applied aspects, building competencies for professional practice.","Core petrochemical engineering concepts, theoretical framework application, analytical problem-solving, academic research skills, practical petrochemical engineering implementation",https://dut.udn.vn/,Undergraduate,3 Credits / 1 Semester,Khoi A00/B00. Strong Chemistry.
Da Nang University of Science and Technology (DUT),Chemical Engineering,CH900 Chemical Engineering Thesis,"This module covers chemical engineering thesis, part of the Chemical Engineering programme at Da Nang University of Science and Technology (DUT). Students explore core theoretical and applied aspects, building competencies for professional practice.","Core chemical engineering thesis concepts, theoretical framework application, analytical problem-solving, academic research skills, practical chemical engineering thesis implementation",https://dut.udn.vn/,Undergraduate,9 Credits / 1 Semester,Khoi A00/B00. Strong Chemistry.
Phenikaa University,Computer Science,IT101 Foundations of Programming,"This module covers foundations of programming, part of the Computer Science programme at Phenikaa University. Students explore core theoretical and applied aspects, building competencies for professional practice.","Core foundations of programming concepts, theoretical framework application, analytical problem-solving, academic research skills, practical foundations of programming implementation",https://phenikaa-uni.edu.vn/,Undergraduate,3 Credits / 1 Semester,Khoi A00/A01. DGNL >= 750. IELTS 5.5+ for English-medium.
Phenikaa University,Computer Science,IT102 Python Programming,"This module covers python programming, part of the Computer Science programme at Phenikaa University. Students explore core theoretical and applied aspects, building competencies for professional practice.","Core python programming concepts, theoretical framework application, analytical problem-solving, academic research skills, practical python programming implementation",https://phenikaa-uni.edu.vn/,Undergraduate,3 Credits / 1 Semester,Khoi A00/A01. DGNL >= 750. IELTS 5.5+ for English-medium.
Phenikaa University,Computer Science,IT103 C++ Programming,"This module covers c++ programming, part of the Computer Science programme at Phenikaa University. Students explore core theoretical and applied aspects, building competencies for professional practice.","Core c++ programming concepts, theoretical framework application, analytical problem-solving, academic research skills, practical c++ programming implementation",https://phenikaa-uni.edu.vn/,Undergraduate,3 Credits / 1 Semester,Khoi A00/A01. DGNL >= 750. IELTS 5.5+ for English-medium.
Phenikaa University,Computer Science,IT201 Object-Oriented Programming,"This module covers object-oriented programming, part of the Computer Science programme at Phenikaa University. Students explore core theoretical and applied aspects, building competencies for professional practice.","Core object-oriented programming concepts, theoretical framework application, analytical problem-solving, academic research skills, practical object-oriented programming implementation",https://phenikaa-uni.edu.vn/,Undergraduate,3 Credits / 1 Semester,Khoi A00/A01. DGNL >= 750. IELTS 5.5+ for English-medium.
Phenikaa University,Computer Science,IT202 Data Structures and Algorithms,"Covers fundamental data organisation techniques including arrays, linked lists, stacks, queues, trees, heaps, and hash tables. Students analyse time and space complexity and apply structures to solve real computational problems.","Array manipulation, linked list operations, binary tree traversal, hash table design, stack and queue implementation",https://phenikaa-uni.edu.vn/,Undergraduate,3 Credits / 1 Semester,Khoi A00/A01. DGNL >= 750. IELTS 5.5+ for English-medium.
Phenikaa University,Computer Science,IT203 Discrete Mathematics,"Introduces logic, set theory, combinatorics, graph theory, and proof techniques essential for computer science.","Formal proof writing, graph theory application, combinatorial counting, Boolean logic, mathematical induction",https://phenikaa-uni.edu.vn/,Undergraduate,3 Credits / 1 Semester,Khoi A00/A01. DGNL >= 750. IELTS 5.5+ for English-medium.
Phenikaa University,Computer Science,IT301 Database Systems,"Examines relational database design, SQL querying, normalisation theory, transaction management, and indexing strategies.","SQL query writing, ER diagram design, normalisation, transaction management, index optimisation",https://phenikaa-uni.edu.vn/,Undergraduate,3 Credits / 1 Semester,Khoi A00/A01. DGNL >= 750. IELTS 5.5+ for English-medium.
Phenikaa University,Computer Science,IT302 Operating Systems,"Analyses process scheduling, memory management, file systems, and I/O handling with practical implementation labs.","Process scheduling, memory allocation, file system design, deadlock detection, system call programming",https://phenikaa-uni.edu.vn/,Undergraduate,3 Credits / 1 Semester,Khoi A00/A01. DGNL >= 750. IELTS 5.5+ for English-medium.
Phenikaa University,Computer Science,IT303 Computer Networks,"Studies OSI and TCP/IP network architectures, routing, switching, HTTP, DNS, and network security protocols.","TCP/IP configuration, routing protocol analysis, socket programming, network security evaluation, Wireshark analysis",https://phenikaa-uni.edu.vn/,Undergraduate,3 Credits / 1 Semester,Khoi A00/A01. DGNL >= 750. IELTS 5.5+ for English-medium.
Phenikaa University,Computer Science,IT304 Computer Architecture,"This module covers computer architecture, part of the Computer Science programme at Phenikaa University. Students explore core theoretical and applied aspects, building competencies for professional practice.","Core computer architecture concepts, theoretical framework application, analytical problem-solving, academic research skills, practical computer architecture implementation",https://phenikaa-uni.edu.vn/,Undergraduate,3 Credits / 1 Semester,Khoi A00/A01. DGNL >= 750. IELTS 5.5+ for English-medium.
Phenikaa University,Computer Science,IT401 Machine Learning,"Covers supervised learning, unsupervised learning, model evaluation, regularisation, and neural network fundamentals for predictive modelling.","Supervised model training, cross-validation, feature engineering, clustering algorithms, neural network design",https://phenikaa-uni.edu.vn/,Undergraduate,3 Credits / 1 Semester,Khoi A00/A01. DGNL >= 750. IELTS 5.5+ for English-medium.
Phenikaa University,Computer Science,IT402 Artificial Intelligence,"Explores search algorithms, knowledge representation, planning, and reasoning under uncertainty.","Heuristic search, Bayesian reasoning, propositional logic, constraint satisfaction, decision tree construction",https://phenikaa-uni.edu.vn/,Undergraduate,3 Credits / 1 Semester,Khoi A00/A01. DGNL >= 750. IELTS 5.5+ for English-medium.
Phenikaa University,Computer Science,IT403 Cybersecurity,"Covers cryptography, authentication, network security, secure coding, and ethical hacking fundamentals.","Cryptographic protocols, penetration testing, vulnerability scanning, secure coding practices, incident response",https://phenikaa-uni.edu.vn/,Undergraduate,3 Credits / 1 Semester,Khoi A00/A01. DGNL >= 750. IELTS 5.5+ for English-medium.
Phenikaa University,Computer Science,IT404 Cloud Computing,"Examines IaaS/PaaS/SaaS models with AWS/Azure/GCP hands-on, containerisation, and serverless computing.","Cloud provisioning, Docker containerisation, Kubernetes orchestration, serverless functions, cost optimisation",https://phenikaa-uni.edu.vn/,Undergraduate,3 Credits / 1 Semester,Khoi A00/A01. DGNL >= 750. IELTS 5.5+ for English-medium.
Phenikaa University,Computer Science,IT405 Software Engineering,"Covers the full SDLC from requirements through design, implementation, testing, and maintenance, emphasising agile methods.","Requirements documentation, UML modelling, agile sprint planning, integration testing, Git version control",https://phenikaa-uni.edu.vn/,Undergraduate,3 Credits / 1 Semester,Khoi A00/A01. DGNL >= 750. IELTS 5.5+ for English-medium.
Phenikaa University,Computer Science,IT406 Deep Learning,"Covers CNNs, RNNs, attention mechanisms, and transformers applied to computer vision and NLP tasks using modern frameworks.","CNN design, RNN sequence modelling, transformer fine-tuning, PyTorch/TensorFlow, transfer learning",https://phenikaa-uni.edu.vn/,Undergraduate,3 Credits / 1 Semester,Khoi A00/A01. DGNL >= 750. IELTS 5.5+ for English-medium.
Phenikaa University,Computer Science,IT407 Natural Language Processing,"Covers tokenisation, language models, sentiment analysis, NER, and transformer-based models such as BERT.","Text preprocessing, language model evaluation, sentiment classification, NER extraction, BERT fine-tuning",https://phenikaa-uni.edu.vn/,Undergraduate,3 Credits / 1 Semester,Khoi A00/A01. DGNL >= 750. IELTS 5.5+ for English-medium.
Phenikaa University,Computer Science,IT408 Computer Vision,"Covers image processing, feature extraction, object detection, and segmentation using classical and deep learning methods.","Image preprocessing, CNN classification, YOLO object detection, semantic segmentation, feature extraction",https://phenikaa-uni.edu.vn/,Undergraduate,3 Credits / 1 Semester,Khoi A00/A01. DGNL >= 750. IELTS 5.5+ for English-medium.
Phenikaa University,Computer Science,IT900 CS Thesis,"This module covers cs thesis, part of the Computer Science programme at Phenikaa University. Students explore core theoretical and applied aspects, building competencies for professional practice.","Core cs thesis concepts, theoretical framework application, analytical problem-solving, academic research skills, practical cs thesis implementation",https://phenikaa-uni.edu.vn/,Undergraduate,9 Credits / 1 Semester,Khoi A00/A01. DGNL >= 750. IELTS 5.5+ for English-medium.
Phenikaa University,Electrical Engineering,EE101 Basic Electronics,"Covers semiconductor physics, diode and transistor circuits, op-amps, and digital logic design.","Diode circuit analysis, transistor biasing, op-amp circuit design, digital logic implementation, circuit simulation",https://phenikaa-uni.edu.vn/,Undergraduate,3 Credits / 1 Semester,Khoi A00/A01. Strong Physics.
Phenikaa University,Electrical Engineering,EE102 Circuit Theory,"Studies electrical circuit analysis using KVL/KCL, Thevenin/Norton theorems, AC phasors, and transient analysis.","KVL/KCL application, Thevenin equivalent circuit, AC phasor analysis, transient response, circuit simulation",https://phenikaa-uni.edu.vn/,Undergraduate,3 Credits / 1 Semester,Khoi A00/A01. Strong Physics.
Phenikaa University,Electrical Engineering,EE103 Digital Electronics,"Covers semiconductor physics, diode and transistor circuits, op-amps, and digital logic design.","Diode circuit analysis, transistor biasing, op-amp circuit design, digital logic implementation, circuit simulation",https://phenikaa-uni.edu.vn/,Undergraduate,3 Credits / 1 Semester,Khoi A00/A01. Strong Physics.
Phenikaa University,Electrical Engineering,EE104 Microcontrollers,"Studies feedback control systems, PID controllers, stability analysis, and state-space methods.","PID controller tuning, stability analysis, Bode plot interpretation, state-space modelling, digital control design",https://phenikaa-uni.edu.vn/,Undergraduate,3 Credits / 1 Semester,Khoi A00/A01. Strong Physics.
Phenikaa University,Electrical Engineering,EE201 Signals and Systems,"This module covers signals and systems, part of the Electrical Engineering programme at Phenikaa University. Students explore core theoretical and applied aspects, building competencies for professional practice.","Core signals and systems concepts, theoretical framework application, analytical problem-solving, academic research skills, practical signals and systems implementation",https://phenikaa-uni.edu.vn/,Undergraduate,3 Credits / 1 Semester,Khoi A00/A01. Strong Physics.
Phenikaa University,Electrical Engineering,EE202 Power Electronics,"Covers semiconductor physics, diode and transistor circuits, op-amps, and digital logic design.","Diode circuit analysis, transistor biasing, op-amp circuit design, digital logic implementation, circuit simulation",https://phenikaa-uni.edu.vn/,Undergraduate,3 Credits / 1 Semester,Khoi A00/A01. Strong Physics.
Phenikaa University,Electrical Engineering,EE203 Control Engineering,"Studies feedback control systems, PID controllers, stability analysis, and state-space methods.","PID controller tuning, stability analysis, Bode plot interpretation, state-space modelling, digital control design",https://phenikaa-uni.edu.vn/,Undergraduate,3 Credits / 1 Semester,Khoi A00/A01. Strong Physics.
Phenikaa University,Electrical Engineering,EE204 Electric Machines,"This module covers electric machines, part of the Electrical Engineering programme at Phenikaa University. Students explore core theoretical and applied aspects, building competencies for professional practice.","Core electric machines concepts, theoretical framework application, analytical problem-solving, academic research skills, practical electric machines implementation",https://phenikaa-uni.edu.vn/,Undergraduate,3 Credits / 1 Semester,Khoi A00/A01. Strong Physics.
Phenikaa University,Electrical Engineering,EE301 Power Systems,"Covers power generation, transmission, distribution, and protection systems.","Power flow analysis, fault calculation, protection coordination, transformer design, grid stability",https://phenikaa-uni.edu.vn/,Undergraduate,3 Credits / 1 Semester,Khoi A00/A01. Strong Physics.
Phenikaa University,Electrical Engineering,EE302 Renewable Energy,"Examines solar, wind, hydro, and bioenergy systems including resource assessment, design, and grid integration.","Solar irradiance analysis, wind turbine sizing, grid integration, energy storage, techno-economic assessment",https://phenikaa-uni.edu.vn/,Undergraduate,3 Credits / 1 Semester,Khoi A00/A01. Strong Physics.
Phenikaa University,Electrical Engineering,EE303 Embedded Systems,"Covers microcontroller architecture, bare-metal and RTOS programming, hardware interfaces, and low-power design.","C programming for microcontrollers, interrupt handling, SPI/I2C interfaces, real-time task scheduling, power optimisation",https://phenikaa-uni.edu.vn/,Undergraduate,3 Credits / 1 Semester,Khoi A00/A01. Strong Physics.
Phenikaa University,Electrical Engineering,EE401 Robotics and Automation,"Covers robot kinematics, dynamics, sensors, actuators, perception, and motion planning.","Kinematic chain modelling, sensor fusion, motion planning, ROS programming, robot simulation",https://phenikaa-uni.edu.vn/,Undergraduate,3 Credits / 1 Semester,Khoi A00/A01. Strong Physics.
Phenikaa University,Electrical Engineering,EE402 IoT Engineering,"This module covers iot engineering, part of the Electrical Engineering programme at Phenikaa University. Students explore core theoretical and applied aspects, building competencies for professional practice.","Core iot engineering concepts, theoretical framework application, analytical problem-solving, academic research skills, practical iot engineering implementation",https://phenikaa-uni.edu.vn/,Undergraduate,3 Credits / 1 Semester,Khoi A00/A01. Strong Physics.
Phenikaa University,Electrical Engineering,EE403 Smart Grid,"This module covers smart grid, part of the Electrical Engineering programme at Phenikaa University. Students explore core theoretical and applied aspects, building competencies for professional practice.","Core smart grid concepts, theoretical framework application, analytical problem-solving, academic research skills, practical smart grid implementation",https://phenikaa-uni.edu.vn/,Undergraduate,3 Credits / 1 Semester,Khoi A00/A01. Strong Physics.
Phenikaa University,Electrical Engineering,EE900 EE Thesis,"This module covers ee thesis, part of the Electrical Engineering programme at Phenikaa University. Students explore core theoretical and applied aspects, building competencies for professional practice.","Core ee thesis concepts, theoretical framework application, analytical problem-solving, academic research skills, practical ee thesis implementation",https://phenikaa-uni.edu.vn/,Undergraduate,9 Credits / 1 Semester,Khoi A00/A01. Strong Physics.
Phenikaa University,Business Administration,BA101 Principles of Management,"Covers planning, organising, leading, and controlling including strategy, change management, and organisational behaviour.","Strategic planning, team leadership, change management, performance measurement, stakeholder analysis",https://phenikaa-uni.edu.vn/,Undergraduate,3 Credits / 1 Semester,Khoi A00/A01/D01. IELTS 5.5+.
Phenikaa University,Business Administration,BA102 Business Ethics,"This module covers business ethics, part of the Business Administration programme at Phenikaa University. Students explore core theoretical and applied aspects, building competencies for professional practice.","Core business ethics concepts, theoretical framework application, analytical problem-solving, academic research skills, practical business ethics implementation",https://phenikaa-uni.edu.vn/,Undergraduate,3 Credits / 1 Semester,Khoi A00/A01/D01. IELTS 5.5+.
Phenikaa University,Business Administration,ECO101 Economics for Engineers,Analyses individual and firm behaviour and national economic systems with policy implications.,"Supply-demand analysis, elasticity calculation, game theory, GDP interpretation, fiscal policy assessment",https://phenikaa-uni.edu.vn/,Undergraduate,3 Credits / 1 Semester,Khoi A00/A01/D01. IELTS 5.5+.
Phenikaa University,Business Administration,MKT101 Marketing Fundamentals,"Explores market segmentation, consumer behaviour, product development, pricing strategy, and digital marketing channels.","Market segmentation, consumer analysis, brand positioning, marketing mix optimisation, digital strategy",https://phenikaa-uni.edu.vn/,Undergraduate,3 Credits / 1 Semester,Khoi A00/A01/D01. IELTS 5.5+.
Phenikaa University,Business Administration,FIN101 Corporate Finance,"This module covers corporate finance, part of the Business Administration programme at Phenikaa University. Students explore core theoretical and applied aspects, building competencies for professional practice.","Core corporate finance concepts, theoretical framework application, analytical problem-solving, academic research skills, practical corporate finance implementation",https://phenikaa-uni.edu.vn/,Undergraduate,3 Credits / 1 Semester,Khoi A00/A01/D01. IELTS 5.5+.
Phenikaa University,Business Administration,BA201 Organisational Behaviour,"This module covers organisational behaviour, part of the Business Administration programme at Phenikaa University. Students explore core theoretical and applied aspects, building competencies for professional practice.","Core organisational behaviour concepts, theoretical framework application, analytical problem-solving, academic research skills, practical organisational behaviour implementation",https://phenikaa-uni.edu.vn/,Undergraduate,3 Credits / 1 Semester,Khoi A00/A01/D01. IELTS 5.5+.
Phenikaa University,Business Administration,BA202 Entrepreneurship,Guides students from opportunity recognition through business model development and lean startup methodology.,"Business model canvas, lean startup, market validation, investor pitch, financial forecasting",https://phenikaa-uni.edu.vn/,Undergraduate,3 Credits / 1 Semester,Khoi A00/A01/D01. IELTS 5.5+.
Phenikaa University,Business Administration,BA203 Innovation Management,"Covers planning, organising, leading, and controlling including strategy, change management, and organisational behaviour.","Strategic planning, team leadership, change management, performance measurement, stakeholder analysis",https://phenikaa-uni.edu.vn/,Undergraduate,3 Credits / 1 Semester,Khoi A00/A01/D01. IELTS 5.5+.
Phenikaa University,Business Administration,BA204 Project Management,"Covers project planning, execution, monitoring, and closure using agile and waterfall methodologies.","Gantt scheduling, risk management, agile sprint planning, stakeholder communication, cost variance analysis",https://phenikaa-uni.edu.vn/,Undergraduate,3 Credits / 1 Semester,Khoi A00/A01/D01. IELTS 5.5+.
Phenikaa University,Business Administration,BA301 Digital Marketing,"Covers SEO, SEM, social media, content marketing, analytics, and marketing automation.","SEO/SEM optimisation, social media strategy, content marketing, Google Analytics, marketing automation",https://phenikaa-uni.edu.vn/,Undergraduate,3 Credits / 1 Semester,Khoi A00/A01/D01. IELTS 5.5+.
Phenikaa University,Business Administration,BA302 E-Commerce,"This module covers e-commerce, part of the Business Administration programme at Phenikaa University. Students explore core theoretical and applied aspects, building competencies for professional practice.","Core e-commerce concepts, theoretical framework application, analytical problem-solving, academic research skills, practical e-commerce implementation",https://phenikaa-uni.edu.vn/,Undergraduate,3 Credits / 1 Semester,Khoi A00/A01/D01. IELTS 5.5+.
Phenikaa University,Business Administration,BA303 Digital Business Strategy,"This module covers digital business strategy, part of the Business Administration programme at Phenikaa University. Students explore core theoretical and applied aspects, building competencies for professional practice.","Core digital business strategy concepts, theoretical framework application, analytical problem-solving, academic research skills, practical digital business strategy implementation",https://phenikaa-uni.edu.vn/,Undergraduate,3 Credits / 1 Semester,Khoi A00/A01/D01. IELTS 5.5+.
Phenikaa University,Business Administration,BA401 Technology Entrepreneurship,Guides students from opportunity recognition through business model development and lean startup methodology.,"Business model canvas, lean startup, market validation, investor pitch, financial forecasting",https://phenikaa-uni.edu.vn/,Undergraduate,3 Credits / 1 Semester,Khoi A00/A01/D01. IELTS 5.5+.
Phenikaa University,Business Administration,BA402 International Business,"This module covers international business, part of the Business Administration programme at Phenikaa University. Students explore core theoretical and applied aspects, building competencies for professional practice.","Core international business concepts, theoretical framework application, analytical problem-solving, academic research skills, practical international business implementation",https://phenikaa-uni.edu.vn/,Undergraduate,3 Credits / 1 Semester,Khoi A00/A01/D01. IELTS 5.5+.
Phenikaa University,Business Administration,BA900 BBA Thesis,"This module covers bba thesis, part of the Business Administration programme at Phenikaa University. Students explore core theoretical and applied aspects, building competencies for professional practice.","Core bba thesis concepts, theoretical framework application, analytical problem-solving, academic research skills, practical bba thesis implementation",https://phenikaa-uni.edu.vn/,Undergraduate,9 Credits / 1 Semester,Khoi A00/A01/D01. IELTS 5.5+.
Phenikaa University,Materials Engineering,MAT101 Advanced Materials,"Studies crystal structures, mechanical and thermal and electrical properties, and characterisation of engineering materials.","Crystallography, tensile testing, phase diagram reading, materials selection, microstructure analysis",https://phenikaa-uni.edu.vn/,Undergraduate,3 Credits / 1 Semester,Khoi A00/A01. Mathematics and Chemistry.
Phenikaa University,Materials Engineering,MAT102 Nanomaterials,"Studies crystal structures, mechanical and thermal and electrical properties, and characterisation of engineering materials.","Crystallography, tensile testing, phase diagram reading, materials selection, microstructure analysis",https://phenikaa-uni.edu.vn/,Undergraduate,3 Credits / 1 Semester,Khoi A00/A01. Mathematics and Chemistry.
Phenikaa University,Materials Engineering,MAT103 Polymer Science,"This module covers polymer science, part of the Materials Engineering programme at Phenikaa University. Students explore core theoretical and applied aspects, building competencies for professional practice.","Core polymer science concepts, theoretical framework application, analytical problem-solving, academic research skills, practical polymer science implementation",https://phenikaa-uni.edu.vn/,Undergraduate,3 Credits / 1 Semester,Khoi A00/A01. Mathematics and Chemistry.
Phenikaa University,Materials Engineering,CHE101 Engineering Chemistry,"Covers atomic structure, chemical bonding, reactions, thermochemistry, and organic chemistry.","Chemical equation balancing, stoichiometry, organic synthesis, spectral analysis, lab safety",https://phenikaa-uni.edu.vn/,Undergraduate,3 Credits / 1 Semester,Khoi A00/A01. Mathematics and Chemistry.
Phenikaa University,Materials Engineering,MAT201 Crystal Structure and Properties,"This module covers crystal structure and properties, part of the Materials Engineering programme at Phenikaa University. Students explore core theoretical and applied aspects, building competencies for professional practice.","Core crystal structure and properties concepts, theoretical framework application, analytical problem-solving, academic research skills, practical crystal structure and properties implementation",https://phenikaa-uni.edu.vn/,Undergraduate,3 Credits / 1 Semester,Khoi A00/A01. Mathematics and Chemistry.
Phenikaa University,Materials Engineering,MAT202 Materials Characterisation,"Studies crystal structures, mechanical and thermal and electrical properties, and characterisation of engineering materials.","Crystallography, tensile testing, phase diagram reading, materials selection, microstructure analysis",https://phenikaa-uni.edu.vn/,Undergraduate,3 Credits / 1 Semester,Khoi A00/A01. Mathematics and Chemistry.
Phenikaa University,Materials Engineering,MAT203 Composite Materials,"Studies crystal structures, mechanical and thermal and electrical properties, and characterisation of engineering materials.","Crystallography, tensile testing, phase diagram reading, materials selection, microstructure analysis",https://phenikaa-uni.edu.vn/,Undergraduate,3 Credits / 1 Semester,Khoi A00/A01. Mathematics and Chemistry.
Phenikaa University,Materials Engineering,MAT204 Electronic Materials,"Studies crystal structures, mechanical and thermal and electrical properties, and characterisation of engineering materials.","Crystallography, tensile testing, phase diagram reading, materials selection, microstructure analysis",https://phenikaa-uni.edu.vn/,Undergraduate,3 Credits / 1 Semester,Khoi A00/A01. Mathematics and Chemistry.
Phenikaa University,Materials Engineering,MAT301 Biomaterials,"Studies crystal structures, mechanical and thermal and electrical properties, and characterisation of engineering materials.","Crystallography, tensile testing, phase diagram reading, materials selection, microstructure analysis",https://phenikaa-uni.edu.vn/,Undergraduate,3 Credits / 1 Semester,Khoi A00/A01. Mathematics and Chemistry.
Phenikaa University,Materials Engineering,MAT302 Energy Materials,"Studies crystal structures, mechanical and thermal and electrical properties, and characterisation of engineering materials.","Crystallography, tensile testing, phase diagram reading, materials selection, microstructure analysis",https://phenikaa-uni.edu.vn/,Undergraduate,3 Credits / 1 Semester,Khoi A00/A01. Mathematics and Chemistry.
Phenikaa University,Materials Engineering,MAT303 Smart Materials,"Studies crystal structures, mechanical and thermal and electrical properties, and characterisation of engineering materials.","Crystallography, tensile testing, phase diagram reading, materials selection, microstructure analysis",https://phenikaa-uni.edu.vn/,Undergraduate,3 Credits / 1 Semester,Khoi A00/A01. Mathematics and Chemistry.
Phenikaa University,Materials Engineering,MAT401 Materials for Additive Manufacturing,"Studies crystal structures, mechanical and thermal and electrical properties, and characterisation of engineering materials.","Crystallography, tensile testing, phase diagram reading, materials selection, microstructure analysis",https://phenikaa-uni.edu.vn/,Undergraduate,3 Credits / 1 Semester,Khoi A00/A01. Mathematics and Chemistry.
Phenikaa University,Materials Engineering,MAT402 Thin Film Technology,"This module covers thin film technology, part of the Materials Engineering programme at Phenikaa University. Students explore core theoretical and applied aspects, building competencies for professional practice.","Core thin film technology concepts, theoretical framework application, analytical problem-solving, academic research skills, practical thin film technology implementation",https://phenikaa-uni.edu.vn/,Undergraduate,3 Credits / 1 Semester,Khoi A00/A01. Mathematics and Chemistry.
Phenikaa University,Materials Engineering,MAT403 Corrosion and Surface Engineering,"This module covers corrosion and surface engineering, part of the Materials Engineering programme at Phenikaa University. Students explore core theoretical and applied aspects, building competencies for professional practice.","Core corrosion and surface engineering concepts, theoretical framework application, analytical problem-solving, academic research skills, practical corrosion and surface engineering implementation",https://phenikaa-uni.edu.vn/,Undergraduate,3 Credits / 1 Semester,Khoi A00/A01. Mathematics and Chemistry.
Phenikaa University,Materials Engineering,MAT900 Materials Engineering Thesis,"Studies crystal structures, mechanical and thermal and electrical properties, and characterisation of engineering materials.","Crystallography, tensile testing, phase diagram reading, materials selection, microstructure analysis",https://phenikaa-uni.edu.vn/,Undergraduate,9 Credits / 1 Semester,Khoi A00/A01. Mathematics and Chemistry.
Phenikaa University,Physics,PHY101 Engineering Physics 1,"Covers classical mechanics, electromagnetism, thermodynamics, quantum mechanics, and modern physics.","Mechanics problem solving, electromagnetic analysis, quantum model application, experimental physics, computational modelling",https://phenikaa-uni.edu.vn/,Undergraduate,3 Credits / 1 Semester,Khoi A00/A01. Excellent Physics.
Phenikaa University,Physics,PHY102 Engineering Physics 2,"Covers classical mechanics, electromagnetism, thermodynamics, quantum mechanics, and modern physics.","Mechanics problem solving, electromagnetic analysis, quantum model application, experimental physics, computational modelling",https://phenikaa-uni.edu.vn/,Undergraduate,3 Credits / 1 Semester,Khoi A00/A01. Excellent Physics.
Phenikaa University,Physics,PHY103 Quantum Mechanics,"Covers statics, dynamics, kinematics, and material behaviour for engineering applications.","Free body diagram, moment calculation, kinematic analysis, material stress-strain, FEA application",https://phenikaa-uni.edu.vn/,Undergraduate,3 Credits / 1 Semester,Khoi A00/A01. Excellent Physics.
Phenikaa University,Physics,PHY201 Thermodynamics,"Studies heat, work, energy conversion, entropy, and thermodynamic cycles for engineering systems.","Thermodynamic cycle analysis, entropy calculation, heat exchanger design, energy efficiency, combustion analysis",https://phenikaa-uni.edu.vn/,Undergraduate,3 Credits / 1 Semester,Khoi A00/A01. Excellent Physics.
Phenikaa University,Physics,PHY202 Optics and Photonics,"This module covers optics and photonics, part of the Physics programme at Phenikaa University. Students explore core theoretical and applied aspects, building competencies for professional practice.","Core optics and photonics concepts, theoretical framework application, analytical problem-solving, academic research skills, practical optics and photonics implementation",https://phenikaa-uni.edu.vn/,Undergraduate,3 Credits / 1 Semester,Khoi A00/A01. Excellent Physics.
Phenikaa University,Physics,PHY203 Nuclear Physics,"Covers classical mechanics, electromagnetism, thermodynamics, quantum mechanics, and modern physics.","Mechanics problem solving, electromagnetic analysis, quantum model application, experimental physics, computational modelling",https://phenikaa-uni.edu.vn/,Undergraduate,3 Credits / 1 Semester,Khoi A00/A01. Excellent Physics.
Phenikaa University,Physics,PHY301 Solid State Physics,"Covers classical mechanics, electromagnetism, thermodynamics, quantum mechanics, and modern physics.","Mechanics problem solving, electromagnetic analysis, quantum model application, experimental physics, computational modelling",https://phenikaa-uni.edu.vn/,Undergraduate,3 Credits / 1 Semester,Khoi A00/A01. Excellent Physics.
Phenikaa University,Physics,PHY302 Computational Physics,"Covers classical mechanics, electromagnetism, thermodynamics, quantum mechanics, and modern physics.","Mechanics problem solving, electromagnetic analysis, quantum model application, experimental physics, computational modelling",https://phenikaa-uni.edu.vn/,Undergraduate,3 Credits / 1 Semester,Khoi A00/A01. Excellent Physics.
Phenikaa University,Physics,PHY303 Biophysics,"Covers classical mechanics, electromagnetism, thermodynamics, quantum mechanics, and modern physics.","Mechanics problem solving, electromagnetic analysis, quantum model application, experimental physics, computational modelling",https://phenikaa-uni.edu.vn/,Undergraduate,3 Credits / 1 Semester,Khoi A00/A01. Excellent Physics.
Phenikaa University,Physics,PHY401 Nanotechnology,"This module covers nanotechnology, part of the Physics programme at Phenikaa University. Students explore core theoretical and applied aspects, building competencies for professional practice.","Core nanotechnology concepts, theoretical framework application, analytical problem-solving, academic research skills, practical nanotechnology implementation",https://phenikaa-uni.edu.vn/,Undergraduate,3 Credits / 1 Semester,Khoi A00/A01. Excellent Physics.
Phenikaa University,Physics,PHY402 Materials Physics,"Studies crystal structures, mechanical and thermal and electrical properties, and characterisation of engineering materials.","Crystallography, tensile testing, phase diagram reading, materials selection, microstructure analysis",https://phenikaa-uni.edu.vn/,Undergraduate,3 Credits / 1 Semester,Khoi A00/A01. Excellent Physics.
Phenikaa University,Physics,PHY403 Photovoltaics,"This module covers photovoltaics, part of the Physics programme at Phenikaa University. Students explore core theoretical and applied aspects, building competencies for professional practice.","Core photovoltaics concepts, theoretical framework application, analytical problem-solving, academic research skills, practical photovoltaics implementation",https://phenikaa-uni.edu.vn/,Undergraduate,3 Credits / 1 Semester,Khoi A00/A01. Excellent Physics.
Phenikaa University,Physics,PHY404 Laser Physics,"Covers classical mechanics, electromagnetism, thermodynamics, quantum mechanics, and modern physics.","Mechanics problem solving, electromagnetic analysis, quantum model application, experimental physics, computational modelling",https://phenikaa-uni.edu.vn/,Undergraduate,3 Credits / 1 Semester,Khoi A00/A01. Excellent Physics.
Phenikaa University,Physics,PHY405 Quantum Information,"This module covers quantum information, part of the Physics programme at Phenikaa University. Students explore core theoretical and applied aspects, building competencies for professional practice.","Core quantum information concepts, theoretical framework application, analytical problem-solving, academic research skills, practical quantum information implementation",https://phenikaa-uni.edu.vn/,Undergraduate,3 Credits / 1 Semester,Khoi A00/A01. Excellent Physics.
Phenikaa University,Physics,PHY900 Physics Thesis,"Covers classical mechanics, electromagnetism, thermodynamics, quantum mechanics, and modern physics.","Mechanics problem solving, electromagnetic analysis, quantum model application, experimental physics, computational modelling",https://phenikaa-uni.edu.vn/,Undergraduate,9 Credits / 1 Semester,Khoi A00/A01. Excellent Physics.
Posts and Telecommunications Institute of Technology (PTIT),Telecommunications Engineering,TEL101 Introduction to Telecommunications,"Studies modulation, channel coding, multiple access techniques, and wireless communication systems.","Signal modulation, channel coding, OFDM design, multiple access techniques, link budget calculation",https://ptit.edu.vn/,Undergraduate,3 Credits / 1 Semester,Khoi A00/A01. Entrance exam.
Posts and Telecommunications Institute of Technology (PTIT),Telecommunications Engineering,TEL102 Signals and Systems,"This module covers signals and systems, part of the Telecommunications Engineering programme at Posts and Telecommunications Institute of Technology (PTIT). Students explore core theoretical and applied aspects, building competencies for professional practice.","Core signals and systems concepts, theoretical framework application, analytical problem-solving, academic research skills, practical signals and systems implementation",https://ptit.edu.vn/,Undergraduate,3 Credits / 1 Semester,Khoi A00/A01. Entrance exam.
Posts and Telecommunications Institute of Technology (PTIT),Telecommunications Engineering,TEL103 Information Theory,"This module covers information theory, part of the Telecommunications Engineering programme at Posts and Telecommunications Institute of Technology (PTIT). Students explore core theoretical and applied aspects, building competencies for professional practice.","Core information theory concepts, theoretical framework application, analytical problem-solving, academic research skills, practical information theory implementation",https://ptit.edu.vn/,Undergraduate,3 Credits / 1 Semester,Khoi A00/A01. Entrance exam.
Posts and Telecommunications Institute of Technology (PTIT),Telecommunications Engineering,TEL201 Analogue Communications,"This module covers analogue communications, part of the Telecommunications Engineering programme at Posts and Telecommunications Institute of Technology (PTIT). Students explore core theoretical and applied aspects, building competencies for professional practice.","Core analogue communications concepts, theoretical framework application, analytical problem-solving, academic research skills, practical analogue communications implementation",https://ptit.edu.vn/,Undergraduate,3 Credits / 1 Semester,Khoi A00/A01. Entrance exam.
Posts and Telecommunications Institute of Technology (PTIT),Telecommunications Engineering,TEL202 Digital Communications,"This module covers digital communications, part of the Telecommunications Engineering programme at Posts and Telecommunications Institute of Technology (PTIT). Students explore core theoretical and applied aspects, building competencies for professional practice.","Core digital communications concepts, theoretical framework application, analytical problem-solving, academic research skills, practical digital communications implementation",https://ptit.edu.vn/,Undergraduate,3 Credits / 1 Semester,Khoi A00/A01. Entrance exam.
Posts and Telecommunications Institute of Technology (PTIT),Telecommunications Engineering,TEL203 Wireless Communications,"This module covers wireless communications, part of the Telecommunications Engineering programme at Posts and Telecommunications Institute of Technology (PTIT). Students explore core theoretical and applied aspects, building competencies for professional practice.","Core wireless communications concepts, theoretical framework application, analytical problem-solving, academic research skills, practical wireless communications implementation",https://ptit.edu.vn/,Undergraduate,3 Credits / 1 Semester,Khoi A00/A01. Entrance exam.
Posts and Telecommunications Institute of Technology (PTIT),Telecommunications Engineering,TEL204 Radio Frequency Engineering,"This module covers radio frequency engineering, part of the Telecommunications Engineering programme at Posts and Telecommunications Institute of Technology (PTIT). Students explore core theoretical and applied aspects, building competencies for professional practice.","Core radio frequency engineering concepts, theoretical framework application, analytical problem-solving, academic research skills, practical radio frequency engineering implementation",https://ptit.edu.vn/,Undergraduate,3 Credits / 1 Semester,Khoi A00/A01. Entrance exam.
Posts and Telecommunications Institute of Technology (PTIT),Telecommunications Engineering,TEL301 4G/5G Mobile Networks,"Covers Android and iOS app development including UI design, data persistence, API consumption, and app store deployment.","Android/iOS UI design, REST API consumption, local storage, push notifications, app publishing",https://ptit.edu.vn/,Undergraduate,3 Credits / 1 Semester,Khoi A00/A01. Entrance exam.
Posts and Telecommunications Institute of Technology (PTIT),Telecommunications Engineering,TEL302 Satellite Communications,"This module covers satellite communications, part of the Telecommunications Engineering programme at Posts and Telecommunications Institute of Technology (PTIT). Students explore core theoretical and applied aspects, building competencies for professional practice.","Core satellite communications concepts, theoretical framework application, analytical problem-solving, academic research skills, practical satellite communications implementation",https://ptit.edu.vn/,Undergraduate,3 Credits / 1 Semester,Khoi A00/A01. Entrance exam.
Posts and Telecommunications Institute of Technology (PTIT),Telecommunications Engineering,TEL303 Optical Fibre Communications,"This module covers optical fibre communications, part of the Telecommunications Engineering programme at Posts and Telecommunications Institute of Technology (PTIT). Students explore core theoretical and applied aspects, building competencies for professional practice.","Core optical fibre communications concepts, theoretical framework application, analytical problem-solving, academic research skills, practical optical fibre communications implementation",https://ptit.edu.vn/,Undergraduate,3 Credits / 1 Semester,Khoi A00/A01. Entrance exam.
Posts and Telecommunications Institute of Technology (PTIT),Telecommunications Engineering,TEL304 Network Management,"Covers planning, organising, leading, and controlling including strategy, change management, and organisational behaviour.","Strategic planning, team leadership, change management, performance measurement, stakeholder analysis",https://ptit.edu.vn/,Undergraduate,3 Credits / 1 Semester,Khoi A00/A01. Entrance exam.
Posts and Telecommunications Institute of Technology (PTIT),Telecommunications Engineering,TEL401 Advanced Wireless Systems,"This module covers advanced wireless systems, part of the Telecommunications Engineering programme at Posts and Telecommunications Institute of Technology (PTIT). Students explore core theoretical and applied aspects, building competencies for professional practice.","Core advanced wireless systems concepts, theoretical framework application, analytical problem-solving, academic research skills, practical advanced wireless systems implementation",https://ptit.edu.vn/,Undergraduate,3 Credits / 1 Semester,Khoi A00/A01. Entrance exam.
Posts and Telecommunications Institute of Technology (PTIT),Telecommunications Engineering,TEL402 Network Slicing and Virtualisation,"This module covers network slicing and virtualisation, part of the Telecommunications Engineering programme at Posts and Telecommunications Institute of Technology (PTIT). Students explore core theoretical and applied aspects, building competencies for professional practice.","Core network slicing and virtualisation concepts, theoretical framework application, analytical problem-solving, academic research skills, practical network slicing and virtualisation implementation",https://ptit.edu.vn/,Undergraduate,3 Credits / 1 Semester,Khoi A00/A01. Entrance exam.
Posts and Telecommunications Institute of Technology (PTIT),Telecommunications Engineering,TEL403 IoT Communications,"This module covers iot communications, part of the Telecommunications Engineering programme at Posts and Telecommunications Institute of Technology (PTIT). Students explore core theoretical and applied aspects, building competencies for professional practice.","Core iot communications concepts, theoretical framework application, analytical problem-solving, academic research skills, practical iot communications implementation",https://ptit.edu.vn/,Undergraduate,3 Credits / 1 Semester,Khoi A00/A01. Entrance exam.
Posts and Telecommunications Institute of Technology (PTIT),Telecommunications Engineering,TEL900 Telecommunications Thesis,"Studies modulation, channel coding, multiple access techniques, and wireless communication systems.","Signal modulation, channel coding, OFDM design, multiple access techniques, link budget calculation",https://ptit.edu.vn/,Undergraduate,9 Credits / 1 Semester,Khoi A00/A01. Entrance exam.
Posts and Telecommunications Institute of Technology (PTIT),Information Technology,IT101 Programming Basics,"This module covers programming basics, part of the Information Technology programme at Posts and Telecommunications Institute of Technology (PTIT). Students explore core theoretical and applied aspects, building competencies for professional practice.","Core programming basics concepts, theoretical framework application, analytical problem-solving, academic research skills, practical programming basics implementation",https://ptit.edu.vn/,Undergraduate,3 Credits / 1 Semester,Khoi A00/A01. IELTS 5.5+.
Posts and Telecommunications Institute of Technology (PTIT),Information Technology,IT102 Python Programming,"This module covers python programming, part of the Information Technology programme at Posts and Telecommunications Institute of Technology (PTIT). Students explore core theoretical and applied aspects, building competencies for professional practice.","Core python programming concepts, theoretical framework application, analytical problem-solving, academic research skills, practical python programming implementation",https://ptit.edu.vn/,Undergraduate,3 Credits / 1 Semester,Khoi A00/A01. IELTS 5.5+.
Posts and Telecommunications Institute of Technology (PTIT),Information Technology,IT201 Data Structures,"Covers fundamental data organisation techniques including arrays, linked lists, stacks, queues, trees, heaps, and hash tables. Students analyse time and space complexity and apply structures to solve real computational problems.","Array manipulation, linked list operations, binary tree traversal, hash table design, stack and queue implementation",https://ptit.edu.vn/,Undergraduate,3 Credits / 1 Semester,Khoi A00/A01. IELTS 5.5+.
Posts and Telecommunications Institute of Technology (PTIT),Information Technology,IT202 Algorithms,"Introduces algorithm design paradigms including divide and conquer, dynamic programming, greedy methods, and backtracking. Students prove correctness and analyse Big-O complexity.","Algorithm complexity analysis, divide and conquer design, dynamic programming, greedy implementation, correctness proof writing",https://ptit.edu.vn/,Undergraduate,3 Credits / 1 Semester,Khoi A00/A01. IELTS 5.5+.
Posts and Telecommunications Institute of Technology (PTIT),Information Technology,IT301 Database Systems,"Examines relational database design, SQL querying, normalisation theory, transaction management, and indexing strategies.","SQL query writing, ER diagram design, normalisation, transaction management, index optimisation",https://ptit.edu.vn/,Undergraduate,3 Credits / 1 Semester,Khoi A00/A01. IELTS 5.5+.
Posts and Telecommunications Institute of Technology (PTIT),Information Technology,IT302 Computer Networks,"Studies OSI and TCP/IP network architectures, routing, switching, HTTP, DNS, and network security protocols.","TCP/IP configuration, routing protocol analysis, socket programming, network security evaluation, Wireshark analysis",https://ptit.edu.vn/,Undergraduate,3 Credits / 1 Semester,Khoi A00/A01. IELTS 5.5+.
Posts and Telecommunications Institute of Technology (PTIT),Information Technology,IT303 Operating Systems,"Analyses process scheduling, memory management, file systems, and I/O handling with practical implementation labs.","Process scheduling, memory allocation, file system design, deadlock detection, system call programming",https://ptit.edu.vn/,Undergraduate,3 Credits / 1 Semester,Khoi A00/A01. IELTS 5.5+.
Posts and Telecommunications Institute of Technology (PTIT),Information Technology,IT401 Cybersecurity,"Covers cryptography, authentication, network security, secure coding, and ethical hacking fundamentals.","Cryptographic protocols, penetration testing, vulnerability scanning, secure coding practices, incident response",https://ptit.edu.vn/,Undergraduate,3 Credits / 1 Semester,Khoi A00/A01. IELTS 5.5+.
Posts and Telecommunications Institute of Technology (PTIT),Information Technology,IT402 Network Security,"This module covers network security, part of the Information Technology programme at Posts and Telecommunications Institute of Technology (PTIT). Students explore core theoretical and applied aspects, building competencies for professional practice.","Core network security concepts, theoretical framework application, analytical problem-solving, academic research skills, practical network security implementation",https://ptit.edu.vn/,Undergraduate,3 Credits / 1 Semester,Khoi A00/A01. IELTS 5.5+.
Posts and Telecommunications Institute of Technology (PTIT),Information Technology,IT403 Cloud Computing,"Examines IaaS/PaaS/SaaS models with AWS/Azure/GCP hands-on, containerisation, and serverless computing.","Cloud provisioning, Docker containerisation, Kubernetes orchestration, serverless functions, cost optimisation",https://ptit.edu.vn/,Undergraduate,3 Credits / 1 Semester,Khoi A00/A01. IELTS 5.5+.
Posts and Telecommunications Institute of Technology (PTIT),Information Technology,IT501 Machine Learning,"Covers supervised learning, unsupervised learning, model evaluation, regularisation, and neural network fundamentals for predictive modelling.","Supervised model training, cross-validation, feature engineering, clustering algorithms, neural network design",https://ptit.edu.vn/,Undergraduate,3 Credits / 1 Semester,Khoi A00/A01. IELTS 5.5+.
Posts and Telecommunications Institute of Technology (PTIT),Information Technology,IT502 Deep Learning,"Covers CNNs, RNNs, attention mechanisms, and transformers applied to computer vision and NLP tasks using modern frameworks.","CNN design, RNN sequence modelling, transformer fine-tuning, PyTorch/TensorFlow, transfer learning",https://ptit.edu.vn/,Undergraduate,3 Credits / 1 Semester,Khoi A00/A01. IELTS 5.5+.
Posts and Telecommunications Institute of Technology (PTIT),Information Technology,IT503 Big Data,"Covers Hadoop, Apache Spark, real-time stream processing, and NoSQL storage for large-scale data pipelines.","Spark DataFrame programming, HDFS management, Kafka streaming, NoSQL querying, ETL pipeline design",https://ptit.edu.vn/,Undergraduate,3 Credits / 1 Semester,Khoi A00/A01. IELTS 5.5+.
Posts and Telecommunications Institute of Technology (PTIT),Information Technology,IT504 IoT Systems,"This module covers iot systems, part of the Information Technology programme at Posts and Telecommunications Institute of Technology (PTIT). Students explore core theoretical and applied aspects, building competencies for professional practice.","Core iot systems concepts, theoretical framework application, analytical problem-solving, academic research skills, practical iot systems implementation",https://ptit.edu.vn/,Undergraduate,3 Credits / 1 Semester,Khoi A00/A01. IELTS 5.5+.
Posts and Telecommunications Institute of Technology (PTIT),Information Technology,IT900 IT Thesis,"This module covers it thesis, part of the Information Technology programme at Posts and Telecommunications Institute of Technology (PTIT). Students explore core theoretical and applied aspects, building competencies for professional practice.","Core it thesis concepts, theoretical framework application, analytical problem-solving, academic research skills, practical it thesis implementation",https://ptit.edu.vn/,Undergraduate,9 Credits / 1 Semester,Khoi A00/A01. IELTS 5.5+.
Posts and Telecommunications Institute of Technology (PTIT),Information Security,SC101 Foundations of Cybersecurity,"Covers cryptography, authentication, network security, secure coding, and ethical hacking fundamentals.","Cryptographic protocols, penetration testing, vulnerability scanning, secure coding practices, incident response",https://ptit.edu.vn/,Undergraduate,3 Credits / 1 Semester,Khoi A00/A01. IELTS 5.5+.
Posts and Telecommunications Institute of Technology (PTIT),Information Security,SC102 Cryptography,"This module covers cryptography, part of the Information Security programme at Posts and Telecommunications Institute of Technology (PTIT). Students explore core theoretical and applied aspects, building competencies for professional practice.","Core cryptography concepts, theoretical framework application, analytical problem-solving, academic research skills, practical cryptography implementation",https://ptit.edu.vn/,Undergraduate,3 Credits / 1 Semester,Khoi A00/A01. IELTS 5.5+.
Posts and Telecommunications Institute of Technology (PTIT),Information Security,SC103 Network Security,"This module covers network security, part of the Information Security programme at Posts and Telecommunications Institute of Technology (PTIT). Students explore core theoretical and applied aspects, building competencies for professional practice.","Core network security concepts, theoretical framework application, analytical problem-solving, academic research skills, practical network security implementation",https://ptit.edu.vn/,Undergraduate,3 Credits / 1 Semester,Khoi A00/A01. IELTS 5.5+.
Posts and Telecommunications Institute of Technology (PTIT),Information Security,SC104 Web Security,"Covers full-stack web development including front-end frameworks, RESTful APIs, authentication, and database integration.","HTML/CSS/JavaScript, REST API design, React or Vue.js, backend frameworks, database integration",https://ptit.edu.vn/,Undergraduate,3 Credits / 1 Semester,Khoi A00/A01. IELTS 5.5+.
Posts and Telecommunications Institute of Technology (PTIT),Information Security,SC105 Operating System Security,"Analyses process scheduling, memory management, file systems, and I/O handling with practical implementation labs.","Process scheduling, memory allocation, file system design, deadlock detection, system call programming",https://ptit.edu.vn/,Undergraduate,3 Credits / 1 Semester,Khoi A00/A01. IELTS 5.5+.
Posts and Telecommunications Institute of Technology (PTIT),Information Security,SC106 Penetration Testing,"This module covers penetration testing, part of the Information Security programme at Posts and Telecommunications Institute of Technology (PTIT). Students explore core theoretical and applied aspects, building competencies for professional practice.","Core penetration testing concepts, theoretical framework application, analytical problem-solving, academic research skills, practical penetration testing implementation",https://ptit.edu.vn/,Undergraduate,3 Credits / 1 Semester,Khoi A00/A01. IELTS 5.5+.
Posts and Telecommunications Institute of Technology (PTIT),Information Security,SC107 Malware Analysis,"This module covers malware analysis, part of the Information Security programme at Posts and Telecommunications Institute of Technology (PTIT). Students explore core theoretical and applied aspects, building competencies for professional practice.","Core malware analysis concepts, theoretical framework application, analytical problem-solving, academic research skills, practical malware analysis implementation",https://ptit.edu.vn/,Undergraduate,3 Credits / 1 Semester,Khoi A00/A01. IELTS 5.5+.
Posts and Telecommunications Institute of Technology (PTIT),Information Security,SC108 Digital Forensics,"This module covers digital forensics, part of the Information Security programme at Posts and Telecommunications Institute of Technology (PTIT). Students explore core theoretical and applied aspects, building competencies for professional practice.","Core digital forensics concepts, theoretical framework application, analytical problem-solving, academic research skills, practical digital forensics implementation",https://ptit.edu.vn/,Undergraduate,3 Credits / 1 Semester,Khoi A00/A01. IELTS 5.5+.
Posts and Telecommunications Institute of Technology (PTIT),Information Security,SC109 Secure Software Development,"This module covers secure software development, part of the Information Security programme at Posts and Telecommunications Institute of Technology (PTIT). Students explore core theoretical and applied aspects, building competencies for professional practice.","Core secure software development concepts, theoretical framework application, analytical problem-solving, academic research skills, practical secure software development implementation",https://ptit.edu.vn/,Undergraduate,3 Credits / 1 Semester,Khoi A00/A01. IELTS 5.5+.
Posts and Telecommunications Institute of Technology (PTIT),Information Security,SC110 Cloud Security,"This module covers cloud security, part of the Information Security programme at Posts and Telecommunications Institute of Technology (PTIT). Students explore core theoretical and applied aspects, building competencies for professional practice.","Core cloud security concepts, theoretical framework application, analytical problem-solving, academic research skills, practical cloud security implementation",https://ptit.edu.vn/,Undergraduate,3 Credits / 1 Semester,Khoi A00/A01. IELTS 5.5+.
Posts and Telecommunications Institute of Technology (PTIT),Information Security,SC111 IoT Security,"This module covers iot security, part of the Information Security programme at Posts and Telecommunications Institute of Technology (PTIT). Students explore core theoretical and applied aspects, building competencies for professional practice.","Core iot security concepts, theoretical framework application, analytical problem-solving, academic research skills, practical iot security implementation",https://ptit.edu.vn/,Undergraduate,3 Credits / 1 Semester,Khoi A00/A01. IELTS 5.5+.
Posts and Telecommunications Institute of Technology (PTIT),Information Security,SC112 Security Operations Centre,"This module covers security operations centre, part of the Information Security programme at Posts and Telecommunications Institute of Technology (PTIT). Students explore core theoretical and applied aspects, building competencies for professional practice.","Core security operations centre concepts, theoretical framework application, analytical problem-solving, academic research skills, practical security operations centre implementation",https://ptit.edu.vn/,Undergraduate,3 Credits / 1 Semester,Khoi A00/A01. IELTS 5.5+.
Posts and Telecommunications Institute of Technology (PTIT),Information Security,SC113 Incident Response,"This module covers incident response, part of the Information Security programme at Posts and Telecommunications Institute of Technology (PTIT). Students explore core theoretical and applied aspects, building competencies for professional practice.","Core incident response concepts, theoretical framework application, analytical problem-solving, academic research skills, practical incident response implementation",https://ptit.edu.vn/,Undergraduate,3 Credits / 1 Semester,Khoi A00/A01. IELTS 5.5+.
Posts and Telecommunications Institute of Technology (PTIT),Information Security,SC114 Mobile Security,"Covers Android and iOS app development including UI design, data persistence, API consumption, and app store deployment.","Android/iOS UI design, REST API consumption, local storage, push notifications, app publishing",https://ptit.edu.vn/,Undergraduate,3 Credits / 1 Semester,Khoi A00/A01. IELTS 5.5+.
Posts and Telecommunications Institute of Technology (PTIT),Information Security,SC900 Security Thesis,"This module covers security thesis, part of the Information Security programme at Posts and Telecommunications Institute of Technology (PTIT). Students explore core theoretical and applied aspects, building competencies for professional practice.","Core security thesis concepts, theoretical framework application, analytical problem-solving, academic research skills, practical security thesis implementation",https://ptit.edu.vn/,Undergraduate,9 Credits / 1 Semester,Khoi A00/A01. IELTS 5.5+.
Posts and Telecommunications Institute of Technology (PTIT),Electrical Engineering,EE101 Electric Circuit Theory,"Studies electrical circuit analysis using KVL/KCL, Thevenin/Norton theorems, AC phasors, and transient analysis.","KVL/KCL application, Thevenin equivalent circuit, AC phasor analysis, transient response, circuit simulation",https://ptit.edu.vn/,Undergraduate,3 Credits / 1 Semester,Khoi A00/A01. Strong Physics.
Posts and Telecommunications Institute of Technology (PTIT),Electrical Engineering,EE102 Electronics,"Covers semiconductor physics, diode and transistor circuits, op-amps, and digital logic design.","Diode circuit analysis, transistor biasing, op-amp circuit design, digital logic implementation, circuit simulation",https://ptit.edu.vn/,Undergraduate,3 Credits / 1 Semester,Khoi A00/A01. Strong Physics.
Posts and Telecommunications Institute of Technology (PTIT),Electrical Engineering,EE103 Digital Systems,"This module covers digital systems, part of the Electrical Engineering programme at Posts and Telecommunications Institute of Technology (PTIT). Students explore core theoretical and applied aspects, building competencies for professional practice.","Core digital systems concepts, theoretical framework application, analytical problem-solving, academic research skills, practical digital systems implementation",https://ptit.edu.vn/,Undergraduate,3 Credits / 1 Semester,Khoi A00/A01. Strong Physics.
Posts and Telecommunications Institute of Technology (PTIT),Electrical Engineering,EE104 Microprocessors,"This module covers microprocessors, part of the Electrical Engineering programme at Posts and Telecommunications Institute of Technology (PTIT). Students explore core theoretical and applied aspects, building competencies for professional practice.","Core microprocessors concepts, theoretical framework application, analytical problem-solving, academic research skills, practical microprocessors implementation",https://ptit.edu.vn/,Undergraduate,3 Credits / 1 Semester,Khoi A00/A01. Strong Physics.
Posts and Telecommunications Institute of Technology (PTIT),Electrical Engineering,EE201 Antenna Theory,"This module covers antenna theory, part of the Electrical Engineering programme at Posts and Telecommunications Institute of Technology (PTIT). Students explore core theoretical and applied aspects, building competencies for professional practice.","Core antenna theory concepts, theoretical framework application, analytical problem-solving, academic research skills, practical antenna theory implementation",https://ptit.edu.vn/,Undergraduate,3 Credits / 1 Semester,Khoi A00/A01. Strong Physics.
Posts and Telecommunications Institute of Technology (PTIT),Electrical Engineering,EE202 Microwave Engineering,"This module covers microwave engineering, part of the Electrical Engineering programme at Posts and Telecommunications Institute of Technology (PTIT). Students explore core theoretical and applied aspects, building competencies for professional practice.","Core microwave engineering concepts, theoretical framework application, analytical problem-solving, academic research skills, practical microwave engineering implementation",https://ptit.edu.vn/,Undergraduate,3 Credits / 1 Semester,Khoi A00/A01. Strong Physics.
Posts and Telecommunications Institute of Technology (PTIT),Electrical Engineering,EE203 Signal Processing,"Covers Fourier transforms, FIR/IIR filtering, and spectral analysis for communications and audio applications.","Fourier transform application, FIR/IIR filter design, spectrum analysis, sampling theorem, noise reduction",https://ptit.edu.vn/,Undergraduate,3 Credits / 1 Semester,Khoi A00/A01. Strong Physics.
Posts and Telecommunications Institute of Technology (PTIT),Electrical Engineering,EE204 Digital Signal Processing,"Covers Fourier transforms, FIR/IIR filtering, and spectral analysis for communications and audio applications.","Fourier transform application, FIR/IIR filter design, spectrum analysis, sampling theorem, noise reduction",https://ptit.edu.vn/,Undergraduate,3 Credits / 1 Semester,Khoi A00/A01. Strong Physics.
Posts and Telecommunications Institute of Technology (PTIT),Electrical Engineering,EE301 Power Systems,"Covers power generation, transmission, distribution, and protection systems.","Power flow analysis, fault calculation, protection coordination, transformer design, grid stability",https://ptit.edu.vn/,Undergraduate,3 Credits / 1 Semester,Khoi A00/A01. Strong Physics.
Posts and Telecommunications Institute of Technology (PTIT),Electrical Engineering,EE302 Control Theory,"Studies feedback control systems, PID controllers, stability analysis, and state-space methods.","PID controller tuning, stability analysis, Bode plot interpretation, state-space modelling, digital control design",https://ptit.edu.vn/,Undergraduate,3 Credits / 1 Semester,Khoi A00/A01. Strong Physics.
Posts and Telecommunications Institute of Technology (PTIT),Electrical Engineering,EE303 Embedded Control,"Covers microcontroller architecture, bare-metal and RTOS programming, hardware interfaces, and low-power design.","C programming for microcontrollers, interrupt handling, SPI/I2C interfaces, real-time task scheduling, power optimisation",https://ptit.edu.vn/,Undergraduate,3 Credits / 1 Semester,Khoi A00/A01. Strong Physics.
Posts and Telecommunications Institute of Technology (PTIT),Electrical Engineering,EE401 Satellite Subsystems,"This module covers satellite subsystems, part of the Electrical Engineering programme at Posts and Telecommunications Institute of Technology (PTIT). Students explore core theoretical and applied aspects, building competencies for professional practice.","Core satellite subsystems concepts, theoretical framework application, analytical problem-solving, academic research skills, practical satellite subsystems implementation",https://ptit.edu.vn/,Undergraduate,3 Credits / 1 Semester,Khoi A00/A01. Strong Physics.
Posts and Telecommunications Institute of Technology (PTIT),Electrical Engineering,EE402 Radar Systems,"This module covers radar systems, part of the Electrical Engineering programme at Posts and Telecommunications Institute of Technology (PTIT). Students explore core theoretical and applied aspects, building competencies for professional practice.","Core radar systems concepts, theoretical framework application, analytical problem-solving, academic research skills, practical radar systems implementation",https://ptit.edu.vn/,Undergraduate,3 Credits / 1 Semester,Khoi A00/A01. Strong Physics.
Posts and Telecommunications Institute of Technology (PTIT),Electrical Engineering,EE403 Electronic Warfare,"This module covers electronic warfare, part of the Electrical Engineering programme at Posts and Telecommunications Institute of Technology (PTIT). Students explore core theoretical and applied aspects, building competencies for professional practice.","Core electronic warfare concepts, theoretical framework application, analytical problem-solving, academic research skills, practical electronic warfare implementation",https://ptit.edu.vn/,Undergraduate,3 Credits / 1 Semester,Khoi A00/A01. Strong Physics.
Posts and Telecommunications Institute of Technology (PTIT),Electrical Engineering,EE900 EE Thesis,"This module covers ee thesis, part of the Electrical Engineering programme at Posts and Telecommunications Institute of Technology (PTIT). Students explore core theoretical and applied aspects, building competencies for professional practice.","Core ee thesis concepts, theoretical framework application, analytical problem-solving, academic research skills, practical ee thesis implementation",https://ptit.edu.vn/,Undergraduate,9 Credits / 1 Semester,Khoi A00/A01. Strong Physics.
Posts and Telecommunications Institute of Technology (PTIT),Digital Business,DB101 Introduction to Digital Business,"This module covers introduction to digital business, part of the Digital Business programme at Posts and Telecommunications Institute of Technology (PTIT). Students explore core theoretical and applied aspects, building competencies for professional practice.","Core introduction to digital business concepts, theoretical framework application, analytical problem-solving, academic research skills, practical introduction to digital business implementation",https://ptit.edu.vn/,Undergraduate,3 Credits / 1 Semester,Khoi A00/A01/D01. IELTS 5.5+.
Posts and Telecommunications Institute of Technology (PTIT),Digital Business,DB102 E-Commerce,"This module covers e-commerce, part of the Digital Business programme at Posts and Telecommunications Institute of Technology (PTIT). Students explore core theoretical and applied aspects, building competencies for professional practice.","Core e-commerce concepts, theoretical framework application, analytical problem-solving, academic research skills, practical e-commerce implementation",https://ptit.edu.vn/,Undergraduate,3 Credits / 1 Semester,Khoi A00/A01/D01. IELTS 5.5+.
Posts and Telecommunications Institute of Technology (PTIT),Digital Business,ECO101 Economics,Analyses individual and firm behaviour and national economic systems with policy implications.,"Supply-demand analysis, elasticity calculation, game theory, GDP interpretation, fiscal policy assessment",https://ptit.edu.vn/,Undergraduate,3 Credits / 1 Semester,Khoi A00/A01/D01. IELTS 5.5+.
Posts and Telecommunications Institute of Technology (PTIT),Digital Business,DB201 Digital Marketing,"Covers SEO, SEM, social media, content marketing, analytics, and marketing automation.","SEO/SEM optimisation, social media strategy, content marketing, Google Analytics, marketing automation",https://ptit.edu.vn/,Undergraduate,3 Credits / 1 Semester,Khoi A00/A01/D01. IELTS 5.5+.
Posts and Telecommunications Institute of Technology (PTIT),Digital Business,DB202 Social Media Management,"Covers planning, organising, leading, and controlling including strategy, change management, and organisational behaviour.","Strategic planning, team leadership, change management, performance measurement, stakeholder analysis",https://ptit.edu.vn/,Undergraduate,3 Credits / 1 Semester,Khoi A00/A01/D01. IELTS 5.5+.
Posts and Telecommunications Institute of Technology (PTIT),Digital Business,DB203 Digital Finance,"This module covers digital finance, part of the Digital Business programme at Posts and Telecommunications Institute of Technology (PTIT). Students explore core theoretical and applied aspects, building competencies for professional practice.","Core digital finance concepts, theoretical framework application, analytical problem-solving, academic research skills, practical digital finance implementation",https://ptit.edu.vn/,Undergraduate,3 Credits / 1 Semester,Khoi A00/A01/D01. IELTS 5.5+.
Posts and Telecommunications Institute of Technology (PTIT),Digital Business,DB301 Platform Economics,Analyses individual and firm behaviour and national economic systems with policy implications.,"Supply-demand analysis, elasticity calculation, game theory, GDP interpretation, fiscal policy assessment",https://ptit.edu.vn/,Undergraduate,3 Credits / 1 Semester,Khoi A00/A01/D01. IELTS 5.5+.
Posts and Telecommunications Institute of Technology (PTIT),Digital Business,DB302 Data-Driven Business,"This module covers data-driven business, part of the Digital Business programme at Posts and Telecommunications Institute of Technology (PTIT). Students explore core theoretical and applied aspects, building competencies for professional practice.","Core data-driven business concepts, theoretical framework application, analytical problem-solving, academic research skills, practical data-driven business implementation",https://ptit.edu.vn/,Undergraduate,3 Credits / 1 Semester,Khoi A00/A01/D01. IELTS 5.5+.
Posts and Telecommunications Institute of Technology (PTIT),Digital Business,DB303 Business Intelligence,"This module covers business intelligence, part of the Digital Business programme at Posts and Telecommunications Institute of Technology (PTIT). Students explore core theoretical and applied aspects, building competencies for professional practice.","Core business intelligence concepts, theoretical framework application, analytical problem-solving, academic research skills, practical business intelligence implementation",https://ptit.edu.vn/,Undergraduate,3 Credits / 1 Semester,Khoi A00/A01/D01. IELTS 5.5+.
Posts and Telecommunications Institute of Technology (PTIT),Digital Business,DB304 Digital Payment Systems,"This module covers digital payment systems, part of the Digital Business programme at Posts and Telecommunications Institute of Technology (PTIT). Students explore core theoretical and applied aspects, building competencies for professional practice.","Core digital payment systems concepts, theoretical framework application, analytical problem-solving, academic research skills, practical digital payment systems implementation",https://ptit.edu.vn/,Undergraduate,3 Credits / 1 Semester,Khoi A00/A01/D01. IELTS 5.5+.
Posts and Telecommunications Institute of Technology (PTIT),Digital Business,DB401 FinTech,"This module covers fintech, part of the Digital Business programme at Posts and Telecommunications Institute of Technology (PTIT). Students explore core theoretical and applied aspects, building competencies for professional practice.","Core fintech concepts, theoretical framework application, analytical problem-solving, academic research skills, practical fintech implementation",https://ptit.edu.vn/,Undergraduate,3 Credits / 1 Semester,Khoi A00/A01/D01. IELTS 5.5+.
Posts and Telecommunications Institute of Technology (PTIT),Digital Business,DB402 Blockchain for Business,"This module covers blockchain for business, part of the Digital Business programme at Posts and Telecommunications Institute of Technology (PTIT). Students explore core theoretical and applied aspects, building competencies for professional practice.","Core blockchain for business concepts, theoretical framework application, analytical problem-solving, academic research skills, practical blockchain for business implementation",https://ptit.edu.vn/,Undergraduate,3 Credits / 1 Semester,Khoi A00/A01/D01. IELTS 5.5+.
Posts and Telecommunications Institute of Technology (PTIT),Digital Business,DB403 AI in Business,"This module covers ai in business, part of the Digital Business programme at Posts and Telecommunications Institute of Technology (PTIT). Students explore core theoretical and applied aspects, building competencies for professional practice.","Core ai in business concepts, theoretical framework application, analytical problem-solving, academic research skills, practical ai in business implementation",https://ptit.edu.vn/,Undergraduate,3 Credits / 1 Semester,Khoi A00/A01/D01. IELTS 5.5+.
Posts and Telecommunications Institute of Technology (PTIT),Digital Business,DB404 Digital Transformation,"This module covers digital transformation, part of the Digital Business programme at Posts and Telecommunications Institute of Technology (PTIT). Students explore core theoretical and applied aspects, building competencies for professional practice.","Core digital transformation concepts, theoretical framework application, analytical problem-solving, academic research skills, practical digital transformation implementation",https://ptit.edu.vn/,Undergraduate,3 Credits / 1 Semester,Khoi A00/A01/D01. IELTS 5.5+.
Posts and Telecommunications Institute of Technology (PTIT),Digital Business,DB900 Digital Business Thesis,"This module covers digital business thesis, part of the Digital Business programme at Posts and Telecommunications Institute of Technology (PTIT). Students explore core theoretical and applied aspects, building competencies for professional practice.","Core digital business thesis concepts, theoretical framework application, analytical problem-solving, academic research skills, practical digital business thesis implementation",https://ptit.edu.vn/,Undergraduate,9 Credits / 1 Semester,Khoi A00/A01/D01. IELTS 5.5+.
